ISO-10303-21;
HEADER;
/* Generated by software containing ST-Developer
 * from STEP Tools, Inc. (www.steptools.com) 
 */
/* OPTION: using custom renumber hook */

FILE_DESCRIPTION(
/* description */ ('STEP AP242 Edition 2',
'CAx-IF Rec.Pracs.---Representation and Presentation of Product Manufa
cturing Information (PMI)---4.0---2014-10-13',
'CAx-IF Rec.Pracs.---3D Tessellated Geometry---0.4---2014-09-14','2;1',
'CAx-IF Rec.Pracs.---User Defined Attributes---1.5---2016-08-15'),
/* implementation_level */ '2;1');

FILE_NAME(
/* name */ 'Part Studio 1 - Back Shell',
/* time_stamp */ '2026-08-13T17:44:38Z',
/* author */ (''),
/* organization */ (''),
/* preprocessor_version */ 'ST-DEVELOPER v20',
/* originating_system */ 'ONSHAPE BY PTC INC, 1.219',
/* authorisation */ '  ');

FILE_SCHEMA (('AP242_MANAGED_MODEL_BASED_3D_ENGINEERING_MIM_LF { 1 0 10303 442 3 1 4 }'));
ENDSEC;

DATA;
#10=SHAPE_REPRESENTATION_RELATIONSHIP('','',#8976,#11);
#11=ADVANCED_BREP_SHAPE_REPRESENTATION('',(#8974),#15619);
#12=ELLIPSE('',#9752,0.00102426406871193,0.000724264068711929);
#13=ELLIPSE('',#9753,0.00102426406871193,0.000724264068711929);
#14=ELLIPSE('',#9755,0.00102426406871193,0.000724264068711929);
#15=ELLIPSE('',#9757,0.00102426406871193,0.000724264068711929);
#16=CONICAL_SURFACE('',#9591,0.00075,0.785398163397449);
#17=CONICAL_SURFACE('',#9592,0.00075,0.785398163397449);
#18=CONICAL_SURFACE('',#9595,0.00105,0.785398163397447);
#19=CONICAL_SURFACE('',#9596,0.00105,0.785398163397452);
#20=CONICAL_SURFACE('',#9599,0.0010463138908256,0.785398163397448);
#21=CONICAL_SURFACE('',#9600,0.0010463138908256,0.785398163397446);
#22=CONICAL_SURFACE('',#9603,0.0010481569454128,0.78539816339745);
#23=CONICAL_SURFACE('',#9604,0.0010481569454128,0.785398163397449);
#24=CONICAL_SURFACE('',#9607,0.00075,0.785398163397446);
#25=CONICAL_SURFACE('',#9608,0.00075,0.785398163397449);
#26=CONICAL_SURFACE('',#9611,0.00105,0.785398163397446);
#27=CONICAL_SURFACE('',#9612,0.00105,0.785398163397452);
#28=CONICAL_SURFACE('',#9615,0.00075,0.785398163397441);
#29=CONICAL_SURFACE('',#9616,0.00074999999999997,0.785398163397452);
#30=CONICAL_SURFACE('',#9619,0.00075,0.785398163397446);
#31=CONICAL_SURFACE('',#9620,0.00075,0.78539816339745);
#32=CONICAL_SURFACE('',#9623,0.00105379239526786,0.78539816339745);
#33=CONICAL_SURFACE('',#9624,0.00105,0.785398163397448);
#34=CONICAL_SURFACE('',#9627,0.000732999211469934,0.785398163397452);
#35=CONICAL_SURFACE('',#9628,0.00075,0.785398163397452);
#36=CONICAL_SURFACE('',#9631,0.00075,0.785398163397446);
#37=CONICAL_SURFACE('',#9632,0.00075,0.785398163397452);
#38=CONICAL_SURFACE('',#9635,0.000753792395267856,0.785398163397445);
#39=CONICAL_SURFACE('',#9636,0.00075,0.785398163397453);
#40=CONICAL_SURFACE('',#9638,0.000748156945412802,0.785398163397453);
#41=CONICAL_SURFACE('',#9641,0.0007481569454128,0.785398163397455);
#42=CONICAL_SURFACE('',#9642,0.00075,0.785398163397442);
#43=CONICAL_SURFACE('',#9645,0.00075,0.785398163397441);
#44=CONICAL_SURFACE('',#9646,0.000746313890825605,0.785398163397449);
#45=CONICAL_SURFACE('',#9649,0.000746313890825602,0.785398163397449);
#46=CONICAL_SURFACE('',#9651,0.00105,0.785398163397441);
#47=CONICAL_SURFACE('',#9652,0.00105,0.785398163397441);
#48=CONICAL_SURFACE('',#9655,0.00105,0.785398163397456);
#49=CONICAL_SURFACE('',#9656,0.00105,0.785398163397456);
#50=CONICAL_SURFACE('',#9659,0.00105,0.785398163397436);
#51=CONICAL_SURFACE('',#9660,0.00105,0.785398163397435);
#52=CONICAL_SURFACE('',#9663,0.00105,0.785398163397441);
#53=CONICAL_SURFACE('',#9664,0.00105,0.785398163397441);
#54=CONICAL_SURFACE('',#9667,0.00103299921146994,0.785398163397453);
#55=CONICAL_SURFACE('',#9668,0.00105,0.785398163397455);
#56=CONICAL_SURFACE('',#9671,0.00075,0.785398163397446);
#57=CONICAL_SURFACE('',#9672,0.00075,0.785398163397446);
#58=CONICAL_SURFACE('',#9675,0.00105,0.785398163397449);
#59=CONICAL_SURFACE('',#9676,0.00105,0.785398163397443);
#60=CONICAL_SURFACE('',#9679,0.0010463138908256,0.785398163397443);
#61=CONICAL_SURFACE('',#9680,0.0010463138908256,0.785398163397445);
#62=CONICAL_SURFACE('',#9683,0.0010481569454128,0.785398163397446);
#63=CONICAL_SURFACE('',#9684,0.0010481569454128,0.785398163397448);
#64=CONICAL_SURFACE('',#9687,0.00075,0.785398163397446);
#65=CONICAL_SURFACE('',#9688,0.00075,0.785398163397443);
#66=CONICAL_SURFACE('',#9691,0.00105,0.785398163397449);
#67=CONICAL_SURFACE('',#9692,0.00105,0.785398163397443);
#68=CONICAL_SURFACE('',#9695,0.00074999999999997,0.785398163397449);
#69=CONICAL_SURFACE('',#9696,0.00075,0.785398163397438);
#70=CONICAL_SURFACE('',#9699,0.00075,0.785398163397448);
#71=CONICAL_SURFACE('',#9700,0.00075,0.785398163397443);
#72=CONICAL_SURFACE('',#9703,0.00105,0.785398163397446);
#73=CONICAL_SURFACE('',#9704,0.00105379239526786,0.785398163397448);
#74=CONICAL_SURFACE('',#9707,0.00075,0.785398163397449);
#75=CONICAL_SURFACE('',#9708,0.000732999211469934,0.78539816339745);
#76=CONICAL_SURFACE('',#9711,0.00075,0.785398163397449);
#77=CONICAL_SURFACE('',#9712,0.00075,0.785398163397443);
#78=CONICAL_SURFACE('',#9715,0.00075,0.78539816339745);
#79=CONICAL_SURFACE('',#9716,0.000753792395267856,0.785398163397442);
#80=CONICAL_SURFACE('',#9718,0.0007481569454128,0.785398163397446);
#81=CONICAL_SURFACE('',#9721,0.000748156945412802,0.78539816339745);
#82=CONICAL_SURFACE('',#9722,0.00075,0.785398163397443);
#83=CONICAL_SURFACE('',#9725,0.00075,0.785398163397445);
#84=CONICAL_SURFACE('',#9726,0.000746313890825602,0.785398163397446);
#85=CONICAL_SURFACE('',#9729,0.000746313890825605,0.785398163397446);
#86=CONICAL_SURFACE('',#9731,0.00105,0.785398163397443);
#87=CONICAL_SURFACE('',#9732,0.00105,0.785398163397442);
#88=CONICAL_SURFACE('',#9735,0.00105,0.785398163397443);
#89=CONICAL_SURFACE('',#9736,0.00105,0.785398163397443);
#90=CONICAL_SURFACE('',#9739,0.00105,0.785398163397442);
#91=CONICAL_SURFACE('',#9740,0.00105,0.785398163397438);
#92=CONICAL_SURFACE('',#9743,0.00105,0.785398163397444);
#93=CONICAL_SURFACE('',#9744,0.00105,0.785398163397443);
#94=CONICAL_SURFACE('',#9747,0.00105,0.785398163397452);
#95=CONICAL_SURFACE('',#9748,0.00103299921146994,0.78539816339745);
#96=(
BOUNDED_SURFACE()
B_SPLINE_SURFACE(3,2,((#14975,#14976,#14977),(#14978,#14979,#14980),(#14981,
#14982,#14983),(#14984,#14985,#14986),(#14987,#14988,#14989),(#14990,#14991,
#14992),(#14993,#14994,#14995)),.UNSPECIFIED.,.F.,.F.,.F.)
B_SPLINE_SURFACE_WITH_KNOTS((4,1,1,1,4),(3,3),(-1.01915004213637E-17,0.000503333602486259,
0.00100666720497253,0.0015100008074588,0.00201333440994507),(0.,1.),
 .UNSPECIFIED.)
GEOMETRIC_REPRESENTATION_ITEM()
RATIONAL_B_SPLINE_SURFACE(((1.,0.707106781186547,1.),(1.,0.702642371198294,
1.),(1.,0.749790604843281,1.),(1.,0.884455690502337,1.),(1.,0.977556937445105,
1.),(1.,0.999999999977703,1.),(1.,1.,1.)))
REPRESENTATION_ITEM('')
SURFACE()
);
#97=(
BOUNDED_SURFACE()
B_SPLINE_SURFACE(3,2,((#15007,#15008,#15009),(#15010,#15011,#15012),(#15013,
#15014,#15015),(#15016,#15017,#15018),(#15019,#15020,#15021),(#15022,#15023,
#15024),(#15025,#15026,#15027)),.UNSPECIFIED.,.F.,.F.,.F.)
B_SPLINE_SURFACE_WITH_KNOTS((4,1,1,1,4),(3,3),(-1.32272665043232E-17,0.000503333602486264,
0.00100666720497254,0.00151000080745882,0.0020133344099451),(0.,1.),
 .UNSPECIFIED.)
GEOMETRIC_REPRESENTATION_ITEM()
RATIONAL_B_SPLINE_SURFACE(((1.,0.707106781186548,1.),(1.,0.702642371199725,
1.),(1.,0.749790604842613,1.),(1.,0.884455690502503,1.),(1.,0.977556937445064,
1.),(1.,0.999999999977676,1.),(1.,1.,1.)))
REPRESENTATION_ITEM('')
SURFACE()
);
#98=(
BOUNDED_SURFACE()
B_SPLINE_SURFACE(3,2,((#15032,#15033,#15034),(#15035,#15036,#15037),(#15038,
#15039,#15040),(#15041,#15042,#15043),(#15044,#15045,#15046),(#15047,#15048,
#15049),(#15050,#15051,#15052)),.UNSPECIFIED.,.F.,.F.,.F.)
B_SPLINE_SURFACE_WITH_KNOTS((4,1,1,1,4),(3,3),(-1.90819582357449E-17,0.000503333860117537,
0.00100666772023509,0.00151000158035265,0.00201333544047021),(0.,1.),
 .UNSPECIFIED.)
GEOMETRIC_REPRESENTATION_ITEM()
RATIONAL_B_SPLINE_SURFACE(((1.,0.707106781186548,1.),(1.,0.70264252058867,
1.),(1.,0.74979094570184,1.),(1.,0.88445585562136,1.),(1.,0.977556971116347,
1.),(1.,0.999999999977675,1.),(1.,1.,1.)))
REPRESENTATION_ITEM('')
SURFACE()
);
#99=(
BOUNDED_SURFACE()
B_SPLINE_SURFACE(3,2,((#15064,#15065,#15066),(#15067,#15068,#15069),(#15070,
#15071,#15072),(#15073,#15074,#15075),(#15076,#15077,#15078),(#15079,#15080,
#15081),(#15082,#15083,#15084)),.UNSPECIFIED.,.F.,.F.,.F.)
B_SPLINE_SURFACE_WITH_KNOTS((4,1,1,1,4),(3,3),(-8.83624770575686E-18,0.000503333860117546,
0.0010066677202351,0.00151000158035266,0.00201333544047021),(0.,1.),
 .UNSPECIFIED.)
GEOMETRIC_REPRESENTATION_ITEM()
RATIONAL_B_SPLINE_SURFACE(((1.,0.707106781186547,1.),(1.,0.702642520585344,
1.),(1.,0.749790945703381,1.),(1.,0.884455855620941,1.),(1.,0.977556971116466,
1.),(1.,0.999999999977675,1.),(1.,1.,1.)))
REPRESENTATION_ITEM('')
SURFACE()
);
#100=(
BOUNDED_SURFACE()
B_SPLINE_SURFACE(3,2,((#15089,#15090,#15091),(#15092,#15093,#15094),(#15095,
#15096,#15097),(#15098,#15099,#15100),(#15101,#15102,#15103),(#15104,#15105,
#15106),(#15107,#15108,#15109)),.UNSPECIFIED.,.F.,.F.,.F.)
B_SPLINE_SURFACE_WITH_KNOTS((4,1,1,1,4),(3,3),(-1.12757025938492E-17,0.000501270569944787,
0.00100254113988958,0.00150381170983438,0.00200508227977918),(0.,1.),
 .UNSPECIFIED.)
GEOMETRIC_REPRESENTATION_ITEM()
RATIONAL_B_SPLINE_SURFACE(((1.,0.707106781186543,1.),(1.,0.701416030728182,
1.),(1.,0.746959317367642,1.),(1.,0.883077741882603,1.),(1.,0.977288526845675,
1.),(1.,0.999999999976747,1.),(1.,1.,1.)))
REPRESENTATION_ITEM('')
SURFACE()
);
#101=(
BOUNDED_SURFACE()
B_SPLINE_SURFACE(3,2,((#15121,#15122,#15123),(#15124,#15125,#15126),(#15127,
#15128,#15129),(#15130,#15131,#15132),(#15133,#15134,#15135),(#15136,#15137,
#15138),(#15139,#15140,#15141)),.UNSPECIFIED.,.F.,.F.,.F.)
B_SPLINE_SURFACE_WITH_KNOTS((4,1,1,1,4),(3,3),(-1.12757025938492E-17,0.000501270569944788,
0.00100254113988959,0.00150381170983439,0.00200508227977919),(0.,1.),
 .UNSPECIFIED.)
GEOMETRIC_REPRESENTATION_ITEM()
RATIONAL_B_SPLINE_SURFACE(((1.,0.707106781186543,1.),(1.,0.701416030728069,
1.),(1.,0.746959317367695,1.),(1.,0.883077741882589,1.),(1.,0.977288526845678,
1.),(1.,0.999999999976747,1.),(1.,1.,1.)))
REPRESENTATION_ITEM('')
SURFACE()
);
#102=(
BOUNDED_SURFACE()
B_SPLINE_SURFACE(3,2,((#15146,#15147,#15148),(#15149,#15150,#15151),(#15152,
#15153,#15154),(#15155,#15156,#15157),(#15158,#15159,#15160),(#15161,#15162,
#15163),(#15164,#15165,#15166)),.UNSPECIFIED.,.F.,.F.,.F.)
B_SPLINE_SURFACE_WITH_KNOTS((4,1,1,1,4),(3,3),(8.67361737988404E-19,0.000503333602486276,
0.00100666720497255,0.00151000080745883,0.0020133344099451),(0.,1.),
 .UNSPECIFIED.)
GEOMETRIC_REPRESENTATION_ITEM()
RATIONAL_B_SPLINE_SURFACE(((1.,0.707106781186548,1.),(1.,0.702642371197471,
1.),(1.,0.749790604843664,1.),(1.,0.884455690502221,1.),(1.,0.977556937445146,
1.),(1.,0.999999999977676,1.),(1.,1.,1.)))
REPRESENTATION_ITEM('')
SURFACE()
);
#103=(
BOUNDED_SURFACE()
B_SPLINE_SURFACE(3,2,((#15178,#15179,#15180),(#15181,#15182,#15183),(#15184,
#15185,#15186),(#15187,#15188,#15189),(#15190,#15191,#15192),(#15193,#15194,
#15195),(#15196,#15197,#15198)),.UNSPECIFIED.,.F.,.F.,.F.)
B_SPLINE_SURFACE_WITH_KNOTS((4,1,1,1,4),(3,3),(-7.10152422978005E-18,0.000503333602486268,
0.00100666720497254,0.00151000080745882,0.00201333440994509),(0.,1.),
 .UNSPECIFIED.)
GEOMETRIC_REPRESENTATION_ITEM()
RATIONAL_B_SPLINE_SURFACE(((1.,0.707106781186548,1.),(1.,0.702642371197433,
1.),(1.,0.749790604843665,1.),(1.,0.884455690502224,1.),(1.,0.977556937445145,
1.),(1.,0.999999999977676,1.),(1.,1.,1.)))
REPRESENTATION_ITEM('')
SURFACE()
);
#104=B_SPLINE_SURFACE_WITH_KNOTS('',3,1,((#13747,#13748),(#13749,#13750),
(#13751,#13752),(#13753,#13754)),.SURF_OF_LINEAR_EXTRUSION.,.F.,.F.,.F.,
(4,4),(2,2),(0.,1.),(0.,1.),.PIECEWISE_BEZIER_KNOTS.);
#105=B_SPLINE_SURFACE_WITH_KNOTS('',3,1,((#13773,#13774),(#13775,#13776),
(#13777,#13778),(#13779,#13780)),.SURF_OF_LINEAR_EXTRUSION.,.F.,.F.,.F.,
(4,4),(2,2),(0.,1.),(0.,1.),.PIECEWISE_BEZIER_KNOTS.);
#106=B_SPLINE_SURFACE_WITH_KNOTS('',3,1,((#13790,#13791),(#13792,#13793),
(#13794,#13795),(#13796,#13797)),.SURF_OF_LINEAR_EXTRUSION.,.F.,.F.,.F.,
(4,4),(2,2),(0.,1.),(0.,1.),.PIECEWISE_BEZIER_KNOTS.);
#107=B_SPLINE_SURFACE_WITH_KNOTS('',3,1,((#13807,#13808),(#13809,#13810),
(#13811,#13812),(#13813,#13814)),.SURF_OF_LINEAR_EXTRUSION.,.F.,.F.,.F.,
(4,4),(2,2),(0.,1.),(0.,1.),.PIECEWISE_BEZIER_KNOTS.);
#108=B_SPLINE_SURFACE_WITH_KNOTS('',3,1,((#13824,#13825),(#13826,#13827),
(#13828,#13829),(#13830,#13831)),.SURF_OF_LINEAR_EXTRUSION.,.F.,.F.,.F.,
(4,4),(2,2),(0.,1.),(0.,1.),.PIECEWISE_BEZIER_KNOTS.);
#109=B_SPLINE_SURFACE_WITH_KNOTS('',3,1,((#13847,#13848),(#13849,#13850),
(#13851,#13852),(#13853,#13854)),.SURF_OF_LINEAR_EXTRUSION.,.F.,.F.,.F.,
(4,4),(2,2),(0.,1.),(0.,1.),.PIECEWISE_BEZIER_KNOTS.);
#110=B_SPLINE_SURFACE_WITH_KNOTS('',3,1,((#13864,#13865),(#13866,#13867),
(#13868,#13869),(#13870,#13871)),.SURF_OF_LINEAR_EXTRUSION.,.F.,.F.,.F.,
(4,4),(2,2),(0.,1.),(0.,1.),.PIECEWISE_BEZIER_KNOTS.);
#111=B_SPLINE_SURFACE_WITH_KNOTS('',3,1,((#13881,#13882),(#13883,#13884),
(#13885,#13886),(#13887,#13888)),.SURF_OF_LINEAR_EXTRUSION.,.F.,.F.,.F.,
(4,4),(2,2),(0.,1.),(0.,1.),.PIECEWISE_BEZIER_KNOTS.);
#112=B_SPLINE_SURFACE_WITH_KNOTS('',3,1,((#13900,#13901),(#13902,#13903),
(#13904,#13905),(#13906,#13907)),.SURF_OF_LINEAR_EXTRUSION.,.F.,.F.,.F.,
(4,4),(2,2),(0.,1.),(0.,1.),.PIECEWISE_BEZIER_KNOTS.);
#113=B_SPLINE_SURFACE_WITH_KNOTS('',3,1,((#13913,#13914),(#13915,#13916),
(#13917,#13918),(#13919,#13920)),.SURF_OF_LINEAR_EXTRUSION.,.F.,.F.,.F.,
(4,4),(2,2),(0.,1.),(0.,1.),.PIECEWISE_BEZIER_KNOTS.);
#114=B_SPLINE_SURFACE_WITH_KNOTS('',3,1,((#13926,#13927),(#13928,#13929),
(#13930,#13931),(#13932,#13933)),.SURF_OF_LINEAR_EXTRUSION.,.F.,.F.,.F.,
(4,4),(2,2),(0.,1.),(0.,1.),.PIECEWISE_BEZIER_KNOTS.);
#115=B_SPLINE_SURFACE_WITH_KNOTS('',3,1,((#13939,#13940),(#13941,#13942),
(#13943,#13944),(#13945,#13946)),.SURF_OF_LINEAR_EXTRUSION.,.F.,.F.,.F.,
(4,4),(2,2),(0.,1.),(0.,1.),.PIECEWISE_BEZIER_KNOTS.);
#116=B_SPLINE_SURFACE_WITH_KNOTS('',3,1,((#13952,#13953),(#13954,#13955),
(#13956,#13957),(#13958,#13959)),.SURF_OF_LINEAR_EXTRUSION.,.F.,.F.,.F.,
(4,4),(2,2),(0.,1.),(0.,1.),.PIECEWISE_BEZIER_KNOTS.);
#117=B_SPLINE_SURFACE_WITH_KNOTS('',3,1,((#13965,#13966),(#13967,#13968),
(#13969,#13970),(#13971,#13972)),.SURF_OF_LINEAR_EXTRUSION.,.F.,.F.,.F.,
(4,4),(2,2),(0.,1.),(0.,1.),.PIECEWISE_BEZIER_KNOTS.);
#118=B_SPLINE_SURFACE_WITH_KNOTS('',3,1,((#13982,#13983),(#13984,#13985),
(#13986,#13987),(#13988,#13989)),.SURF_OF_LINEAR_EXTRUSION.,.F.,.F.,.F.,
(4,4),(2,2),(0.,1.),(0.,1.),.PIECEWISE_BEZIER_KNOTS.);
#119=B_SPLINE_SURFACE_WITH_KNOTS('',3,1,((#13995,#13996),(#13997,#13998),
(#13999,#14000),(#14001,#14002)),.SURF_OF_LINEAR_EXTRUSION.,.F.,.F.,.F.,
(4,4),(2,2),(0.,1.),(0.,1.),.PIECEWISE_BEZIER_KNOTS.);
#120=B_SPLINE_SURFACE_WITH_KNOTS('',3,1,((#14008,#14009),(#14010,#14011),
(#14012,#14013),(#14014,#14015)),.SURF_OF_LINEAR_EXTRUSION.,.F.,.F.,.F.,
(4,4),(2,2),(0.,1.),(0.,1.),.PIECEWISE_BEZIER_KNOTS.);
#121=B_SPLINE_SURFACE_WITH_KNOTS('',3,1,((#14021,#14022),(#14023,#14024),
(#14025,#14026),(#14027,#14028)),.SURF_OF_LINEAR_EXTRUSION.,.F.,.F.,.F.,
(4,4),(2,2),(0.,1.),(0.,1.),.PIECEWISE_BEZIER_KNOTS.);
#122=B_SPLINE_SURFACE_WITH_KNOTS('',3,1,((#14034,#14035),(#14036,#14037),
(#14038,#14039),(#14040,#14041)),.SURF_OF_LINEAR_EXTRUSION.,.F.,.F.,.F.,
(4,4),(2,2),(0.,1.),(0.,1.),.PIECEWISE_BEZIER_KNOTS.);
#123=B_SPLINE_SURFACE_WITH_KNOTS('',3,1,((#14045,#14046),(#14047,#14048),
(#14049,#14050),(#14051,#14052)),.SURF_OF_LINEAR_EXTRUSION.,.F.,.F.,.F.,
(4,4),(2,2),(0.,1.),(0.,1.),.PIECEWISE_BEZIER_KNOTS.);
#124=B_SPLINE_SURFACE_WITH_KNOTS('',3,1,((#14074,#14075),(#14076,#14077),
(#14078,#14079),(#14080,#14081)),.SURF_OF_LINEAR_EXTRUSION.,.F.,.F.,.F.,
(4,4),(2,2),(0.,1.),(0.,1.),.PIECEWISE_BEZIER_KNOTS.);
#125=B_SPLINE_SURFACE_WITH_KNOTS('',3,1,((#14087,#14088),(#14089,#14090),
(#14091,#14092),(#14093,#14094)),.SURF_OF_LINEAR_EXTRUSION.,.F.,.F.,.F.,
(4,4),(2,2),(0.,1.),(0.,1.),.PIECEWISE_BEZIER_KNOTS.);
#126=B_SPLINE_SURFACE_WITH_KNOTS('',3,1,((#14100,#14101),(#14102,#14103),
(#14104,#14105),(#14106,#14107)),.SURF_OF_LINEAR_EXTRUSION.,.F.,.F.,.F.,
(4,4),(2,2),(0.,1.),(0.,1.),.PIECEWISE_BEZIER_KNOTS.);
#127=B_SPLINE_SURFACE_WITH_KNOTS('',3,1,((#14125,#14126),(#14127,#14128),
(#14129,#14130),(#14131,#14132)),.SURF_OF_LINEAR_EXTRUSION.,.F.,.F.,.F.,
(4,4),(2,2),(0.,1.),(0.,1.),.PIECEWISE_BEZIER_KNOTS.);
#128=B_SPLINE_SURFACE_WITH_KNOTS('',3,1,((#14138,#14139),(#14140,#14141),
(#14142,#14143),(#14144,#14145)),.SURF_OF_LINEAR_EXTRUSION.,.F.,.F.,.F.,
(4,4),(2,2),(0.,1.),(0.,1.),.PIECEWISE_BEZIER_KNOTS.);
#129=B_SPLINE_SURFACE_WITH_KNOTS('',3,1,((#14151,#14152),(#14153,#14154),
(#14155,#14156),(#14157,#14158)),.SURF_OF_LINEAR_EXTRUSION.,.F.,.F.,.F.,
(4,4),(2,2),(0.,1.),(0.,1.),.PIECEWISE_BEZIER_KNOTS.);
#130=B_SPLINE_SURFACE_WITH_KNOTS('',3,1,((#14164,#14165),(#14166,#14167),
(#14168,#14169),(#14170,#14171)),.SURF_OF_LINEAR_EXTRUSION.,.F.,.F.,.F.,
(4,4),(2,2),(0.,1.),(0.,1.),.PIECEWISE_BEZIER_KNOTS.);
#131=B_SPLINE_SURFACE_WITH_KNOTS('',3,1,((#14332,#14333),(#14334,#14335),
(#14336,#14337),(#14338,#14339)),.SURF_OF_LINEAR_EXTRUSION.,.F.,.F.,.F.,
(4,4),(2,2),(0.,1.),(0.,1.),.PIECEWISE_BEZIER_KNOTS.);
#132=B_SPLINE_SURFACE_WITH_KNOTS('',3,1,((#14358,#14359),(#14360,#14361),
(#14362,#14363),(#14364,#14365)),.SURF_OF_LINEAR_EXTRUSION.,.F.,.F.,.F.,
(4,4),(2,2),(0.,1.),(0.,1.),.PIECEWISE_BEZIER_KNOTS.);
#133=B_SPLINE_SURFACE_WITH_KNOTS('',3,1,((#14375,#14376),(#14377,#14378),
(#14379,#14380),(#14381,#14382)),.SURF_OF_LINEAR_EXTRUSION.,.F.,.F.,.F.,
(4,4),(2,2),(0.,1.),(0.,1.),.PIECEWISE_BEZIER_KNOTS.);
#134=B_SPLINE_SURFACE_WITH_KNOTS('',3,1,((#14392,#14393),(#14394,#14395),
(#14396,#14397),(#14398,#14399)),.SURF_OF_LINEAR_EXTRUSION.,.F.,.F.,.F.,
(4,4),(2,2),(0.,1.),(0.,1.),.PIECEWISE_BEZIER_KNOTS.);
#135=B_SPLINE_SURFACE_WITH_KNOTS('',3,1,((#14409,#14410),(#14411,#14412),
(#14413,#14414),(#14415,#14416)),.SURF_OF_LINEAR_EXTRUSION.,.F.,.F.,.F.,
(4,4),(2,2),(0.,1.),(0.,1.),.PIECEWISE_BEZIER_KNOTS.);
#136=B_SPLINE_SURFACE_WITH_KNOTS('',3,1,((#14432,#14433),(#14434,#14435),
(#14436,#14437),(#14438,#14439)),.SURF_OF_LINEAR_EXTRUSION.,.F.,.F.,.F.,
(4,4),(2,2),(0.,1.),(0.,1.),.PIECEWISE_BEZIER_KNOTS.);
#137=B_SPLINE_SURFACE_WITH_KNOTS('',3,1,((#14449,#14450),(#14451,#14452),
(#14453,#14454),(#14455,#14456)),.SURF_OF_LINEAR_EXTRUSION.,.F.,.F.,.F.,
(4,4),(2,2),(0.,1.),(0.,1.),.PIECEWISE_BEZIER_KNOTS.);
#138=B_SPLINE_SURFACE_WITH_KNOTS('',3,1,((#14466,#14467),(#14468,#14469),
(#14470,#14471),(#14472,#14473)),.SURF_OF_LINEAR_EXTRUSION.,.F.,.F.,.F.,
(4,4),(2,2),(0.,1.),(0.,1.),.PIECEWISE_BEZIER_KNOTS.);
#139=B_SPLINE_SURFACE_WITH_KNOTS('',3,1,((#14485,#14486),(#14487,#14488),
(#14489,#14490),(#14491,#14492)),.SURF_OF_LINEAR_EXTRUSION.,.F.,.F.,.F.,
(4,4),(2,2),(0.,1.),(0.,1.),.PIECEWISE_BEZIER_KNOTS.);
#140=B_SPLINE_SURFACE_WITH_KNOTS('',3,1,((#14514,#14515),(#14516,#14517),
(#14518,#14519),(#14520,#14521)),.SURF_OF_LINEAR_EXTRUSION.,.F.,.F.,.F.,
(4,4),(2,2),(0.,1.),(0.,1.),.PIECEWISE_BEZIER_KNOTS.);
#141=B_SPLINE_SURFACE_WITH_KNOTS('',3,1,((#14549,#14550),(#14551,#14552),
(#14553,#14554),(#14555,#14556)),.SURF_OF_LINEAR_EXTRUSION.,.F.,.F.,.F.,
(4,4),(2,2),(0.,1.),(0.,1.),.PIECEWISE_BEZIER_KNOTS.);
#142=B_SPLINE_SURFACE_WITH_KNOTS('',3,1,((#14564,#14565),(#14566,#14567),
(#14568,#14569),(#14570,#14571)),.SURF_OF_LINEAR_EXTRUSION.,.F.,.F.,.F.,
(4,4),(2,2),(0.,1.),(0.,1.),.PIECEWISE_BEZIER_KNOTS.);
#143=B_SPLINE_SURFACE_WITH_KNOTS('',3,1,((#14590,#14591),(#14592,#14593),
(#14594,#14595),(#14596,#14597)),.SURF_OF_LINEAR_EXTRUSION.,.F.,.F.,.F.,
(4,4),(2,2),(0.,1.),(0.,1.),.PIECEWISE_BEZIER_KNOTS.);
#144=B_SPLINE_SURFACE_WITH_KNOTS('',3,1,((#14607,#14608),(#14609,#14610),
(#14611,#14612),(#14613,#14614)),.SURF_OF_LINEAR_EXTRUSION.,.F.,.F.,.F.,
(4,4),(2,2),(0.,1.),(0.,1.),.PIECEWISE_BEZIER_KNOTS.);
#145=B_SPLINE_SURFACE_WITH_KNOTS('',3,1,((#14624,#14625),(#14626,#14627),
(#14628,#14629),(#14630,#14631)),.SURF_OF_LINEAR_EXTRUSION.,.F.,.F.,.F.,
(4,4),(2,2),(0.,1.),(0.,1.),.PIECEWISE_BEZIER_KNOTS.);
#146=B_SPLINE_SURFACE_WITH_KNOTS('',3,1,((#14641,#14642),(#14643,#14644),
(#14645,#14646),(#14647,#14648)),.SURF_OF_LINEAR_EXTRUSION.,.F.,.F.,.F.,
(4,4),(2,2),(0.,1.),(0.,1.),.PIECEWISE_BEZIER_KNOTS.);
#147=B_SPLINE_SURFACE_WITH_KNOTS('',3,1,((#14664,#14665),(#14666,#14667),
(#14668,#14669),(#14670,#14671)),.SURF_OF_LINEAR_EXTRUSION.,.F.,.F.,.F.,
(4,4),(2,2),(0.,1.),(0.,1.),.PIECEWISE_BEZIER_KNOTS.);
#148=B_SPLINE_SURFACE_WITH_KNOTS('',3,1,((#14681,#14682),(#14683,#14684),
(#14685,#14686),(#14687,#14688)),.SURF_OF_LINEAR_EXTRUSION.,.F.,.F.,.F.,
(4,4),(2,2),(0.,1.),(0.,1.),.PIECEWISE_BEZIER_KNOTS.);
#149=B_SPLINE_SURFACE_WITH_KNOTS('',3,1,((#14698,#14699),(#14700,#14701),
(#14702,#14703),(#14704,#14705)),.SURF_OF_LINEAR_EXTRUSION.,.F.,.F.,.F.,
(4,4),(2,2),(0.,1.),(0.,1.),.PIECEWISE_BEZIER_KNOTS.);
#150=B_SPLINE_SURFACE_WITH_KNOTS('',3,1,((#14717,#14718),(#14719,#14720),
(#14721,#14722),(#14723,#14724)),.SURF_OF_LINEAR_EXTRUSION.,.F.,.F.,.F.,
(4,4),(2,2),(0.,1.),(0.,1.),.PIECEWISE_BEZIER_KNOTS.);
#151=B_SPLINE_SURFACE_WITH_KNOTS('',3,1,((#14746,#14747),(#14748,#14749),
(#14750,#14751),(#14752,#14753)),.SURF_OF_LINEAR_EXTRUSION.,.F.,.F.,.F.,
(4,4),(2,2),(0.,1.),(0.,1.),.PIECEWISE_BEZIER_KNOTS.);
#152=B_SPLINE_SURFACE_WITH_KNOTS('',3,1,((#14781,#14782),(#14783,#14784),
(#14785,#14786),(#14787,#14788)),.SURF_OF_LINEAR_EXTRUSION.,.F.,.F.,.F.,
(4,4),(2,2),(0.,1.),(0.,1.),.PIECEWISE_BEZIER_KNOTS.);
#153=TOROIDAL_SURFACE('',#9190,0.012,0.003);
#154=TOROIDAL_SURFACE('',#9194,0.012,0.003);
#155=TOROIDAL_SURFACE('',#9195,0.012,0.003);
#156=TOROIDAL_SURFACE('',#9199,0.012,0.003);
#157=TOROIDAL_SURFACE('',#9211,0.012,0.0005);
#158=TOROIDAL_SURFACE('',#9215,0.012,0.0005);
#159=TOROIDAL_SURFACE('',#9216,0.012,0.0005);
#160=TOROIDAL_SURFACE('',#9220,0.012,0.0005);
#161=TOROIDAL_SURFACE('',#9542,0.00112913,0.0005);
#162=TOROIDAL_SURFACE('',#9544,0.00525,0.0016);
#163=TOROIDAL_SURFACE('',#9546,0.00112913,0.0005);
#164=TOROIDAL_SURFACE('',#9547,0.00112913361712308,0.0005);
#165=TOROIDAL_SURFACE('',#9549,0.00525,0.0016);
#166=TOROIDAL_SURFACE('',#9551,0.00112913361712308,0.0005);
#167=TOROIDAL_SURFACE('',#9552,0.0011,0.0005);
#168=TOROIDAL_SURFACE('',#9554,0.00525,0.0016);
#169=TOROIDAL_SURFACE('',#9556,0.0011,0.0005);
#170=TOROIDAL_SURFACE('',#9557,0.00112913,0.0005);
#171=TOROIDAL_SURFACE('',#9559,0.00525,0.0016);
#172=TOROIDAL_SURFACE('',#9561,0.00112913,0.0005);
#173=TOROIDAL_SURFACE('',#9582,0.00385,0.0003);
#174=TOROIDAL_SURFACE('',#9583,0.0038,0.0003);
#175=TOROIDAL_SURFACE('',#9584,0.00385,0.0003);
#176=TOROIDAL_SURFACE('',#9585,0.00385,0.0003);
#177=TOROIDAL_SURFACE('',#9586,0.0032,0.0003);
#178=TOROIDAL_SURFACE('',#9587,0.00325,0.0003);
#179=TOROIDAL_SURFACE('',#9588,0.00325,0.0003);
#180=TOROIDAL_SURFACE('',#9589,0.00325,0.0003);
#181=TOROIDAL_SURFACE('',#9750,0.00347426406871192,0.000724264068711929);
#182=TOROIDAL_SURFACE('',#9759,0.00222426406871193,0.000724264068711929);
#183=TOROIDAL_SURFACE('',#9766,0.00222426406871193,0.000724264068711929);
#184=TOROIDAL_SURFACE('',#9768,0.00222426406871193,0.000724264068711929);
#185=TOROIDAL_SURFACE('',#9774,0.00222426406871193,0.000724264068711929);
#186=TOROIDAL_SURFACE('',#9775,0.00347426406871192,0.000724264068711929);
#187=TOROIDAL_SURFACE('',#9776,0.00422426406871193,0.000724264068711929);
#188=CYLINDRICAL_SURFACE('',#9027,0.0014);
#189=CYLINDRICAL_SURFACE('',#9030,0.0014);
#190=CYLINDRICAL_SURFACE('',#9033,0.0014);
#191=CYLINDRICAL_SURFACE('',#9036,0.0014);
#192=CYLINDRICAL_SURFACE('',#9039,0.0005);
#193=CYLINDRICAL_SURFACE('',#9042,0.0005);
#194=CYLINDRICAL_SURFACE('',#9107,0.0005);
#195=CYLINDRICAL_SURFACE('',#9110,0.0005);
#196=CYLINDRICAL_SURFACE('',#9113,0.003);
#197=CYLINDRICAL_SURFACE('',#9116,0.0005);
#198=CYLINDRICAL_SURFACE('',#9119,0.003);
#199=CYLINDRICAL_SURFACE('',#9122,0.0005);
#200=CYLINDRICAL_SURFACE('',#9179,0.015);
#201=CYLINDRICAL_SURFACE('',#9182,0.015);
#202=CYLINDRICAL_SURFACE('',#9185,0.015);
#203=CYLINDRICAL_SURFACE('',#9188,0.015);
#204=CYLINDRICAL_SURFACE('',#9192,0.003);
#205=CYLINDRICAL_SURFACE('',#9197,0.003);
#206=CYLINDRICAL_SURFACE('',#9200,0.0125);
#207=CYLINDRICAL_SURFACE('',#9203,0.0125);
#208=CYLINDRICAL_SURFACE('',#9206,0.0125);
#209=CYLINDRICAL_SURFACE('',#9209,0.0125);
#210=CYLINDRICAL_SURFACE('',#9213,0.0005);
#211=CYLINDRICAL_SURFACE('',#9217,0.0005);
#212=CYLINDRICAL_SURFACE('',#9221,0.0035);
#213=CYLINDRICAL_SURFACE('',#9228,0.00075);
#214=CYLINDRICAL_SURFACE('',#9232,0.000732999211469934);
#215=CYLINDRICAL_SURFACE('',#9235,0.00075);
#216=CYLINDRICAL_SURFACE('',#9239,0.00075);
#217=CYLINDRICAL_SURFACE('',#9244,0.0007481569454128);
#218=CYLINDRICAL_SURFACE('',#9248,0.000748156945412802);
#219=CYLINDRICAL_SURFACE('',#9252,0.00075);
#220=CYLINDRICAL_SURFACE('',#9256,0.00075);
#221=CYLINDRICAL_SURFACE('',#9259,0.00075);
#222=CYLINDRICAL_SURFACE('',#9263,0.00075);
#223=CYLINDRICAL_SURFACE('',#9267,0.00075);
#224=CYLINDRICAL_SURFACE('',#9271,0.00075);
#225=CYLINDRICAL_SURFACE('',#9275,0.00075);
#226=CYLINDRICAL_SURFACE('',#9279,0.00075);
#227=CYLINDRICAL_SURFACE('',#9283,0.00075);
#228=CYLINDRICAL_SURFACE('',#9287,0.00075);
#229=CYLINDRICAL_SURFACE('',#9292,0.0007481569454128);
#230=CYLINDRICAL_SURFACE('',#9296,0.000748156945412802);
#231=CYLINDRICAL_SURFACE('',#9300,0.000753792395267856);
#232=CYLINDRICAL_SURFACE('',#9304,0.00075);
#233=CYLINDRICAL_SURFACE('',#9308,0.000746313890825602);
#234=CYLINDRICAL_SURFACE('',#9312,0.000746313890825605);
#235=CYLINDRICAL_SURFACE('',#9316,0.00075);
#236=CYLINDRICAL_SURFACE('',#9320,0.00075);
#237=CYLINDRICAL_SURFACE('',#9323,0.000746313890825602);
#238=CYLINDRICAL_SURFACE('',#9327,0.000746313890825605);
#239=CYLINDRICAL_SURFACE('',#9332,0.00075);
#240=CYLINDRICAL_SURFACE('',#9336,0.00075);
#241=CYLINDRICAL_SURFACE('',#9339,0.00075);
#242=CYLINDRICAL_SURFACE('',#9343,0.00075);
#243=CYLINDRICAL_SURFACE('',#9348,0.00075);
#244=CYLINDRICAL_SURFACE('',#9352,0.00075);
#245=CYLINDRICAL_SURFACE('',#9356,0.00075);
#246=CYLINDRICAL_SURFACE('',#9360,0.00075);
#247=CYLINDRICAL_SURFACE('',#9363,0.00074999999999997);
#248=CYLINDRICAL_SURFACE('',#9367,0.00075);
#249=CYLINDRICAL_SURFACE('',#9372,0.00075);
#250=CYLINDRICAL_SURFACE('',#9376,0.000732999211469934);
#251=CYLINDRICAL_SURFACE('',#9379,0.00075);
#252=CYLINDRICAL_SURFACE('',#9383,0.000753792395267856);
#253=CYLINDRICAL_SURFACE('',#9423,0.0015);
#254=CYLINDRICAL_SURFACE('',#9426,0.0015);
#255=CYLINDRICAL_SURFACE('',#9429,0.0015);
#256=CYLINDRICAL_SURFACE('',#9432,0.0015);
#257=CYLINDRICAL_SURFACE('',#9448,0.000905934721339873);
#258=CYLINDRICAL_SURFACE('',#9450,0.000943656559780957);
#259=CYLINDRICAL_SURFACE('',#9452,0.000944923432061221);
#260=CYLINDRICAL_SURFACE('',#9454,0.000903792182199031);
#261=CYLINDRICAL_SURFACE('',#9457,0.00134316324443652);
#262=CYLINDRICAL_SURFACE('',#9459,0.000905053258189712);
#263=CYLINDRICAL_SURFACE('',#9461,0.000950330715606497);
#264=CYLINDRICAL_SURFACE('',#9463,0.00094206593394068);
#265=CYLINDRICAL_SURFACE('',#9465,0.000898395782688317);
#266=CYLINDRICAL_SURFACE('',#9471,0.000905934538872298);
#267=CYLINDRICAL_SURFACE('',#9473,0.000943656369735002);
#268=CYLINDRICAL_SURFACE('',#9475,0.000944923241760134);
#269=CYLINDRICAL_SURFACE('',#9477,0.000903792000180654);
#270=CYLINDRICAL_SURFACE('',#9480,0.00134316297391266);
#271=CYLINDRICAL_SURFACE('',#9482,0.000905053075908498);
#272=CYLINDRICAL_SURFACE('',#9484,0.00095033052421616);
#273=CYLINDRICAL_SURFACE('',#9486,0.000942065744214639);
#274=CYLINDRICAL_SURFACE('',#9488,0.000898395601748252);
#275=CYLINDRICAL_SURFACE('',#9515,0.00275);
#276=CYLINDRICAL_SURFACE('',#9518,0.0016);
#277=CYLINDRICAL_SURFACE('',#9520,0.0016);
#278=CYLINDRICAL_SURFACE('',#9522,0.00365);
#279=CYLINDRICAL_SURFACE('',#9524,0.00162913361712308);
#280=CYLINDRICAL_SURFACE('',#9526,0.00162913361712308);
#281=CYLINDRICAL_SURFACE('',#9528,0.00365);
#282=CYLINDRICAL_SURFACE('',#9530,0.00162913);
#283=CYLINDRICAL_SURFACE('',#9532,0.00162913);
#284=CYLINDRICAL_SURFACE('',#9534,0.00365);
#285=CYLINDRICAL_SURFACE('',#9536,0.00162913);
#286=CYLINDRICAL_SURFACE('',#9538,0.00162913);
#287=CYLINDRICAL_SURFACE('',#9540,0.00365);
#288=CYLINDRICAL_SURFACE('',#9562,0.0035);
#289=CYLINDRICAL_SURFACE('',#9567,0.00355);
#290=CYLINDRICAL_SURFACE('',#9572,0.00355);
#291=CYLINDRICAL_SURFACE('',#9577,0.00355);
#292=CYLINDRICAL_SURFACE('',#9751,0.000724264068711929);
#293=CYLINDRICAL_SURFACE('',#9754,0.000724264068711929);
#294=CYLINDRICAL_SURFACE('',#9756,0.000724264068711929);
#295=CYLINDRICAL_SURFACE('',#9758,0.000724264068711929);
#296=CYLINDRICAL_SURFACE('',#9762,0.000724264068711929);
#297=CYLINDRICAL_SURFACE('',#9764,0.000724264068711929);
#298=CYLINDRICAL_SURFACE('',#9770,0.000724264068711929);
#299=CYLINDRICAL_SURFACE('',#9772,0.000724264068711929);
#300=CYLINDRICAL_SURFACE('',#9789,0.0005);
#301=CYLINDRICAL_SURFACE('',#9790,0.0005);
#302=B_SPLINE_CURVE_WITH_KNOTS('',2,(#12404,#12405,#12406),
 .UNSPECIFIED.,.F.,.F.,(3,3),(0.,1.),.PIECEWISE_BEZIER_KNOTS.);
#303=B_SPLINE_CURVE_WITH_KNOTS('',2,(#12409,#12410,#12411),
 .UNSPECIFIED.,.F.,.F.,(3,3),(0.,1.),.PIECEWISE_BEZIER_KNOTS.);
#304=B_SPLINE_CURVE_WITH_KNOTS('',2,(#12413,#12414,#12415),
 .UNSPECIFIED.,.F.,.F.,(3,3),(0.,1.),.PIECEWISE_BEZIER_KNOTS.);
#305=B_SPLINE_CURVE_WITH_KNOTS('',2,(#12417,#12418,#12419),
 .UNSPECIFIED.,.F.,.F.,(3,3),(0.,1.),.PIECEWISE_BEZIER_KNOTS.);
#306=B_SPLINE_CURVE_WITH_KNOTS('',2,(#12421,#12422,#12423),
 .UNSPECIFIED.,.F.,.F.,(3,3),(0.,1.),.PIECEWISE_BEZIER_KNOTS.);
#307=B_SPLINE_CURVE_WITH_KNOTS('',2,(#12425,#12426,#12427),
 .UNSPECIFIED.,.F.,.F.,(3,3),(0.,1.),.PIECEWISE_BEZIER_KNOTS.);
#308=B_SPLINE_CURVE_WITH_KNOTS('',2,(#12431,#12432,#12433),
 .UNSPECIFIED.,.F.,.F.,(3,3),(0.,1.),.PIECEWISE_BEZIER_KNOTS.);
#309=B_SPLINE_CURVE_WITH_KNOTS('',2,(#12435,#12436,#12437),
 .UNSPECIFIED.,.F.,.F.,(3,3),(0.,1.),.PIECEWISE_BEZIER_KNOTS.);
#310=B_SPLINE_CURVE_WITH_KNOTS('',2,(#12439,#12440,#12441),
 .UNSPECIFIED.,.F.,.F.,(3,3),(0.,1.),.PIECEWISE_BEZIER_KNOTS.);
#311=B_SPLINE_CURVE_WITH_KNOTS('',2,(#12443,#12444,#12445),
 .UNSPECIFIED.,.F.,.F.,(3,3),(0.,1.),.PIECEWISE_BEZIER_KNOTS.);
#312=B_SPLINE_CURVE_WITH_KNOTS('',2,(#12447,#12448,#12449),
 .UNSPECIFIED.,.F.,.F.,(3,3),(0.,1.),.PIECEWISE_BEZIER_KNOTS.);
#313=B_SPLINE_CURVE_WITH_KNOTS('',2,(#12451,#12452,#12453),
 .UNSPECIFIED.,.F.,.F.,(3,3),(0.,1.),.PIECEWISE_BEZIER_KNOTS.);
#314=B_SPLINE_CURVE_WITH_KNOTS('',2,(#12459,#12460,#12461),
 .UNSPECIFIED.,.F.,.F.,(3,3),(0.,1.),.PIECEWISE_BEZIER_KNOTS.);
#315=B_SPLINE_CURVE_WITH_KNOTS('',2,(#12463,#12464,#12465),
 .UNSPECIFIED.,.F.,.F.,(3,3),(0.,1.),.PIECEWISE_BEZIER_KNOTS.);
#316=B_SPLINE_CURVE_WITH_KNOTS('',2,(#12467,#12468,#12469),
 .UNSPECIFIED.,.F.,.F.,(3,3),(0.,1.),.PIECEWISE_BEZIER_KNOTS.);
#317=B_SPLINE_CURVE_WITH_KNOTS('',2,(#12471,#12472,#12473),
 .UNSPECIFIED.,.F.,.F.,(3,3),(0.,1.),.PIECEWISE_BEZIER_KNOTS.);
#318=B_SPLINE_CURVE_WITH_KNOTS('',2,(#12481,#12482,#12483),
 .UNSPECIFIED.,.F.,.F.,(3,3),(0.,1.),.PIECEWISE_BEZIER_KNOTS.);
#319=B_SPLINE_CURVE_WITH_KNOTS('',2,(#12485,#12486,#12487),
 .UNSPECIFIED.,.F.,.F.,(3,3),(0.,1.),.PIECEWISE_BEZIER_KNOTS.);
#320=B_SPLINE_CURVE_WITH_KNOTS('',2,(#12489,#12490,#12491),
 .UNSPECIFIED.,.F.,.F.,(3,3),(0.,1.),.PIECEWISE_BEZIER_KNOTS.);
#321=B_SPLINE_CURVE_WITH_KNOTS('',3,(#12847,#12848,#12849,#12850,#12851,
#12852,#12853),.UNSPECIFIED.,.F.,.F.,(4,1,1,1,4),(0.00159672827279573,0.00302783090167905,
0.00445893353056238,0.0058900361594457,0.00732113878832902),
 .UNSPECIFIED.);
#322=B_SPLINE_CURVE_WITH_KNOTS('',3,(#12856,#12857,#12858,#12859),
 .UNSPECIFIED.,.F.,.F.,(4,4),(0.,0.00178758950360402),.UNSPECIFIED.);
#323=B_SPLINE_CURVE_WITH_KNOTS('',3,(#12865,#12866,#12867,#12868),
 .UNSPECIFIED.,.F.,.F.,(4,4),(0.,0.00178758950360418),.UNSPECIFIED.);
#324=B_SPLINE_CURVE_WITH_KNOTS('',3,(#12873,#12874,#12875,#12876,#12877,
#12878,#12879),.UNSPECIFIED.,.F.,.F.,(4,1,1,1,4),(0.0016017901925297,0.00302067068226062,
0.00443955117199154,0.00585843166172246,0.00727731215145337),
 .UNSPECIFIED.);
#325=B_SPLINE_CURVE_WITH_KNOTS('',3,(#12882,#12883,#12884,#12885),
 .UNSPECIFIED.,.F.,.F.,(4,4),(0.,0.00179408623898572),.UNSPECIFIED.);
#326=B_SPLINE_CURVE_WITH_KNOTS('',3,(#12891,#12892,#12893,#12894),
 .UNSPECIFIED.,.F.,.F.,(4,4),(7.08481116019279E-17,0.00179408623898574),
 .UNSPECIFIED.);
#327=B_SPLINE_CURVE_WITH_KNOTS('',2,(#12945,#12946,#12947),
 .UNSPECIFIED.,.F.,.F.,(3,3),(0.,1.),.PIECEWISE_BEZIER_KNOTS.);
#328=B_SPLINE_CURVE_WITH_KNOTS('',2,(#12962,#12963,#12964),
 .UNSPECIFIED.,.F.,.F.,(3,3),(0.,1.),.PIECEWISE_BEZIER_KNOTS.);
#329=B_SPLINE_CURVE_WITH_KNOTS('',2,(#12974,#12975,#12976),
 .UNSPECIFIED.,.F.,.F.,(3,3),(0.,1.),.PIECEWISE_BEZIER_KNOTS.);
#330=B_SPLINE_CURVE_WITH_KNOTS('',2,(#13011,#13012,#13013),
 .UNSPECIFIED.,.F.,.F.,(3,3),(0.,1.),.PIECEWISE_BEZIER_KNOTS.);
#331=B_SPLINE_CURVE_WITH_KNOTS('',2,(#13028,#13029,#13030),
 .UNSPECIFIED.,.F.,.F.,(3,3),(0.,1.),.PIECEWISE_BEZIER_KNOTS.);
#332=B_SPLINE_CURVE_WITH_KNOTS('',2,(#13040,#13041,#13042),
 .UNSPECIFIED.,.F.,.F.,(3,3),(0.,1.),.PIECEWISE_BEZIER_KNOTS.);
#333=B_SPLINE_CURVE_WITH_KNOTS('',3,(#13184,#13185,#13186,#13187,#13188,
#13189,#13190),.UNSPECIFIED.,.F.,.F.,(4,1,1,1,4),(0.00170695974132543,0.00288573944627654,
0.00406451915122765,0.00524329885617876,0.00642207856112987),
 .UNSPECIFIED.);
#334=B_SPLINE_CURVE_WITH_KNOTS('',3,(#13193,#13194,#13195,#13196),
 .UNSPECIFIED.,.F.,.F.,(4,4),(0.,0.00192463732856527),.UNSPECIFIED.);
#335=B_SPLINE_CURVE_WITH_KNOTS('',3,(#13198,#13199,#13200,#13201),
 .UNSPECIFIED.,.F.,.F.,(4,4),(0.,0.00192463732856527),.UNSPECIFIED.);
#336=B_SPLINE_CURVE_WITH_KNOTS('',3,(#13206,#13207,#13208,#13209),
 .UNSPECIFIED.,.F.,.F.,(4,4),(0.00235935354888031,0.00428075039121387),
 .UNSPECIFIED.);
#337=B_SPLINE_CURVE_WITH_KNOTS('',3,(#13212,#13213,#13214,#13215),
 .UNSPECIFIED.,.F.,.F.,(4,4),(0.,0.00266351723436217),.UNSPECIFIED.);
#338=B_SPLINE_CURVE_WITH_KNOTS('',3,(#13217,#13218,#13219,#13220),
 .UNSPECIFIED.,.F.,.F.,(4,4),(0.,0.00266351723436217),.UNSPECIFIED.);
#339=B_SPLINE_CURVE_WITH_KNOTS('',2,(#13755,#13756,#13757),
 .UNSPECIFIED.,.F.,.F.,(3,3),(0.,1.),.PIECEWISE_BEZIER_KNOTS.);
#340=B_SPLINE_CURVE_WITH_KNOTS('',2,(#13762,#13763,#13764),
 .UNSPECIFIED.,.F.,.F.,(3,3),(0.,1.),.PIECEWISE_BEZIER_KNOTS.);
#341=B_SPLINE_CURVE_WITH_KNOTS('',2,(#13781,#13782,#13783),
 .UNSPECIFIED.,.F.,.F.,(3,3),(0.,1.),.PIECEWISE_BEZIER_KNOTS.);
#342=B_SPLINE_CURVE_WITH_KNOTS('',2,(#13787,#13788,#13789),
 .UNSPECIFIED.,.F.,.F.,(3,3),(0.,1.),.PIECEWISE_BEZIER_KNOTS.);
#343=B_SPLINE_CURVE_WITH_KNOTS('',2,(#13798,#13799,#13800),
 .UNSPECIFIED.,.F.,.F.,(3,3),(0.,1.),.PIECEWISE_BEZIER_KNOTS.);
#344=B_SPLINE_CURVE_WITH_KNOTS('',2,(#13804,#13805,#13806),
 .UNSPECIFIED.,.F.,.F.,(3,3),(0.,1.),.PIECEWISE_BEZIER_KNOTS.);
#345=B_SPLINE_CURVE_WITH_KNOTS('',2,(#13815,#13816,#13817),
 .UNSPECIFIED.,.F.,.F.,(3,3),(0.,1.),.PIECEWISE_BEZIER_KNOTS.);
#346=B_SPLINE_CURVE_WITH_KNOTS('',2,(#13821,#13822,#13823),
 .UNSPECIFIED.,.F.,.F.,(3,3),(0.,1.),.PIECEWISE_BEZIER_KNOTS.);
#347=B_SPLINE_CURVE_WITH_KNOTS('',2,(#13832,#13833,#13834),
 .UNSPECIFIED.,.F.,.F.,(3,3),(0.,1.),.PIECEWISE_BEZIER_KNOTS.);
#348=B_SPLINE_CURVE_WITH_KNOTS('',2,(#13838,#13839,#13840),
 .UNSPECIFIED.,.F.,.F.,(3,3),(0.,1.),.PIECEWISE_BEZIER_KNOTS.);
#349=B_SPLINE_CURVE_WITH_KNOTS('',2,(#13855,#13856,#13857),
 .UNSPECIFIED.,.F.,.F.,(3,3),(0.,1.),.PIECEWISE_BEZIER_KNOTS.);
#350=B_SPLINE_CURVE_WITH_KNOTS('',2,(#13861,#13862,#13863),
 .UNSPECIFIED.,.F.,.F.,(3,3),(0.,1.),.PIECEWISE_BEZIER_KNOTS.);
#351=B_SPLINE_CURVE_WITH_KNOTS('',2,(#13872,#13873,#13874),
 .UNSPECIFIED.,.F.,.F.,(3,3),(0.,1.),.PIECEWISE_BEZIER_KNOTS.);
#352=B_SPLINE_CURVE_WITH_KNOTS('',2,(#13878,#13879,#13880),
 .UNSPECIFIED.,.F.,.F.,(3,3),(0.,1.),.PIECEWISE_BEZIER_KNOTS.);
#353=B_SPLINE_CURVE_WITH_KNOTS('',2,(#13891,#13892,#13893),
 .UNSPECIFIED.,.F.,.F.,(3,3),(0.,1.),.PIECEWISE_BEZIER_KNOTS.);
#354=B_SPLINE_CURVE_WITH_KNOTS('',2,(#13910,#13911,#13912),
 .UNSPECIFIED.,.F.,.F.,(3,3),(0.,1.),.PIECEWISE_BEZIER_KNOTS.);
#355=B_SPLINE_CURVE_WITH_KNOTS('',2,(#13923,#13924,#13925),
 .UNSPECIFIED.,.F.,.F.,(3,3),(0.,1.),.PIECEWISE_BEZIER_KNOTS.);
#356=B_SPLINE_CURVE_WITH_KNOTS('',2,(#13936,#13937,#13938),
 .UNSPECIFIED.,.F.,.F.,(3,3),(0.,1.),.PIECEWISE_BEZIER_KNOTS.);
#357=B_SPLINE_CURVE_WITH_KNOTS('',2,(#13949,#13950,#13951),
 .UNSPECIFIED.,.F.,.F.,(3,3),(0.,1.),.PIECEWISE_BEZIER_KNOTS.);
#358=B_SPLINE_CURVE_WITH_KNOTS('',2,(#13962,#13963,#13964),
 .UNSPECIFIED.,.F.,.F.,(3,3),(0.,1.),.PIECEWISE_BEZIER_KNOTS.);
#359=B_SPLINE_CURVE_WITH_KNOTS('',2,(#13975,#13976,#13977),
 .UNSPECIFIED.,.F.,.F.,(3,3),(0.,1.),.PIECEWISE_BEZIER_KNOTS.);
#360=B_SPLINE_CURVE_WITH_KNOTS('',2,(#13992,#13993,#13994),
 .UNSPECIFIED.,.F.,.F.,(3,3),(0.,1.),.PIECEWISE_BEZIER_KNOTS.);
#361=B_SPLINE_CURVE_WITH_KNOTS('',2,(#14005,#14006,#14007),
 .UNSPECIFIED.,.F.,.F.,(3,3),(0.,1.),.PIECEWISE_BEZIER_KNOTS.);
#362=B_SPLINE_CURVE_WITH_KNOTS('',2,(#14018,#14019,#14020),
 .UNSPECIFIED.,.F.,.F.,(3,3),(0.,1.),.PIECEWISE_BEZIER_KNOTS.);
#363=B_SPLINE_CURVE_WITH_KNOTS('',2,(#14031,#14032,#14033),
 .UNSPECIFIED.,.F.,.F.,(3,3),(0.,1.),.PIECEWISE_BEZIER_KNOTS.);
#364=B_SPLINE_CURVE_WITH_KNOTS('',2,(#14042,#14043,#14044),
 .UNSPECIFIED.,.F.,.F.,(3,3),(0.,1.),.PIECEWISE_BEZIER_KNOTS.);
#365=B_SPLINE_CURVE_WITH_KNOTS('',2,(#14053,#14054,#14055),
 .UNSPECIFIED.,.F.,.F.,(3,3),(0.,1.),.PIECEWISE_BEZIER_KNOTS.);
#366=B_SPLINE_CURVE_WITH_KNOTS('',2,(#14056,#14057,#14058),
 .UNSPECIFIED.,.F.,.F.,(3,3),(0.,1.),.PIECEWISE_BEZIER_KNOTS.);
#367=B_SPLINE_CURVE_WITH_KNOTS('',2,(#14084,#14085,#14086),
 .UNSPECIFIED.,.F.,.F.,(3,3),(0.,1.),.PIECEWISE_BEZIER_KNOTS.);
#368=B_SPLINE_CURVE_WITH_KNOTS('',2,(#14097,#14098,#14099),
 .UNSPECIFIED.,.F.,.F.,(3,3),(0.,1.),.PIECEWISE_BEZIER_KNOTS.);
#369=B_SPLINE_CURVE_WITH_KNOTS('',2,(#14110,#14111,#14112),
 .UNSPECIFIED.,.F.,.F.,(3,3),(0.,1.),.PIECEWISE_BEZIER_KNOTS.);
#370=B_SPLINE_CURVE_WITH_KNOTS('',2,(#14135,#14136,#14137),
 .UNSPECIFIED.,.F.,.F.,(3,3),(0.,1.),.PIECEWISE_BEZIER_KNOTS.);
#371=B_SPLINE_CURVE_WITH_KNOTS('',2,(#14148,#14149,#14150),
 .UNSPECIFIED.,.F.,.F.,(3,3),(0.,1.),.PIECEWISE_BEZIER_KNOTS.);
#372=B_SPLINE_CURVE_WITH_KNOTS('',2,(#14161,#14162,#14163),
 .UNSPECIFIED.,.F.,.F.,(3,3),(0.,1.),.PIECEWISE_BEZIER_KNOTS.);
#373=B_SPLINE_CURVE_WITH_KNOTS('',2,(#14172,#14173,#14174),
 .UNSPECIFIED.,.F.,.F.,(3,3),(0.,1.),.PIECEWISE_BEZIER_KNOTS.);
#374=B_SPLINE_CURVE_WITH_KNOTS('',2,(#14340,#14341,#14342),
 .UNSPECIFIED.,.F.,.F.,(3,3),(0.,1.),.PIECEWISE_BEZIER_KNOTS.);
#375=B_SPLINE_CURVE_WITH_KNOTS('',2,(#14347,#14348,#14349),
 .UNSPECIFIED.,.F.,.F.,(3,3),(0.,1.),.PIECEWISE_BEZIER_KNOTS.);
#376=B_SPLINE_CURVE_WITH_KNOTS('',2,(#14366,#14367,#14368),
 .UNSPECIFIED.,.F.,.F.,(3,3),(0.,1.),.PIECEWISE_BEZIER_KNOTS.);
#377=B_SPLINE_CURVE_WITH_KNOTS('',2,(#14372,#14373,#14374),
 .UNSPECIFIED.,.F.,.F.,(3,3),(0.,1.),.PIECEWISE_BEZIER_KNOTS.);
#378=B_SPLINE_CURVE_WITH_KNOTS('',2,(#14383,#14384,#14385),
 .UNSPECIFIED.,.F.,.F.,(3,3),(0.,1.),.PIECEWISE_BEZIER_KNOTS.);
#379=B_SPLINE_CURVE_WITH_KNOTS('',2,(#14389,#14390,#14391),
 .UNSPECIFIED.,.F.,.F.,(3,3),(0.,1.),.PIECEWISE_BEZIER_KNOTS.);
#380=B_SPLINE_CURVE_WITH_KNOTS('',2,(#14400,#14401,#14402),
 .UNSPECIFIED.,.F.,.F.,(3,3),(0.,1.),.PIECEWISE_BEZIER_KNOTS.);
#381=B_SPLINE_CURVE_WITH_KNOTS('',2,(#14406,#14407,#14408),
 .UNSPECIFIED.,.F.,.F.,(3,3),(0.,1.),.PIECEWISE_BEZIER_KNOTS.);
#382=B_SPLINE_CURVE_WITH_KNOTS('',2,(#14417,#14418,#14419),
 .UNSPECIFIED.,.F.,.F.,(3,3),(0.,1.),.PIECEWISE_BEZIER_KNOTS.);
#383=B_SPLINE_CURVE_WITH_KNOTS('',2,(#14423,#14424,#14425),
 .UNSPECIFIED.,.F.,.F.,(3,3),(0.,1.),.PIECEWISE_BEZIER_KNOTS.);
#384=B_SPLINE_CURVE_WITH_KNOTS('',2,(#14440,#14441,#14442),
 .UNSPECIFIED.,.F.,.F.,(3,3),(0.,1.),.PIECEWISE_BEZIER_KNOTS.);
#385=B_SPLINE_CURVE_WITH_KNOTS('',2,(#14446,#14447,#14448),
 .UNSPECIFIED.,.F.,.F.,(3,3),(0.,1.),.PIECEWISE_BEZIER_KNOTS.);
#386=B_SPLINE_CURVE_WITH_KNOTS('',2,(#14457,#14458,#14459),
 .UNSPECIFIED.,.F.,.F.,(3,3),(0.,1.),.PIECEWISE_BEZIER_KNOTS.);
#387=B_SPLINE_CURVE_WITH_KNOTS('',2,(#14463,#14464,#14465),
 .UNSPECIFIED.,.F.,.F.,(3,3),(0.,1.),.PIECEWISE_BEZIER_KNOTS.);
#388=B_SPLINE_CURVE_WITH_KNOTS('',2,(#14476,#14477,#14478),
 .UNSPECIFIED.,.F.,.F.,(3,3),(0.,1.),.PIECEWISE_BEZIER_KNOTS.);
#389=B_SPLINE_CURVE_WITH_KNOTS('',2,(#14495,#14496,#14497),
 .UNSPECIFIED.,.F.,.F.,(3,3),(0.,1.),.PIECEWISE_BEZIER_KNOTS.);
#390=B_SPLINE_CURVE_WITH_KNOTS('',2,(#14524,#14525,#14526),
 .UNSPECIFIED.,.F.,.F.,(3,3),(0.,1.),.PIECEWISE_BEZIER_KNOTS.);
#391=B_SPLINE_CURVE_WITH_KNOTS('',2,(#14557,#14558,#14559),
 .UNSPECIFIED.,.F.,.F.,(3,3),(0.,1.),.PIECEWISE_BEZIER_KNOTS.);
#392=B_SPLINE_CURVE_WITH_KNOTS('',2,(#14560,#14561,#14562),
 .UNSPECIFIED.,.F.,.F.,(3,3),(0.,1.),.PIECEWISE_BEZIER_KNOTS.);
#393=B_SPLINE_CURVE_WITH_KNOTS('',2,(#14572,#14573,#14574),
 .UNSPECIFIED.,.F.,.F.,(3,3),(0.,1.),.PIECEWISE_BEZIER_KNOTS.);
#394=B_SPLINE_CURVE_WITH_KNOTS('',2,(#14579,#14580,#14581),
 .UNSPECIFIED.,.F.,.F.,(3,3),(0.,1.),.PIECEWISE_BEZIER_KNOTS.);
#395=B_SPLINE_CURVE_WITH_KNOTS('',2,(#14598,#14599,#14600),
 .UNSPECIFIED.,.F.,.F.,(3,3),(0.,1.),.PIECEWISE_BEZIER_KNOTS.);
#396=B_SPLINE_CURVE_WITH_KNOTS('',2,(#14604,#14605,#14606),
 .UNSPECIFIED.,.F.,.F.,(3,3),(0.,1.),.PIECEWISE_BEZIER_KNOTS.);
#397=B_SPLINE_CURVE_WITH_KNOTS('',2,(#14615,#14616,#14617),
 .UNSPECIFIED.,.F.,.F.,(3,3),(0.,1.),.PIECEWISE_BEZIER_KNOTS.);
#398=B_SPLINE_CURVE_WITH_KNOTS('',2,(#14621,#14622,#14623),
 .UNSPECIFIED.,.F.,.F.,(3,3),(0.,1.),.PIECEWISE_BEZIER_KNOTS.);
#399=B_SPLINE_CURVE_WITH_KNOTS('',2,(#14632,#14633,#14634),
 .UNSPECIFIED.,.F.,.F.,(3,3),(0.,1.),.PIECEWISE_BEZIER_KNOTS.);
#400=B_SPLINE_CURVE_WITH_KNOTS('',2,(#14638,#14639,#14640),
 .UNSPECIFIED.,.F.,.F.,(3,3),(0.,1.),.PIECEWISE_BEZIER_KNOTS.);
#401=B_SPLINE_CURVE_WITH_KNOTS('',2,(#14649,#14650,#14651),
 .UNSPECIFIED.,.F.,.F.,(3,3),(0.,1.),.PIECEWISE_BEZIER_KNOTS.);
#402=B_SPLINE_CURVE_WITH_KNOTS('',2,(#14655,#14656,#14657),
 .UNSPECIFIED.,.F.,.F.,(3,3),(0.,1.),.PIECEWISE_BEZIER_KNOTS.);
#403=B_SPLINE_CURVE_WITH_KNOTS('',2,(#14672,#14673,#14674),
 .UNSPECIFIED.,.F.,.F.,(3,3),(0.,1.),.PIECEWISE_BEZIER_KNOTS.);
#404=B_SPLINE_CURVE_WITH_KNOTS('',2,(#14678,#14679,#14680),
 .UNSPECIFIED.,.F.,.F.,(3,3),(0.,1.),.PIECEWISE_BEZIER_KNOTS.);
#405=B_SPLINE_CURVE_WITH_KNOTS('',2,(#14689,#14690,#14691),
 .UNSPECIFIED.,.F.,.F.,(3,3),(0.,1.),.PIECEWISE_BEZIER_KNOTS.);
#406=B_SPLINE_CURVE_WITH_KNOTS('',2,(#14695,#14696,#14697),
 .UNSPECIFIED.,.F.,.F.,(3,3),(0.,1.),.PIECEWISE_BEZIER_KNOTS.);
#407=B_SPLINE_CURVE_WITH_KNOTS('',2,(#14708,#14709,#14710),
 .UNSPECIFIED.,.F.,.F.,(3,3),(0.,1.),.PIECEWISE_BEZIER_KNOTS.);
#408=B_SPLINE_CURVE_WITH_KNOTS('',2,(#14727,#14728,#14729),
 .UNSPECIFIED.,.F.,.F.,(3,3),(0.,1.),.PIECEWISE_BEZIER_KNOTS.);
#409=B_SPLINE_CURVE_WITH_KNOTS('',2,(#14756,#14757,#14758),
 .UNSPECIFIED.,.F.,.F.,(3,3),(0.,1.),.PIECEWISE_BEZIER_KNOTS.);
#410=B_SPLINE_CURVE_WITH_KNOTS('',2,(#14789,#14790,#14791),
 .UNSPECIFIED.,.F.,.F.,(3,3),(0.,1.),.PIECEWISE_BEZIER_KNOTS.);
#411=B_SPLINE_CURVE_WITH_KNOTS('',2,(#14792,#14793,#14794),
 .UNSPECIFIED.,.F.,.F.,(3,3),(0.,1.),.PIECEWISE_BEZIER_KNOTS.);
#412=B_SPLINE_CURVE_WITH_KNOTS('',3,(#14888,#14889,#14890,#14891,#14892),
 .UNSPECIFIED.,.F.,.F.,(4,1,4),(0.,0.0013185496215063,0.0026370992430126),
 .UNSPECIFIED.);
#413=B_SPLINE_CURVE_WITH_KNOTS('',3,(#14898,#14899,#14900,#14901,#14902),
 .UNSPECIFIED.,.F.,.F.,(4,1,4),(0.,0.00131854962150629,0.00263709924301259),
 .UNSPECIFIED.);
#414=B_SPLINE_CURVE_WITH_KNOTS('',3,(#14910,#14911,#14912,#14913,#14914),
 .UNSPECIFIED.,.F.,.F.,(4,1,4),(0.,0.001317056071364,0.002634112142728),
 .UNSPECIFIED.);
#415=B_SPLINE_CURVE_WITH_KNOTS('',3,(#14920,#14921,#14922,#14923,#14924),
 .UNSPECIFIED.,.F.,.F.,(4,1,4),(0.,0.00131705607136401,0.00263411214272801),
 .UNSPECIFIED.);
#416=B_SPLINE_CURVE_WITH_KNOTS('',3,(#14932,#14933,#14934,#14935,#14936),
 .UNSPECIFIED.,.F.,.F.,(4,1,4),(0.,0.00131705623684994,0.00263411247369988),
 .UNSPECIFIED.);
#417=B_SPLINE_CURVE_WITH_KNOTS('',3,(#14942,#14943,#14944,#14945,#14946),
 .UNSPECIFIED.,.F.,.F.,(4,1,4),(0.,0.00131705623684994,0.00263411247369987),
 .UNSPECIFIED.);
#418=B_SPLINE_CURVE_WITH_KNOTS('',3,(#14954,#14955,#14956,#14957,#14958),
 .UNSPECIFIED.,.F.,.F.,(4,1,4),(0.,0.00131705623684991,0.00263411247369982),
 .UNSPECIFIED.);
#419=B_SPLINE_CURVE_WITH_KNOTS('',3,(#14964,#14965,#14966,#14967,#14968),
 .UNSPECIFIED.,.F.,.F.,(4,1,4),(0.,0.00131705623684992,0.00263411247369984),
 .UNSPECIFIED.);
#420=B_SPLINE_CURVE_WITH_KNOTS('',3,(#14996,#14997,#14998,#14999,#15000),
 .UNSPECIFIED.,.F.,.F.,(4,1,4),(0.,0.00134125088642143,0.00268250177284287),
 .UNSPECIFIED.);
#421=B_SPLINE_CURVE_WITH_KNOTS('',3,(#15002,#15003,#15004,#15005,#15006),
 .UNSPECIFIED.,.F.,.F.,(4,1,4),(0.,0.00134125088642144,0.00268250177284288),
 .UNSPECIFIED.);
#422=B_SPLINE_CURVE_WITH_KNOTS('',3,(#15053,#15054,#15055,#15056,#15057),
 .UNSPECIFIED.,.F.,.F.,(4,1,4),(0.,0.00134125123656691,0.00268250247313381),
 .UNSPECIFIED.);
#423=B_SPLINE_CURVE_WITH_KNOTS('',3,(#15059,#15060,#15061,#15062,#15063),
 .UNSPECIFIED.,.F.,.F.,(4,1,4),(0.,0.00134125123656691,0.00268250247313382),
 .UNSPECIFIED.);
#424=B_SPLINE_CURVE_WITH_KNOTS('',3,(#15110,#15111,#15112,#15113,#15114),
 .UNSPECIFIED.,.F.,.F.,(4,1,4),(0.,0.00133845199024471,0.00267690398048943),
 .UNSPECIFIED.);
#425=B_SPLINE_CURVE_WITH_KNOTS('',3,(#15116,#15117,#15118,#15119,#15120),
 .UNSPECIFIED.,.F.,.F.,(4,1,4),(0.,0.00133845199024471,0.00267690398048943),
 .UNSPECIFIED.);
#426=B_SPLINE_CURVE_WITH_KNOTS('',3,(#15167,#15168,#15169,#15170,#15171),
 .UNSPECIFIED.,.F.,.F.,(4,1,4),(0.,0.00134125088642143,0.00268250177284286),
 .UNSPECIFIED.);
#427=B_SPLINE_CURVE_WITH_KNOTS('',3,(#15173,#15174,#15175,#15176,#15177),
 .UNSPECIFIED.,.F.,.F.,(4,1,4),(0.,0.00134125088642143,0.00268250177284286),
 .UNSPECIFIED.);
#428=LINE('',#12227,#1231);
#429=LINE('',#12231,#1232);
#430=LINE('',#12235,#1233);
#431=LINE('',#12239,#1234);
#432=LINE('',#12243,#1235);
#433=LINE('',#12247,#1236);
#434=LINE('',#12251,#1237);
#435=LINE('',#12255,#1238);
#436=LINE('',#12259,#1239);
#437=LINE('',#12263,#1240);
#438=LINE('',#12267,#1241);
#439=LINE('',#12271,#1242);
#440=LINE('',#12275,#1243);
#441=LINE('',#12279,#1244);
#442=LINE('',#12283,#1245);
#443=LINE('',#12287,#1246);
#444=LINE('',#12291,#1247);
#445=LINE('',#12295,#1248);
#446=LINE('',#12299,#1249);
#447=LINE('',#12303,#1250);
#448=LINE('',#12307,#1251);
#449=LINE('',#12311,#1252);
#450=LINE('',#12315,#1253);
#451=LINE('',#12319,#1254);
#452=LINE('',#12320,#1255);
#453=LINE('',#12325,#1256);
#454=LINE('',#12328,#1257);
#455=LINE('',#12333,#1258);
#456=LINE('',#12336,#1259);
#457=LINE('',#12341,#1260);
#458=LINE('',#12347,#1261);
#459=LINE('',#12351,#1262);
#460=LINE('',#12355,#1263);
#461=LINE('',#12359,#1264);
#462=LINE('',#12363,#1265);
#463=LINE('',#12367,#1266);
#464=LINE('',#12371,#1267);
#465=LINE('',#12375,#1268);
#466=LINE('',#12379,#1269);
#467=LINE('',#12383,#1270);
#468=LINE('',#12384,#1271);
#469=LINE('',#12387,#1272);
#470=LINE('',#12389,#1273);
#471=LINE('',#12391,#1274);
#472=LINE('',#12393,#1275);
#473=LINE('',#12395,#1276);
#474=LINE('',#12397,#1277);
#475=LINE('',#12399,#1278);
#476=LINE('',#12401,#1279);
#477=LINE('',#12403,#1280);
#478=LINE('',#12429,#1281);
#479=LINE('',#12455,#1282);
#480=LINE('',#12456,#1283);
#481=LINE('',#12475,#1284);
#482=LINE('',#12477,#1285);
#483=LINE('',#12479,#1286);
#484=LINE('',#12493,#1287);
#485=LINE('',#12495,#1288);
#486=LINE('',#12496,#1289);
#487=LINE('',#12499,#1290);
#488=LINE('',#12501,#1291);
#489=LINE('',#12503,#1292);
#490=LINE('',#12505,#1293);
#491=LINE('',#12507,#1294);
#492=LINE('',#12509,#1295);
#493=LINE('',#12511,#1296);
#494=LINE('',#12513,#1297);
#495=LINE('',#12515,#1298);
#496=LINE('',#12516,#1299);
#497=LINE('',#12521,#1300);
#498=LINE('',#12525,#1301);
#499=LINE('',#12529,#1302);
#500=LINE('',#12533,#1303);
#501=LINE('',#12537,#1304);
#502=LINE('',#12541,#1305);
#503=LINE('',#12545,#1306);
#504=LINE('',#12569,#1307);
#505=LINE('',#12574,#1308);
#506=LINE('',#12578,#1309);
#507=LINE('',#12583,#1310);
#508=LINE('',#12590,#1311);
#509=LINE('',#12594,#1312);
#510=LINE('',#12598,#1313);
#511=LINE('',#12602,#1314);
#512=LINE('',#12606,#1315);
#513=LINE('',#12610,#1316);
#514=LINE('',#12614,#1317);
#515=LINE('',#12618,#1318);
#516=LINE('',#12622,#1319);
#517=LINE('',#12626,#1320);
#518=LINE('',#12630,#1321);
#519=LINE('',#12634,#1322);
#520=LINE('',#12638,#1323);
#521=LINE('',#12642,#1324);
#522=LINE('',#12646,#1325);
#523=LINE('',#12650,#1326);
#524=LINE('',#12654,#1327);
#525=LINE('',#12658,#1328);
#526=LINE('',#12662,#1329);
#527=LINE('',#12666,#1330);
#528=LINE('',#12670,#1331);
#529=LINE('',#12674,#1332);
#530=LINE('',#12678,#1333);
#531=LINE('',#12682,#1334);
#532=LINE('',#12683,#1335);
#533=LINE('',#12688,#1336);
#534=LINE('',#12691,#1337);
#535=LINE('',#12696,#1338);
#536=LINE('',#12699,#1339);
#537=LINE('',#12704,#1340);
#538=LINE('',#12710,#1341);
#539=LINE('',#12714,#1342);
#540=LINE('',#12718,#1343);
#541=LINE('',#12722,#1344);
#542=LINE('',#12726,#1345);
#543=LINE('',#12730,#1346);
#544=LINE('',#12734,#1347);
#545=LINE('',#12738,#1348);
#546=LINE('',#12742,#1349);
#547=LINE('',#12746,#1350);
#548=LINE('',#12752,#1351);
#549=LINE('',#12756,#1352);
#550=LINE('',#12764,#1353);
#551=LINE('',#12768,#1354);
#552=LINE('',#12776,#1355);
#553=LINE('',#12785,#1356);
#554=LINE('',#12790,#1357);
#555=LINE('',#12793,#1358);
#556=LINE('',#12795,#1359);
#557=LINE('',#12797,#1360);
#558=LINE('',#12798,#1361);
#559=LINE('',#12801,#1362);
#560=LINE('',#12803,#1363);
#561=LINE('',#12805,#1364);
#562=LINE('',#12807,#1365);
#563=LINE('',#12811,#1366);
#564=LINE('',#12814,#1367);
#565=LINE('',#12816,#1368);
#566=LINE('',#12818,#1369);
#567=LINE('',#12820,#1370);
#568=LINE('',#12823,#1371);
#569=LINE('',#12825,#1372);
#570=LINE('',#12827,#1373);
#571=LINE('',#12829,#1374);
#572=LINE('',#12832,#1375);
#573=LINE('',#12834,#1376);
#574=LINE('',#12836,#1377);
#575=LINE('',#12843,#1378);
#576=LINE('',#12862,#1379);
#577=LINE('',#12888,#1380);
#578=LINE('',#12899,#1381);
#579=LINE('',#12902,#1382);
#580=LINE('',#12904,#1383);
#581=LINE('',#12906,#1384);
#582=LINE('',#12907,#1385);
#583=LINE('',#12912,#1386);
#584=LINE('',#12916,#1387);
#585=LINE('',#12920,#1388);
#586=LINE('',#12925,#1389);
#587=LINE('',#12928,#1390);
#588=LINE('',#12930,#1391);
#589=LINE('',#12932,#1392);
#590=LINE('',#12934,#1393);
#591=LINE('',#12936,#1394);
#592=LINE('',#12938,#1395);
#593=LINE('',#12940,#1396);
#594=LINE('',#12942,#1397);
#595=LINE('',#12944,#1398);
#596=LINE('',#12960,#1399);
#597=LINE('',#12978,#1400);
#598=LINE('',#12979,#1401);
#599=LINE('',#12984,#1402);
#600=LINE('',#12986,#1403);
#601=LINE('',#12988,#1404);
#602=LINE('',#12990,#1405);
#603=LINE('',#12991,#1406);
#604=LINE('',#12994,#1407);
#605=LINE('',#12996,#1408);
#606=LINE('',#12998,#1409);
#607=LINE('',#13000,#1410);
#608=LINE('',#13002,#1411);
#609=LINE('',#13004,#1412);
#610=LINE('',#13006,#1413);
#611=LINE('',#13008,#1414);
#612=LINE('',#13010,#1415);
#613=LINE('',#13026,#1416);
#614=LINE('',#13044,#1417);
#615=LINE('',#13045,#1418);
#616=LINE('',#13048,#1419);
#617=LINE('',#13050,#1420);
#618=LINE('',#13052,#1421);
#619=LINE('',#13054,#1422);
#620=LINE('',#13056,#1423);
#621=LINE('',#13058,#1424);
#622=LINE('',#13060,#1425);
#623=LINE('',#13062,#1426);
#624=LINE('',#13064,#1427);
#625=LINE('',#13066,#1428);
#626=LINE('',#13069,#1429);
#627=LINE('',#13071,#1430);
#628=LINE('',#13073,#1431);
#629=LINE('',#13074,#1432);
#630=LINE('',#13077,#1433);
#631=LINE('',#13079,#1434);
#632=LINE('',#13081,#1435);
#633=LINE('',#13084,#1436);
#634=LINE('',#13087,#1437);
#635=LINE('',#13089,#1438);
#636=LINE('',#13091,#1439);
#637=LINE('',#13092,#1440);
#638=LINE('',#13097,#1441);
#639=LINE('',#13101,#1442);
#640=LINE('',#13105,#1443);
#641=LINE('',#13109,#1444);
#642=LINE('',#13114,#1445);
#643=LINE('',#13118,#1446);
#644=LINE('',#13122,#1447);
#645=LINE('',#13127,#1448);
#646=LINE('',#13130,#1449);
#647=LINE('',#13144,#1450);
#648=LINE('',#13153,#1451);
#649=LINE('',#13163,#1452);
#650=LINE('',#13165,#1453);
#651=LINE('',#13168,#1454);
#652=LINE('',#13170,#1455);
#653=LINE('',#13174,#1456);
#654=LINE('',#13176,#1457);
#655=LINE('',#13178,#1458);
#656=LINE('',#13223,#1459);
#657=LINE('',#13226,#1460);
#658=LINE('',#13228,#1461);
#659=LINE('',#13231,#1462);
#660=LINE('',#13235,#1463);
#661=LINE('',#13236,#1464);
#662=LINE('',#13252,#1465);
#663=LINE('',#13254,#1466);
#664=LINE('',#13256,#1467);
#665=LINE('',#13258,#1468);
#666=LINE('',#13260,#1469);
#667=LINE('',#13262,#1470);
#668=LINE('',#13264,#1471);
#669=LINE('',#13266,#1472);
#670=LINE('',#13268,#1473);
#671=LINE('',#13271,#1474);
#672=LINE('',#13273,#1475);
#673=LINE('',#13275,#1476);
#674=LINE('',#13277,#1477);
#675=LINE('',#13283,#1478);
#676=LINE('',#13286,#1479);
#677=LINE('',#13287,#1480);
#678=LINE('',#13292,#1481);
#679=LINE('',#13297,#1482);
#680=LINE('',#13301,#1483);
#681=LINE('',#13304,#1484);
#682=LINE('',#13305,#1485);
#683=LINE('',#13307,#1486);
#684=LINE('',#13313,#1487);
#685=LINE('',#13314,#1488);
#686=LINE('',#13316,#1489);
#687=LINE('',#13319,#1490);
#688=LINE('',#13321,#1491);
#689=LINE('',#13323,#1492);
#690=LINE('',#13325,#1493);
#691=LINE('',#13331,#1494);
#692=LINE('',#13334,#1495);
#693=LINE('',#13335,#1496);
#694=LINE('',#13340,#1497);
#695=LINE('',#13343,#1498);
#696=LINE('',#13345,#1499);
#697=LINE('',#13347,#1500);
#698=LINE('',#13349,#1501);
#699=LINE('',#13355,#1502);
#700=LINE('',#13358,#1503);
#701=LINE('',#13359,#1504);
#702=LINE('',#13364,#1505);
#703=LINE('',#13369,#1506);
#704=LINE('',#13373,#1507);
#705=LINE('',#13376,#1508);
#706=LINE('',#13377,#1509);
#707=LINE('',#13379,#1510);
#708=LINE('',#13385,#1511);
#709=LINE('',#13386,#1512);
#710=LINE('',#13388,#1513);
#711=LINE('',#13393,#1514);
#712=LINE('',#13397,#1515);
#713=LINE('',#13400,#1516);
#714=LINE('',#13401,#1517);
#715=LINE('',#13403,#1518);
#716=LINE('',#13409,#1519);
#717=LINE('',#13410,#1520);
#718=LINE('',#13412,#1521);
#719=LINE('',#13417,#1522);
#720=LINE('',#13421,#1523);
#721=LINE('',#13424,#1524);
#722=LINE('',#13425,#1525);
#723=LINE('',#13427,#1526);
#724=LINE('',#13433,#1527);
#725=LINE('',#13434,#1528);
#726=LINE('',#13436,#1529);
#727=LINE('',#13441,#1530);
#728=LINE('',#13445,#1531);
#729=LINE('',#13448,#1532);
#730=LINE('',#13449,#1533);
#731=LINE('',#13451,#1534);
#732=LINE('',#13457,#1535);
#733=LINE('',#13458,#1536);
#734=LINE('',#13460,#1537);
#735=LINE('',#13463,#1538);
#736=LINE('',#13465,#1539);
#737=LINE('',#13467,#1540);
#738=LINE('',#13469,#1541);
#739=LINE('',#13475,#1542);
#740=LINE('',#13478,#1543);
#741=LINE('',#13479,#1544);
#742=LINE('',#13484,#1545);
#743=LINE('',#13487,#1546);
#744=LINE('',#13489,#1547);
#745=LINE('',#13491,#1548);
#746=LINE('',#13493,#1549);
#747=LINE('',#13499,#1550);
#748=LINE('',#13502,#1551);
#749=LINE('',#13503,#1552);
#750=LINE('',#13508,#1553);
#751=LINE('',#13511,#1554);
#752=LINE('',#13513,#1555);
#753=LINE('',#13515,#1556);
#754=LINE('',#13517,#1557);
#755=LINE('',#13523,#1558);
#756=LINE('',#13526,#1559);
#757=LINE('',#13527,#1560);
#758=LINE('',#13532,#1561);
#759=LINE('',#13535,#1562);
#760=LINE('',#13537,#1563);
#761=LINE('',#13539,#1564);
#762=LINE('',#13541,#1565);
#763=LINE('',#13547,#1566);
#764=LINE('',#13550,#1567);
#765=LINE('',#13551,#1568);
#766=LINE('',#13556,#1569);
#767=LINE('',#13561,#1570);
#768=LINE('',#13565,#1571);
#769=LINE('',#13568,#1572);
#770=LINE('',#13569,#1573);
#771=LINE('',#13571,#1574);
#772=LINE('',#13577,#1575);
#773=LINE('',#13578,#1576);
#774=LINE('',#13580,#1577);
#775=LINE('',#13583,#1578);
#776=LINE('',#13585,#1579);
#777=LINE('',#13587,#1580);
#778=LINE('',#13589,#1581);
#779=LINE('',#13595,#1582);
#780=LINE('',#13598,#1583);
#781=LINE('',#13599,#1584);
#782=LINE('',#13604,#1585);
#783=LINE('',#13609,#1586);
#784=LINE('',#13613,#1587);
#785=LINE('',#13616,#1588);
#786=LINE('',#13617,#1589);
#787=LINE('',#13619,#1590);
#788=LINE('',#13625,#1591);
#789=LINE('',#13626,#1592);
#790=LINE('',#13628,#1593);
#791=LINE('',#13631,#1594);
#792=LINE('',#13633,#1595);
#793=LINE('',#13635,#1596);
#794=LINE('',#13637,#1597);
#795=LINE('',#13643,#1598);
#796=LINE('',#13646,#1599);
#797=LINE('',#13647,#1600);
#798=LINE('',#13652,#1601);
#799=LINE('',#13655,#1602);
#800=LINE('',#13657,#1603);
#801=LINE('',#13659,#1604);
#802=LINE('',#13661,#1605);
#803=LINE('',#13667,#1606);
#804=LINE('',#13670,#1607);
#805=LINE('',#13671,#1608);
#806=LINE('',#13676,#1609);
#807=LINE('',#13681,#1610);
#808=LINE('',#13685,#1611);
#809=LINE('',#13688,#1612);
#810=LINE('',#13689,#1613);
#811=LINE('',#13691,#1614);
#812=LINE('',#13697,#1615);
#813=LINE('',#13698,#1616);
#814=LINE('',#13700,#1617);
#815=LINE('',#13703,#1618);
#816=LINE('',#13705,#1619);
#817=LINE('',#13707,#1620);
#818=LINE('',#13709,#1621);
#819=LINE('',#13715,#1622);
#820=LINE('',#13718,#1623);
#821=LINE('',#13719,#1624);
#822=LINE('',#13724,#1625);
#823=LINE('',#13729,#1626);
#824=LINE('',#13733,#1627);
#825=LINE('',#13736,#1628);
#826=LINE('',#13737,#1629);
#827=LINE('',#13739,#1630);
#828=LINE('',#13745,#1631);
#829=LINE('',#13746,#1632);
#830=LINE('',#13760,#1633);
#831=LINE('',#13766,#1634);
#832=LINE('',#13768,#1635);
#833=LINE('',#13770,#1636);
#834=LINE('',#13772,#1637);
#835=LINE('',#13785,#1638);
#836=LINE('',#13802,#1639);
#837=LINE('',#13819,#1640);
#838=LINE('',#13836,#1641);
#839=LINE('',#13842,#1642);
#840=LINE('',#13844,#1643);
#841=LINE('',#13846,#1644);
#842=LINE('',#13859,#1645);
#843=LINE('',#13876,#1646);
#844=LINE('',#13889,#1647);
#845=LINE('',#13895,#1648);
#846=LINE('',#13897,#1649);
#847=LINE('',#13899,#1650);
#848=LINE('',#13908,#1651);
#849=LINE('',#13921,#1652);
#850=LINE('',#13934,#1653);
#851=LINE('',#13947,#1654);
#852=LINE('',#13960,#1655);
#853=LINE('',#13973,#1656);
#854=LINE('',#13979,#1657);
#855=LINE('',#13981,#1658);
#856=LINE('',#13990,#1659);
#857=LINE('',#14003,#1660);
#858=LINE('',#14016,#1661);
#859=LINE('',#14029,#1662);
#860=LINE('',#14061,#1663);
#861=LINE('',#14063,#1664);
#862=LINE('',#14065,#1665);
#863=LINE('',#14067,#1666);
#864=LINE('',#14069,#1667);
#865=LINE('',#14071,#1668);
#866=LINE('',#14073,#1669);
#867=LINE('',#14082,#1670);
#868=LINE('',#14095,#1671);
#869=LINE('',#14108,#1672);
#870=LINE('',#14114,#1673);
#871=LINE('',#14116,#1674);
#872=LINE('',#14118,#1675);
#873=LINE('',#14120,#1676);
#874=LINE('',#14122,#1677);
#875=LINE('',#14124,#1678);
#876=LINE('',#14133,#1679);
#877=LINE('',#14146,#1680);
#878=LINE('',#14159,#1681);
#879=LINE('',#14177,#1682);
#880=LINE('',#14179,#1683);
#881=LINE('',#14181,#1684);
#882=LINE('',#14183,#1685);
#883=LINE('',#14185,#1686);
#884=LINE('',#14187,#1687);
#885=LINE('',#14189,#1688);
#886=LINE('',#14191,#1689);
#887=LINE('',#14193,#1690);
#888=LINE('',#14195,#1691);
#889=LINE('',#14197,#1692);
#890=LINE('',#14199,#1693);
#891=LINE('',#14201,#1694);
#892=LINE('',#14203,#1695);
#893=LINE('',#14205,#1696);
#894=LINE('',#14207,#1697);
#895=LINE('',#14209,#1698);
#896=LINE('',#14211,#1699);
#897=LINE('',#14213,#1700);
#898=LINE('',#14215,#1701);
#899=LINE('',#14218,#1702);
#900=LINE('',#14220,#1703);
#901=LINE('',#14222,#1704);
#902=LINE('',#14224,#1705);
#903=LINE('',#14226,#1706);
#904=LINE('',#14228,#1707);
#905=LINE('',#14230,#1708);
#906=LINE('',#14232,#1709);
#907=LINE('',#14234,#1710);
#908=LINE('',#14236,#1711);
#909=LINE('',#14238,#1712);
#910=LINE('',#14240,#1713);
#911=LINE('',#14242,#1714);
#912=LINE('',#14244,#1715);
#913=LINE('',#14246,#1716);
#914=LINE('',#14248,#1717);
#915=LINE('',#14250,#1718);
#916=LINE('',#14252,#1719);
#917=LINE('',#14254,#1720);
#918=LINE('',#14256,#1721);
#919=LINE('',#14260,#1722);
#920=LINE('',#14262,#1723);
#921=LINE('',#14264,#1724);
#922=LINE('',#14268,#1725);
#923=LINE('',#14270,#1726);
#924=LINE('',#14272,#1727);
#925=LINE('',#14276,#1728);
#926=LINE('',#14278,#1729);
#927=LINE('',#14280,#1730);
#928=LINE('',#14284,#1731);
#929=LINE('',#14286,#1732);
#930=LINE('',#14288,#1733);
#931=LINE('',#14292,#1734);
#932=LINE('',#14294,#1735);
#933=LINE('',#14296,#1736);
#934=LINE('',#14298,#1737);
#935=LINE('',#14300,#1738);
#936=LINE('',#14302,#1739);
#937=LINE('',#14304,#1740);
#938=LINE('',#14306,#1741);
#939=LINE('',#14308,#1742);
#940=LINE('',#14310,#1743);
#941=LINE('',#14312,#1744);
#942=LINE('',#14314,#1745);
#943=LINE('',#14316,#1746);
#944=LINE('',#14318,#1747);
#945=LINE('',#14320,#1748);
#946=LINE('',#14322,#1749);
#947=LINE('',#14324,#1750);
#948=LINE('',#14326,#1751);
#949=LINE('',#14328,#1752);
#950=LINE('',#14330,#1753);
#951=LINE('',#14345,#1754);
#952=LINE('',#14351,#1755);
#953=LINE('',#14353,#1756);
#954=LINE('',#14355,#1757);
#955=LINE('',#14357,#1758);
#956=LINE('',#14370,#1759);
#957=LINE('',#14387,#1760);
#958=LINE('',#14404,#1761);
#959=LINE('',#14421,#1762);
#960=LINE('',#14427,#1763);
#961=LINE('',#14429,#1764);
#962=LINE('',#14431,#1765);
#963=LINE('',#14444,#1766);
#964=LINE('',#14461,#1767);
#965=LINE('',#14474,#1768);
#966=LINE('',#14480,#1769);
#967=LINE('',#14482,#1770);
#968=LINE('',#14484,#1771);
#969=LINE('',#14493,#1772);
#970=LINE('',#14499,#1773);
#971=LINE('',#14503,#1774);
#972=LINE('',#14507,#1775);
#973=LINE('',#14511,#1776);
#974=LINE('',#14522,#1777);
#975=LINE('',#14528,#1778);
#976=LINE('',#14530,#1779);
#977=LINE('',#14532,#1780);
#978=LINE('',#14536,#1781);
#979=LINE('',#14540,#1782);
#980=LINE('',#14544,#1783);
#981=LINE('',#14577,#1784);
#982=LINE('',#14583,#1785);
#983=LINE('',#14585,#1786);
#984=LINE('',#14587,#1787);
#985=LINE('',#14589,#1788);
#986=LINE('',#14602,#1789);
#987=LINE('',#14619,#1790);
#988=LINE('',#14636,#1791);
#989=LINE('',#14653,#1792);
#990=LINE('',#14659,#1793);
#991=LINE('',#14661,#1794);
#992=LINE('',#14663,#1795);
#993=LINE('',#14676,#1796);
#994=LINE('',#14693,#1797);
#995=LINE('',#14706,#1798);
#996=LINE('',#14712,#1799);
#997=LINE('',#14714,#1800);
#998=LINE('',#14716,#1801);
#999=LINE('',#14725,#1802);
#1000=LINE('',#14731,#1803);
#1001=LINE('',#14735,#1804);
#1002=LINE('',#14739,#1805);
#1003=LINE('',#14743,#1806);
#1004=LINE('',#14754,#1807);
#1005=LINE('',#14760,#1808);
#1006=LINE('',#14762,#1809);
#1007=LINE('',#14764,#1810);
#1008=LINE('',#14768,#1811);
#1009=LINE('',#14772,#1812);
#1010=LINE('',#14776,#1813);
#1011=LINE('',#14797,#1814);
#1012=LINE('',#14799,#1815);
#1013=LINE('',#14801,#1816);
#1014=LINE('',#14803,#1817);
#1015=LINE('',#14805,#1818);
#1016=LINE('',#14807,#1819);
#1017=LINE('',#14809,#1820);
#1018=LINE('',#14811,#1821);
#1019=LINE('',#14813,#1822);
#1020=LINE('',#14815,#1823);
#1021=LINE('',#14817,#1824);
#1022=LINE('',#14819,#1825);
#1023=LINE('',#14821,#1826);
#1024=LINE('',#14823,#1827);
#1025=LINE('',#14825,#1828);
#1026=LINE('',#14827,#1829);
#1027=LINE('',#14829,#1830);
#1028=LINE('',#14831,#1831);
#1029=LINE('',#14833,#1832);
#1030=LINE('',#14835,#1833);
#1031=LINE('',#14838,#1834);
#1032=LINE('',#14840,#1835);
#1033=LINE('',#14842,#1836);
#1034=LINE('',#14844,#1837);
#1035=LINE('',#14846,#1838);
#1036=LINE('',#14848,#1839);
#1037=LINE('',#14850,#1840);
#1038=LINE('',#14852,#1841);
#1039=LINE('',#14854,#1842);
#1040=LINE('',#14856,#1843);
#1041=LINE('',#14858,#1844);
#1042=LINE('',#14860,#1845);
#1043=LINE('',#14862,#1846);
#1044=LINE('',#14864,#1847);
#1045=LINE('',#14866,#1848);
#1046=LINE('',#14868,#1849);
#1047=LINE('',#14870,#1850);
#1048=LINE('',#14872,#1851);
#1049=LINE('',#14874,#1852);
#1050=LINE('',#14876,#1853);
#1051=LINE('',#14886,#1854);
#1052=LINE('',#14904,#1855);
#1053=LINE('',#14916,#1856);
#1054=LINE('',#14918,#1857);
#1055=LINE('',#14930,#1858);
#1056=LINE('',#14948,#1859);
#1057=LINE('',#14952,#1860);
#1058=LINE('',#14970,#1861);
#1059=LINE('',#15238,#1862);
#1060=LINE('',#15239,#1863);
#1061=LINE('',#15241,#1864);
#1062=LINE('',#15243,#1865);
#1063=LINE('',#15246,#1866);
#1064=LINE('',#15247,#1867);
#1065=LINE('',#15249,#1868);
#1066=LINE('',#15251,#1869);
#1067=LINE('',#15254,#1870);
#1068=LINE('',#15255,#1871);
#1069=LINE('',#15257,#1872);
#1070=LINE('',#15259,#1873);
#1071=LINE('',#15262,#1874);
#1072=LINE('',#15263,#1875);
#1073=LINE('',#15265,#1876);
#1074=LINE('',#15267,#1877);
#1075=LINE('',#15270,#1878);
#1076=LINE('',#15271,#1879);
#1077=LINE('',#15273,#1880);
#1078=LINE('',#15275,#1881);
#1079=LINE('',#15278,#1882);
#1080=LINE('',#15279,#1883);
#1081=LINE('',#15281,#1884);
#1082=LINE('',#15283,#1885);
#1083=LINE('',#15286,#1886);
#1084=LINE('',#15287,#1887);
#1085=LINE('',#15289,#1888);
#1086=LINE('',#15291,#1889);
#1087=LINE('',#15294,#1890);
#1088=LINE('',#15295,#1891);
#1089=LINE('',#15297,#1892);
#1090=LINE('',#15299,#1893);
#1091=LINE('',#15302,#1894);
#1092=LINE('',#15303,#1895);
#1093=LINE('',#15305,#1896);
#1094=LINE('',#15307,#1897);
#1095=LINE('',#15310,#1898);
#1096=LINE('',#15311,#1899);
#1097=LINE('',#15313,#1900);
#1098=LINE('',#15315,#1901);
#1099=LINE('',#15318,#1902);
#1100=LINE('',#15319,#1903);
#1101=LINE('',#15321,#1904);
#1102=LINE('',#15323,#1905);
#1103=LINE('',#15326,#1906);
#1104=LINE('',#15327,#1907);
#1105=LINE('',#15329,#1908);
#1106=LINE('',#15331,#1909);
#1107=LINE('',#15334,#1910);
#1108=LINE('',#15335,#1911);
#1109=LINE('',#15337,#1912);
#1110=LINE('',#15339,#1913);
#1111=LINE('',#15342,#1914);
#1112=LINE('',#15343,#1915);
#1113=LINE('',#15345,#1916);
#1114=LINE('',#15347,#1917);
#1115=LINE('',#15350,#1918);
#1116=LINE('',#15351,#1919);
#1117=LINE('',#15353,#1920);
#1118=LINE('',#15355,#1921);
#1119=LINE('',#15358,#1922);
#1120=LINE('',#15359,#1923);
#1121=LINE('',#15361,#1924);
#1122=LINE('',#15363,#1925);
#1123=LINE('',#15366,#1926);
#1124=LINE('',#15367,#1927);
#1125=LINE('',#15369,#1928);
#1126=LINE('',#15371,#1929);
#1127=LINE('',#15374,#1930);
#1128=LINE('',#15375,#1931);
#1129=LINE('',#15377,#1932);
#1130=LINE('',#15379,#1933);
#1131=LINE('',#15382,#1934);
#1132=LINE('',#15383,#1935);
#1133=LINE('',#15385,#1936);
#1134=LINE('',#15387,#1937);
#1135=LINE('',#15390,#1938);
#1136=LINE('',#15391,#1939);
#1137=LINE('',#15393,#1940);
#1138=LINE('',#15395,#1941);
#1139=LINE('',#15398,#1942);
#1140=LINE('',#15399,#1943);
#1141=LINE('',#15401,#1944);
#1142=LINE('',#15403,#1945);
#1143=LINE('',#15406,#1946);
#1144=LINE('',#15407,#1947);
#1145=LINE('',#15409,#1948);
#1146=LINE('',#15411,#1949);
#1147=LINE('',#15414,#1950);
#1148=LINE('',#15415,#1951);
#1149=LINE('',#15417,#1952);
#1150=LINE('',#15419,#1953);
#1151=LINE('',#15422,#1954);
#1152=LINE('',#15423,#1955);
#1153=LINE('',#15425,#1956);
#1154=LINE('',#15427,#1957);
#1155=LINE('',#15430,#1958);
#1156=LINE('',#15431,#1959);
#1157=LINE('',#15433,#1960);
#1158=LINE('',#15435,#1961);
#1159=LINE('',#15438,#1962);
#1160=LINE('',#15439,#1963);
#1161=LINE('',#15441,#1964);
#1162=LINE('',#15443,#1965);
#1163=LINE('',#15446,#1966);
#1164=LINE('',#15447,#1967);
#1165=LINE('',#15449,#1968);
#1166=LINE('',#15451,#1969);
#1167=LINE('',#15454,#1970);
#1168=LINE('',#15455,#1971);
#1169=LINE('',#15457,#1972);
#1170=LINE('',#15459,#1973);
#1171=LINE('',#15462,#1974);
#1172=LINE('',#15463,#1975);
#1173=LINE('',#15465,#1976);
#1174=LINE('',#15467,#1977);
#1175=LINE('',#15470,#1978);
#1176=LINE('',#15471,#1979);
#1177=LINE('',#15473,#1980);
#1178=LINE('',#15475,#1981);
#1179=LINE('',#15478,#1982);
#1180=LINE('',#15479,#1983);
#1181=LINE('',#15481,#1984);
#1182=LINE('',#15483,#1985);
#1183=LINE('',#15486,#1986);
#1184=LINE('',#15487,#1987);
#1185=LINE('',#15489,#1988);
#1186=LINE('',#15491,#1989);
#1187=LINE('',#15494,#1990);
#1188=LINE('',#15495,#1991);
#1189=LINE('',#15497,#1992);
#1190=LINE('',#15499,#1993);
#1191=LINE('',#15502,#1994);
#1192=LINE('',#15503,#1995);
#1193=LINE('',#15505,#1996);
#1194=LINE('',#15507,#1997);
#1195=LINE('',#15510,#1998);
#1196=LINE('',#15511,#1999);
#1197=LINE('',#15513,#2000);
#1198=LINE('',#15515,#2001);
#1199=LINE('',#15518,#2002);
#1200=LINE('',#15519,#2003);
#1201=LINE('',#15521,#2004);
#1202=LINE('',#15523,#2005);
#1203=LINE('',#15526,#2006);
#1204=LINE('',#15527,#2007);
#1205=LINE('',#15529,#2008);
#1206=LINE('',#15531,#2009);
#1207=LINE('',#15534,#2010);
#1208=LINE('',#15535,#2011);
#1209=LINE('',#15537,#2012);
#1210=LINE('',#15539,#2013);
#1211=LINE('',#15542,#2014);
#1212=LINE('',#15543,#2015);
#1213=LINE('',#15545,#2016);
#1214=LINE('',#15547,#2017);
#1215=LINE('',#15550,#2018);
#1216=LINE('',#15551,#2019);
#1217=LINE('',#15553,#2020);
#1218=LINE('',#15555,#2021);
#1219=LINE('',#15587,#2022);
#1220=LINE('',#15589,#2023);
#1221=LINE('',#15591,#2024);
#1222=LINE('',#15593,#2025);
#1223=LINE('',#15597,#2026);
#1224=LINE('',#15599,#2027);
#1225=LINE('',#15601,#2028);
#1226=LINE('',#15603,#2029);
#1227=LINE('',#15605,#2030);
#1228=LINE('',#15609,#2031);
#1229=LINE('',#15611,#2032);
#1230=LINE('',#15615,#2033);
#1231=VECTOR('',#9797,1.);
#1232=VECTOR('',#9800,1.);
#1233=VECTOR('',#9803,1.);
#1234=VECTOR('',#9806,1.);
#1235=VECTOR('',#9809,1.);
#1236=VECTOR('',#9812,1.);
#1237=VECTOR('',#9815,1.);
#1238=VECTOR('',#9818,1.);
#1239=VECTOR('',#9821,1.);
#1240=VECTOR('',#9824,1.);
#1241=VECTOR('',#9827,1.);
#1242=VECTOR('',#9830,1.);
#1243=VECTOR('',#9833,1.);
#1244=VECTOR('',#9836,1.);
#1245=VECTOR('',#9839,1.);
#1246=VECTOR('',#9842,1.);
#1247=VECTOR('',#9845,1.);
#1248=VECTOR('',#9848,1.);
#1249=VECTOR('',#9851,1.);
#1250=VECTOR('',#9854,1.);
#1251=VECTOR('',#9857,1.);
#1252=VECTOR('',#9860,1.);
#1253=VECTOR('',#9863,1.);
#1254=VECTOR('',#9866,1.);
#1255=VECTOR('',#9867,1.);
#1256=VECTOR('',#9870,1.);
#1257=VECTOR('',#9873,1.);
#1258=VECTOR('',#9876,1.);
#1259=VECTOR('',#9879,1.);
#1260=VECTOR('',#9882,1.);
#1261=VECTOR('',#9887,1.);
#1262=VECTOR('',#9890,1.);
#1263=VECTOR('',#9893,1.);
#1264=VECTOR('',#9896,1.);
#1265=VECTOR('',#9899,1.);
#1266=VECTOR('',#9902,1.);
#1267=VECTOR('',#9905,1.);
#1268=VECTOR('',#9908,1.);
#1269=VECTOR('',#9911,1.);
#1270=VECTOR('',#9914,1.);
#1271=VECTOR('',#9915,1.);
#1272=VECTOR('',#9916,1.);
#1273=VECTOR('',#9917,1.);
#1274=VECTOR('',#9918,1.);
#1275=VECTOR('',#9919,1.);
#1276=VECTOR('',#9920,1.);
#1277=VECTOR('',#9921,1.);
#1278=VECTOR('',#9922,1.);
#1279=VECTOR('',#9923,1.);
#1280=VECTOR('',#9924,1.);
#1281=VECTOR('',#9925,1.);
#1282=VECTOR('',#9926,1.);
#1283=VECTOR('',#9927,1.);
#1284=VECTOR('',#9928,1.);
#1285=VECTOR('',#9929,1.);
#1286=VECTOR('',#9930,1.);
#1287=VECTOR('',#9931,1.);
#1288=VECTOR('',#9932,1.);
#1289=VECTOR('',#9933,1.);
#1290=VECTOR('',#9934,1.);
#1291=VECTOR('',#9935,1.);
#1292=VECTOR('',#9936,1.);
#1293=VECTOR('',#9937,1.);
#1294=VECTOR('',#9938,1.);
#1295=VECTOR('',#9939,1.);
#1296=VECTOR('',#9940,1.);
#1297=VECTOR('',#9941,1.);
#1298=VECTOR('',#9942,1.);
#1299=VECTOR('',#9943,1.);
#1300=VECTOR('',#9946,1.);
#1301=VECTOR('',#9949,1.);
#1302=VECTOR('',#9952,1.);
#1303=VECTOR('',#9955,1.);
#1304=VECTOR('',#9958,1.);
#1305=VECTOR('',#9961,1.);
#1306=VECTOR('',#9964,1.);
#1307=VECTOR('',#9993,1.);
#1308=VECTOR('',#9996,1.);
#1309=VECTOR('',#10001,1.);
#1310=VECTOR('',#10004,1.);
#1311=VECTOR('',#10011,1.);
#1312=VECTOR('',#10014,1.);
#1313=VECTOR('',#10017,1.);
#1314=VECTOR('',#10020,1.);
#1315=VECTOR('',#10023,1.);
#1316=VECTOR('',#10026,1.);
#1317=VECTOR('',#10029,1.);
#1318=VECTOR('',#10032,1.);
#1319=VECTOR('',#10035,1.);
#1320=VECTOR('',#10038,1.);
#1321=VECTOR('',#10041,1.);
#1322=VECTOR('',#10044,1.);
#1323=VECTOR('',#10047,1.);
#1324=VECTOR('',#10050,1.);
#1325=VECTOR('',#10053,1.);
#1326=VECTOR('',#10056,1.);
#1327=VECTOR('',#10059,1.);
#1328=VECTOR('',#10062,1.);
#1329=VECTOR('',#10065,1.);
#1330=VECTOR('',#10068,1.);
#1331=VECTOR('',#10071,1.);
#1332=VECTOR('',#10074,1.);
#1333=VECTOR('',#10077,1.);
#1334=VECTOR('',#10080,1.);
#1335=VECTOR('',#10081,1.);
#1336=VECTOR('',#10084,1.);
#1337=VECTOR('',#10087,1.);
#1338=VECTOR('',#10090,1.);
#1339=VECTOR('',#10093,1.);
#1340=VECTOR('',#10096,1.);
#1341=VECTOR('',#10101,1.);
#1342=VECTOR('',#10104,1.);
#1343=VECTOR('',#10107,1.);
#1344=VECTOR('',#10110,1.);
#1345=VECTOR('',#10113,1.);
#1346=VECTOR('',#10116,1.);
#1347=VECTOR('',#10119,1.);
#1348=VECTOR('',#10122,1.);
#1349=VECTOR('',#10125,1.);
#1350=VECTOR('',#10128,1.);
#1351=VECTOR('',#10133,1.);
#1352=VECTOR('',#10136,1.);
#1353=VECTOR('',#10143,1.);
#1354=VECTOR('',#10146,1.);
#1355=VECTOR('',#10153,1.);
#1356=VECTOR('',#10162,1.);
#1357=VECTOR('',#10169,1.);
#1358=VECTOR('',#10170,1.);
#1359=VECTOR('',#10171,1.);
#1360=VECTOR('',#10172,1.);
#1361=VECTOR('',#10173,1.);
#1362=VECTOR('',#10174,1.);
#1363=VECTOR('',#10175,1.);
#1364=VECTOR('',#10176,1.);
#1365=VECTOR('',#10177,1.);
#1366=VECTOR('',#10182,1.);
#1367=VECTOR('',#10183,1.);
#1368=VECTOR('',#10184,1.);
#1369=VECTOR('',#10185,1.);
#1370=VECTOR('',#10188,1.);
#1371=VECTOR('',#10189,1.);
#1372=VECTOR('',#10190,1.);
#1373=VECTOR('',#10191,1.);
#1374=VECTOR('',#10194,1.);
#1375=VECTOR('',#10195,1.);
#1376=VECTOR('',#10196,1.);
#1377=VECTOR('',#10197,1.);
#1378=VECTOR('',#10208,1.);
#1379=VECTOR('',#10215,1.);
#1380=VECTOR('',#10228,1.);
#1381=VECTOR('',#10239,1.);
#1382=VECTOR('',#10240,1.);
#1383=VECTOR('',#10241,1.);
#1384=VECTOR('',#10242,1.);
#1385=VECTOR('',#10243,1.);
#1386=VECTOR('',#10246,1.);
#1387=VECTOR('',#10249,1.);
#1388=VECTOR('',#10252,1.);
#1389=VECTOR('',#10257,1.);
#1390=VECTOR('',#10258,1.);
#1391=VECTOR('',#10259,1.);
#1392=VECTOR('',#10260,1.);
#1393=VECTOR('',#10261,1.);
#1394=VECTOR('',#10262,1.);
#1395=VECTOR('',#10263,1.);
#1396=VECTOR('',#10264,1.);
#1397=VECTOR('',#10265,1.);
#1398=VECTOR('',#10266,1.);
#1399=VECTOR('',#10277,1.);
#1400=VECTOR('',#10286,1.);
#1401=VECTOR('',#10287,1.);
#1402=VECTOR('',#10290,1.);
#1403=VECTOR('',#10291,1.);
#1404=VECTOR('',#10292,1.);
#1405=VECTOR('',#10293,1.);
#1406=VECTOR('',#10294,1.);
#1407=VECTOR('',#10295,1.);
#1408=VECTOR('',#10296,1.);
#1409=VECTOR('',#10297,1.);
#1410=VECTOR('',#10298,1.);
#1411=VECTOR('',#10299,1.);
#1412=VECTOR('',#10300,1.);
#1413=VECTOR('',#10301,1.);
#1414=VECTOR('',#10302,1.);
#1415=VECTOR('',#10303,1.);
#1416=VECTOR('',#10314,1.);
#1417=VECTOR('',#10323,1.);
#1418=VECTOR('',#10324,1.);
#1419=VECTOR('',#10325,1.);
#1420=VECTOR('',#10326,1.);
#1421=VECTOR('',#10327,1.);
#1422=VECTOR('',#10328,1.);
#1423=VECTOR('',#10329,1.);
#1424=VECTOR('',#10330,1.);
#1425=VECTOR('',#10331,1.);
#1426=VECTOR('',#10332,1.);
#1427=VECTOR('',#10333,1.);
#1428=VECTOR('',#10336,1.);
#1429=VECTOR('',#10337,1.);
#1430=VECTOR('',#10338,1.);
#1431=VECTOR('',#10339,1.);
#1432=VECTOR('',#10340,1.);
#1433=VECTOR('',#10341,1.);
#1434=VECTOR('',#10342,1.);
#1435=VECTOR('',#10343,1.);
#1436=VECTOR('',#10346,1.);
#1437=VECTOR('',#10347,1.);
#1438=VECTOR('',#10348,1.);
#1439=VECTOR('',#10349,1.);
#1440=VECTOR('',#10350,1.);
#1441=VECTOR('',#10353,1.);
#1442=VECTOR('',#10356,1.);
#1443=VECTOR('',#10359,1.);
#1444=VECTOR('',#10364,1.);
#1445=VECTOR('',#10369,1.);
#1446=VECTOR('',#10372,1.);
#1447=VECTOR('',#10375,1.);
#1448=VECTOR('',#10380,1.);
#1449=VECTOR('',#10383,1.);
#1450=VECTOR('',#10398,1.);
#1451=VECTOR('',#10407,1.);
#1452=VECTOR('',#10420,1.);
#1453=VECTOR('',#10423,1.);
#1454=VECTOR('',#10428,1.);
#1455=VECTOR('',#10431,1.);
#1456=VECTOR('',#10436,1.);
#1457=VECTOR('',#10439,1.);
#1458=VECTOR('',#10440,1.);
#1459=VECTOR('',#10467,1.);
#1460=VECTOR('',#10472,1.);
#1461=VECTOR('',#10475,1.);
#1462=VECTOR('',#10480,1.);
#1463=VECTOR('',#10487,1.);
#1464=VECTOR('',#10488,1.);
#1465=VECTOR('',#10519,1.);
#1466=VECTOR('',#10520,1.);
#1467=VECTOR('',#10521,1.);
#1468=VECTOR('',#10524,1.);
#1469=VECTOR('',#10525,1.);
#1470=VECTOR('',#10528,1.);
#1471=VECTOR('',#10529,1.);
#1472=VECTOR('',#10532,1.);
#1473=VECTOR('',#10535,1.);
#1474=VECTOR('',#10536,1.);
#1475=VECTOR('',#10537,1.);
#1476=VECTOR('',#10538,1.);
#1477=VECTOR('',#10541,1.);
#1478=VECTOR('',#10548,1.);
#1479=VECTOR('',#10549,1.);
#1480=VECTOR('',#10550,1.);
#1481=VECTOR('',#10559,1.);
#1482=VECTOR('',#10562,1.);
#1483=VECTOR('',#10567,1.);
#1484=VECTOR('',#10568,1.);
#1485=VECTOR('',#10569,1.);
#1486=VECTOR('',#10572,1.);
#1487=VECTOR('',#10579,1.);
#1488=VECTOR('',#10580,1.);
#1489=VECTOR('',#10583,1.);
#1490=VECTOR('',#10584,1.);
#1491=VECTOR('',#10585,1.);
#1492=VECTOR('',#10586,1.);
#1493=VECTOR('',#10589,1.);
#1494=VECTOR('',#10596,1.);
#1495=VECTOR('',#10597,1.);
#1496=VECTOR('',#10598,1.);
#1497=VECTOR('',#10607,1.);
#1498=VECTOR('',#10608,1.);
#1499=VECTOR('',#10609,1.);
#1500=VECTOR('',#10610,1.);
#1501=VECTOR('',#10613,1.);
#1502=VECTOR('',#10620,1.);
#1503=VECTOR('',#10621,1.);
#1504=VECTOR('',#10622,1.);
#1505=VECTOR('',#10631,1.);
#1506=VECTOR('',#10634,1.);
#1507=VECTOR('',#10639,1.);
#1508=VECTOR('',#10640,1.);
#1509=VECTOR('',#10641,1.);
#1510=VECTOR('',#10644,1.);
#1511=VECTOR('',#10651,1.);
#1512=VECTOR('',#10652,1.);
#1513=VECTOR('',#10655,1.);
#1514=VECTOR('',#10658,1.);
#1515=VECTOR('',#10663,1.);
#1516=VECTOR('',#10664,1.);
#1517=VECTOR('',#10665,1.);
#1518=VECTOR('',#10668,1.);
#1519=VECTOR('',#10675,1.);
#1520=VECTOR('',#10676,1.);
#1521=VECTOR('',#10679,1.);
#1522=VECTOR('',#10682,1.);
#1523=VECTOR('',#10687,1.);
#1524=VECTOR('',#10688,1.);
#1525=VECTOR('',#10689,1.);
#1526=VECTOR('',#10692,1.);
#1527=VECTOR('',#10699,1.);
#1528=VECTOR('',#10700,1.);
#1529=VECTOR('',#10703,1.);
#1530=VECTOR('',#10706,1.);
#1531=VECTOR('',#10711,1.);
#1532=VECTOR('',#10712,1.);
#1533=VECTOR('',#10713,1.);
#1534=VECTOR('',#10716,1.);
#1535=VECTOR('',#10723,1.);
#1536=VECTOR('',#10724,1.);
#1537=VECTOR('',#10727,1.);
#1538=VECTOR('',#10728,1.);
#1539=VECTOR('',#10729,1.);
#1540=VECTOR('',#10730,1.);
#1541=VECTOR('',#10733,1.);
#1542=VECTOR('',#10740,1.);
#1543=VECTOR('',#10741,1.);
#1544=VECTOR('',#10742,1.);
#1545=VECTOR('',#10751,1.);
#1546=VECTOR('',#10752,1.);
#1547=VECTOR('',#10753,1.);
#1548=VECTOR('',#10754,1.);
#1549=VECTOR('',#10757,1.);
#1550=VECTOR('',#10764,1.);
#1551=VECTOR('',#10765,1.);
#1552=VECTOR('',#10766,1.);
#1553=VECTOR('',#10775,1.);
#1554=VECTOR('',#10776,1.);
#1555=VECTOR('',#10777,1.);
#1556=VECTOR('',#10778,1.);
#1557=VECTOR('',#10781,1.);
#1558=VECTOR('',#10788,1.);
#1559=VECTOR('',#10789,1.);
#1560=VECTOR('',#10790,1.);
#1561=VECTOR('',#10799,1.);
#1562=VECTOR('',#10800,1.);
#1563=VECTOR('',#10801,1.);
#1564=VECTOR('',#10802,1.);
#1565=VECTOR('',#10805,1.);
#1566=VECTOR('',#10812,1.);
#1567=VECTOR('',#10813,1.);
#1568=VECTOR('',#10814,1.);
#1569=VECTOR('',#10823,1.);
#1570=VECTOR('',#10826,1.);
#1571=VECTOR('',#10831,1.);
#1572=VECTOR('',#10832,1.);
#1573=VECTOR('',#10833,1.);
#1574=VECTOR('',#10836,1.);
#1575=VECTOR('',#10843,1.);
#1576=VECTOR('',#10844,1.);
#1577=VECTOR('',#10847,1.);
#1578=VECTOR('',#10848,1.);
#1579=VECTOR('',#10849,1.);
#1580=VECTOR('',#10850,1.);
#1581=VECTOR('',#10853,1.);
#1582=VECTOR('',#10860,1.);
#1583=VECTOR('',#10861,1.);
#1584=VECTOR('',#10862,1.);
#1585=VECTOR('',#10871,1.);
#1586=VECTOR('',#10874,1.);
#1587=VECTOR('',#10879,1.);
#1588=VECTOR('',#10880,1.);
#1589=VECTOR('',#10881,1.);
#1590=VECTOR('',#10884,1.);
#1591=VECTOR('',#10891,1.);
#1592=VECTOR('',#10892,1.);
#1593=VECTOR('',#10895,1.);
#1594=VECTOR('',#10896,1.);
#1595=VECTOR('',#10897,1.);
#1596=VECTOR('',#10898,1.);
#1597=VECTOR('',#10901,1.);
#1598=VECTOR('',#10908,1.);
#1599=VECTOR('',#10909,1.);
#1600=VECTOR('',#10910,1.);
#1601=VECTOR('',#10919,1.);
#1602=VECTOR('',#10920,1.);
#1603=VECTOR('',#10921,1.);
#1604=VECTOR('',#10922,1.);
#1605=VECTOR('',#10925,1.);
#1606=VECTOR('',#10932,1.);
#1607=VECTOR('',#10933,1.);
#1608=VECTOR('',#10934,1.);
#1609=VECTOR('',#10943,1.);
#1610=VECTOR('',#10946,1.);
#1611=VECTOR('',#10951,1.);
#1612=VECTOR('',#10952,1.);
#1613=VECTOR('',#10953,1.);
#1614=VECTOR('',#10956,1.);
#1615=VECTOR('',#10963,1.);
#1616=VECTOR('',#10964,1.);
#1617=VECTOR('',#10967,1.);
#1618=VECTOR('',#10968,1.);
#1619=VECTOR('',#10969,1.);
#1620=VECTOR('',#10970,1.);
#1621=VECTOR('',#10973,1.);
#1622=VECTOR('',#10980,1.);
#1623=VECTOR('',#10981,1.);
#1624=VECTOR('',#10982,1.);
#1625=VECTOR('',#10991,1.);
#1626=VECTOR('',#10994,1.);
#1627=VECTOR('',#10999,1.);
#1628=VECTOR('',#11000,1.);
#1629=VECTOR('',#11001,1.);
#1630=VECTOR('',#11004,1.);
#1631=VECTOR('',#11011,1.);
#1632=VECTOR('',#11012,1.);
#1633=VECTOR('',#11013,1.);
#1634=VECTOR('',#11014,1.);
#1635=VECTOR('',#11017,1.);
#1636=VECTOR('',#11018,1.);
#1637=VECTOR('',#11019,1.);
#1638=VECTOR('',#11020,1.);
#1639=VECTOR('',#11021,1.);
#1640=VECTOR('',#11022,1.);
#1641=VECTOR('',#11023,1.);
#1642=VECTOR('',#11026,1.);
#1643=VECTOR('',#11027,1.);
#1644=VECTOR('',#11028,1.);
#1645=VECTOR('',#11029,1.);
#1646=VECTOR('',#11030,1.);
#1647=VECTOR('',#11031,1.);
#1648=VECTOR('',#11032,1.);
#1649=VECTOR('',#11035,1.);
#1650=VECTOR('',#11036,1.);
#1651=VECTOR('',#11037,1.);
#1652=VECTOR('',#11038,1.);
#1653=VECTOR('',#11039,1.);
#1654=VECTOR('',#11040,1.);
#1655=VECTOR('',#11041,1.);
#1656=VECTOR('',#11042,1.);
#1657=VECTOR('',#11045,1.);
#1658=VECTOR('',#11046,1.);
#1659=VECTOR('',#11047,1.);
#1660=VECTOR('',#11048,1.);
#1661=VECTOR('',#11049,1.);
#1662=VECTOR('',#11050,1.);
#1663=VECTOR('',#11055,1.);
#1664=VECTOR('',#11056,1.);
#1665=VECTOR('',#11057,1.);
#1666=VECTOR('',#11060,1.);
#1667=VECTOR('',#11061,1.);
#1668=VECTOR('',#11064,1.);
#1669=VECTOR('',#11065,1.);
#1670=VECTOR('',#11066,1.);
#1671=VECTOR('',#11067,1.);
#1672=VECTOR('',#11068,1.);
#1673=VECTOR('',#11071,1.);
#1674=VECTOR('',#11072,1.);
#1675=VECTOR('',#11075,1.);
#1676=VECTOR('',#11076,1.);
#1677=VECTOR('',#11079,1.);
#1678=VECTOR('',#11080,1.);
#1679=VECTOR('',#11081,1.);
#1680=VECTOR('',#11082,1.);
#1681=VECTOR('',#11083,1.);
#1682=VECTOR('',#11088,1.);
#1683=VECTOR('',#11089,1.);
#1684=VECTOR('',#11090,1.);
#1685=VECTOR('',#11093,1.);
#1686=VECTOR('',#11094,1.);
#1687=VECTOR('',#11097,1.);
#1688=VECTOR('',#11098,1.);
#1689=VECTOR('',#11101,1.);
#1690=VECTOR('',#11102,1.);
#1691=VECTOR('',#11105,1.);
#1692=VECTOR('',#11106,1.);
#1693=VECTOR('',#11109,1.);
#1694=VECTOR('',#11110,1.);
#1695=VECTOR('',#11113,1.);
#1696=VECTOR('',#11114,1.);
#1697=VECTOR('',#11117,1.);
#1698=VECTOR('',#11118,1.);
#1699=VECTOR('',#11121,1.);
#1700=VECTOR('',#11122,1.);
#1701=VECTOR('',#11125,1.);
#1702=VECTOR('',#11130,1.);
#1703=VECTOR('',#11131,1.);
#1704=VECTOR('',#11132,1.);
#1705=VECTOR('',#11135,1.);
#1706=VECTOR('',#11136,1.);
#1707=VECTOR('',#11139,1.);
#1708=VECTOR('',#11140,1.);
#1709=VECTOR('',#11143,1.);
#1710=VECTOR('',#11144,1.);
#1711=VECTOR('',#11147,1.);
#1712=VECTOR('',#11148,1.);
#1713=VECTOR('',#11151,1.);
#1714=VECTOR('',#11152,1.);
#1715=VECTOR('',#11155,1.);
#1716=VECTOR('',#11156,1.);
#1717=VECTOR('',#11159,1.);
#1718=VECTOR('',#11160,1.);
#1719=VECTOR('',#11163,1.);
#1720=VECTOR('',#11164,1.);
#1721=VECTOR('',#11167,1.);
#1722=VECTOR('',#11174,1.);
#1723=VECTOR('',#11175,1.);
#1724=VECTOR('',#11176,1.);
#1725=VECTOR('',#11181,1.);
#1726=VECTOR('',#11184,1.);
#1727=VECTOR('',#11185,1.);
#1728=VECTOR('',#11190,1.);
#1729=VECTOR('',#11193,1.);
#1730=VECTOR('',#11194,1.);
#1731=VECTOR('',#11199,1.);
#1732=VECTOR('',#11202,1.);
#1733=VECTOR('',#11203,1.);
#1734=VECTOR('',#11210,1.);
#1735=VECTOR('',#11211,1.);
#1736=VECTOR('',#11212,1.);
#1737=VECTOR('',#11215,1.);
#1738=VECTOR('',#11216,1.);
#1739=VECTOR('',#11219,1.);
#1740=VECTOR('',#11220,1.);
#1741=VECTOR('',#11223,1.);
#1742=VECTOR('',#11224,1.);
#1743=VECTOR('',#11227,1.);
#1744=VECTOR('',#11228,1.);
#1745=VECTOR('',#11231,1.);
#1746=VECTOR('',#11232,1.);
#1747=VECTOR('',#11235,1.);
#1748=VECTOR('',#11236,1.);
#1749=VECTOR('',#11239,1.);
#1750=VECTOR('',#11240,1.);
#1751=VECTOR('',#11243,1.);
#1752=VECTOR('',#11244,1.);
#1753=VECTOR('',#11247,1.);
#1754=VECTOR('',#11250,1.);
#1755=VECTOR('',#11251,1.);
#1756=VECTOR('',#11254,1.);
#1757=VECTOR('',#11255,1.);
#1758=VECTOR('',#11256,1.);
#1759=VECTOR('',#11257,1.);
#1760=VECTOR('',#11258,1.);
#1761=VECTOR('',#11259,1.);
#1762=VECTOR('',#11260,1.);
#1763=VECTOR('',#11263,1.);
#1764=VECTOR('',#11264,1.);
#1765=VECTOR('',#11265,1.);
#1766=VECTOR('',#11266,1.);
#1767=VECTOR('',#11267,1.);
#1768=VECTOR('',#11268,1.);
#1769=VECTOR('',#11269,1.);
#1770=VECTOR('',#11272,1.);
#1771=VECTOR('',#11273,1.);
#1772=VECTOR('',#11274,1.);
#1773=VECTOR('',#11277,1.);
#1774=VECTOR('',#11282,1.);
#1775=VECTOR('',#11287,1.);
#1776=VECTOR('',#11292,1.);
#1777=VECTOR('',#11295,1.);
#1778=VECTOR('',#11298,1.);
#1779=VECTOR('',#11299,1.);
#1780=VECTOR('',#11302,1.);
#1781=VECTOR('',#11307,1.);
#1782=VECTOR('',#11312,1.);
#1783=VECTOR('',#11317,1.);
#1784=VECTOR('',#11326,1.);
#1785=VECTOR('',#11327,1.);
#1786=VECTOR('',#11330,1.);
#1787=VECTOR('',#11331,1.);
#1788=VECTOR('',#11332,1.);
#1789=VECTOR('',#11333,1.);
#1790=VECTOR('',#11334,1.);
#1791=VECTOR('',#11335,1.);
#1792=VECTOR('',#11336,1.);
#1793=VECTOR('',#11339,1.);
#1794=VECTOR('',#11340,1.);
#1795=VECTOR('',#11341,1.);
#1796=VECTOR('',#11342,1.);
#1797=VECTOR('',#11343,1.);
#1798=VECTOR('',#11344,1.);
#1799=VECTOR('',#11345,1.);
#1800=VECTOR('',#11348,1.);
#1801=VECTOR('',#11349,1.);
#1802=VECTOR('',#11350,1.);
#1803=VECTOR('',#11353,1.);
#1804=VECTOR('',#11358,1.);
#1805=VECTOR('',#11363,1.);
#1806=VECTOR('',#11368,1.);
#1807=VECTOR('',#11371,1.);
#1808=VECTOR('',#11374,1.);
#1809=VECTOR('',#11375,1.);
#1810=VECTOR('',#11378,1.);
#1811=VECTOR('',#11383,1.);
#1812=VECTOR('',#11388,1.);
#1813=VECTOR('',#11393,1.);
#1814=VECTOR('',#11404,1.);
#1815=VECTOR('',#11405,1.);
#1816=VECTOR('',#11406,1.);
#1817=VECTOR('',#11409,1.);
#1818=VECTOR('',#11410,1.);
#1819=VECTOR('',#11413,1.);
#1820=VECTOR('',#11414,1.);
#1821=VECTOR('',#11417,1.);
#1822=VECTOR('',#11418,1.);
#1823=VECTOR('',#11421,1.);
#1824=VECTOR('',#11422,1.);
#1825=VECTOR('',#11425,1.);
#1826=VECTOR('',#11426,1.);
#1827=VECTOR('',#11429,1.);
#1828=VECTOR('',#11430,1.);
#1829=VECTOR('',#11433,1.);
#1830=VECTOR('',#11434,1.);
#1831=VECTOR('',#11437,1.);
#1832=VECTOR('',#11438,1.);
#1833=VECTOR('',#11441,1.);
#1834=VECTOR('',#11446,1.);
#1835=VECTOR('',#11447,1.);
#1836=VECTOR('',#11448,1.);
#1837=VECTOR('',#11451,1.);
#1838=VECTOR('',#11452,1.);
#1839=VECTOR('',#11455,1.);
#1840=VECTOR('',#11456,1.);
#1841=VECTOR('',#11459,1.);
#1842=VECTOR('',#11460,1.);
#1843=VECTOR('',#11463,1.);
#1844=VECTOR('',#11464,1.);
#1845=VECTOR('',#11467,1.);
#1846=VECTOR('',#11468,1.);
#1847=VECTOR('',#11471,1.);
#1848=VECTOR('',#11472,1.);
#1849=VECTOR('',#11475,1.);
#1850=VECTOR('',#11476,1.);
#1851=VECTOR('',#11479,1.);
#1852=VECTOR('',#11480,1.);
#1853=VECTOR('',#11483,1.);
#1854=VECTOR('',#11498,1.);
#1855=VECTOR('',#11505,1.);
#1856=VECTOR('',#11514,1.);
#1857=VECTOR('',#11517,1.);
#1858=VECTOR('',#11526,1.);
#1859=VECTOR('',#11533,1.);
#1860=VECTOR('',#11540,1.);
#1861=VECTOR('',#11547,1.);
#1862=VECTOR('',#11650,1.);
#1863=VECTOR('',#11651,1.);
#1864=VECTOR('',#11654,1.);
#1865=VECTOR('',#11657,1.);
#1866=VECTOR('',#11662,1.);
#1867=VECTOR('',#11663,1.);
#1868=VECTOR('',#11666,1.);
#1869=VECTOR('',#11669,1.);
#1870=VECTOR('',#11674,1.);
#1871=VECTOR('',#11675,1.);
#1872=VECTOR('',#11678,1.);
#1873=VECTOR('',#11681,1.);
#1874=VECTOR('',#11686,1.);
#1875=VECTOR('',#11687,1.);
#1876=VECTOR('',#11690,1.);
#1877=VECTOR('',#11693,1.);
#1878=VECTOR('',#11698,1.);
#1879=VECTOR('',#11699,1.);
#1880=VECTOR('',#11702,1.);
#1881=VECTOR('',#11705,1.);
#1882=VECTOR('',#11710,1.);
#1883=VECTOR('',#11711,1.);
#1884=VECTOR('',#11714,1.);
#1885=VECTOR('',#11717,1.);
#1886=VECTOR('',#11722,1.);
#1887=VECTOR('',#11723,1.);
#1888=VECTOR('',#11726,1.);
#1889=VECTOR('',#11729,1.);
#1890=VECTOR('',#11734,1.);
#1891=VECTOR('',#11735,1.);
#1892=VECTOR('',#11738,1.);
#1893=VECTOR('',#11741,1.);
#1894=VECTOR('',#11746,1.);
#1895=VECTOR('',#11747,1.);
#1896=VECTOR('',#11750,1.);
#1897=VECTOR('',#11753,1.);
#1898=VECTOR('',#11758,1.);
#1899=VECTOR('',#11759,1.);
#1900=VECTOR('',#11762,1.);
#1901=VECTOR('',#11765,1.);
#1902=VECTOR('',#11770,1.);
#1903=VECTOR('',#11771,1.);
#1904=VECTOR('',#11774,1.);
#1905=VECTOR('',#11777,1.);
#1906=VECTOR('',#11782,1.);
#1907=VECTOR('',#11783,1.);
#1908=VECTOR('',#11786,1.);
#1909=VECTOR('',#11789,1.);
#1910=VECTOR('',#11794,1.);
#1911=VECTOR('',#11795,1.);
#1912=VECTOR('',#11798,1.);
#1913=VECTOR('',#11801,1.);
#1914=VECTOR('',#11806,1.);
#1915=VECTOR('',#11807,1.);
#1916=VECTOR('',#11810,1.);
#1917=VECTOR('',#11813,1.);
#1918=VECTOR('',#11818,1.);
#1919=VECTOR('',#11819,1.);
#1920=VECTOR('',#11822,1.);
#1921=VECTOR('',#11825,1.);
#1922=VECTOR('',#11830,1.);
#1923=VECTOR('',#11831,1.);
#1924=VECTOR('',#11834,1.);
#1925=VECTOR('',#11837,1.);
#1926=VECTOR('',#11842,1.);
#1927=VECTOR('',#11843,1.);
#1928=VECTOR('',#11846,1.);
#1929=VECTOR('',#11849,1.);
#1930=VECTOR('',#11854,1.);
#1931=VECTOR('',#11855,1.);
#1932=VECTOR('',#11858,1.);
#1933=VECTOR('',#11861,1.);
#1934=VECTOR('',#11866,1.);
#1935=VECTOR('',#11867,1.);
#1936=VECTOR('',#11870,1.);
#1937=VECTOR('',#11873,1.);
#1938=VECTOR('',#11878,1.);
#1939=VECTOR('',#11879,1.);
#1940=VECTOR('',#11882,1.);
#1941=VECTOR('',#11885,1.);
#1942=VECTOR('',#11890,1.);
#1943=VECTOR('',#11891,1.);
#1944=VECTOR('',#11894,1.);
#1945=VECTOR('',#11897,1.);
#1946=VECTOR('',#11902,1.);
#1947=VECTOR('',#11903,1.);
#1948=VECTOR('',#11906,1.);
#1949=VECTOR('',#11909,1.);
#1950=VECTOR('',#11914,1.);
#1951=VECTOR('',#11915,1.);
#1952=VECTOR('',#11918,1.);
#1953=VECTOR('',#11921,1.);
#1954=VECTOR('',#11926,1.);
#1955=VECTOR('',#11927,1.);
#1956=VECTOR('',#11930,1.);
#1957=VECTOR('',#11933,1.);
#1958=VECTOR('',#11938,1.);
#1959=VECTOR('',#11939,1.);
#1960=VECTOR('',#11942,1.);
#1961=VECTOR('',#11945,1.);
#1962=VECTOR('',#11950,1.);
#1963=VECTOR('',#11951,1.);
#1964=VECTOR('',#11954,1.);
#1965=VECTOR('',#11957,1.);
#1966=VECTOR('',#11962,1.);
#1967=VECTOR('',#11963,1.);
#1968=VECTOR('',#11966,1.);
#1969=VECTOR('',#11969,1.);
#1970=VECTOR('',#11974,1.);
#1971=VECTOR('',#11975,1.);
#1972=VECTOR('',#11978,1.);
#1973=VECTOR('',#11981,1.);
#1974=VECTOR('',#11986,1.);
#1975=VECTOR('',#11987,1.);
#1976=VECTOR('',#11990,1.);
#1977=VECTOR('',#11993,1.);
#1978=VECTOR('',#11998,1.);
#1979=VECTOR('',#11999,1.);
#1980=VECTOR('',#12002,1.);
#1981=VECTOR('',#12005,1.);
#1982=VECTOR('',#12010,1.);
#1983=VECTOR('',#12011,1.);
#1984=VECTOR('',#12014,1.);
#1985=VECTOR('',#12017,1.);
#1986=VECTOR('',#12022,1.);
#1987=VECTOR('',#12023,1.);
#1988=VECTOR('',#12026,1.);
#1989=VECTOR('',#12029,1.);
#1990=VECTOR('',#12034,1.);
#1991=VECTOR('',#12035,1.);
#1992=VECTOR('',#12038,1.);
#1993=VECTOR('',#12041,1.);
#1994=VECTOR('',#12046,1.);
#1995=VECTOR('',#12047,1.);
#1996=VECTOR('',#12050,1.);
#1997=VECTOR('',#12053,1.);
#1998=VECTOR('',#12058,1.);
#1999=VECTOR('',#12059,1.);
#2000=VECTOR('',#12062,1.);
#2001=VECTOR('',#12065,1.);
#2002=VECTOR('',#12070,1.);
#2003=VECTOR('',#12071,1.);
#2004=VECTOR('',#12074,1.);
#2005=VECTOR('',#12077,1.);
#2006=VECTOR('',#12082,1.);
#2007=VECTOR('',#12083,1.);
#2008=VECTOR('',#12086,1.);
#2009=VECTOR('',#12089,1.);
#2010=VECTOR('',#12094,1.);
#2011=VECTOR('',#12095,1.);
#2012=VECTOR('',#12098,1.);
#2013=VECTOR('',#12101,1.);
#2014=VECTOR('',#12106,1.);
#2015=VECTOR('',#12107,1.);
#2016=VECTOR('',#12110,1.);
#2017=VECTOR('',#12113,1.);
#2018=VECTOR('',#12118,1.);
#2019=VECTOR('',#12119,1.);
#2020=VECTOR('',#12122,1.);
#2021=VECTOR('',#12125,1.);
#2022=VECTOR('',#12186,1.);
#2023=VECTOR('',#12187,1.);
#2024=VECTOR('',#12190,1.);
#2025=VECTOR('',#12191,1.);
#2026=VECTOR('',#12196,1.);
#2027=VECTOR('',#12199,1.);
#2028=VECTOR('',#12202,1.);
#2029=VECTOR('',#12203,1.);
#2030=VECTOR('',#12204,1.);
#2031=VECTOR('',#12209,1.);
#2032=VECTOR('',#12212,1.);
#2033=VECTOR('',#12217,1.);
#2034=ORIENTED_EDGE('',*,*,#4590,.T.);
#2035=ORIENTED_EDGE('',*,*,#4591,.T.);
#2036=ORIENTED_EDGE('',*,*,#4592,.T.);
#2037=ORIENTED_EDGE('',*,*,#4593,.T.);
#2038=ORIENTED_EDGE('',*,*,#4594,.T.);
#2039=ORIENTED_EDGE('',*,*,#4595,.T.);
#2040=ORIENTED_EDGE('',*,*,#4596,.T.);
#2041=ORIENTED_EDGE('',*,*,#4597,.T.);
#2042=ORIENTED_EDGE('',*,*,#4598,.T.);
#2043=ORIENTED_EDGE('',*,*,#4599,.T.);
#2044=ORIENTED_EDGE('',*,*,#4600,.T.);
#2045=ORIENTED_EDGE('',*,*,#4601,.T.);
#2046=ORIENTED_EDGE('',*,*,#4602,.T.);
#2047=ORIENTED_EDGE('',*,*,#4603,.T.);
#2048=ORIENTED_EDGE('',*,*,#4604,.T.);
#2049=ORIENTED_EDGE('',*,*,#4605,.T.);
#2050=ORIENTED_EDGE('',*,*,#4606,.T.);
#2051=ORIENTED_EDGE('',*,*,#4607,.T.);
#2052=ORIENTED_EDGE('',*,*,#4608,.T.);
#2053=ORIENTED_EDGE('',*,*,#4609,.T.);
#2054=ORIENTED_EDGE('',*,*,#4610,.T.);
#2055=ORIENTED_EDGE('',*,*,#4611,.T.);
#2056=ORIENTED_EDGE('',*,*,#4612,.T.);
#2057=ORIENTED_EDGE('',*,*,#4613,.T.);
#2058=ORIENTED_EDGE('',*,*,#4614,.T.);
#2059=ORIENTED_EDGE('',*,*,#4615,.T.);
#2060=ORIENTED_EDGE('',*,*,#4616,.T.);
#2061=ORIENTED_EDGE('',*,*,#4617,.T.);
#2062=ORIENTED_EDGE('',*,*,#4618,.T.);
#2063=ORIENTED_EDGE('',*,*,#4619,.T.);
#2064=ORIENTED_EDGE('',*,*,#4620,.T.);
#2065=ORIENTED_EDGE('',*,*,#4621,.T.);
#2066=ORIENTED_EDGE('',*,*,#4622,.T.);
#2067=ORIENTED_EDGE('',*,*,#4623,.T.);
#2068=ORIENTED_EDGE('',*,*,#4624,.T.);
#2069=ORIENTED_EDGE('',*,*,#4625,.T.);
#2070=ORIENTED_EDGE('',*,*,#4626,.T.);
#2071=ORIENTED_EDGE('',*,*,#4627,.T.);
#2072=ORIENTED_EDGE('',*,*,#4628,.T.);
#2073=ORIENTED_EDGE('',*,*,#4629,.T.);
#2074=ORIENTED_EDGE('',*,*,#4630,.T.);
#2075=ORIENTED_EDGE('',*,*,#4631,.T.);
#2076=ORIENTED_EDGE('',*,*,#4632,.T.);
#2077=ORIENTED_EDGE('',*,*,#4633,.T.);
#2078=ORIENTED_EDGE('',*,*,#4634,.T.);
#2079=ORIENTED_EDGE('',*,*,#4635,.T.);
#2080=ORIENTED_EDGE('',*,*,#4636,.T.);
#2081=ORIENTED_EDGE('',*,*,#4637,.T.);
#2082=ORIENTED_EDGE('',*,*,#4638,.T.);
#2083=ORIENTED_EDGE('',*,*,#4639,.T.);
#2084=ORIENTED_EDGE('',*,*,#4640,.T.);
#2085=ORIENTED_EDGE('',*,*,#4641,.T.);
#2086=ORIENTED_EDGE('',*,*,#4642,.T.);
#2087=ORIENTED_EDGE('',*,*,#4643,.T.);
#2088=ORIENTED_EDGE('',*,*,#4644,.T.);
#2089=ORIENTED_EDGE('',*,*,#4645,.T.);
#2090=ORIENTED_EDGE('',*,*,#4646,.T.);
#2091=ORIENTED_EDGE('',*,*,#4647,.T.);
#2092=ORIENTED_EDGE('',*,*,#4648,.T.);
#2093=ORIENTED_EDGE('',*,*,#4649,.T.);
#2094=ORIENTED_EDGE('',*,*,#4650,.T.);
#2095=ORIENTED_EDGE('',*,*,#4651,.T.);
#2096=ORIENTED_EDGE('',*,*,#4652,.T.);
#2097=ORIENTED_EDGE('',*,*,#4653,.T.);
#2098=ORIENTED_EDGE('',*,*,#4654,.T.);
#2099=ORIENTED_EDGE('',*,*,#4655,.T.);
#2100=ORIENTED_EDGE('',*,*,#4656,.T.);
#2101=ORIENTED_EDGE('',*,*,#4657,.T.);
#2102=ORIENTED_EDGE('',*,*,#4658,.T.);
#2103=ORIENTED_EDGE('',*,*,#4659,.T.);
#2104=ORIENTED_EDGE('',*,*,#4660,.T.);
#2105=ORIENTED_EDGE('',*,*,#4661,.T.);
#2106=ORIENTED_EDGE('',*,*,#4662,.T.);
#2107=ORIENTED_EDGE('',*,*,#4663,.T.);
#2108=ORIENTED_EDGE('',*,*,#4664,.T.);
#2109=ORIENTED_EDGE('',*,*,#4665,.T.);
#2110=ORIENTED_EDGE('',*,*,#4666,.T.);
#2111=ORIENTED_EDGE('',*,*,#4667,.T.);
#2112=ORIENTED_EDGE('',*,*,#4668,.T.);
#2113=ORIENTED_EDGE('',*,*,#4669,.T.);
#2114=ORIENTED_EDGE('',*,*,#4670,.T.);
#2115=ORIENTED_EDGE('',*,*,#4671,.T.);
#2116=ORIENTED_EDGE('',*,*,#4672,.T.);
#2117=ORIENTED_EDGE('',*,*,#4673,.T.);
#2118=ORIENTED_EDGE('',*,*,#4674,.T.);
#2119=ORIENTED_EDGE('',*,*,#4675,.T.);
#2120=ORIENTED_EDGE('',*,*,#4676,.T.);
#2121=ORIENTED_EDGE('',*,*,#4677,.T.);
#2122=ORIENTED_EDGE('',*,*,#4678,.T.);
#2123=ORIENTED_EDGE('',*,*,#4679,.T.);
#2124=ORIENTED_EDGE('',*,*,#4680,.T.);
#2125=ORIENTED_EDGE('',*,*,#4681,.T.);
#2126=ORIENTED_EDGE('',*,*,#4682,.T.);
#2127=ORIENTED_EDGE('',*,*,#4683,.T.);
#2128=ORIENTED_EDGE('',*,*,#4684,.T.);
#2129=ORIENTED_EDGE('',*,*,#4685,.T.);
#2130=ORIENTED_EDGE('',*,*,#4686,.T.);
#2131=ORIENTED_EDGE('',*,*,#4687,.T.);
#2132=ORIENTED_EDGE('',*,*,#4688,.T.);
#2133=ORIENTED_EDGE('',*,*,#4689,.T.);
#2134=ORIENTED_EDGE('',*,*,#4690,.T.);
#2135=ORIENTED_EDGE('',*,*,#4691,.T.);
#2136=ORIENTED_EDGE('',*,*,#4692,.T.);
#2137=ORIENTED_EDGE('',*,*,#4693,.T.);
#2138=ORIENTED_EDGE('',*,*,#4694,.T.);
#2139=ORIENTED_EDGE('',*,*,#4695,.T.);
#2140=ORIENTED_EDGE('',*,*,#4696,.T.);
#2141=ORIENTED_EDGE('',*,*,#4697,.T.);
#2142=ORIENTED_EDGE('',*,*,#4698,.T.);
#2143=ORIENTED_EDGE('',*,*,#4699,.T.);
#2144=ORIENTED_EDGE('',*,*,#4700,.T.);
#2145=ORIENTED_EDGE('',*,*,#4701,.T.);
#2146=ORIENTED_EDGE('',*,*,#4702,.T.);
#2147=ORIENTED_EDGE('',*,*,#4703,.T.);
#2148=ORIENTED_EDGE('',*,*,#4704,.T.);
#2149=ORIENTED_EDGE('',*,*,#4705,.T.);
#2150=ORIENTED_EDGE('',*,*,#4706,.T.);
#2151=ORIENTED_EDGE('',*,*,#4707,.T.);
#2152=ORIENTED_EDGE('',*,*,#4708,.T.);
#2153=ORIENTED_EDGE('',*,*,#4709,.T.);
#2154=ORIENTED_EDGE('',*,*,#4710,.T.);
#2155=ORIENTED_EDGE('',*,*,#4711,.T.);
#2156=ORIENTED_EDGE('',*,*,#4712,.T.);
#2157=ORIENTED_EDGE('',*,*,#4713,.T.);
#2158=ORIENTED_EDGE('',*,*,#4714,.T.);
#2159=ORIENTED_EDGE('',*,*,#4715,.T.);
#2160=ORIENTED_EDGE('',*,*,#4716,.T.);
#2161=ORIENTED_EDGE('',*,*,#4717,.T.);
#2162=ORIENTED_EDGE('',*,*,#4718,.T.);
#2163=ORIENTED_EDGE('',*,*,#4719,.T.);
#2164=ORIENTED_EDGE('',*,*,#4720,.T.);
#2165=ORIENTED_EDGE('',*,*,#4721,.T.);
#2166=ORIENTED_EDGE('',*,*,#4722,.T.);
#2167=ORIENTED_EDGE('',*,*,#4723,.T.);
#2168=ORIENTED_EDGE('',*,*,#4724,.T.);
#2169=ORIENTED_EDGE('',*,*,#4725,.T.);
#2170=ORIENTED_EDGE('',*,*,#4726,.T.);
#2171=ORIENTED_EDGE('',*,*,#4727,.T.);
#2172=ORIENTED_EDGE('',*,*,#4728,.T.);
#2173=ORIENTED_EDGE('',*,*,#4729,.T.);
#2174=ORIENTED_EDGE('',*,*,#4730,.T.);
#2175=ORIENTED_EDGE('',*,*,#4731,.T.);
#2176=ORIENTED_EDGE('',*,*,#4732,.T.);
#2177=ORIENTED_EDGE('',*,*,#4733,.F.);
#2178=ORIENTED_EDGE('',*,*,#4734,.T.);
#2179=ORIENTED_EDGE('',*,*,#4735,.T.);
#2180=ORIENTED_EDGE('',*,*,#4736,.T.);
#2181=ORIENTED_EDGE('',*,*,#4737,.T.);
#2182=ORIENTED_EDGE('',*,*,#4738,.T.);
#2183=ORIENTED_EDGE('',*,*,#4739,.F.);
#2184=ORIENTED_EDGE('',*,*,#4740,.T.);
#2185=ORIENTED_EDGE('',*,*,#4741,.T.);
#2186=ORIENTED_EDGE('',*,*,#4742,.T.);
#2187=ORIENTED_EDGE('',*,*,#4743,.T.);
#2188=ORIENTED_EDGE('',*,*,#4744,.F.);
#2189=ORIENTED_EDGE('',*,*,#4745,.T.);
#2190=ORIENTED_EDGE('',*,*,#4746,.T.);
#2191=ORIENTED_EDGE('',*,*,#4747,.T.);
#2192=ORIENTED_EDGE('',*,*,#4748,.F.);
#2193=ORIENTED_EDGE('',*,*,#4749,.T.);
#2194=ORIENTED_EDGE('',*,*,#4750,.T.);
#2195=ORIENTED_EDGE('',*,*,#4751,.T.);
#2196=ORIENTED_EDGE('',*,*,#4752,.T.);
#2197=ORIENTED_EDGE('',*,*,#4753,.T.);
#2198=ORIENTED_EDGE('',*,*,#4754,.T.);
#2199=ORIENTED_EDGE('',*,*,#4755,.T.);
#2200=ORIENTED_EDGE('',*,*,#4756,.T.);
#2201=ORIENTED_EDGE('',*,*,#4757,.T.);
#2202=ORIENTED_EDGE('',*,*,#4758,.T.);
#2203=ORIENTED_EDGE('',*,*,#4759,.T.);
#2204=ORIENTED_EDGE('',*,*,#4760,.T.);
#2205=ORIENTED_EDGE('',*,*,#4761,.T.);
#2206=ORIENTED_EDGE('',*,*,#4762,.T.);
#2207=ORIENTED_EDGE('',*,*,#4763,.T.);
#2208=ORIENTED_EDGE('',*,*,#4764,.T.);
#2209=ORIENTED_EDGE('',*,*,#4765,.T.);
#2210=ORIENTED_EDGE('',*,*,#4766,.T.);
#2211=ORIENTED_EDGE('',*,*,#4767,.T.);
#2212=ORIENTED_EDGE('',*,*,#4768,.T.);
#2213=ORIENTED_EDGE('',*,*,#4769,.T.);
#2214=ORIENTED_EDGE('',*,*,#4770,.T.);
#2215=ORIENTED_EDGE('',*,*,#4771,.T.);
#2216=ORIENTED_EDGE('',*,*,#4772,.T.);
#2217=ORIENTED_EDGE('',*,*,#4773,.T.);
#2218=ORIENTED_EDGE('',*,*,#4774,.T.);
#2219=ORIENTED_EDGE('',*,*,#4775,.T.);
#2220=ORIENTED_EDGE('',*,*,#4776,.T.);
#2221=ORIENTED_EDGE('',*,*,#4777,.T.);
#2222=ORIENTED_EDGE('',*,*,#4778,.T.);
#2223=ORIENTED_EDGE('',*,*,#4779,.T.);
#2224=ORIENTED_EDGE('',*,*,#4780,.T.);
#2225=ORIENTED_EDGE('',*,*,#4781,.T.);
#2226=ORIENTED_EDGE('',*,*,#4782,.T.);
#2227=ORIENTED_EDGE('',*,*,#4783,.T.);
#2228=ORIENTED_EDGE('',*,*,#4784,.T.);
#2229=ORIENTED_EDGE('',*,*,#4785,.T.);
#2230=ORIENTED_EDGE('',*,*,#4786,.T.);
#2231=ORIENTED_EDGE('',*,*,#4787,.T.);
#2232=ORIENTED_EDGE('',*,*,#4788,.T.);
#2233=ORIENTED_EDGE('',*,*,#4789,.T.);
#2234=ORIENTED_EDGE('',*,*,#4790,.T.);
#2235=ORIENTED_EDGE('',*,*,#4791,.T.);
#2236=ORIENTED_EDGE('',*,*,#4792,.T.);
#2237=ORIENTED_EDGE('',*,*,#4793,.T.);
#2238=ORIENTED_EDGE('',*,*,#4794,.T.);
#2239=ORIENTED_EDGE('',*,*,#4795,.T.);
#2240=ORIENTED_EDGE('',*,*,#4796,.T.);
#2241=ORIENTED_EDGE('',*,*,#4797,.T.);
#2242=ORIENTED_EDGE('',*,*,#4798,.T.);
#2243=ORIENTED_EDGE('',*,*,#4799,.T.);
#2244=ORIENTED_EDGE('',*,*,#4800,.T.);
#2245=ORIENTED_EDGE('',*,*,#4801,.T.);
#2246=ORIENTED_EDGE('',*,*,#4802,.T.);
#2247=ORIENTED_EDGE('',*,*,#4803,.T.);
#2248=ORIENTED_EDGE('',*,*,#4804,.T.);
#2249=ORIENTED_EDGE('',*,*,#4805,.T.);
#2250=ORIENTED_EDGE('',*,*,#4806,.T.);
#2251=ORIENTED_EDGE('',*,*,#4807,.T.);
#2252=ORIENTED_EDGE('',*,*,#4808,.T.);
#2253=ORIENTED_EDGE('',*,*,#4809,.T.);
#2254=ORIENTED_EDGE('',*,*,#4810,.T.);
#2255=ORIENTED_EDGE('',*,*,#4811,.T.);
#2256=ORIENTED_EDGE('',*,*,#4812,.T.);
#2257=ORIENTED_EDGE('',*,*,#4813,.T.);
#2258=ORIENTED_EDGE('',*,*,#4814,.T.);
#2259=ORIENTED_EDGE('',*,*,#4815,.T.);
#2260=ORIENTED_EDGE('',*,*,#4816,.T.);
#2261=ORIENTED_EDGE('',*,*,#4817,.T.);
#2262=ORIENTED_EDGE('',*,*,#4818,.T.);
#2263=ORIENTED_EDGE('',*,*,#4819,.T.);
#2264=ORIENTED_EDGE('',*,*,#4820,.T.);
#2265=ORIENTED_EDGE('',*,*,#4821,.T.);
#2266=ORIENTED_EDGE('',*,*,#4822,.T.);
#2267=ORIENTED_EDGE('',*,*,#4823,.T.);
#2268=ORIENTED_EDGE('',*,*,#4824,.T.);
#2269=ORIENTED_EDGE('',*,*,#4825,.T.);
#2270=ORIENTED_EDGE('',*,*,#4826,.T.);
#2271=ORIENTED_EDGE('',*,*,#4827,.T.);
#2272=ORIENTED_EDGE('',*,*,#4828,.T.);
#2273=ORIENTED_EDGE('',*,*,#4829,.T.);
#2274=ORIENTED_EDGE('',*,*,#4830,.T.);
#2275=ORIENTED_EDGE('',*,*,#4831,.F.);
#2276=ORIENTED_EDGE('',*,*,#4832,.F.);
#2277=ORIENTED_EDGE('',*,*,#4833,.F.);
#2278=ORIENTED_EDGE('',*,*,#4834,.T.);
#2279=ORIENTED_EDGE('',*,*,#4835,.T.);
#2280=ORIENTED_EDGE('',*,*,#4836,.T.);
#2281=ORIENTED_EDGE('',*,*,#4837,.F.);
#2282=ORIENTED_EDGE('',*,*,#4838,.F.);
#2283=ORIENTED_EDGE('',*,*,#4839,.F.);
#2284=ORIENTED_EDGE('',*,*,#4840,.T.);
#2285=ORIENTED_EDGE('',*,*,#4841,.T.);
#2286=ORIENTED_EDGE('',*,*,#4842,.T.);
#2287=ORIENTED_EDGE('',*,*,#4843,.F.);
#2288=ORIENTED_EDGE('',*,*,#4844,.F.);
#2289=ORIENTED_EDGE('',*,*,#4743,.F.);
#2290=ORIENTED_EDGE('',*,*,#4845,.T.);
#2291=ORIENTED_EDGE('',*,*,#4846,.T.);
#2292=ORIENTED_EDGE('',*,*,#4847,.T.);
#2293=ORIENTED_EDGE('',*,*,#4848,.F.);
#2294=ORIENTED_EDGE('',*,*,#4849,.F.);
#2295=ORIENTED_EDGE('',*,*,#4747,.F.);
#2296=ORIENTED_EDGE('',*,*,#4850,.T.);
#2297=ORIENTED_EDGE('',*,*,#4851,.T.);
#2298=ORIENTED_EDGE('',*,*,#4852,.T.);
#2299=ORIENTED_EDGE('',*,*,#4853,.F.);
#2300=ORIENTED_EDGE('',*,*,#4854,.F.);
#2301=ORIENTED_EDGE('',*,*,#4855,.T.);
#2302=ORIENTED_EDGE('',*,*,#4856,.T.);
#2303=ORIENTED_EDGE('',*,*,#4857,.F.);
#2304=ORIENTED_EDGE('',*,*,#4858,.F.);
#2305=ORIENTED_EDGE('',*,*,#4859,.T.);
#2306=ORIENTED_EDGE('',*,*,#4860,.F.);
#2307=ORIENTED_EDGE('',*,*,#4861,.F.);
#2308=ORIENTED_EDGE('',*,*,#4862,.F.);
#2309=ORIENTED_EDGE('',*,*,#4863,.T.);
#2310=ORIENTED_EDGE('',*,*,#4864,.F.);
#2311=ORIENTED_EDGE('',*,*,#4865,.F.);
#2312=ORIENTED_EDGE('',*,*,#4866,.F.);
#2313=ORIENTED_EDGE('',*,*,#4867,.T.);
#2314=ORIENTED_EDGE('',*,*,#4868,.F.);
#2315=ORIENTED_EDGE('',*,*,#4869,.T.);
#2316=ORIENTED_EDGE('',*,*,#4870,.T.);
#2317=ORIENTED_EDGE('',*,*,#4871,.F.);
#2318=ORIENTED_EDGE('',*,*,#4872,.F.);
#2319=ORIENTED_EDGE('',*,*,#4857,.T.);
#2320=ORIENTED_EDGE('',*,*,#4873,.T.);
#2321=ORIENTED_EDGE('',*,*,#4839,.T.);
#2322=ORIENTED_EDGE('',*,*,#4874,.T.);
#2323=ORIENTED_EDGE('',*,*,#4837,.T.);
#2324=ORIENTED_EDGE('',*,*,#4875,.T.);
#2325=ORIENTED_EDGE('',*,*,#4876,.T.);
#2326=ORIENTED_EDGE('',*,*,#4877,.F.);
#2327=ORIENTED_EDGE('',*,*,#4878,.F.);
#2328=ORIENTED_EDGE('',*,*,#4879,.T.);
#2329=ORIENTED_EDGE('',*,*,#4717,.F.);
#2330=ORIENTED_EDGE('',*,*,#4880,.F.);
#2331=ORIENTED_EDGE('',*,*,#4881,.F.);
#2332=ORIENTED_EDGE('',*,*,#4882,.T.);
#2333=ORIENTED_EDGE('',*,*,#4719,.F.);
#2334=ORIENTED_EDGE('',*,*,#4883,.T.);
#2335=ORIENTED_EDGE('',*,*,#4848,.T.);
#2336=ORIENTED_EDGE('',*,*,#4884,.T.);
#2337=ORIENTED_EDGE('',*,*,#4864,.T.);
#2338=ORIENTED_EDGE('',*,*,#4885,.T.);
#2339=ORIENTED_EDGE('',*,*,#4886,.F.);
#2340=ORIENTED_EDGE('',*,*,#4887,.T.);
#2341=ORIENTED_EDGE('',*,*,#4729,.F.);
#2342=ORIENTED_EDGE('',*,*,#4888,.F.);
#2343=ORIENTED_EDGE('',*,*,#4889,.F.);
#2344=ORIENTED_EDGE('',*,*,#4890,.T.);
#2345=ORIENTED_EDGE('',*,*,#4731,.F.);
#2346=ORIENTED_EDGE('',*,*,#4891,.T.);
#2347=ORIENTED_EDGE('',*,*,#4831,.T.);
#2348=ORIENTED_EDGE('',*,*,#4892,.T.);
#2349=ORIENTED_EDGE('',*,*,#4868,.T.);
#2350=ORIENTED_EDGE('',*,*,#4893,.T.);
#2351=ORIENTED_EDGE('',*,*,#4894,.T.);
#2352=ORIENTED_EDGE('',*,*,#4895,.T.);
#2353=ORIENTED_EDGE('',*,*,#4896,.T.);
#2354=ORIENTED_EDGE('',*,*,#4897,.T.);
#2355=ORIENTED_EDGE('',*,*,#4898,.T.);
#2356=ORIENTED_EDGE('',*,*,#4899,.T.);
#2357=ORIENTED_EDGE('',*,*,#4900,.T.);
#2358=ORIENTED_EDGE('',*,*,#4901,.T.);
#2359=ORIENTED_EDGE('',*,*,#4902,.T.);
#2360=ORIENTED_EDGE('',*,*,#4903,.T.);
#2361=ORIENTED_EDGE('',*,*,#4904,.T.);
#2362=ORIENTED_EDGE('',*,*,#4905,.T.);
#2363=ORIENTED_EDGE('',*,*,#4906,.T.);
#2364=ORIENTED_EDGE('',*,*,#4907,.T.);
#2365=ORIENTED_EDGE('',*,*,#4908,.T.);
#2366=ORIENTED_EDGE('',*,*,#4909,.T.);
#2367=ORIENTED_EDGE('',*,*,#4910,.T.);
#2368=ORIENTED_EDGE('',*,*,#4911,.T.);
#2369=ORIENTED_EDGE('',*,*,#4912,.T.);
#2370=ORIENTED_EDGE('',*,*,#4913,.T.);
#2371=ORIENTED_EDGE('',*,*,#4914,.T.);
#2372=ORIENTED_EDGE('',*,*,#4915,.T.);
#2373=ORIENTED_EDGE('',*,*,#4916,.T.);
#2374=ORIENTED_EDGE('',*,*,#4917,.T.);
#2375=ORIENTED_EDGE('',*,*,#4918,.T.);
#2376=ORIENTED_EDGE('',*,*,#4919,.T.);
#2377=ORIENTED_EDGE('',*,*,#4920,.T.);
#2378=ORIENTED_EDGE('',*,*,#4921,.T.);
#2379=ORIENTED_EDGE('',*,*,#4922,.T.);
#2380=ORIENTED_EDGE('',*,*,#4923,.T.);
#2381=ORIENTED_EDGE('',*,*,#4924,.T.);
#2382=ORIENTED_EDGE('',*,*,#4925,.T.);
#2383=ORIENTED_EDGE('',*,*,#4926,.T.);
#2384=ORIENTED_EDGE('',*,*,#4927,.T.);
#2385=ORIENTED_EDGE('',*,*,#4928,.T.);
#2386=ORIENTED_EDGE('',*,*,#4929,.T.);
#2387=ORIENTED_EDGE('',*,*,#4930,.T.);
#2388=ORIENTED_EDGE('',*,*,#4931,.F.);
#2389=ORIENTED_EDGE('',*,*,#4932,.T.);
#2390=ORIENTED_EDGE('',*,*,#4933,.F.);
#2391=ORIENTED_EDGE('',*,*,#4934,.T.);
#2392=ORIENTED_EDGE('',*,*,#4935,.T.);
#2393=ORIENTED_EDGE('',*,*,#4936,.F.);
#2394=ORIENTED_EDGE('',*,*,#4937,.T.);
#2395=ORIENTED_EDGE('',*,*,#4938,.T.);
#2396=ORIENTED_EDGE('',*,*,#4939,.T.);
#2397=ORIENTED_EDGE('',*,*,#4940,.T.);
#2398=ORIENTED_EDGE('',*,*,#4941,.T.);
#2399=ORIENTED_EDGE('',*,*,#4942,.T.);
#2400=ORIENTED_EDGE('',*,*,#4943,.T.);
#2401=ORIENTED_EDGE('',*,*,#4944,.T.);
#2402=ORIENTED_EDGE('',*,*,#4945,.T.);
#2403=ORIENTED_EDGE('',*,*,#4946,.T.);
#2404=ORIENTED_EDGE('',*,*,#4947,.T.);
#2405=ORIENTED_EDGE('',*,*,#4948,.T.);
#2406=ORIENTED_EDGE('',*,*,#4949,.T.);
#2407=ORIENTED_EDGE('',*,*,#4950,.T.);
#2408=ORIENTED_EDGE('',*,*,#4951,.T.);
#2409=ORIENTED_EDGE('',*,*,#4952,.T.);
#2410=ORIENTED_EDGE('',*,*,#4953,.T.);
#2411=ORIENTED_EDGE('',*,*,#4954,.T.);
#2412=ORIENTED_EDGE('',*,*,#4955,.T.);
#2413=ORIENTED_EDGE('',*,*,#4956,.T.);
#2414=ORIENTED_EDGE('',*,*,#4957,.T.);
#2415=ORIENTED_EDGE('',*,*,#4958,.T.);
#2416=ORIENTED_EDGE('',*,*,#4959,.T.);
#2417=ORIENTED_EDGE('',*,*,#4960,.T.);
#2418=ORIENTED_EDGE('',*,*,#4961,.T.);
#2419=ORIENTED_EDGE('',*,*,#4962,.T.);
#2420=ORIENTED_EDGE('',*,*,#4963,.T.);
#2421=ORIENTED_EDGE('',*,*,#4964,.T.);
#2422=ORIENTED_EDGE('',*,*,#4965,.T.);
#2423=ORIENTED_EDGE('',*,*,#4966,.T.);
#2424=ORIENTED_EDGE('',*,*,#4967,.T.);
#2425=ORIENTED_EDGE('',*,*,#4968,.T.);
#2426=ORIENTED_EDGE('',*,*,#4969,.T.);
#2427=ORIENTED_EDGE('',*,*,#4970,.T.);
#2428=ORIENTED_EDGE('',*,*,#4971,.T.);
#2429=ORIENTED_EDGE('',*,*,#4972,.F.);
#2430=ORIENTED_EDGE('',*,*,#4973,.F.);
#2431=ORIENTED_EDGE('',*,*,#4974,.T.);
#2432=ORIENTED_EDGE('',*,*,#4975,.T.);
#2433=ORIENTED_EDGE('',*,*,#4976,.T.);
#2434=ORIENTED_EDGE('',*,*,#4977,.F.);
#2435=ORIENTED_EDGE('',*,*,#4978,.T.);
#2436=ORIENTED_EDGE('',*,*,#4979,.T.);
#2437=ORIENTED_EDGE('',*,*,#4980,.F.);
#2438=ORIENTED_EDGE('',*,*,#4981,.T.);
#2439=ORIENTED_EDGE('',*,*,#4982,.T.);
#2440=ORIENTED_EDGE('',*,*,#4983,.F.);
#2441=ORIENTED_EDGE('',*,*,#4984,.F.);
#2442=ORIENTED_EDGE('',*,*,#4985,.F.);
#2443=ORIENTED_EDGE('',*,*,#4986,.T.);
#2444=ORIENTED_EDGE('',*,*,#4987,.F.);
#2445=ORIENTED_EDGE('',*,*,#4988,.T.);
#2446=ORIENTED_EDGE('',*,*,#4989,.F.);
#2447=ORIENTED_EDGE('',*,*,#4990,.F.);
#2448=ORIENTED_EDGE('',*,*,#4991,.F.);
#2449=ORIENTED_EDGE('',*,*,#4992,.T.);
#2450=ORIENTED_EDGE('',*,*,#4993,.T.);
#2451=ORIENTED_EDGE('',*,*,#4931,.T.);
#2452=ORIENTED_EDGE('',*,*,#4994,.T.);
#2453=ORIENTED_EDGE('',*,*,#4995,.F.);
#2454=ORIENTED_EDGE('',*,*,#4996,.T.);
#2455=ORIENTED_EDGE('',*,*,#4997,.F.);
#2456=ORIENTED_EDGE('',*,*,#4998,.T.);
#2457=ORIENTED_EDGE('',*,*,#4999,.T.);
#2458=ORIENTED_EDGE('',*,*,#5000,.T.);
#2459=ORIENTED_EDGE('',*,*,#4933,.T.);
#2460=ORIENTED_EDGE('',*,*,#5001,.T.);
#2461=ORIENTED_EDGE('',*,*,#5002,.F.);
#2462=ORIENTED_EDGE('',*,*,#4859,.F.);
#2463=ORIENTED_EDGE('',*,*,#5003,.F.);
#2464=ORIENTED_EDGE('',*,*,#5004,.F.);
#2465=ORIENTED_EDGE('',*,*,#5005,.F.);
#2466=ORIENTED_EDGE('',*,*,#5006,.T.);
#2467=ORIENTED_EDGE('',*,*,#5007,.F.);
#2468=ORIENTED_EDGE('',*,*,#4869,.F.);
#2469=ORIENTED_EDGE('',*,*,#5008,.F.);
#2470=ORIENTED_EDGE('',*,*,#4866,.T.);
#2471=ORIENTED_EDGE('',*,*,#5009,.F.);
#2472=ORIENTED_EDGE('',*,*,#5010,.T.);
#2473=ORIENTED_EDGE('',*,*,#5011,.F.);
#2474=ORIENTED_EDGE('',*,*,#5012,.T.);
#2475=ORIENTED_EDGE('',*,*,#5013,.F.);
#2476=ORIENTED_EDGE('',*,*,#4862,.T.);
#2477=ORIENTED_EDGE('',*,*,#5014,.F.);
#2478=ORIENTED_EDGE('',*,*,#5015,.T.);
#2479=ORIENTED_EDGE('',*,*,#5016,.F.);
#2480=ORIENTED_EDGE('',*,*,#5017,.T.);
#2481=ORIENTED_EDGE('',*,*,#5018,.F.);
#2482=ORIENTED_EDGE('',*,*,#4981,.F.);
#2483=ORIENTED_EDGE('',*,*,#5019,.F.);
#2484=ORIENTED_EDGE('',*,*,#5020,.T.);
#2485=ORIENTED_EDGE('',*,*,#5021,.F.);
#2486=ORIENTED_EDGE('',*,*,#4855,.F.);
#2487=ORIENTED_EDGE('',*,*,#4737,.F.);
#2488=ORIENTED_EDGE('',*,*,#4735,.F.);
#2489=ORIENTED_EDGE('',*,*,#4733,.T.);
#2490=ORIENTED_EDGE('',*,*,#4739,.T.);
#2491=ORIENTED_EDGE('',*,*,#4994,.F.);
#2492=ORIENTED_EDGE('',*,*,#4936,.T.);
#2493=ORIENTED_EDGE('',*,*,#5022,.T.);
#2494=ORIENTED_EDGE('',*,*,#5023,.F.);
#2495=ORIENTED_EDGE('',*,*,#5024,.F.);
#2496=ORIENTED_EDGE('',*,*,#4995,.T.);
#2497=ORIENTED_EDGE('',*,*,#5023,.T.);
#2498=ORIENTED_EDGE('',*,*,#4881,.T.);
#2499=ORIENTED_EDGE('',*,*,#4996,.F.);
#2500=ORIENTED_EDGE('',*,*,#5024,.T.);
#2501=ORIENTED_EDGE('',*,*,#5025,.T.);
#2502=ORIENTED_EDGE('',*,*,#5026,.F.);
#2503=ORIENTED_EDGE('',*,*,#5027,.F.);
#2504=ORIENTED_EDGE('',*,*,#4997,.T.);
#2505=ORIENTED_EDGE('',*,*,#5026,.T.);
#2506=ORIENTED_EDGE('',*,*,#4889,.T.);
#2507=ORIENTED_EDGE('',*,*,#4998,.F.);
#2508=ORIENTED_EDGE('',*,*,#5027,.T.);
#2509=ORIENTED_EDGE('',*,*,#5028,.T.);
#2510=ORIENTED_EDGE('',*,*,#5029,.F.);
#2511=ORIENTED_EDGE('',*,*,#4999,.F.);
#2512=ORIENTED_EDGE('',*,*,#5029,.T.);
#2513=ORIENTED_EDGE('',*,*,#5030,.T.);
#2514=ORIENTED_EDGE('',*,*,#5031,.F.);
#2515=ORIENTED_EDGE('',*,*,#5000,.F.);
#2516=ORIENTED_EDGE('',*,*,#5031,.T.);
#2517=ORIENTED_EDGE('',*,*,#5032,.T.);
#2518=ORIENTED_EDGE('',*,*,#4934,.F.);
#2519=ORIENTED_EDGE('',*,*,#5033,.F.);
#2520=ORIENTED_EDGE('',*,*,#4720,.F.);
#2521=ORIENTED_EDGE('',*,*,#4882,.F.);
#2522=ORIENTED_EDGE('',*,*,#5022,.F.);
#2523=ORIENTED_EDGE('',*,*,#5034,.F.);
#2524=ORIENTED_EDGE('',*,*,#5035,.T.);
#2525=ORIENTED_EDGE('',*,*,#4721,.F.);
#2526=ORIENTED_EDGE('',*,*,#5033,.T.);
#2527=ORIENTED_EDGE('',*,*,#4935,.F.);
#2528=ORIENTED_EDGE('',*,*,#5036,.F.);
#2529=ORIENTED_EDGE('',*,*,#4723,.F.);
#2530=ORIENTED_EDGE('',*,*,#5037,.T.);
#2531=ORIENTED_EDGE('',*,*,#4880,.T.);
#2532=ORIENTED_EDGE('',*,*,#4732,.F.);
#2533=ORIENTED_EDGE('',*,*,#4890,.F.);
#2534=ORIENTED_EDGE('',*,*,#5025,.F.);
#2535=ORIENTED_EDGE('',*,*,#5036,.T.);
#2536=ORIENTED_EDGE('',*,*,#5032,.F.);
#2537=ORIENTED_EDGE('',*,*,#5038,.F.);
#2538=ORIENTED_EDGE('',*,*,#4724,.F.);
#2539=ORIENTED_EDGE('',*,*,#5039,.F.);
#2540=ORIENTED_EDGE('',*,*,#5040,.T.);
#2541=ORIENTED_EDGE('',*,*,#4725,.F.);
#2542=ORIENTED_EDGE('',*,*,#5038,.T.);
#2543=ORIENTED_EDGE('',*,*,#5030,.F.);
#2544=ORIENTED_EDGE('',*,*,#5041,.F.);
#2545=ORIENTED_EDGE('',*,*,#4727,.F.);
#2546=ORIENTED_EDGE('',*,*,#5042,.T.);
#2547=ORIENTED_EDGE('',*,*,#4888,.T.);
#2548=ORIENTED_EDGE('',*,*,#4728,.F.);
#2549=ORIENTED_EDGE('',*,*,#5041,.T.);
#2550=ORIENTED_EDGE('',*,*,#5028,.F.);
#2551=ORIENTED_EDGE('',*,*,#5018,.T.);
#2552=ORIENTED_EDGE('',*,*,#5043,.T.);
#2553=ORIENTED_EDGE('',*,*,#5044,.F.);
#2554=ORIENTED_EDGE('',*,*,#4982,.F.);
#2555=ORIENTED_EDGE('',*,*,#5017,.F.);
#2556=ORIENTED_EDGE('',*,*,#5045,.T.);
#2557=ORIENTED_EDGE('',*,*,#4741,.F.);
#2558=ORIENTED_EDGE('',*,*,#5043,.F.);
#2559=ORIENTED_EDGE('',*,*,#5013,.T.);
#2560=ORIENTED_EDGE('',*,*,#5046,.T.);
#2561=ORIENTED_EDGE('',*,*,#5047,.F.);
#2562=ORIENTED_EDGE('',*,*,#4863,.F.);
#2563=ORIENTED_EDGE('',*,*,#5012,.F.);
#2564=ORIENTED_EDGE('',*,*,#5048,.T.);
#2565=ORIENTED_EDGE('',*,*,#4745,.F.);
#2566=ORIENTED_EDGE('',*,*,#5046,.F.);
#2567=ORIENTED_EDGE('',*,*,#5008,.T.);
#2568=ORIENTED_EDGE('',*,*,#4872,.T.);
#2569=ORIENTED_EDGE('',*,*,#5049,.F.);
#2570=ORIENTED_EDGE('',*,*,#4867,.F.);
#2571=ORIENTED_EDGE('',*,*,#5050,.F.);
#2572=ORIENTED_EDGE('',*,*,#5004,.T.);
#2573=ORIENTED_EDGE('',*,*,#5051,.T.);
#2574=ORIENTED_EDGE('',*,*,#4876,.F.);
#2575=ORIENTED_EDGE('',*,*,#5003,.T.);
#2576=ORIENTED_EDGE('',*,*,#4858,.T.);
#2577=ORIENTED_EDGE('',*,*,#5052,.F.);
#2578=ORIENTED_EDGE('',*,*,#5051,.F.);
#2579=ORIENTED_EDGE('',*,*,#5053,.T.);
#2580=ORIENTED_EDGE('',*,*,#5044,.T.);
#2581=ORIENTED_EDGE('',*,*,#4744,.T.);
#2582=ORIENTED_EDGE('',*,*,#4844,.T.);
#2583=ORIENTED_EDGE('',*,*,#4843,.T.);
#2584=ORIENTED_EDGE('',*,*,#5054,.T.);
#2585=ORIENTED_EDGE('',*,*,#4983,.T.);
#2586=ORIENTED_EDGE('',*,*,#5053,.F.);
#2587=ORIENTED_EDGE('',*,*,#4885,.F.);
#2588=ORIENTED_EDGE('',*,*,#5047,.T.);
#2589=ORIENTED_EDGE('',*,*,#4748,.T.);
#2590=ORIENTED_EDGE('',*,*,#4849,.T.);
#2591=ORIENTED_EDGE('',*,*,#4874,.F.);
#2592=ORIENTED_EDGE('',*,*,#4838,.T.);
#2593=ORIENTED_EDGE('',*,*,#4877,.T.);
#2594=ORIENTED_EDGE('',*,*,#5052,.T.);
#2595=ORIENTED_EDGE('',*,*,#4871,.T.);
#2596=ORIENTED_EDGE('',*,*,#5055,.T.);
#2597=ORIENTED_EDGE('',*,*,#4833,.T.);
#2598=ORIENTED_EDGE('',*,*,#5056,.T.);
#2599=ORIENTED_EDGE('',*,*,#4893,.F.);
#2600=ORIENTED_EDGE('',*,*,#5049,.T.);
#2601=ORIENTED_EDGE('',*,*,#5056,.F.);
#2602=ORIENTED_EDGE('',*,*,#4832,.T.);
#2603=ORIENTED_EDGE('',*,*,#5002,.T.);
#2604=ORIENTED_EDGE('',*,*,#5057,.T.);
#2605=ORIENTED_EDGE('',*,*,#4992,.F.);
#2606=ORIENTED_EDGE('',*,*,#4860,.T.);
#2607=ORIENTED_EDGE('',*,*,#5058,.T.);
#2608=ORIENTED_EDGE('',*,*,#5059,.T.);
#2609=ORIENTED_EDGE('',*,*,#5060,.F.);
#2610=ORIENTED_EDGE('',*,*,#4852,.F.);
#2611=ORIENTED_EDGE('',*,*,#5060,.T.);
#2612=ORIENTED_EDGE('',*,*,#5061,.T.);
#2613=ORIENTED_EDGE('',*,*,#5062,.F.);
#2614=ORIENTED_EDGE('',*,*,#4853,.T.);
#2615=ORIENTED_EDGE('',*,*,#5062,.T.);
#2616=ORIENTED_EDGE('',*,*,#5063,.T.);
#2617=ORIENTED_EDGE('',*,*,#5064,.F.);
#2618=ORIENTED_EDGE('',*,*,#4854,.T.);
#2619=ORIENTED_EDGE('',*,*,#5064,.T.);
#2620=ORIENTED_EDGE('',*,*,#5065,.T.);
#2621=ORIENTED_EDGE('',*,*,#5058,.F.);
#2622=ORIENTED_EDGE('',*,*,#4851,.F.);
#2623=ORIENTED_EDGE('',*,*,#5066,.F.);
#2624=ORIENTED_EDGE('',*,*,#5067,.T.);
#2625=ORIENTED_EDGE('',*,*,#5068,.T.);
#2626=ORIENTED_EDGE('',*,*,#5069,.T.);
#2627=ORIENTED_EDGE('',*,*,#5070,.F.);
#2628=ORIENTED_EDGE('',*,*,#5071,.T.);
#2629=ORIENTED_EDGE('',*,*,#5066,.T.);
#2630=ORIENTED_EDGE('',*,*,#5072,.T.);
#2631=ORIENTED_EDGE('',*,*,#5073,.F.);
#2632=ORIENTED_EDGE('',*,*,#5074,.T.);
#2633=ORIENTED_EDGE('',*,*,#5070,.T.);
#2634=ORIENTED_EDGE('',*,*,#5075,.T.);
#2635=ORIENTED_EDGE('',*,*,#5068,.F.);
#2636=ORIENTED_EDGE('',*,*,#5076,.T.);
#2637=ORIENTED_EDGE('',*,*,#5073,.T.);
#2638=ORIENTED_EDGE('',*,*,#5077,.T.);
#2639=ORIENTED_EDGE('',*,*,#5078,.F.);
#2640=ORIENTED_EDGE('',*,*,#5079,.T.);
#2641=ORIENTED_EDGE('',*,*,#5080,.T.);
#2642=ORIENTED_EDGE('',*,*,#5081,.T.);
#2643=ORIENTED_EDGE('',*,*,#5082,.F.);
#2644=ORIENTED_EDGE('',*,*,#5083,.T.);
#2645=ORIENTED_EDGE('',*,*,#5078,.T.);
#2646=ORIENTED_EDGE('',*,*,#5084,.T.);
#2647=ORIENTED_EDGE('',*,*,#5085,.F.);
#2648=ORIENTED_EDGE('',*,*,#5086,.T.);
#2649=ORIENTED_EDGE('',*,*,#5082,.T.);
#2650=ORIENTED_EDGE('',*,*,#5087,.T.);
#2651=ORIENTED_EDGE('',*,*,#5080,.F.);
#2652=ORIENTED_EDGE('',*,*,#5088,.T.);
#2653=ORIENTED_EDGE('',*,*,#5085,.T.);
#2654=ORIENTED_EDGE('',*,*,#5089,.T.);
#2655=ORIENTED_EDGE('',*,*,#5090,.F.);
#2656=ORIENTED_EDGE('',*,*,#5091,.T.);
#2657=ORIENTED_EDGE('',*,*,#5092,.T.);
#2658=ORIENTED_EDGE('',*,*,#5093,.T.);
#2659=ORIENTED_EDGE('',*,*,#5094,.F.);
#2660=ORIENTED_EDGE('',*,*,#5095,.T.);
#2661=ORIENTED_EDGE('',*,*,#5090,.T.);
#2662=ORIENTED_EDGE('',*,*,#5096,.T.);
#2663=ORIENTED_EDGE('',*,*,#5097,.F.);
#2664=ORIENTED_EDGE('',*,*,#5098,.T.);
#2665=ORIENTED_EDGE('',*,*,#5094,.T.);
#2666=ORIENTED_EDGE('',*,*,#5099,.T.);
#2667=ORIENTED_EDGE('',*,*,#5092,.F.);
#2668=ORIENTED_EDGE('',*,*,#5100,.T.);
#2669=ORIENTED_EDGE('',*,*,#5097,.T.);
#2670=ORIENTED_EDGE('',*,*,#5101,.T.);
#2671=ORIENTED_EDGE('',*,*,#5102,.F.);
#2672=ORIENTED_EDGE('',*,*,#5103,.T.);
#2673=ORIENTED_EDGE('',*,*,#5104,.T.);
#2674=ORIENTED_EDGE('',*,*,#5105,.T.);
#2675=ORIENTED_EDGE('',*,*,#5106,.F.);
#2676=ORIENTED_EDGE('',*,*,#5107,.T.);
#2677=ORIENTED_EDGE('',*,*,#5102,.T.);
#2678=ORIENTED_EDGE('',*,*,#5108,.T.);
#2679=ORIENTED_EDGE('',*,*,#5109,.F.);
#2680=ORIENTED_EDGE('',*,*,#5110,.T.);
#2681=ORIENTED_EDGE('',*,*,#5106,.T.);
#2682=ORIENTED_EDGE('',*,*,#5111,.T.);
#2683=ORIENTED_EDGE('',*,*,#5104,.F.);
#2684=ORIENTED_EDGE('',*,*,#5112,.T.);
#2685=ORIENTED_EDGE('',*,*,#5109,.T.);
#2686=ORIENTED_EDGE('',*,*,#5113,.T.);
#2687=ORIENTED_EDGE('',*,*,#5114,.F.);
#2688=ORIENTED_EDGE('',*,*,#5115,.T.);
#2689=ORIENTED_EDGE('',*,*,#5116,.T.);
#2690=ORIENTED_EDGE('',*,*,#5117,.T.);
#2691=ORIENTED_EDGE('',*,*,#5118,.F.);
#2692=ORIENTED_EDGE('',*,*,#5119,.T.);
#2693=ORIENTED_EDGE('',*,*,#5114,.T.);
#2694=ORIENTED_EDGE('',*,*,#5120,.T.);
#2695=ORIENTED_EDGE('',*,*,#5121,.F.);
#2696=ORIENTED_EDGE('',*,*,#5122,.T.);
#2697=ORIENTED_EDGE('',*,*,#5118,.T.);
#2698=ORIENTED_EDGE('',*,*,#5123,.T.);
#2699=ORIENTED_EDGE('',*,*,#5116,.F.);
#2700=ORIENTED_EDGE('',*,*,#5124,.T.);
#2701=ORIENTED_EDGE('',*,*,#5121,.T.);
#2702=ORIENTED_EDGE('',*,*,#5125,.T.);
#2703=ORIENTED_EDGE('',*,*,#5126,.F.);
#2704=ORIENTED_EDGE('',*,*,#5127,.T.);
#2705=ORIENTED_EDGE('',*,*,#5128,.T.);
#2706=ORIENTED_EDGE('',*,*,#5129,.T.);
#2707=ORIENTED_EDGE('',*,*,#5130,.F.);
#2708=ORIENTED_EDGE('',*,*,#5131,.T.);
#2709=ORIENTED_EDGE('',*,*,#5126,.T.);
#2710=ORIENTED_EDGE('',*,*,#5132,.T.);
#2711=ORIENTED_EDGE('',*,*,#5133,.F.);
#2712=ORIENTED_EDGE('',*,*,#5134,.T.);
#2713=ORIENTED_EDGE('',*,*,#5130,.T.);
#2714=ORIENTED_EDGE('',*,*,#5135,.T.);
#2715=ORIENTED_EDGE('',*,*,#5128,.F.);
#2716=ORIENTED_EDGE('',*,*,#5136,.T.);
#2717=ORIENTED_EDGE('',*,*,#5133,.T.);
#2718=ORIENTED_EDGE('',*,*,#5137,.T.);
#2719=ORIENTED_EDGE('',*,*,#5138,.F.);
#2720=ORIENTED_EDGE('',*,*,#5139,.T.);
#2721=ORIENTED_EDGE('',*,*,#5140,.T.);
#2722=ORIENTED_EDGE('',*,*,#5141,.T.);
#2723=ORIENTED_EDGE('',*,*,#5142,.F.);
#2724=ORIENTED_EDGE('',*,*,#5143,.T.);
#2725=ORIENTED_EDGE('',*,*,#5138,.T.);
#2726=ORIENTED_EDGE('',*,*,#5144,.T.);
#2727=ORIENTED_EDGE('',*,*,#5145,.F.);
#2728=ORIENTED_EDGE('',*,*,#5146,.T.);
#2729=ORIENTED_EDGE('',*,*,#5142,.T.);
#2730=ORIENTED_EDGE('',*,*,#5147,.T.);
#2731=ORIENTED_EDGE('',*,*,#5140,.F.);
#2732=ORIENTED_EDGE('',*,*,#5148,.T.);
#2733=ORIENTED_EDGE('',*,*,#5145,.T.);
#2734=ORIENTED_EDGE('',*,*,#5149,.T.);
#2735=ORIENTED_EDGE('',*,*,#5150,.F.);
#2736=ORIENTED_EDGE('',*,*,#5151,.T.);
#2737=ORIENTED_EDGE('',*,*,#5152,.T.);
#2738=ORIENTED_EDGE('',*,*,#5153,.T.);
#2739=ORIENTED_EDGE('',*,*,#5154,.F.);
#2740=ORIENTED_EDGE('',*,*,#5155,.T.);
#2741=ORIENTED_EDGE('',*,*,#5150,.T.);
#2742=ORIENTED_EDGE('',*,*,#5156,.T.);
#2743=ORIENTED_EDGE('',*,*,#5157,.F.);
#2744=ORIENTED_EDGE('',*,*,#5158,.T.);
#2745=ORIENTED_EDGE('',*,*,#5154,.T.);
#2746=ORIENTED_EDGE('',*,*,#5159,.T.);
#2747=ORIENTED_EDGE('',*,*,#5152,.F.);
#2748=ORIENTED_EDGE('',*,*,#5160,.T.);
#2749=ORIENTED_EDGE('',*,*,#5157,.T.);
#2750=ORIENTED_EDGE('',*,*,#5161,.T.);
#2751=ORIENTED_EDGE('',*,*,#5162,.F.);
#2752=ORIENTED_EDGE('',*,*,#5163,.T.);
#2753=ORIENTED_EDGE('',*,*,#5164,.T.);
#2754=ORIENTED_EDGE('',*,*,#5165,.T.);
#2755=ORIENTED_EDGE('',*,*,#5166,.F.);
#2756=ORIENTED_EDGE('',*,*,#5167,.T.);
#2757=ORIENTED_EDGE('',*,*,#5162,.T.);
#2758=ORIENTED_EDGE('',*,*,#5168,.T.);
#2759=ORIENTED_EDGE('',*,*,#5169,.F.);
#2760=ORIENTED_EDGE('',*,*,#5170,.T.);
#2761=ORIENTED_EDGE('',*,*,#5166,.T.);
#2762=ORIENTED_EDGE('',*,*,#5171,.T.);
#2763=ORIENTED_EDGE('',*,*,#5164,.F.);
#2764=ORIENTED_EDGE('',*,*,#5172,.T.);
#2765=ORIENTED_EDGE('',*,*,#5169,.T.);
#2766=ORIENTED_EDGE('',*,*,#5173,.T.);
#2767=ORIENTED_EDGE('',*,*,#5174,.F.);
#2768=ORIENTED_EDGE('',*,*,#5175,.T.);
#2769=ORIENTED_EDGE('',*,*,#5176,.T.);
#2770=ORIENTED_EDGE('',*,*,#5177,.T.);
#2771=ORIENTED_EDGE('',*,*,#5178,.F.);
#2772=ORIENTED_EDGE('',*,*,#5179,.T.);
#2773=ORIENTED_EDGE('',*,*,#5174,.T.);
#2774=ORIENTED_EDGE('',*,*,#5180,.T.);
#2775=ORIENTED_EDGE('',*,*,#5181,.F.);
#2776=ORIENTED_EDGE('',*,*,#5182,.T.);
#2777=ORIENTED_EDGE('',*,*,#5178,.T.);
#2778=ORIENTED_EDGE('',*,*,#5183,.T.);
#2779=ORIENTED_EDGE('',*,*,#5176,.F.);
#2780=ORIENTED_EDGE('',*,*,#5184,.T.);
#2781=ORIENTED_EDGE('',*,*,#5181,.T.);
#2782=ORIENTED_EDGE('',*,*,#5185,.T.);
#2783=ORIENTED_EDGE('',*,*,#5186,.F.);
#2784=ORIENTED_EDGE('',*,*,#5187,.T.);
#2785=ORIENTED_EDGE('',*,*,#5188,.T.);
#2786=ORIENTED_EDGE('',*,*,#5189,.T.);
#2787=ORIENTED_EDGE('',*,*,#5190,.F.);
#2788=ORIENTED_EDGE('',*,*,#5191,.T.);
#2789=ORIENTED_EDGE('',*,*,#5186,.T.);
#2790=ORIENTED_EDGE('',*,*,#5192,.T.);
#2791=ORIENTED_EDGE('',*,*,#5193,.F.);
#2792=ORIENTED_EDGE('',*,*,#5194,.T.);
#2793=ORIENTED_EDGE('',*,*,#5190,.T.);
#2794=ORIENTED_EDGE('',*,*,#5195,.T.);
#2795=ORIENTED_EDGE('',*,*,#5188,.F.);
#2796=ORIENTED_EDGE('',*,*,#5196,.T.);
#2797=ORIENTED_EDGE('',*,*,#5193,.T.);
#2798=ORIENTED_EDGE('',*,*,#5197,.T.);
#2799=ORIENTED_EDGE('',*,*,#5198,.F.);
#2800=ORIENTED_EDGE('',*,*,#5199,.T.);
#2801=ORIENTED_EDGE('',*,*,#5200,.T.);
#2802=ORIENTED_EDGE('',*,*,#5201,.T.);
#2803=ORIENTED_EDGE('',*,*,#5202,.F.);
#2804=ORIENTED_EDGE('',*,*,#5203,.T.);
#2805=ORIENTED_EDGE('',*,*,#5198,.T.);
#2806=ORIENTED_EDGE('',*,*,#5204,.T.);
#2807=ORIENTED_EDGE('',*,*,#5205,.F.);
#2808=ORIENTED_EDGE('',*,*,#5206,.T.);
#2809=ORIENTED_EDGE('',*,*,#5202,.T.);
#2810=ORIENTED_EDGE('',*,*,#5207,.T.);
#2811=ORIENTED_EDGE('',*,*,#5200,.F.);
#2812=ORIENTED_EDGE('',*,*,#5208,.T.);
#2813=ORIENTED_EDGE('',*,*,#5205,.T.);
#2814=ORIENTED_EDGE('',*,*,#5209,.T.);
#2815=ORIENTED_EDGE('',*,*,#5210,.F.);
#2816=ORIENTED_EDGE('',*,*,#5211,.T.);
#2817=ORIENTED_EDGE('',*,*,#5212,.T.);
#2818=ORIENTED_EDGE('',*,*,#5213,.T.);
#2819=ORIENTED_EDGE('',*,*,#5214,.F.);
#2820=ORIENTED_EDGE('',*,*,#5215,.T.);
#2821=ORIENTED_EDGE('',*,*,#5210,.T.);
#2822=ORIENTED_EDGE('',*,*,#5216,.T.);
#2823=ORIENTED_EDGE('',*,*,#5217,.F.);
#2824=ORIENTED_EDGE('',*,*,#5218,.T.);
#2825=ORIENTED_EDGE('',*,*,#5214,.T.);
#2826=ORIENTED_EDGE('',*,*,#5219,.T.);
#2827=ORIENTED_EDGE('',*,*,#5212,.F.);
#2828=ORIENTED_EDGE('',*,*,#5220,.T.);
#2829=ORIENTED_EDGE('',*,*,#5217,.T.);
#2830=ORIENTED_EDGE('',*,*,#5221,.T.);
#2831=ORIENTED_EDGE('',*,*,#5222,.F.);
#2832=ORIENTED_EDGE('',*,*,#5223,.T.);
#2833=ORIENTED_EDGE('',*,*,#5224,.T.);
#2834=ORIENTED_EDGE('',*,*,#5225,.T.);
#2835=ORIENTED_EDGE('',*,*,#5226,.F.);
#2836=ORIENTED_EDGE('',*,*,#5227,.T.);
#2837=ORIENTED_EDGE('',*,*,#5222,.T.);
#2838=ORIENTED_EDGE('',*,*,#5228,.T.);
#2839=ORIENTED_EDGE('',*,*,#5229,.F.);
#2840=ORIENTED_EDGE('',*,*,#5230,.T.);
#2841=ORIENTED_EDGE('',*,*,#5226,.T.);
#2842=ORIENTED_EDGE('',*,*,#5231,.T.);
#2843=ORIENTED_EDGE('',*,*,#5224,.F.);
#2844=ORIENTED_EDGE('',*,*,#5232,.T.);
#2845=ORIENTED_EDGE('',*,*,#5229,.T.);
#2846=ORIENTED_EDGE('',*,*,#5233,.T.);
#2847=ORIENTED_EDGE('',*,*,#5234,.F.);
#2848=ORIENTED_EDGE('',*,*,#5235,.T.);
#2849=ORIENTED_EDGE('',*,*,#5236,.T.);
#2850=ORIENTED_EDGE('',*,*,#5237,.T.);
#2851=ORIENTED_EDGE('',*,*,#5238,.F.);
#2852=ORIENTED_EDGE('',*,*,#5239,.T.);
#2853=ORIENTED_EDGE('',*,*,#5234,.T.);
#2854=ORIENTED_EDGE('',*,*,#5240,.T.);
#2855=ORIENTED_EDGE('',*,*,#5241,.F.);
#2856=ORIENTED_EDGE('',*,*,#5242,.T.);
#2857=ORIENTED_EDGE('',*,*,#5238,.T.);
#2858=ORIENTED_EDGE('',*,*,#5243,.T.);
#2859=ORIENTED_EDGE('',*,*,#5236,.F.);
#2860=ORIENTED_EDGE('',*,*,#5244,.T.);
#2861=ORIENTED_EDGE('',*,*,#5241,.T.);
#2862=ORIENTED_EDGE('',*,*,#5245,.T.);
#2863=ORIENTED_EDGE('',*,*,#5246,.F.);
#2864=ORIENTED_EDGE('',*,*,#5247,.T.);
#2865=ORIENTED_EDGE('',*,*,#5248,.T.);
#2866=ORIENTED_EDGE('',*,*,#5249,.T.);
#2867=ORIENTED_EDGE('',*,*,#5250,.F.);
#2868=ORIENTED_EDGE('',*,*,#5251,.T.);
#2869=ORIENTED_EDGE('',*,*,#5246,.T.);
#2870=ORIENTED_EDGE('',*,*,#5252,.T.);
#2871=ORIENTED_EDGE('',*,*,#5253,.F.);
#2872=ORIENTED_EDGE('',*,*,#5254,.T.);
#2873=ORIENTED_EDGE('',*,*,#5250,.T.);
#2874=ORIENTED_EDGE('',*,*,#5255,.T.);
#2875=ORIENTED_EDGE('',*,*,#5248,.F.);
#2876=ORIENTED_EDGE('',*,*,#5256,.T.);
#2877=ORIENTED_EDGE('',*,*,#5253,.T.);
#2878=ORIENTED_EDGE('',*,*,#5257,.T.);
#2879=ORIENTED_EDGE('',*,*,#5258,.F.);
#2880=ORIENTED_EDGE('',*,*,#5259,.T.);
#2881=ORIENTED_EDGE('',*,*,#5260,.T.);
#2882=ORIENTED_EDGE('',*,*,#5261,.T.);
#2883=ORIENTED_EDGE('',*,*,#5262,.F.);
#2884=ORIENTED_EDGE('',*,*,#5263,.T.);
#2885=ORIENTED_EDGE('',*,*,#5258,.T.);
#2886=ORIENTED_EDGE('',*,*,#5264,.T.);
#2887=ORIENTED_EDGE('',*,*,#5265,.F.);
#2888=ORIENTED_EDGE('',*,*,#5266,.T.);
#2889=ORIENTED_EDGE('',*,*,#5262,.T.);
#2890=ORIENTED_EDGE('',*,*,#5267,.T.);
#2891=ORIENTED_EDGE('',*,*,#5260,.F.);
#2892=ORIENTED_EDGE('',*,*,#5268,.T.);
#2893=ORIENTED_EDGE('',*,*,#5265,.T.);
#2894=ORIENTED_EDGE('',*,*,#5269,.T.);
#2895=ORIENTED_EDGE('',*,*,#5270,.F.);
#2896=ORIENTED_EDGE('',*,*,#5271,.T.);
#2897=ORIENTED_EDGE('',*,*,#5272,.T.);
#2898=ORIENTED_EDGE('',*,*,#5273,.T.);
#2899=ORIENTED_EDGE('',*,*,#5274,.F.);
#2900=ORIENTED_EDGE('',*,*,#5275,.T.);
#2901=ORIENTED_EDGE('',*,*,#5270,.T.);
#2902=ORIENTED_EDGE('',*,*,#5276,.T.);
#2903=ORIENTED_EDGE('',*,*,#5277,.F.);
#2904=ORIENTED_EDGE('',*,*,#5278,.T.);
#2905=ORIENTED_EDGE('',*,*,#5274,.T.);
#2906=ORIENTED_EDGE('',*,*,#5279,.T.);
#2907=ORIENTED_EDGE('',*,*,#5272,.F.);
#2908=ORIENTED_EDGE('',*,*,#5280,.T.);
#2909=ORIENTED_EDGE('',*,*,#5277,.T.);
#2910=ORIENTED_EDGE('',*,*,#5281,.T.);
#2911=ORIENTED_EDGE('',*,*,#5282,.F.);
#2912=ORIENTED_EDGE('',*,*,#5283,.T.);
#2913=ORIENTED_EDGE('',*,*,#5284,.T.);
#2914=ORIENTED_EDGE('',*,*,#5285,.T.);
#2915=ORIENTED_EDGE('',*,*,#5286,.F.);
#2916=ORIENTED_EDGE('',*,*,#5287,.T.);
#2917=ORIENTED_EDGE('',*,*,#5282,.T.);
#2918=ORIENTED_EDGE('',*,*,#5288,.T.);
#2919=ORIENTED_EDGE('',*,*,#5289,.F.);
#2920=ORIENTED_EDGE('',*,*,#5290,.T.);
#2921=ORIENTED_EDGE('',*,*,#5286,.T.);
#2922=ORIENTED_EDGE('',*,*,#5291,.T.);
#2923=ORIENTED_EDGE('',*,*,#5284,.F.);
#2924=ORIENTED_EDGE('',*,*,#5292,.T.);
#2925=ORIENTED_EDGE('',*,*,#5289,.T.);
#2926=ORIENTED_EDGE('',*,*,#5293,.T.);
#2927=ORIENTED_EDGE('',*,*,#5294,.F.);
#2928=ORIENTED_EDGE('',*,*,#5295,.T.);
#2929=ORIENTED_EDGE('',*,*,#5296,.T.);
#2930=ORIENTED_EDGE('',*,*,#5297,.T.);
#2931=ORIENTED_EDGE('',*,*,#5298,.F.);
#2932=ORIENTED_EDGE('',*,*,#5299,.T.);
#2933=ORIENTED_EDGE('',*,*,#5294,.T.);
#2934=ORIENTED_EDGE('',*,*,#5300,.T.);
#2935=ORIENTED_EDGE('',*,*,#5301,.F.);
#2936=ORIENTED_EDGE('',*,*,#5302,.T.);
#2937=ORIENTED_EDGE('',*,*,#5298,.T.);
#2938=ORIENTED_EDGE('',*,*,#5303,.T.);
#2939=ORIENTED_EDGE('',*,*,#5296,.F.);
#2940=ORIENTED_EDGE('',*,*,#5304,.T.);
#2941=ORIENTED_EDGE('',*,*,#5301,.T.);
#2942=ORIENTED_EDGE('',*,*,#5305,.T.);
#2943=ORIENTED_EDGE('',*,*,#5306,.F.);
#2944=ORIENTED_EDGE('',*,*,#5307,.F.);
#2945=ORIENTED_EDGE('',*,*,#5308,.T.);
#2946=ORIENTED_EDGE('',*,*,#5309,.T.);
#2947=ORIENTED_EDGE('',*,*,#5310,.F.);
#2948=ORIENTED_EDGE('',*,*,#5311,.F.);
#2949=ORIENTED_EDGE('',*,*,#5312,.T.);
#2950=ORIENTED_EDGE('',*,*,#5307,.T.);
#2951=ORIENTED_EDGE('',*,*,#5313,.F.);
#2952=ORIENTED_EDGE('',*,*,#5314,.F.);
#2953=ORIENTED_EDGE('',*,*,#5315,.T.);
#2954=ORIENTED_EDGE('',*,*,#5311,.T.);
#2955=ORIENTED_EDGE('',*,*,#5316,.F.);
#2956=ORIENTED_EDGE('',*,*,#5317,.F.);
#2957=ORIENTED_EDGE('',*,*,#5318,.T.);
#2958=ORIENTED_EDGE('',*,*,#5314,.T.);
#2959=ORIENTED_EDGE('',*,*,#5319,.F.);
#2960=ORIENTED_EDGE('',*,*,#5320,.F.);
#2961=ORIENTED_EDGE('',*,*,#5321,.T.);
#2962=ORIENTED_EDGE('',*,*,#5317,.T.);
#2963=ORIENTED_EDGE('',*,*,#5322,.F.);
#2964=ORIENTED_EDGE('',*,*,#5323,.F.);
#2965=ORIENTED_EDGE('',*,*,#5324,.T.);
#2966=ORIENTED_EDGE('',*,*,#5320,.T.);
#2967=ORIENTED_EDGE('',*,*,#5325,.F.);
#2968=ORIENTED_EDGE('',*,*,#5326,.F.);
#2969=ORIENTED_EDGE('',*,*,#5327,.T.);
#2970=ORIENTED_EDGE('',*,*,#5323,.T.);
#2971=ORIENTED_EDGE('',*,*,#5328,.F.);
#2972=ORIENTED_EDGE('',*,*,#5329,.F.);
#2973=ORIENTED_EDGE('',*,*,#5330,.T.);
#2974=ORIENTED_EDGE('',*,*,#5326,.T.);
#2975=ORIENTED_EDGE('',*,*,#5331,.F.);
#2976=ORIENTED_EDGE('',*,*,#5332,.F.);
#2977=ORIENTED_EDGE('',*,*,#5333,.T.);
#2978=ORIENTED_EDGE('',*,*,#5329,.T.);
#2979=ORIENTED_EDGE('',*,*,#4680,.F.);
#2980=ORIENTED_EDGE('',*,*,#5334,.F.);
#2981=ORIENTED_EDGE('',*,*,#5335,.T.);
#2982=ORIENTED_EDGE('',*,*,#5336,.T.);
#2983=ORIENTED_EDGE('',*,*,#4693,.F.);
#2984=ORIENTED_EDGE('',*,*,#5337,.F.);
#2985=ORIENTED_EDGE('',*,*,#5338,.T.);
#2986=ORIENTED_EDGE('',*,*,#5334,.T.);
#2987=ORIENTED_EDGE('',*,*,#4692,.F.);
#2988=ORIENTED_EDGE('',*,*,#5339,.F.);
#2989=ORIENTED_EDGE('',*,*,#5340,.T.);
#2990=ORIENTED_EDGE('',*,*,#5337,.T.);
#2991=ORIENTED_EDGE('',*,*,#4691,.F.);
#2992=ORIENTED_EDGE('',*,*,#5341,.F.);
#2993=ORIENTED_EDGE('',*,*,#5342,.T.);
#2994=ORIENTED_EDGE('',*,*,#5339,.T.);
#2995=ORIENTED_EDGE('',*,*,#4690,.F.);
#2996=ORIENTED_EDGE('',*,*,#5343,.F.);
#2997=ORIENTED_EDGE('',*,*,#5344,.T.);
#2998=ORIENTED_EDGE('',*,*,#5341,.T.);
#2999=ORIENTED_EDGE('',*,*,#4689,.F.);
#3000=ORIENTED_EDGE('',*,*,#5345,.F.);
#3001=ORIENTED_EDGE('',*,*,#5346,.T.);
#3002=ORIENTED_EDGE('',*,*,#5343,.T.);
#3003=ORIENTED_EDGE('',*,*,#4688,.F.);
#3004=ORIENTED_EDGE('',*,*,#5347,.F.);
#3005=ORIENTED_EDGE('',*,*,#5348,.T.);
#3006=ORIENTED_EDGE('',*,*,#5345,.T.);
#3007=ORIENTED_EDGE('',*,*,#4687,.F.);
#3008=ORIENTED_EDGE('',*,*,#5349,.F.);
#3009=ORIENTED_EDGE('',*,*,#5350,.T.);
#3010=ORIENTED_EDGE('',*,*,#5347,.T.);
#3011=ORIENTED_EDGE('',*,*,#4686,.F.);
#3012=ORIENTED_EDGE('',*,*,#5351,.F.);
#3013=ORIENTED_EDGE('',*,*,#5352,.T.);
#3014=ORIENTED_EDGE('',*,*,#5349,.T.);
#3015=ORIENTED_EDGE('',*,*,#4685,.F.);
#3016=ORIENTED_EDGE('',*,*,#5353,.F.);
#3017=ORIENTED_EDGE('',*,*,#5354,.T.);
#3018=ORIENTED_EDGE('',*,*,#5351,.T.);
#3019=ORIENTED_EDGE('',*,*,#4684,.F.);
#3020=ORIENTED_EDGE('',*,*,#5355,.F.);
#3021=ORIENTED_EDGE('',*,*,#5356,.T.);
#3022=ORIENTED_EDGE('',*,*,#5353,.T.);
#3023=ORIENTED_EDGE('',*,*,#4683,.F.);
#3024=ORIENTED_EDGE('',*,*,#5357,.F.);
#3025=ORIENTED_EDGE('',*,*,#5358,.T.);
#3026=ORIENTED_EDGE('',*,*,#5355,.T.);
#3027=ORIENTED_EDGE('',*,*,#4682,.F.);
#3028=ORIENTED_EDGE('',*,*,#5359,.F.);
#3029=ORIENTED_EDGE('',*,*,#5360,.T.);
#3030=ORIENTED_EDGE('',*,*,#5357,.T.);
#3031=ORIENTED_EDGE('',*,*,#4681,.F.);
#3032=ORIENTED_EDGE('',*,*,#5336,.F.);
#3033=ORIENTED_EDGE('',*,*,#5361,.T.);
#3034=ORIENTED_EDGE('',*,*,#5359,.T.);
#3035=ORIENTED_EDGE('',*,*,#5362,.F.);
#3036=ORIENTED_EDGE('',*,*,#5309,.F.);
#3037=ORIENTED_EDGE('',*,*,#5363,.T.);
#3038=ORIENTED_EDGE('',*,*,#5332,.T.);
#3039=ORIENTED_EDGE('',*,*,#5335,.F.);
#3040=ORIENTED_EDGE('',*,*,#5338,.F.);
#3041=ORIENTED_EDGE('',*,*,#5340,.F.);
#3042=ORIENTED_EDGE('',*,*,#5342,.F.);
#3043=ORIENTED_EDGE('',*,*,#5344,.F.);
#3044=ORIENTED_EDGE('',*,*,#5346,.F.);
#3045=ORIENTED_EDGE('',*,*,#5348,.F.);
#3046=ORIENTED_EDGE('',*,*,#5350,.F.);
#3047=ORIENTED_EDGE('',*,*,#5352,.F.);
#3048=ORIENTED_EDGE('',*,*,#5354,.F.);
#3049=ORIENTED_EDGE('',*,*,#5356,.F.);
#3050=ORIENTED_EDGE('',*,*,#5358,.F.);
#3051=ORIENTED_EDGE('',*,*,#5360,.F.);
#3052=ORIENTED_EDGE('',*,*,#5361,.F.);
#3053=ORIENTED_EDGE('',*,*,#5308,.F.);
#3054=ORIENTED_EDGE('',*,*,#5312,.F.);
#3055=ORIENTED_EDGE('',*,*,#5315,.F.);
#3056=ORIENTED_EDGE('',*,*,#5318,.F.);
#3057=ORIENTED_EDGE('',*,*,#5321,.F.);
#3058=ORIENTED_EDGE('',*,*,#5324,.F.);
#3059=ORIENTED_EDGE('',*,*,#5327,.F.);
#3060=ORIENTED_EDGE('',*,*,#5330,.F.);
#3061=ORIENTED_EDGE('',*,*,#5333,.F.);
#3062=ORIENTED_EDGE('',*,*,#5363,.F.);
#3063=ORIENTED_EDGE('',*,*,#4694,.F.);
#3064=ORIENTED_EDGE('',*,*,#5364,.F.);
#3065=ORIENTED_EDGE('',*,*,#5365,.T.);
#3066=ORIENTED_EDGE('',*,*,#5366,.T.);
#3067=ORIENTED_EDGE('',*,*,#4706,.F.);
#3068=ORIENTED_EDGE('',*,*,#5367,.F.);
#3069=ORIENTED_EDGE('',*,*,#5368,.T.);
#3070=ORIENTED_EDGE('',*,*,#5364,.T.);
#3071=ORIENTED_EDGE('',*,*,#4705,.F.);
#3072=ORIENTED_EDGE('',*,*,#5369,.F.);
#3073=ORIENTED_EDGE('',*,*,#5370,.T.);
#3074=ORIENTED_EDGE('',*,*,#5367,.T.);
#3075=ORIENTED_EDGE('',*,*,#4704,.F.);
#3076=ORIENTED_EDGE('',*,*,#5371,.F.);
#3077=ORIENTED_EDGE('',*,*,#5372,.T.);
#3078=ORIENTED_EDGE('',*,*,#5369,.T.);
#3079=ORIENTED_EDGE('',*,*,#4703,.F.);
#3080=ORIENTED_EDGE('',*,*,#5373,.F.);
#3081=ORIENTED_EDGE('',*,*,#5374,.T.);
#3082=ORIENTED_EDGE('',*,*,#5371,.T.);
#3083=ORIENTED_EDGE('',*,*,#4702,.F.);
#3084=ORIENTED_EDGE('',*,*,#5375,.F.);
#3085=ORIENTED_EDGE('',*,*,#5376,.T.);
#3086=ORIENTED_EDGE('',*,*,#5373,.T.);
#3087=ORIENTED_EDGE('',*,*,#4701,.F.);
#3088=ORIENTED_EDGE('',*,*,#5377,.F.);
#3089=ORIENTED_EDGE('',*,*,#5378,.T.);
#3090=ORIENTED_EDGE('',*,*,#5375,.T.);
#3091=ORIENTED_EDGE('',*,*,#4700,.F.);
#3092=ORIENTED_EDGE('',*,*,#5379,.F.);
#3093=ORIENTED_EDGE('',*,*,#5380,.T.);
#3094=ORIENTED_EDGE('',*,*,#5377,.T.);
#3095=ORIENTED_EDGE('',*,*,#4699,.F.);
#3096=ORIENTED_EDGE('',*,*,#5381,.F.);
#3097=ORIENTED_EDGE('',*,*,#5382,.T.);
#3098=ORIENTED_EDGE('',*,*,#5379,.T.);
#3099=ORIENTED_EDGE('',*,*,#4698,.F.);
#3100=ORIENTED_EDGE('',*,*,#5383,.F.);
#3101=ORIENTED_EDGE('',*,*,#5384,.T.);
#3102=ORIENTED_EDGE('',*,*,#5381,.T.);
#3103=ORIENTED_EDGE('',*,*,#4697,.F.);
#3104=ORIENTED_EDGE('',*,*,#5385,.F.);
#3105=ORIENTED_EDGE('',*,*,#5386,.T.);
#3106=ORIENTED_EDGE('',*,*,#5383,.T.);
#3107=ORIENTED_EDGE('',*,*,#4696,.F.);
#3108=ORIENTED_EDGE('',*,*,#5387,.F.);
#3109=ORIENTED_EDGE('',*,*,#5388,.T.);
#3110=ORIENTED_EDGE('',*,*,#5385,.T.);
#3111=ORIENTED_EDGE('',*,*,#4695,.F.);
#3112=ORIENTED_EDGE('',*,*,#5366,.F.);
#3113=ORIENTED_EDGE('',*,*,#5389,.T.);
#3114=ORIENTED_EDGE('',*,*,#5387,.T.);
#3115=ORIENTED_EDGE('',*,*,#5365,.F.);
#3116=ORIENTED_EDGE('',*,*,#5368,.F.);
#3117=ORIENTED_EDGE('',*,*,#5370,.F.);
#3118=ORIENTED_EDGE('',*,*,#5372,.F.);
#3119=ORIENTED_EDGE('',*,*,#5374,.F.);
#3120=ORIENTED_EDGE('',*,*,#5376,.F.);
#3121=ORIENTED_EDGE('',*,*,#5378,.F.);
#3122=ORIENTED_EDGE('',*,*,#5380,.F.);
#3123=ORIENTED_EDGE('',*,*,#5382,.F.);
#3124=ORIENTED_EDGE('',*,*,#5384,.F.);
#3125=ORIENTED_EDGE('',*,*,#5386,.F.);
#3126=ORIENTED_EDGE('',*,*,#5388,.F.);
#3127=ORIENTED_EDGE('',*,*,#5389,.F.);
#3128=ORIENTED_EDGE('',*,*,#4670,.F.);
#3129=ORIENTED_EDGE('',*,*,#5390,.F.);
#3130=ORIENTED_EDGE('',*,*,#5391,.T.);
#3131=ORIENTED_EDGE('',*,*,#5392,.T.);
#3132=ORIENTED_EDGE('',*,*,#4679,.F.);
#3133=ORIENTED_EDGE('',*,*,#5393,.F.);
#3134=ORIENTED_EDGE('',*,*,#5394,.T.);
#3135=ORIENTED_EDGE('',*,*,#5390,.T.);
#3136=ORIENTED_EDGE('',*,*,#4678,.F.);
#3137=ORIENTED_EDGE('',*,*,#5395,.F.);
#3138=ORIENTED_EDGE('',*,*,#5396,.T.);
#3139=ORIENTED_EDGE('',*,*,#5393,.T.);
#3140=ORIENTED_EDGE('',*,*,#4677,.F.);
#3141=ORIENTED_EDGE('',*,*,#5397,.F.);
#3142=ORIENTED_EDGE('',*,*,#5398,.T.);
#3143=ORIENTED_EDGE('',*,*,#5395,.T.);
#3144=ORIENTED_EDGE('',*,*,#4676,.F.);
#3145=ORIENTED_EDGE('',*,*,#5399,.F.);
#3146=ORIENTED_EDGE('',*,*,#5400,.T.);
#3147=ORIENTED_EDGE('',*,*,#5397,.T.);
#3148=ORIENTED_EDGE('',*,*,#4675,.F.);
#3149=ORIENTED_EDGE('',*,*,#5401,.F.);
#3150=ORIENTED_EDGE('',*,*,#5402,.T.);
#3151=ORIENTED_EDGE('',*,*,#5399,.T.);
#3152=ORIENTED_EDGE('',*,*,#4674,.F.);
#3153=ORIENTED_EDGE('',*,*,#5403,.F.);
#3154=ORIENTED_EDGE('',*,*,#5404,.T.);
#3155=ORIENTED_EDGE('',*,*,#5401,.T.);
#3156=ORIENTED_EDGE('',*,*,#4673,.F.);
#3157=ORIENTED_EDGE('',*,*,#5405,.F.);
#3158=ORIENTED_EDGE('',*,*,#5406,.T.);
#3159=ORIENTED_EDGE('',*,*,#5403,.T.);
#3160=ORIENTED_EDGE('',*,*,#4672,.F.);
#3161=ORIENTED_EDGE('',*,*,#5407,.F.);
#3162=ORIENTED_EDGE('',*,*,#5408,.T.);
#3163=ORIENTED_EDGE('',*,*,#5405,.T.);
#3164=ORIENTED_EDGE('',*,*,#4671,.F.);
#3165=ORIENTED_EDGE('',*,*,#5392,.F.);
#3166=ORIENTED_EDGE('',*,*,#5409,.T.);
#3167=ORIENTED_EDGE('',*,*,#5407,.T.);
#3168=ORIENTED_EDGE('',*,*,#5391,.F.);
#3169=ORIENTED_EDGE('',*,*,#5394,.F.);
#3170=ORIENTED_EDGE('',*,*,#5396,.F.);
#3171=ORIENTED_EDGE('',*,*,#5398,.F.);
#3172=ORIENTED_EDGE('',*,*,#5400,.F.);
#3173=ORIENTED_EDGE('',*,*,#5402,.F.);
#3174=ORIENTED_EDGE('',*,*,#5404,.F.);
#3175=ORIENTED_EDGE('',*,*,#5406,.F.);
#3176=ORIENTED_EDGE('',*,*,#5408,.F.);
#3177=ORIENTED_EDGE('',*,*,#5409,.F.);
#3178=ORIENTED_EDGE('',*,*,#4707,.F.);
#3179=ORIENTED_EDGE('',*,*,#5410,.F.);
#3180=ORIENTED_EDGE('',*,*,#5411,.T.);
#3181=ORIENTED_EDGE('',*,*,#5412,.T.);
#3182=ORIENTED_EDGE('',*,*,#4716,.F.);
#3183=ORIENTED_EDGE('',*,*,#5413,.F.);
#3184=ORIENTED_EDGE('',*,*,#5414,.T.);
#3185=ORIENTED_EDGE('',*,*,#5410,.T.);
#3186=ORIENTED_EDGE('',*,*,#4715,.F.);
#3187=ORIENTED_EDGE('',*,*,#5415,.F.);
#3188=ORIENTED_EDGE('',*,*,#5416,.T.);
#3189=ORIENTED_EDGE('',*,*,#5413,.T.);
#3190=ORIENTED_EDGE('',*,*,#4714,.F.);
#3191=ORIENTED_EDGE('',*,*,#5417,.F.);
#3192=ORIENTED_EDGE('',*,*,#5418,.T.);
#3193=ORIENTED_EDGE('',*,*,#5415,.T.);
#3194=ORIENTED_EDGE('',*,*,#4713,.F.);
#3195=ORIENTED_EDGE('',*,*,#5419,.F.);
#3196=ORIENTED_EDGE('',*,*,#5420,.T.);
#3197=ORIENTED_EDGE('',*,*,#5417,.T.);
#3198=ORIENTED_EDGE('',*,*,#4712,.F.);
#3199=ORIENTED_EDGE('',*,*,#5421,.F.);
#3200=ORIENTED_EDGE('',*,*,#5422,.T.);
#3201=ORIENTED_EDGE('',*,*,#5419,.T.);
#3202=ORIENTED_EDGE('',*,*,#4711,.F.);
#3203=ORIENTED_EDGE('',*,*,#5423,.F.);
#3204=ORIENTED_EDGE('',*,*,#5424,.T.);
#3205=ORIENTED_EDGE('',*,*,#5421,.T.);
#3206=ORIENTED_EDGE('',*,*,#4710,.F.);
#3207=ORIENTED_EDGE('',*,*,#5425,.F.);
#3208=ORIENTED_EDGE('',*,*,#5426,.T.);
#3209=ORIENTED_EDGE('',*,*,#5423,.T.);
#3210=ORIENTED_EDGE('',*,*,#4709,.F.);
#3211=ORIENTED_EDGE('',*,*,#5427,.F.);
#3212=ORIENTED_EDGE('',*,*,#5428,.T.);
#3213=ORIENTED_EDGE('',*,*,#5425,.T.);
#3214=ORIENTED_EDGE('',*,*,#4708,.F.);
#3215=ORIENTED_EDGE('',*,*,#5412,.F.);
#3216=ORIENTED_EDGE('',*,*,#5429,.T.);
#3217=ORIENTED_EDGE('',*,*,#5427,.T.);
#3218=ORIENTED_EDGE('',*,*,#5411,.F.);
#3219=ORIENTED_EDGE('',*,*,#5414,.F.);
#3220=ORIENTED_EDGE('',*,*,#5416,.F.);
#3221=ORIENTED_EDGE('',*,*,#5418,.F.);
#3222=ORIENTED_EDGE('',*,*,#5420,.F.);
#3223=ORIENTED_EDGE('',*,*,#5422,.F.);
#3224=ORIENTED_EDGE('',*,*,#5424,.F.);
#3225=ORIENTED_EDGE('',*,*,#5426,.F.);
#3226=ORIENTED_EDGE('',*,*,#5428,.F.);
#3227=ORIENTED_EDGE('',*,*,#5429,.F.);
#3228=ORIENTED_EDGE('',*,*,#5306,.T.);
#3229=ORIENTED_EDGE('',*,*,#5362,.T.);
#3230=ORIENTED_EDGE('',*,*,#5331,.T.);
#3231=ORIENTED_EDGE('',*,*,#5328,.T.);
#3232=ORIENTED_EDGE('',*,*,#5325,.T.);
#3233=ORIENTED_EDGE('',*,*,#5322,.T.);
#3234=ORIENTED_EDGE('',*,*,#5319,.T.);
#3235=ORIENTED_EDGE('',*,*,#5316,.T.);
#3236=ORIENTED_EDGE('',*,*,#5313,.T.);
#3237=ORIENTED_EDGE('',*,*,#5310,.T.);
#3238=ORIENTED_EDGE('',*,*,#5430,.T.);
#3239=ORIENTED_EDGE('',*,*,#5431,.T.);
#3240=ORIENTED_EDGE('',*,*,#5432,.F.);
#3241=ORIENTED_EDGE('',*,*,#4984,.T.);
#3242=ORIENTED_EDGE('',*,*,#5432,.T.);
#3243=ORIENTED_EDGE('',*,*,#5433,.T.);
#3244=ORIENTED_EDGE('',*,*,#5434,.F.);
#3245=ORIENTED_EDGE('',*,*,#4985,.T.);
#3246=ORIENTED_EDGE('',*,*,#5434,.T.);
#3247=ORIENTED_EDGE('',*,*,#5435,.T.);
#3248=ORIENTED_EDGE('',*,*,#5436,.F.);
#3249=ORIENTED_EDGE('',*,*,#4986,.F.);
#3250=ORIENTED_EDGE('',*,*,#5436,.T.);
#3251=ORIENTED_EDGE('',*,*,#5437,.T.);
#3252=ORIENTED_EDGE('',*,*,#5438,.F.);
#3253=ORIENTED_EDGE('',*,*,#4987,.T.);
#3254=ORIENTED_EDGE('',*,*,#5438,.T.);
#3255=ORIENTED_EDGE('',*,*,#5439,.T.);
#3256=ORIENTED_EDGE('',*,*,#5440,.F.);
#3257=ORIENTED_EDGE('',*,*,#4988,.F.);
#3258=ORIENTED_EDGE('',*,*,#5440,.T.);
#3259=ORIENTED_EDGE('',*,*,#5441,.T.);
#3260=ORIENTED_EDGE('',*,*,#5442,.F.);
#3261=ORIENTED_EDGE('',*,*,#4989,.T.);
#3262=ORIENTED_EDGE('',*,*,#5442,.T.);
#3263=ORIENTED_EDGE('',*,*,#5443,.T.);
#3264=ORIENTED_EDGE('',*,*,#5444,.F.);
#3265=ORIENTED_EDGE('',*,*,#4990,.T.);
#3266=ORIENTED_EDGE('',*,*,#5444,.T.);
#3267=ORIENTED_EDGE('',*,*,#5445,.T.);
#3268=ORIENTED_EDGE('',*,*,#5430,.F.);
#3269=ORIENTED_EDGE('',*,*,#4991,.T.);
#3270=ORIENTED_EDGE('',*,*,#4937,.F.);
#3271=ORIENTED_EDGE('',*,*,#5446,.F.);
#3272=ORIENTED_EDGE('',*,*,#5447,.T.);
#3273=ORIENTED_EDGE('',*,*,#5448,.T.);
#3274=ORIENTED_EDGE('',*,*,#4946,.F.);
#3275=ORIENTED_EDGE('',*,*,#5449,.F.);
#3276=ORIENTED_EDGE('',*,*,#5450,.T.);
#3277=ORIENTED_EDGE('',*,*,#5446,.T.);
#3278=ORIENTED_EDGE('',*,*,#4945,.F.);
#3279=ORIENTED_EDGE('',*,*,#5451,.F.);
#3280=ORIENTED_EDGE('',*,*,#5452,.T.);
#3281=ORIENTED_EDGE('',*,*,#5449,.T.);
#3282=ORIENTED_EDGE('',*,*,#4944,.F.);
#3283=ORIENTED_EDGE('',*,*,#5453,.F.);
#3284=ORIENTED_EDGE('',*,*,#5454,.T.);
#3285=ORIENTED_EDGE('',*,*,#5451,.T.);
#3286=ORIENTED_EDGE('',*,*,#4943,.F.);
#3287=ORIENTED_EDGE('',*,*,#5455,.F.);
#3288=ORIENTED_EDGE('',*,*,#5456,.T.);
#3289=ORIENTED_EDGE('',*,*,#5453,.T.);
#3290=ORIENTED_EDGE('',*,*,#4942,.F.);
#3291=ORIENTED_EDGE('',*,*,#5457,.F.);
#3292=ORIENTED_EDGE('',*,*,#5458,.T.);
#3293=ORIENTED_EDGE('',*,*,#5455,.T.);
#3294=ORIENTED_EDGE('',*,*,#4941,.F.);
#3295=ORIENTED_EDGE('',*,*,#5459,.F.);
#3296=ORIENTED_EDGE('',*,*,#5460,.T.);
#3297=ORIENTED_EDGE('',*,*,#5457,.T.);
#3298=ORIENTED_EDGE('',*,*,#4940,.F.);
#3299=ORIENTED_EDGE('',*,*,#5461,.F.);
#3300=ORIENTED_EDGE('',*,*,#5462,.T.);
#3301=ORIENTED_EDGE('',*,*,#5459,.T.);
#3302=ORIENTED_EDGE('',*,*,#4939,.F.);
#3303=ORIENTED_EDGE('',*,*,#5463,.F.);
#3304=ORIENTED_EDGE('',*,*,#5464,.T.);
#3305=ORIENTED_EDGE('',*,*,#5461,.T.);
#3306=ORIENTED_EDGE('',*,*,#4938,.F.);
#3307=ORIENTED_EDGE('',*,*,#5448,.F.);
#3308=ORIENTED_EDGE('',*,*,#5465,.T.);
#3309=ORIENTED_EDGE('',*,*,#5463,.T.);
#3310=ORIENTED_EDGE('',*,*,#5447,.F.);
#3311=ORIENTED_EDGE('',*,*,#5450,.F.);
#3312=ORIENTED_EDGE('',*,*,#5452,.F.);
#3313=ORIENTED_EDGE('',*,*,#5454,.F.);
#3314=ORIENTED_EDGE('',*,*,#5456,.F.);
#3315=ORIENTED_EDGE('',*,*,#5458,.F.);
#3316=ORIENTED_EDGE('',*,*,#5460,.F.);
#3317=ORIENTED_EDGE('',*,*,#5462,.F.);
#3318=ORIENTED_EDGE('',*,*,#5464,.F.);
#3319=ORIENTED_EDGE('',*,*,#5465,.F.);
#3320=ORIENTED_EDGE('',*,*,#5466,.F.);
#3321=ORIENTED_EDGE('',*,*,#5467,.F.);
#3322=ORIENTED_EDGE('',*,*,#5468,.T.);
#3323=ORIENTED_EDGE('',*,*,#5469,.T.);
#3324=ORIENTED_EDGE('',*,*,#5470,.F.);
#3325=ORIENTED_EDGE('',*,*,#5471,.F.);
#3326=ORIENTED_EDGE('',*,*,#5472,.T.);
#3327=ORIENTED_EDGE('',*,*,#5467,.T.);
#3328=ORIENTED_EDGE('',*,*,#5473,.F.);
#3329=ORIENTED_EDGE('',*,*,#5474,.F.);
#3330=ORIENTED_EDGE('',*,*,#5475,.T.);
#3331=ORIENTED_EDGE('',*,*,#5471,.T.);
#3332=ORIENTED_EDGE('',*,*,#5476,.F.);
#3333=ORIENTED_EDGE('',*,*,#5477,.F.);
#3334=ORIENTED_EDGE('',*,*,#5478,.T.);
#3335=ORIENTED_EDGE('',*,*,#5474,.T.);
#3336=ORIENTED_EDGE('',*,*,#5479,.F.);
#3337=ORIENTED_EDGE('',*,*,#5480,.F.);
#3338=ORIENTED_EDGE('',*,*,#5481,.T.);
#3339=ORIENTED_EDGE('',*,*,#5477,.T.);
#3340=ORIENTED_EDGE('',*,*,#5482,.F.);
#3341=ORIENTED_EDGE('',*,*,#5483,.F.);
#3342=ORIENTED_EDGE('',*,*,#5484,.T.);
#3343=ORIENTED_EDGE('',*,*,#5480,.T.);
#3344=ORIENTED_EDGE('',*,*,#5485,.F.);
#3345=ORIENTED_EDGE('',*,*,#5486,.F.);
#3346=ORIENTED_EDGE('',*,*,#5487,.T.);
#3347=ORIENTED_EDGE('',*,*,#5483,.T.);
#3348=ORIENTED_EDGE('',*,*,#5488,.F.);
#3349=ORIENTED_EDGE('',*,*,#5489,.F.);
#3350=ORIENTED_EDGE('',*,*,#5490,.T.);
#3351=ORIENTED_EDGE('',*,*,#5486,.T.);
#3352=ORIENTED_EDGE('',*,*,#5491,.F.);
#3353=ORIENTED_EDGE('',*,*,#5492,.F.);
#3354=ORIENTED_EDGE('',*,*,#5493,.T.);
#3355=ORIENTED_EDGE('',*,*,#5489,.T.);
#3356=ORIENTED_EDGE('',*,*,#4917,.F.);
#3357=ORIENTED_EDGE('',*,*,#5494,.F.);
#3358=ORIENTED_EDGE('',*,*,#5495,.T.);
#3359=ORIENTED_EDGE('',*,*,#5496,.T.);
#3360=ORIENTED_EDGE('',*,*,#4930,.F.);
#3361=ORIENTED_EDGE('',*,*,#5497,.F.);
#3362=ORIENTED_EDGE('',*,*,#5498,.T.);
#3363=ORIENTED_EDGE('',*,*,#5494,.T.);
#3364=ORIENTED_EDGE('',*,*,#4929,.F.);
#3365=ORIENTED_EDGE('',*,*,#5499,.F.);
#3366=ORIENTED_EDGE('',*,*,#5500,.T.);
#3367=ORIENTED_EDGE('',*,*,#5497,.T.);
#3368=ORIENTED_EDGE('',*,*,#4928,.F.);
#3369=ORIENTED_EDGE('',*,*,#5501,.F.);
#3370=ORIENTED_EDGE('',*,*,#5502,.T.);
#3371=ORIENTED_EDGE('',*,*,#5499,.T.);
#3372=ORIENTED_EDGE('',*,*,#4927,.F.);
#3373=ORIENTED_EDGE('',*,*,#5503,.F.);
#3374=ORIENTED_EDGE('',*,*,#5504,.T.);
#3375=ORIENTED_EDGE('',*,*,#5501,.T.);
#3376=ORIENTED_EDGE('',*,*,#4926,.F.);
#3377=ORIENTED_EDGE('',*,*,#5505,.F.);
#3378=ORIENTED_EDGE('',*,*,#5506,.T.);
#3379=ORIENTED_EDGE('',*,*,#5503,.T.);
#3380=ORIENTED_EDGE('',*,*,#4925,.F.);
#3381=ORIENTED_EDGE('',*,*,#5507,.F.);
#3382=ORIENTED_EDGE('',*,*,#5508,.T.);
#3383=ORIENTED_EDGE('',*,*,#5505,.T.);
#3384=ORIENTED_EDGE('',*,*,#4924,.F.);
#3385=ORIENTED_EDGE('',*,*,#5509,.F.);
#3386=ORIENTED_EDGE('',*,*,#5510,.T.);
#3387=ORIENTED_EDGE('',*,*,#5507,.T.);
#3388=ORIENTED_EDGE('',*,*,#4923,.F.);
#3389=ORIENTED_EDGE('',*,*,#5511,.F.);
#3390=ORIENTED_EDGE('',*,*,#5512,.T.);
#3391=ORIENTED_EDGE('',*,*,#5509,.T.);
#3392=ORIENTED_EDGE('',*,*,#4922,.F.);
#3393=ORIENTED_EDGE('',*,*,#5513,.F.);
#3394=ORIENTED_EDGE('',*,*,#5514,.T.);
#3395=ORIENTED_EDGE('',*,*,#5511,.T.);
#3396=ORIENTED_EDGE('',*,*,#4921,.F.);
#3397=ORIENTED_EDGE('',*,*,#5515,.F.);
#3398=ORIENTED_EDGE('',*,*,#5516,.T.);
#3399=ORIENTED_EDGE('',*,*,#5513,.T.);
#3400=ORIENTED_EDGE('',*,*,#4920,.F.);
#3401=ORIENTED_EDGE('',*,*,#5517,.F.);
#3402=ORIENTED_EDGE('',*,*,#5518,.T.);
#3403=ORIENTED_EDGE('',*,*,#5515,.T.);
#3404=ORIENTED_EDGE('',*,*,#4919,.F.);
#3405=ORIENTED_EDGE('',*,*,#5519,.F.);
#3406=ORIENTED_EDGE('',*,*,#5520,.T.);
#3407=ORIENTED_EDGE('',*,*,#5517,.T.);
#3408=ORIENTED_EDGE('',*,*,#4918,.F.);
#3409=ORIENTED_EDGE('',*,*,#5496,.F.);
#3410=ORIENTED_EDGE('',*,*,#5521,.T.);
#3411=ORIENTED_EDGE('',*,*,#5519,.T.);
#3412=ORIENTED_EDGE('',*,*,#5522,.F.);
#3413=ORIENTED_EDGE('',*,*,#5469,.F.);
#3414=ORIENTED_EDGE('',*,*,#5523,.T.);
#3415=ORIENTED_EDGE('',*,*,#5492,.T.);
#3416=ORIENTED_EDGE('',*,*,#5495,.F.);
#3417=ORIENTED_EDGE('',*,*,#5498,.F.);
#3418=ORIENTED_EDGE('',*,*,#5500,.F.);
#3419=ORIENTED_EDGE('',*,*,#5502,.F.);
#3420=ORIENTED_EDGE('',*,*,#5504,.F.);
#3421=ORIENTED_EDGE('',*,*,#5506,.F.);
#3422=ORIENTED_EDGE('',*,*,#5508,.F.);
#3423=ORIENTED_EDGE('',*,*,#5510,.F.);
#3424=ORIENTED_EDGE('',*,*,#5512,.F.);
#3425=ORIENTED_EDGE('',*,*,#5514,.F.);
#3426=ORIENTED_EDGE('',*,*,#5516,.F.);
#3427=ORIENTED_EDGE('',*,*,#5518,.F.);
#3428=ORIENTED_EDGE('',*,*,#5520,.F.);
#3429=ORIENTED_EDGE('',*,*,#5521,.F.);
#3430=ORIENTED_EDGE('',*,*,#5468,.F.);
#3431=ORIENTED_EDGE('',*,*,#5472,.F.);
#3432=ORIENTED_EDGE('',*,*,#5475,.F.);
#3433=ORIENTED_EDGE('',*,*,#5478,.F.);
#3434=ORIENTED_EDGE('',*,*,#5481,.F.);
#3435=ORIENTED_EDGE('',*,*,#5484,.F.);
#3436=ORIENTED_EDGE('',*,*,#5487,.F.);
#3437=ORIENTED_EDGE('',*,*,#5490,.F.);
#3438=ORIENTED_EDGE('',*,*,#5493,.F.);
#3439=ORIENTED_EDGE('',*,*,#5523,.F.);
#3440=ORIENTED_EDGE('',*,*,#5524,.F.);
#3441=ORIENTED_EDGE('',*,*,#5525,.F.);
#3442=ORIENTED_EDGE('',*,*,#5526,.T.);
#3443=ORIENTED_EDGE('',*,*,#5527,.T.);
#3444=ORIENTED_EDGE('',*,*,#5528,.F.);
#3445=ORIENTED_EDGE('',*,*,#5529,.F.);
#3446=ORIENTED_EDGE('',*,*,#5530,.T.);
#3447=ORIENTED_EDGE('',*,*,#5525,.T.);
#3448=ORIENTED_EDGE('',*,*,#5531,.F.);
#3449=ORIENTED_EDGE('',*,*,#5532,.F.);
#3450=ORIENTED_EDGE('',*,*,#5533,.T.);
#3451=ORIENTED_EDGE('',*,*,#5529,.T.);
#3452=ORIENTED_EDGE('',*,*,#5534,.F.);
#3453=ORIENTED_EDGE('',*,*,#5535,.F.);
#3454=ORIENTED_EDGE('',*,*,#5536,.T.);
#3455=ORIENTED_EDGE('',*,*,#5532,.T.);
#3456=ORIENTED_EDGE('',*,*,#5537,.F.);
#3457=ORIENTED_EDGE('',*,*,#5538,.F.);
#3458=ORIENTED_EDGE('',*,*,#5539,.T.);
#3459=ORIENTED_EDGE('',*,*,#5535,.T.);
#3460=ORIENTED_EDGE('',*,*,#5540,.F.);
#3461=ORIENTED_EDGE('',*,*,#5541,.F.);
#3462=ORIENTED_EDGE('',*,*,#5542,.T.);
#3463=ORIENTED_EDGE('',*,*,#5538,.T.);
#3464=ORIENTED_EDGE('',*,*,#5543,.F.);
#3465=ORIENTED_EDGE('',*,*,#5544,.F.);
#3466=ORIENTED_EDGE('',*,*,#5545,.T.);
#3467=ORIENTED_EDGE('',*,*,#5541,.T.);
#3468=ORIENTED_EDGE('',*,*,#5546,.F.);
#3469=ORIENTED_EDGE('',*,*,#5547,.F.);
#3470=ORIENTED_EDGE('',*,*,#5548,.T.);
#3471=ORIENTED_EDGE('',*,*,#5544,.T.);
#3472=ORIENTED_EDGE('',*,*,#5549,.F.);
#3473=ORIENTED_EDGE('',*,*,#5550,.F.);
#3474=ORIENTED_EDGE('',*,*,#5551,.T.);
#3475=ORIENTED_EDGE('',*,*,#5547,.T.);
#3476=ORIENTED_EDGE('',*,*,#4947,.F.);
#3477=ORIENTED_EDGE('',*,*,#5552,.F.);
#3478=ORIENTED_EDGE('',*,*,#5553,.T.);
#3479=ORIENTED_EDGE('',*,*,#5554,.T.);
#3480=ORIENTED_EDGE('',*,*,#4960,.F.);
#3481=ORIENTED_EDGE('',*,*,#5555,.F.);
#3482=ORIENTED_EDGE('',*,*,#5556,.T.);
#3483=ORIENTED_EDGE('',*,*,#5552,.T.);
#3484=ORIENTED_EDGE('',*,*,#4959,.F.);
#3485=ORIENTED_EDGE('',*,*,#5557,.F.);
#3486=ORIENTED_EDGE('',*,*,#5558,.T.);
#3487=ORIENTED_EDGE('',*,*,#5555,.T.);
#3488=ORIENTED_EDGE('',*,*,#4958,.F.);
#3489=ORIENTED_EDGE('',*,*,#5559,.F.);
#3490=ORIENTED_EDGE('',*,*,#5560,.T.);
#3491=ORIENTED_EDGE('',*,*,#5557,.T.);
#3492=ORIENTED_EDGE('',*,*,#4957,.F.);
#3493=ORIENTED_EDGE('',*,*,#5561,.F.);
#3494=ORIENTED_EDGE('',*,*,#5562,.T.);
#3495=ORIENTED_EDGE('',*,*,#5559,.T.);
#3496=ORIENTED_EDGE('',*,*,#4956,.F.);
#3497=ORIENTED_EDGE('',*,*,#5563,.F.);
#3498=ORIENTED_EDGE('',*,*,#5564,.T.);
#3499=ORIENTED_EDGE('',*,*,#5561,.T.);
#3500=ORIENTED_EDGE('',*,*,#4955,.F.);
#3501=ORIENTED_EDGE('',*,*,#5565,.F.);
#3502=ORIENTED_EDGE('',*,*,#5566,.T.);
#3503=ORIENTED_EDGE('',*,*,#5563,.T.);
#3504=ORIENTED_EDGE('',*,*,#4954,.F.);
#3505=ORIENTED_EDGE('',*,*,#5567,.F.);
#3506=ORIENTED_EDGE('',*,*,#5568,.T.);
#3507=ORIENTED_EDGE('',*,*,#5565,.T.);
#3508=ORIENTED_EDGE('',*,*,#4953,.F.);
#3509=ORIENTED_EDGE('',*,*,#5569,.F.);
#3510=ORIENTED_EDGE('',*,*,#5570,.T.);
#3511=ORIENTED_EDGE('',*,*,#5567,.T.);
#3512=ORIENTED_EDGE('',*,*,#4952,.F.);
#3513=ORIENTED_EDGE('',*,*,#5571,.F.);
#3514=ORIENTED_EDGE('',*,*,#5572,.T.);
#3515=ORIENTED_EDGE('',*,*,#5569,.T.);
#3516=ORIENTED_EDGE('',*,*,#4951,.F.);
#3517=ORIENTED_EDGE('',*,*,#5573,.F.);
#3518=ORIENTED_EDGE('',*,*,#5574,.T.);
#3519=ORIENTED_EDGE('',*,*,#5571,.T.);
#3520=ORIENTED_EDGE('',*,*,#4950,.F.);
#3521=ORIENTED_EDGE('',*,*,#5575,.F.);
#3522=ORIENTED_EDGE('',*,*,#5576,.T.);
#3523=ORIENTED_EDGE('',*,*,#5573,.T.);
#3524=ORIENTED_EDGE('',*,*,#4949,.F.);
#3525=ORIENTED_EDGE('',*,*,#5577,.F.);
#3526=ORIENTED_EDGE('',*,*,#5578,.T.);
#3527=ORIENTED_EDGE('',*,*,#5575,.T.);
#3528=ORIENTED_EDGE('',*,*,#4948,.F.);
#3529=ORIENTED_EDGE('',*,*,#5554,.F.);
#3530=ORIENTED_EDGE('',*,*,#5579,.T.);
#3531=ORIENTED_EDGE('',*,*,#5577,.T.);
#3532=ORIENTED_EDGE('',*,*,#5580,.F.);
#3533=ORIENTED_EDGE('',*,*,#5527,.F.);
#3534=ORIENTED_EDGE('',*,*,#5581,.T.);
#3535=ORIENTED_EDGE('',*,*,#5550,.T.);
#3536=ORIENTED_EDGE('',*,*,#5553,.F.);
#3537=ORIENTED_EDGE('',*,*,#5556,.F.);
#3538=ORIENTED_EDGE('',*,*,#5558,.F.);
#3539=ORIENTED_EDGE('',*,*,#5560,.F.);
#3540=ORIENTED_EDGE('',*,*,#5562,.F.);
#3541=ORIENTED_EDGE('',*,*,#5564,.F.);
#3542=ORIENTED_EDGE('',*,*,#5566,.F.);
#3543=ORIENTED_EDGE('',*,*,#5568,.F.);
#3544=ORIENTED_EDGE('',*,*,#5570,.F.);
#3545=ORIENTED_EDGE('',*,*,#5572,.F.);
#3546=ORIENTED_EDGE('',*,*,#5574,.F.);
#3547=ORIENTED_EDGE('',*,*,#5576,.F.);
#3548=ORIENTED_EDGE('',*,*,#5578,.F.);
#3549=ORIENTED_EDGE('',*,*,#5579,.F.);
#3550=ORIENTED_EDGE('',*,*,#5526,.F.);
#3551=ORIENTED_EDGE('',*,*,#5530,.F.);
#3552=ORIENTED_EDGE('',*,*,#5533,.F.);
#3553=ORIENTED_EDGE('',*,*,#5536,.F.);
#3554=ORIENTED_EDGE('',*,*,#5539,.F.);
#3555=ORIENTED_EDGE('',*,*,#5542,.F.);
#3556=ORIENTED_EDGE('',*,*,#5545,.F.);
#3557=ORIENTED_EDGE('',*,*,#5548,.F.);
#3558=ORIENTED_EDGE('',*,*,#5551,.F.);
#3559=ORIENTED_EDGE('',*,*,#5581,.F.);
#3560=ORIENTED_EDGE('',*,*,#4907,.F.);
#3561=ORIENTED_EDGE('',*,*,#5582,.F.);
#3562=ORIENTED_EDGE('',*,*,#5583,.T.);
#3563=ORIENTED_EDGE('',*,*,#5584,.T.);
#3564=ORIENTED_EDGE('',*,*,#4916,.F.);
#3565=ORIENTED_EDGE('',*,*,#5585,.F.);
#3566=ORIENTED_EDGE('',*,*,#5586,.T.);
#3567=ORIENTED_EDGE('',*,*,#5582,.T.);
#3568=ORIENTED_EDGE('',*,*,#4915,.F.);
#3569=ORIENTED_EDGE('',*,*,#5587,.F.);
#3570=ORIENTED_EDGE('',*,*,#5588,.T.);
#3571=ORIENTED_EDGE('',*,*,#5585,.T.);
#3572=ORIENTED_EDGE('',*,*,#4914,.F.);
#3573=ORIENTED_EDGE('',*,*,#5589,.F.);
#3574=ORIENTED_EDGE('',*,*,#5590,.T.);
#3575=ORIENTED_EDGE('',*,*,#5587,.T.);
#3576=ORIENTED_EDGE('',*,*,#4913,.F.);
#3577=ORIENTED_EDGE('',*,*,#5591,.F.);
#3578=ORIENTED_EDGE('',*,*,#5592,.T.);
#3579=ORIENTED_EDGE('',*,*,#5589,.T.);
#3580=ORIENTED_EDGE('',*,*,#4912,.F.);
#3581=ORIENTED_EDGE('',*,*,#5593,.F.);
#3582=ORIENTED_EDGE('',*,*,#5594,.T.);
#3583=ORIENTED_EDGE('',*,*,#5591,.T.);
#3584=ORIENTED_EDGE('',*,*,#4911,.F.);
#3585=ORIENTED_EDGE('',*,*,#5595,.F.);
#3586=ORIENTED_EDGE('',*,*,#5596,.T.);
#3587=ORIENTED_EDGE('',*,*,#5593,.T.);
#3588=ORIENTED_EDGE('',*,*,#4910,.F.);
#3589=ORIENTED_EDGE('',*,*,#5597,.F.);
#3590=ORIENTED_EDGE('',*,*,#5598,.T.);
#3591=ORIENTED_EDGE('',*,*,#5595,.T.);
#3592=ORIENTED_EDGE('',*,*,#4909,.F.);
#3593=ORIENTED_EDGE('',*,*,#5599,.F.);
#3594=ORIENTED_EDGE('',*,*,#5600,.T.);
#3595=ORIENTED_EDGE('',*,*,#5597,.T.);
#3596=ORIENTED_EDGE('',*,*,#4908,.F.);
#3597=ORIENTED_EDGE('',*,*,#5584,.F.);
#3598=ORIENTED_EDGE('',*,*,#5601,.T.);
#3599=ORIENTED_EDGE('',*,*,#5599,.T.);
#3600=ORIENTED_EDGE('',*,*,#5583,.F.);
#3601=ORIENTED_EDGE('',*,*,#5586,.F.);
#3602=ORIENTED_EDGE('',*,*,#5588,.F.);
#3603=ORIENTED_EDGE('',*,*,#5590,.F.);
#3604=ORIENTED_EDGE('',*,*,#5592,.F.);
#3605=ORIENTED_EDGE('',*,*,#5594,.F.);
#3606=ORIENTED_EDGE('',*,*,#5596,.F.);
#3607=ORIENTED_EDGE('',*,*,#5598,.F.);
#3608=ORIENTED_EDGE('',*,*,#5600,.F.);
#3609=ORIENTED_EDGE('',*,*,#5601,.F.);
#3610=ORIENTED_EDGE('',*,*,#4961,.F.);
#3611=ORIENTED_EDGE('',*,*,#5602,.F.);
#3612=ORIENTED_EDGE('',*,*,#5603,.T.);
#3613=ORIENTED_EDGE('',*,*,#5604,.T.);
#3614=ORIENTED_EDGE('',*,*,#4970,.F.);
#3615=ORIENTED_EDGE('',*,*,#5605,.F.);
#3616=ORIENTED_EDGE('',*,*,#5606,.T.);
#3617=ORIENTED_EDGE('',*,*,#5602,.T.);
#3618=ORIENTED_EDGE('',*,*,#4969,.F.);
#3619=ORIENTED_EDGE('',*,*,#5607,.F.);
#3620=ORIENTED_EDGE('',*,*,#5608,.T.);
#3621=ORIENTED_EDGE('',*,*,#5605,.T.);
#3622=ORIENTED_EDGE('',*,*,#4968,.F.);
#3623=ORIENTED_EDGE('',*,*,#5609,.F.);
#3624=ORIENTED_EDGE('',*,*,#5610,.T.);
#3625=ORIENTED_EDGE('',*,*,#5607,.T.);
#3626=ORIENTED_EDGE('',*,*,#4967,.F.);
#3627=ORIENTED_EDGE('',*,*,#5611,.F.);
#3628=ORIENTED_EDGE('',*,*,#5612,.T.);
#3629=ORIENTED_EDGE('',*,*,#5609,.T.);
#3630=ORIENTED_EDGE('',*,*,#4966,.F.);
#3631=ORIENTED_EDGE('',*,*,#5613,.F.);
#3632=ORIENTED_EDGE('',*,*,#5614,.T.);
#3633=ORIENTED_EDGE('',*,*,#5611,.T.);
#3634=ORIENTED_EDGE('',*,*,#4965,.F.);
#3635=ORIENTED_EDGE('',*,*,#5615,.F.);
#3636=ORIENTED_EDGE('',*,*,#5616,.T.);
#3637=ORIENTED_EDGE('',*,*,#5613,.T.);
#3638=ORIENTED_EDGE('',*,*,#4964,.F.);
#3639=ORIENTED_EDGE('',*,*,#5617,.F.);
#3640=ORIENTED_EDGE('',*,*,#5618,.T.);
#3641=ORIENTED_EDGE('',*,*,#5615,.T.);
#3642=ORIENTED_EDGE('',*,*,#4963,.F.);
#3643=ORIENTED_EDGE('',*,*,#5619,.F.);
#3644=ORIENTED_EDGE('',*,*,#5620,.T.);
#3645=ORIENTED_EDGE('',*,*,#5617,.T.);
#3646=ORIENTED_EDGE('',*,*,#4962,.F.);
#3647=ORIENTED_EDGE('',*,*,#5604,.F.);
#3648=ORIENTED_EDGE('',*,*,#5621,.T.);
#3649=ORIENTED_EDGE('',*,*,#5619,.T.);
#3650=ORIENTED_EDGE('',*,*,#5603,.F.);
#3651=ORIENTED_EDGE('',*,*,#5606,.F.);
#3652=ORIENTED_EDGE('',*,*,#5608,.F.);
#3653=ORIENTED_EDGE('',*,*,#5610,.F.);
#3654=ORIENTED_EDGE('',*,*,#5612,.F.);
#3655=ORIENTED_EDGE('',*,*,#5614,.F.);
#3656=ORIENTED_EDGE('',*,*,#5616,.F.);
#3657=ORIENTED_EDGE('',*,*,#5618,.F.);
#3658=ORIENTED_EDGE('',*,*,#5620,.F.);
#3659=ORIENTED_EDGE('',*,*,#5621,.F.);
#3660=ORIENTED_EDGE('',*,*,#5466,.T.);
#3661=ORIENTED_EDGE('',*,*,#5522,.T.);
#3662=ORIENTED_EDGE('',*,*,#5491,.T.);
#3663=ORIENTED_EDGE('',*,*,#5488,.T.);
#3664=ORIENTED_EDGE('',*,*,#5485,.T.);
#3665=ORIENTED_EDGE('',*,*,#5482,.T.);
#3666=ORIENTED_EDGE('',*,*,#5479,.T.);
#3667=ORIENTED_EDGE('',*,*,#5476,.T.);
#3668=ORIENTED_EDGE('',*,*,#5473,.T.);
#3669=ORIENTED_EDGE('',*,*,#5470,.T.);
#3670=ORIENTED_EDGE('',*,*,#5524,.T.);
#3671=ORIENTED_EDGE('',*,*,#5580,.T.);
#3672=ORIENTED_EDGE('',*,*,#5549,.T.);
#3673=ORIENTED_EDGE('',*,*,#5546,.T.);
#3674=ORIENTED_EDGE('',*,*,#5543,.T.);
#3675=ORIENTED_EDGE('',*,*,#5540,.T.);
#3676=ORIENTED_EDGE('',*,*,#5537,.T.);
#3677=ORIENTED_EDGE('',*,*,#5534,.T.);
#3678=ORIENTED_EDGE('',*,*,#5531,.T.);
#3679=ORIENTED_EDGE('',*,*,#5528,.T.);
#3680=ORIENTED_EDGE('',*,*,#5622,.T.);
#3681=ORIENTED_EDGE('',*,*,#5623,.T.);
#3682=ORIENTED_EDGE('',*,*,#5624,.T.);
#3683=ORIENTED_EDGE('',*,*,#5625,.F.);
#3684=ORIENTED_EDGE('',*,*,#5626,.F.);
#3685=ORIENTED_EDGE('',*,*,#4856,.F.);
#3686=ORIENTED_EDGE('',*,*,#5021,.T.);
#3687=ORIENTED_EDGE('',*,*,#4980,.T.);
#3688=ORIENTED_EDGE('',*,*,#5627,.F.);
#3689=ORIENTED_EDGE('',*,*,#5628,.F.);
#3690=ORIENTED_EDGE('',*,*,#5629,.F.);
#3691=ORIENTED_EDGE('',*,*,#5019,.T.);
#3692=ORIENTED_EDGE('',*,*,#5629,.T.);
#3693=ORIENTED_EDGE('',*,*,#5630,.T.);
#3694=ORIENTED_EDGE('',*,*,#5624,.F.);
#3695=ORIENTED_EDGE('',*,*,#5020,.F.);
#3696=ORIENTED_EDGE('',*,*,#5050,.T.);
#3697=ORIENTED_EDGE('',*,*,#5631,.F.);
#3698=ORIENTED_EDGE('',*,*,#5632,.F.);
#3699=ORIENTED_EDGE('',*,*,#5633,.F.);
#3700=ORIENTED_EDGE('',*,*,#5005,.T.);
#3701=ORIENTED_EDGE('',*,*,#5634,.T.);
#3702=ORIENTED_EDGE('',*,*,#5635,.F.);
#3703=ORIENTED_EDGE('',*,*,#5636,.F.);
#3704=ORIENTED_EDGE('',*,*,#4870,.F.);
#3705=ORIENTED_EDGE('',*,*,#5007,.T.);
#3706=ORIENTED_EDGE('',*,*,#5633,.T.);
#3707=ORIENTED_EDGE('',*,*,#5637,.T.);
#3708=ORIENTED_EDGE('',*,*,#5634,.F.);
#3709=ORIENTED_EDGE('',*,*,#5006,.F.);
#3710=ORIENTED_EDGE('',*,*,#5638,.T.);
#3711=ORIENTED_EDGE('',*,*,#5639,.F.);
#3712=ORIENTED_EDGE('',*,*,#5640,.F.);
#3713=ORIENTED_EDGE('',*,*,#5045,.F.);
#3714=ORIENTED_EDGE('',*,*,#5016,.T.);
#3715=ORIENTED_EDGE('',*,*,#4861,.T.);
#3716=ORIENTED_EDGE('',*,*,#5641,.F.);
#3717=ORIENTED_EDGE('',*,*,#5642,.F.);
#3718=ORIENTED_EDGE('',*,*,#5643,.F.);
#3719=ORIENTED_EDGE('',*,*,#5014,.T.);
#3720=ORIENTED_EDGE('',*,*,#5643,.T.);
#3721=ORIENTED_EDGE('',*,*,#5644,.T.);
#3722=ORIENTED_EDGE('',*,*,#5638,.F.);
#3723=ORIENTED_EDGE('',*,*,#5015,.F.);
#3724=ORIENTED_EDGE('',*,*,#5645,.T.);
#3725=ORIENTED_EDGE('',*,*,#5646,.F.);
#3726=ORIENTED_EDGE('',*,*,#5647,.F.);
#3727=ORIENTED_EDGE('',*,*,#5048,.F.);
#3728=ORIENTED_EDGE('',*,*,#5011,.T.);
#3729=ORIENTED_EDGE('',*,*,#4865,.T.);
#3730=ORIENTED_EDGE('',*,*,#5648,.F.);
#3731=ORIENTED_EDGE('',*,*,#5649,.F.);
#3732=ORIENTED_EDGE('',*,*,#5650,.F.);
#3733=ORIENTED_EDGE('',*,*,#5009,.T.);
#3734=ORIENTED_EDGE('',*,*,#5650,.T.);
#3735=ORIENTED_EDGE('',*,*,#5651,.T.);
#3736=ORIENTED_EDGE('',*,*,#5645,.F.);
#3737=ORIENTED_EDGE('',*,*,#5010,.F.);
#3738=ORIENTED_EDGE('',*,*,#4746,.F.);
#3739=ORIENTED_EDGE('',*,*,#5647,.T.);
#3740=ORIENTED_EDGE('',*,*,#5652,.F.);
#3741=ORIENTED_EDGE('',*,*,#4850,.F.);
#3742=ORIENTED_EDGE('',*,*,#5652,.T.);
#3743=ORIENTED_EDGE('',*,*,#5646,.T.);
#3744=ORIENTED_EDGE('',*,*,#5653,.F.);
#3745=ORIENTED_EDGE('',*,*,#5653,.T.);
#3746=ORIENTED_EDGE('',*,*,#5651,.F.);
#3747=ORIENTED_EDGE('',*,*,#5654,.F.);
#3748=ORIENTED_EDGE('',*,*,#4829,.F.);
#3749=ORIENTED_EDGE('',*,*,#5654,.T.);
#3750=ORIENTED_EDGE('',*,*,#5649,.T.);
#3751=ORIENTED_EDGE('',*,*,#5655,.F.);
#3752=ORIENTED_EDGE('',*,*,#5655,.T.);
#3753=ORIENTED_EDGE('',*,*,#5648,.T.);
#3754=ORIENTED_EDGE('',*,*,#4892,.F.);
#3755=ORIENTED_EDGE('',*,*,#4830,.F.);
#3756=ORIENTED_EDGE('',*,*,#5055,.F.);
#3757=ORIENTED_EDGE('',*,*,#5636,.T.);
#3758=ORIENTED_EDGE('',*,*,#5656,.F.);
#3759=ORIENTED_EDGE('',*,*,#4834,.F.);
#3760=ORIENTED_EDGE('',*,*,#5656,.T.);
#3761=ORIENTED_EDGE('',*,*,#5635,.T.);
#3762=ORIENTED_EDGE('',*,*,#5657,.F.);
#3763=ORIENTED_EDGE('',*,*,#5657,.T.);
#3764=ORIENTED_EDGE('',*,*,#5637,.F.);
#3765=ORIENTED_EDGE('',*,*,#5658,.F.);
#3766=ORIENTED_EDGE('',*,*,#4835,.F.);
#3767=ORIENTED_EDGE('',*,*,#5658,.T.);
#3768=ORIENTED_EDGE('',*,*,#5632,.T.);
#3769=ORIENTED_EDGE('',*,*,#5659,.F.);
#3770=ORIENTED_EDGE('',*,*,#5659,.T.);
#3771=ORIENTED_EDGE('',*,*,#5631,.T.);
#3772=ORIENTED_EDGE('',*,*,#4875,.F.);
#3773=ORIENTED_EDGE('',*,*,#4836,.F.);
#3774=ORIENTED_EDGE('',*,*,#4873,.F.);
#3775=ORIENTED_EDGE('',*,*,#5626,.T.);
#3776=ORIENTED_EDGE('',*,*,#5660,.F.);
#3777=ORIENTED_EDGE('',*,*,#4840,.F.);
#3778=ORIENTED_EDGE('',*,*,#5660,.T.);
#3779=ORIENTED_EDGE('',*,*,#5625,.T.);
#3780=ORIENTED_EDGE('',*,*,#5661,.F.);
#3781=ORIENTED_EDGE('',*,*,#5661,.T.);
#3782=ORIENTED_EDGE('',*,*,#5630,.F.);
#3783=ORIENTED_EDGE('',*,*,#5662,.F.);
#3784=ORIENTED_EDGE('',*,*,#4841,.F.);
#3785=ORIENTED_EDGE('',*,*,#5662,.T.);
#3786=ORIENTED_EDGE('',*,*,#5628,.T.);
#3787=ORIENTED_EDGE('',*,*,#5663,.F.);
#3788=ORIENTED_EDGE('',*,*,#5663,.T.);
#3789=ORIENTED_EDGE('',*,*,#5627,.T.);
#3790=ORIENTED_EDGE('',*,*,#5054,.F.);
#3791=ORIENTED_EDGE('',*,*,#4842,.F.);
#3792=ORIENTED_EDGE('',*,*,#4742,.F.);
#3793=ORIENTED_EDGE('',*,*,#5640,.T.);
#3794=ORIENTED_EDGE('',*,*,#5664,.F.);
#3795=ORIENTED_EDGE('',*,*,#4845,.F.);
#3796=ORIENTED_EDGE('',*,*,#5664,.T.);
#3797=ORIENTED_EDGE('',*,*,#5639,.T.);
#3798=ORIENTED_EDGE('',*,*,#5665,.F.);
#3799=ORIENTED_EDGE('',*,*,#5665,.T.);
#3800=ORIENTED_EDGE('',*,*,#5644,.F.);
#3801=ORIENTED_EDGE('',*,*,#5666,.F.);
#3802=ORIENTED_EDGE('',*,*,#4846,.F.);
#3803=ORIENTED_EDGE('',*,*,#5666,.T.);
#3804=ORIENTED_EDGE('',*,*,#5642,.T.);
#3805=ORIENTED_EDGE('',*,*,#5667,.F.);
#3806=ORIENTED_EDGE('',*,*,#5667,.T.);
#3807=ORIENTED_EDGE('',*,*,#5641,.T.);
#3808=ORIENTED_EDGE('',*,*,#4884,.F.);
#3809=ORIENTED_EDGE('',*,*,#4847,.F.);
#3810=ORIENTED_EDGE('',*,*,#5668,.T.);
#3811=ORIENTED_EDGE('',*,*,#5034,.T.);
#3812=ORIENTED_EDGE('',*,*,#5669,.T.);
#3813=ORIENTED_EDGE('',*,*,#5670,.T.);
#3814=ORIENTED_EDGE('',*,*,#4740,.F.);
#3815=ORIENTED_EDGE('',*,*,#5671,.T.);
#3816=ORIENTED_EDGE('',*,*,#4878,.T.);
#3817=ORIENTED_EDGE('',*,*,#5672,.T.);
#3818=ORIENTED_EDGE('',*,*,#5673,.T.);
#3819=ORIENTED_EDGE('',*,*,#4738,.F.);
#3820=ORIENTED_EDGE('',*,*,#5674,.T.);
#3821=ORIENTED_EDGE('',*,*,#4886,.T.);
#3822=ORIENTED_EDGE('',*,*,#5675,.T.);
#3823=ORIENTED_EDGE('',*,*,#5676,.T.);
#3824=ORIENTED_EDGE('',*,*,#4736,.F.);
#3825=ORIENTED_EDGE('',*,*,#5677,.T.);
#3826=ORIENTED_EDGE('',*,*,#5039,.T.);
#3827=ORIENTED_EDGE('',*,*,#5678,.T.);
#3828=ORIENTED_EDGE('',*,*,#5679,.T.);
#3829=ORIENTED_EDGE('',*,*,#4734,.F.);
#3830=ORIENTED_EDGE('',*,*,#4883,.F.);
#3831=ORIENTED_EDGE('',*,*,#4718,.F.);
#3832=ORIENTED_EDGE('',*,*,#4879,.F.);
#3833=ORIENTED_EDGE('',*,*,#5672,.F.);
#3834=ORIENTED_EDGE('',*,*,#5037,.F.);
#3835=ORIENTED_EDGE('',*,*,#4722,.F.);
#3836=ORIENTED_EDGE('',*,*,#5035,.F.);
#3837=ORIENTED_EDGE('',*,*,#5669,.F.);
#3838=ORIENTED_EDGE('',*,*,#4891,.F.);
#3839=ORIENTED_EDGE('',*,*,#4730,.F.);
#3840=ORIENTED_EDGE('',*,*,#4887,.F.);
#3841=ORIENTED_EDGE('',*,*,#5675,.F.);
#3842=ORIENTED_EDGE('',*,*,#5042,.F.);
#3843=ORIENTED_EDGE('',*,*,#4726,.F.);
#3844=ORIENTED_EDGE('',*,*,#5040,.F.);
#3845=ORIENTED_EDGE('',*,*,#5678,.F.);
#3846=ORIENTED_EDGE('',*,*,#5668,.F.);
#3847=ORIENTED_EDGE('',*,*,#5670,.F.);
#3848=ORIENTED_EDGE('',*,*,#5671,.F.);
#3849=ORIENTED_EDGE('',*,*,#5673,.F.);
#3850=ORIENTED_EDGE('',*,*,#5674,.F.);
#3851=ORIENTED_EDGE('',*,*,#5676,.F.);
#3852=ORIENTED_EDGE('',*,*,#5677,.F.);
#3853=ORIENTED_EDGE('',*,*,#5679,.F.);
#3854=ORIENTED_EDGE('',*,*,#5680,.F.);
#3855=ORIENTED_EDGE('',*,*,#5239,.F.);
#3856=ORIENTED_EDGE('',*,*,#5681,.F.);
#3857=ORIENTED_EDGE('',*,*,#4776,.F.);
#3858=ORIENTED_EDGE('',*,*,#5681,.T.);
#3859=ORIENTED_EDGE('',*,*,#5242,.F.);
#3860=ORIENTED_EDGE('',*,*,#5682,.F.);
#3861=ORIENTED_EDGE('',*,*,#4773,.F.);
#3862=ORIENTED_EDGE('',*,*,#5680,.T.);
#3863=ORIENTED_EDGE('',*,*,#4775,.F.);
#3864=ORIENTED_EDGE('',*,*,#5683,.F.);
#3865=ORIENTED_EDGE('',*,*,#5235,.F.);
#3866=ORIENTED_EDGE('',*,*,#5682,.T.);
#3867=ORIENTED_EDGE('',*,*,#5244,.F.);
#3868=ORIENTED_EDGE('',*,*,#5683,.T.);
#3869=ORIENTED_EDGE('',*,*,#4774,.F.);
#3870=ORIENTED_EDGE('',*,*,#5684,.F.);
#3871=ORIENTED_EDGE('',*,*,#4764,.F.);
#3872=ORIENTED_EDGE('',*,*,#5685,.F.);
#3873=ORIENTED_EDGE('',*,*,#5223,.F.);
#3874=ORIENTED_EDGE('',*,*,#5685,.T.);
#3875=ORIENTED_EDGE('',*,*,#4763,.F.);
#3876=ORIENTED_EDGE('',*,*,#5686,.F.);
#3877=ORIENTED_EDGE('',*,*,#5232,.F.);
#3878=ORIENTED_EDGE('',*,*,#5684,.T.);
#3879=ORIENTED_EDGE('',*,*,#5227,.F.);
#3880=ORIENTED_EDGE('',*,*,#5687,.F.);
#3881=ORIENTED_EDGE('',*,*,#4761,.F.);
#3882=ORIENTED_EDGE('',*,*,#5686,.T.);
#3883=ORIENTED_EDGE('',*,*,#4762,.F.);
#3884=ORIENTED_EDGE('',*,*,#5687,.T.);
#3885=ORIENTED_EDGE('',*,*,#5230,.F.);
#3886=ORIENTED_EDGE('',*,*,#5688,.F.);
#3887=ORIENTED_EDGE('',*,*,#4768,.F.);
#3888=ORIENTED_EDGE('',*,*,#5689,.F.);
#3889=ORIENTED_EDGE('',*,*,#5220,.F.);
#3890=ORIENTED_EDGE('',*,*,#5689,.T.);
#3891=ORIENTED_EDGE('',*,*,#4767,.F.);
#3892=ORIENTED_EDGE('',*,*,#5690,.F.);
#3893=ORIENTED_EDGE('',*,*,#5218,.F.);
#3894=ORIENTED_EDGE('',*,*,#5688,.T.);
#3895=ORIENTED_EDGE('',*,*,#5211,.F.);
#3896=ORIENTED_EDGE('',*,*,#5691,.F.);
#3897=ORIENTED_EDGE('',*,*,#4765,.F.);
#3898=ORIENTED_EDGE('',*,*,#5690,.T.);
#3899=ORIENTED_EDGE('',*,*,#4766,.F.);
#3900=ORIENTED_EDGE('',*,*,#5691,.T.);
#3901=ORIENTED_EDGE('',*,*,#5215,.F.);
#3902=ORIENTED_EDGE('',*,*,#5692,.F.);
#3903=ORIENTED_EDGE('',*,*,#4756,.F.);
#3904=ORIENTED_EDGE('',*,*,#5693,.F.);
#3905=ORIENTED_EDGE('',*,*,#5091,.F.);
#3906=ORIENTED_EDGE('',*,*,#5693,.T.);
#3907=ORIENTED_EDGE('',*,*,#4755,.F.);
#3908=ORIENTED_EDGE('',*,*,#5694,.F.);
#3909=ORIENTED_EDGE('',*,*,#5100,.F.);
#3910=ORIENTED_EDGE('',*,*,#5692,.T.);
#3911=ORIENTED_EDGE('',*,*,#5095,.F.);
#3912=ORIENTED_EDGE('',*,*,#5695,.F.);
#3913=ORIENTED_EDGE('',*,*,#4753,.F.);
#3914=ORIENTED_EDGE('',*,*,#5694,.T.);
#3915=ORIENTED_EDGE('',*,*,#4754,.F.);
#3916=ORIENTED_EDGE('',*,*,#5695,.T.);
#3917=ORIENTED_EDGE('',*,*,#5098,.F.);
#3918=ORIENTED_EDGE('',*,*,#5696,.F.);
#3919=ORIENTED_EDGE('',*,*,#5083,.F.);
#3920=ORIENTED_EDGE('',*,*,#5697,.F.);
#3921=ORIENTED_EDGE('',*,*,#4760,.F.);
#3922=ORIENTED_EDGE('',*,*,#5697,.T.);
#3923=ORIENTED_EDGE('',*,*,#5086,.F.);
#3924=ORIENTED_EDGE('',*,*,#5698,.F.);
#3925=ORIENTED_EDGE('',*,*,#4757,.F.);
#3926=ORIENTED_EDGE('',*,*,#5696,.T.);
#3927=ORIENTED_EDGE('',*,*,#4759,.F.);
#3928=ORIENTED_EDGE('',*,*,#5699,.F.);
#3929=ORIENTED_EDGE('',*,*,#5079,.F.);
#3930=ORIENTED_EDGE('',*,*,#5698,.T.);
#3931=ORIENTED_EDGE('',*,*,#5088,.F.);
#3932=ORIENTED_EDGE('',*,*,#5699,.T.);
#3933=ORIENTED_EDGE('',*,*,#4758,.F.);
#3934=ORIENTED_EDGE('',*,*,#5700,.F.);
#3935=ORIENTED_EDGE('',*,*,#4752,.F.);
#3936=ORIENTED_EDGE('',*,*,#5701,.F.);
#3937=ORIENTED_EDGE('',*,*,#5103,.F.);
#3938=ORIENTED_EDGE('',*,*,#5701,.T.);
#3939=ORIENTED_EDGE('',*,*,#4751,.F.);
#3940=ORIENTED_EDGE('',*,*,#5702,.F.);
#3941=ORIENTED_EDGE('',*,*,#5112,.F.);
#3942=ORIENTED_EDGE('',*,*,#5700,.T.);
#3943=ORIENTED_EDGE('',*,*,#5107,.F.);
#3944=ORIENTED_EDGE('',*,*,#5703,.F.);
#3945=ORIENTED_EDGE('',*,*,#4749,.F.);
#3946=ORIENTED_EDGE('',*,*,#5702,.T.);
#3947=ORIENTED_EDGE('',*,*,#4750,.F.);
#3948=ORIENTED_EDGE('',*,*,#5703,.T.);
#3949=ORIENTED_EDGE('',*,*,#5110,.F.);
#3950=ORIENTED_EDGE('',*,*,#5704,.F.);
#3951=ORIENTED_EDGE('',*,*,#5275,.F.);
#3952=ORIENTED_EDGE('',*,*,#5705,.F.);
#3953=ORIENTED_EDGE('',*,*,#4788,.F.);
#3954=ORIENTED_EDGE('',*,*,#5705,.T.);
#3955=ORIENTED_EDGE('',*,*,#5278,.F.);
#3956=ORIENTED_EDGE('',*,*,#5706,.F.);
#3957=ORIENTED_EDGE('',*,*,#4785,.F.);
#3958=ORIENTED_EDGE('',*,*,#5704,.T.);
#3959=ORIENTED_EDGE('',*,*,#4787,.F.);
#3960=ORIENTED_EDGE('',*,*,#5707,.F.);
#3961=ORIENTED_EDGE('',*,*,#5271,.F.);
#3962=ORIENTED_EDGE('',*,*,#5706,.T.);
#3963=ORIENTED_EDGE('',*,*,#5280,.F.);
#3964=ORIENTED_EDGE('',*,*,#5707,.T.);
#3965=ORIENTED_EDGE('',*,*,#4786,.F.);
#3966=ORIENTED_EDGE('',*,*,#5708,.F.);
#3967=ORIENTED_EDGE('',*,*,#5254,.F.);
#3968=ORIENTED_EDGE('',*,*,#5709,.F.);
#3969=ORIENTED_EDGE('',*,*,#4772,.F.);
#3970=ORIENTED_EDGE('',*,*,#5709,.T.);
#3971=ORIENTED_EDGE('',*,*,#5256,.F.);
#3972=ORIENTED_EDGE('',*,*,#5710,.F.);
#3973=ORIENTED_EDGE('',*,*,#4769,.F.);
#3974=ORIENTED_EDGE('',*,*,#5708,.T.);
#3975=ORIENTED_EDGE('',*,*,#4771,.F.);
#3976=ORIENTED_EDGE('',*,*,#5711,.F.);
#3977=ORIENTED_EDGE('',*,*,#5251,.F.);
#3978=ORIENTED_EDGE('',*,*,#5710,.T.);
#3979=ORIENTED_EDGE('',*,*,#5247,.F.);
#3980=ORIENTED_EDGE('',*,*,#5711,.T.);
#3981=ORIENTED_EDGE('',*,*,#4770,.F.);
#3982=ORIENTED_EDGE('',*,*,#5712,.F.);
#3983=ORIENTED_EDGE('',*,*,#4780,.F.);
#3984=ORIENTED_EDGE('',*,*,#5713,.F.);
#3985=ORIENTED_EDGE('',*,*,#5304,.F.);
#3986=ORIENTED_EDGE('',*,*,#5713,.T.);
#3987=ORIENTED_EDGE('',*,*,#4779,.F.);
#3988=ORIENTED_EDGE('',*,*,#5714,.F.);
#3989=ORIENTED_EDGE('',*,*,#5302,.F.);
#3990=ORIENTED_EDGE('',*,*,#5712,.T.);
#3991=ORIENTED_EDGE('',*,*,#5295,.F.);
#3992=ORIENTED_EDGE('',*,*,#5715,.F.);
#3993=ORIENTED_EDGE('',*,*,#4777,.F.);
#3994=ORIENTED_EDGE('',*,*,#5714,.T.);
#3995=ORIENTED_EDGE('',*,*,#4778,.F.);
#3996=ORIENTED_EDGE('',*,*,#5715,.T.);
#3997=ORIENTED_EDGE('',*,*,#5299,.F.);
#3998=ORIENTED_EDGE('',*,*,#5716,.F.);
#3999=ORIENTED_EDGE('',*,*,#5290,.F.);
#4000=ORIENTED_EDGE('',*,*,#5717,.F.);
#4001=ORIENTED_EDGE('',*,*,#4784,.F.);
#4002=ORIENTED_EDGE('',*,*,#5717,.T.);
#4003=ORIENTED_EDGE('',*,*,#5292,.F.);
#4004=ORIENTED_EDGE('',*,*,#5718,.F.);
#4005=ORIENTED_EDGE('',*,*,#4781,.F.);
#4006=ORIENTED_EDGE('',*,*,#5716,.T.);
#4007=ORIENTED_EDGE('',*,*,#4783,.F.);
#4008=ORIENTED_EDGE('',*,*,#5719,.F.);
#4009=ORIENTED_EDGE('',*,*,#5287,.F.);
#4010=ORIENTED_EDGE('',*,*,#5718,.T.);
#4011=ORIENTED_EDGE('',*,*,#5283,.F.);
#4012=ORIENTED_EDGE('',*,*,#5719,.T.);
#4013=ORIENTED_EDGE('',*,*,#4782,.F.);
#4014=ORIENTED_EDGE('',*,*,#5720,.F.);
#4015=ORIENTED_EDGE('',*,*,#5266,.F.);
#4016=ORIENTED_EDGE('',*,*,#5721,.F.);
#4017=ORIENTED_EDGE('',*,*,#4792,.F.);
#4018=ORIENTED_EDGE('',*,*,#5721,.T.);
#4019=ORIENTED_EDGE('',*,*,#5268,.F.);
#4020=ORIENTED_EDGE('',*,*,#5722,.F.);
#4021=ORIENTED_EDGE('',*,*,#4789,.F.);
#4022=ORIENTED_EDGE('',*,*,#5720,.T.);
#4023=ORIENTED_EDGE('',*,*,#4791,.F.);
#4024=ORIENTED_EDGE('',*,*,#5723,.F.);
#4025=ORIENTED_EDGE('',*,*,#5263,.F.);
#4026=ORIENTED_EDGE('',*,*,#5722,.T.);
#4027=ORIENTED_EDGE('',*,*,#5259,.F.);
#4028=ORIENTED_EDGE('',*,*,#5723,.T.);
#4029=ORIENTED_EDGE('',*,*,#4790,.F.);
#4030=ORIENTED_EDGE('',*,*,#5724,.F.);
#4031=ORIENTED_EDGE('',*,*,#5175,.F.);
#4032=ORIENTED_EDGE('',*,*,#5725,.F.);
#4033=ORIENTED_EDGE('',*,*,#4796,.F.);
#4034=ORIENTED_EDGE('',*,*,#5725,.T.);
#4035=ORIENTED_EDGE('',*,*,#5179,.F.);
#4036=ORIENTED_EDGE('',*,*,#5726,.F.);
#4037=ORIENTED_EDGE('',*,*,#4793,.F.);
#4038=ORIENTED_EDGE('',*,*,#5724,.T.);
#4039=ORIENTED_EDGE('',*,*,#4795,.F.);
#4040=ORIENTED_EDGE('',*,*,#5727,.F.);
#4041=ORIENTED_EDGE('',*,*,#5184,.F.);
#4042=ORIENTED_EDGE('',*,*,#5726,.T.);
#4043=ORIENTED_EDGE('',*,*,#5182,.F.);
#4044=ORIENTED_EDGE('',*,*,#5727,.T.);
#4045=ORIENTED_EDGE('',*,*,#4794,.F.);
#4046=ORIENTED_EDGE('',*,*,#5728,.F.);
#4047=ORIENTED_EDGE('',*,*,#4800,.F.);
#4048=ORIENTED_EDGE('',*,*,#5729,.F.);
#4049=ORIENTED_EDGE('',*,*,#5172,.F.);
#4050=ORIENTED_EDGE('',*,*,#5729,.T.);
#4051=ORIENTED_EDGE('',*,*,#4799,.F.);
#4052=ORIENTED_EDGE('',*,*,#5730,.F.);
#4053=ORIENTED_EDGE('',*,*,#5170,.F.);
#4054=ORIENTED_EDGE('',*,*,#5728,.T.);
#4055=ORIENTED_EDGE('',*,*,#5163,.F.);
#4056=ORIENTED_EDGE('',*,*,#5731,.F.);
#4057=ORIENTED_EDGE('',*,*,#4797,.F.);
#4058=ORIENTED_EDGE('',*,*,#5730,.T.);
#4059=ORIENTED_EDGE('',*,*,#4798,.F.);
#4060=ORIENTED_EDGE('',*,*,#5731,.T.);
#4061=ORIENTED_EDGE('',*,*,#5167,.F.);
#4062=ORIENTED_EDGE('',*,*,#5732,.F.);
#4063=ORIENTED_EDGE('',*,*,#4804,.F.);
#4064=ORIENTED_EDGE('',*,*,#5733,.F.);
#4065=ORIENTED_EDGE('',*,*,#5203,.F.);
#4066=ORIENTED_EDGE('',*,*,#5733,.T.);
#4067=ORIENTED_EDGE('',*,*,#4803,.F.);
#4068=ORIENTED_EDGE('',*,*,#5734,.F.);
#4069=ORIENTED_EDGE('',*,*,#5199,.F.);
#4070=ORIENTED_EDGE('',*,*,#5732,.T.);
#4071=ORIENTED_EDGE('',*,*,#5206,.F.);
#4072=ORIENTED_EDGE('',*,*,#5735,.F.);
#4073=ORIENTED_EDGE('',*,*,#4801,.F.);
#4074=ORIENTED_EDGE('',*,*,#5734,.T.);
#4075=ORIENTED_EDGE('',*,*,#4802,.F.);
#4076=ORIENTED_EDGE('',*,*,#5735,.T.);
#4077=ORIENTED_EDGE('',*,*,#5208,.F.);
#4078=ORIENTED_EDGE('',*,*,#5736,.F.);
#4079=ORIENTED_EDGE('',*,*,#4808,.F.);
#4080=ORIENTED_EDGE('',*,*,#5737,.F.);
#4081=ORIENTED_EDGE('',*,*,#5196,.F.);
#4082=ORIENTED_EDGE('',*,*,#5737,.T.);
#4083=ORIENTED_EDGE('',*,*,#4807,.F.);
#4084=ORIENTED_EDGE('',*,*,#5738,.F.);
#4085=ORIENTED_EDGE('',*,*,#5194,.F.);
#4086=ORIENTED_EDGE('',*,*,#5736,.T.);
#4087=ORIENTED_EDGE('',*,*,#5187,.F.);
#4088=ORIENTED_EDGE('',*,*,#5739,.F.);
#4089=ORIENTED_EDGE('',*,*,#4805,.F.);
#4090=ORIENTED_EDGE('',*,*,#5738,.T.);
#4091=ORIENTED_EDGE('',*,*,#4806,.F.);
#4092=ORIENTED_EDGE('',*,*,#5739,.T.);
#4093=ORIENTED_EDGE('',*,*,#5191,.F.);
#4094=ORIENTED_EDGE('',*,*,#5740,.F.);
#4095=ORIENTED_EDGE('',*,*,#4812,.F.);
#4096=ORIENTED_EDGE('',*,*,#5741,.F.);
#4097=ORIENTED_EDGE('',*,*,#5136,.F.);
#4098=ORIENTED_EDGE('',*,*,#5741,.T.);
#4099=ORIENTED_EDGE('',*,*,#4811,.F.);
#4100=ORIENTED_EDGE('',*,*,#5742,.F.);
#4101=ORIENTED_EDGE('',*,*,#5134,.F.);
#4102=ORIENTED_EDGE('',*,*,#5740,.T.);
#4103=ORIENTED_EDGE('',*,*,#5127,.F.);
#4104=ORIENTED_EDGE('',*,*,#5743,.F.);
#4105=ORIENTED_EDGE('',*,*,#4809,.F.);
#4106=ORIENTED_EDGE('',*,*,#5742,.T.);
#4107=ORIENTED_EDGE('',*,*,#4810,.F.);
#4108=ORIENTED_EDGE('',*,*,#5743,.T.);
#4109=ORIENTED_EDGE('',*,*,#5131,.F.);
#4110=ORIENTED_EDGE('',*,*,#5744,.F.);
#4111=ORIENTED_EDGE('',*,*,#4816,.F.);
#4112=ORIENTED_EDGE('',*,*,#5745,.F.);
#4113=ORIENTED_EDGE('',*,*,#5124,.F.);
#4114=ORIENTED_EDGE('',*,*,#5745,.T.);
#4115=ORIENTED_EDGE('',*,*,#4815,.F.);
#4116=ORIENTED_EDGE('',*,*,#5746,.F.);
#4117=ORIENTED_EDGE('',*,*,#5122,.F.);
#4118=ORIENTED_EDGE('',*,*,#5744,.T.);
#4119=ORIENTED_EDGE('',*,*,#5115,.F.);
#4120=ORIENTED_EDGE('',*,*,#5747,.F.);
#4121=ORIENTED_EDGE('',*,*,#4813,.F.);
#4122=ORIENTED_EDGE('',*,*,#5746,.T.);
#4123=ORIENTED_EDGE('',*,*,#4814,.F.);
#4124=ORIENTED_EDGE('',*,*,#5747,.T.);
#4125=ORIENTED_EDGE('',*,*,#5119,.F.);
#4126=ORIENTED_EDGE('',*,*,#5748,.F.);
#4127=ORIENTED_EDGE('',*,*,#4820,.F.);
#4128=ORIENTED_EDGE('',*,*,#5749,.F.);
#4129=ORIENTED_EDGE('',*,*,#5160,.F.);
#4130=ORIENTED_EDGE('',*,*,#5749,.T.);
#4131=ORIENTED_EDGE('',*,*,#4819,.F.);
#4132=ORIENTED_EDGE('',*,*,#5750,.F.);
#4133=ORIENTED_EDGE('',*,*,#5158,.F.);
#4134=ORIENTED_EDGE('',*,*,#5748,.T.);
#4135=ORIENTED_EDGE('',*,*,#5151,.F.);
#4136=ORIENTED_EDGE('',*,*,#5751,.F.);
#4137=ORIENTED_EDGE('',*,*,#4817,.F.);
#4138=ORIENTED_EDGE('',*,*,#5750,.T.);
#4139=ORIENTED_EDGE('',*,*,#4818,.F.);
#4140=ORIENTED_EDGE('',*,*,#5751,.T.);
#4141=ORIENTED_EDGE('',*,*,#5155,.F.);
#4142=ORIENTED_EDGE('',*,*,#5752,.F.);
#4143=ORIENTED_EDGE('',*,*,#4824,.F.);
#4144=ORIENTED_EDGE('',*,*,#5753,.F.);
#4145=ORIENTED_EDGE('',*,*,#5148,.F.);
#4146=ORIENTED_EDGE('',*,*,#5753,.T.);
#4147=ORIENTED_EDGE('',*,*,#4823,.F.);
#4148=ORIENTED_EDGE('',*,*,#5754,.F.);
#4149=ORIENTED_EDGE('',*,*,#5146,.F.);
#4150=ORIENTED_EDGE('',*,*,#5752,.T.);
#4151=ORIENTED_EDGE('',*,*,#5139,.F.);
#4152=ORIENTED_EDGE('',*,*,#5755,.F.);
#4153=ORIENTED_EDGE('',*,*,#4821,.F.);
#4154=ORIENTED_EDGE('',*,*,#5754,.T.);
#4155=ORIENTED_EDGE('',*,*,#4822,.F.);
#4156=ORIENTED_EDGE('',*,*,#5755,.T.);
#4157=ORIENTED_EDGE('',*,*,#5143,.F.);
#4158=ORIENTED_EDGE('',*,*,#5756,.F.);
#4159=ORIENTED_EDGE('',*,*,#4828,.F.);
#4160=ORIENTED_EDGE('',*,*,#5757,.F.);
#4161=ORIENTED_EDGE('',*,*,#5067,.F.);
#4162=ORIENTED_EDGE('',*,*,#5757,.T.);
#4163=ORIENTED_EDGE('',*,*,#4827,.F.);
#4164=ORIENTED_EDGE('',*,*,#5758,.F.);
#4165=ORIENTED_EDGE('',*,*,#5076,.F.);
#4166=ORIENTED_EDGE('',*,*,#5756,.T.);
#4167=ORIENTED_EDGE('',*,*,#5071,.F.);
#4168=ORIENTED_EDGE('',*,*,#5759,.F.);
#4169=ORIENTED_EDGE('',*,*,#4825,.F.);
#4170=ORIENTED_EDGE('',*,*,#5758,.T.);
#4171=ORIENTED_EDGE('',*,*,#4826,.F.);
#4172=ORIENTED_EDGE('',*,*,#5759,.T.);
#4173=ORIENTED_EDGE('',*,*,#5074,.F.);
#4174=ORIENTED_EDGE('',*,*,#5760,.F.);
#4175=ORIENTED_EDGE('',*,*,#5240,.F.);
#4176=ORIENTED_EDGE('',*,*,#5761,.F.);
#4177=ORIENTED_EDGE('',*,*,#4617,.F.);
#4178=ORIENTED_EDGE('',*,*,#5761,.T.);
#4179=ORIENTED_EDGE('',*,*,#5237,.F.);
#4180=ORIENTED_EDGE('',*,*,#5762,.F.);
#4181=ORIENTED_EDGE('',*,*,#4614,.F.);
#4182=ORIENTED_EDGE('',*,*,#5760,.T.);
#4183=ORIENTED_EDGE('',*,*,#4616,.F.);
#4184=ORIENTED_EDGE('',*,*,#5763,.F.);
#4185=ORIENTED_EDGE('',*,*,#5243,.F.);
#4186=ORIENTED_EDGE('',*,*,#5762,.T.);
#4187=ORIENTED_EDGE('',*,*,#5245,.F.);
#4188=ORIENTED_EDGE('',*,*,#5763,.T.);
#4189=ORIENTED_EDGE('',*,*,#4615,.F.);
#4190=ORIENTED_EDGE('',*,*,#5764,.F.);
#4191=ORIENTED_EDGE('',*,*,#4605,.F.);
#4192=ORIENTED_EDGE('',*,*,#5765,.F.);
#4193=ORIENTED_EDGE('',*,*,#5225,.F.);
#4194=ORIENTED_EDGE('',*,*,#5765,.T.);
#4195=ORIENTED_EDGE('',*,*,#4604,.F.);
#4196=ORIENTED_EDGE('',*,*,#5766,.F.);
#4197=ORIENTED_EDGE('',*,*,#5228,.F.);
#4198=ORIENTED_EDGE('',*,*,#5764,.T.);
#4199=ORIENTED_EDGE('',*,*,#5233,.F.);
#4200=ORIENTED_EDGE('',*,*,#5767,.F.);
#4201=ORIENTED_EDGE('',*,*,#4602,.F.);
#4202=ORIENTED_EDGE('',*,*,#5766,.T.);
#4203=ORIENTED_EDGE('',*,*,#4603,.F.);
#4204=ORIENTED_EDGE('',*,*,#5767,.T.);
#4205=ORIENTED_EDGE('',*,*,#5231,.F.);
#4206=ORIENTED_EDGE('',*,*,#5768,.F.);
#4207=ORIENTED_EDGE('',*,*,#4609,.F.);
#4208=ORIENTED_EDGE('',*,*,#5769,.F.);
#4209=ORIENTED_EDGE('',*,*,#5221,.F.);
#4210=ORIENTED_EDGE('',*,*,#5769,.T.);
#4211=ORIENTED_EDGE('',*,*,#4608,.F.);
#4212=ORIENTED_EDGE('',*,*,#5770,.F.);
#4213=ORIENTED_EDGE('',*,*,#5213,.F.);
#4214=ORIENTED_EDGE('',*,*,#5768,.T.);
#4215=ORIENTED_EDGE('',*,*,#5219,.F.);
#4216=ORIENTED_EDGE('',*,*,#5771,.F.);
#4217=ORIENTED_EDGE('',*,*,#4606,.F.);
#4218=ORIENTED_EDGE('',*,*,#5770,.T.);
#4219=ORIENTED_EDGE('',*,*,#4607,.F.);
#4220=ORIENTED_EDGE('',*,*,#5771,.T.);
#4221=ORIENTED_EDGE('',*,*,#5216,.F.);
#4222=ORIENTED_EDGE('',*,*,#5772,.F.);
#4223=ORIENTED_EDGE('',*,*,#4597,.F.);
#4224=ORIENTED_EDGE('',*,*,#5773,.F.);
#4225=ORIENTED_EDGE('',*,*,#5093,.F.);
#4226=ORIENTED_EDGE('',*,*,#5773,.T.);
#4227=ORIENTED_EDGE('',*,*,#4596,.F.);
#4228=ORIENTED_EDGE('',*,*,#5774,.F.);
#4229=ORIENTED_EDGE('',*,*,#5096,.F.);
#4230=ORIENTED_EDGE('',*,*,#5772,.T.);
#4231=ORIENTED_EDGE('',*,*,#5101,.F.);
#4232=ORIENTED_EDGE('',*,*,#5775,.F.);
#4233=ORIENTED_EDGE('',*,*,#4594,.F.);
#4234=ORIENTED_EDGE('',*,*,#5774,.T.);
#4235=ORIENTED_EDGE('',*,*,#4595,.F.);
#4236=ORIENTED_EDGE('',*,*,#5775,.T.);
#4237=ORIENTED_EDGE('',*,*,#5099,.F.);
#4238=ORIENTED_EDGE('',*,*,#5776,.F.);
#4239=ORIENTED_EDGE('',*,*,#5084,.F.);
#4240=ORIENTED_EDGE('',*,*,#5777,.F.);
#4241=ORIENTED_EDGE('',*,*,#4601,.F.);
#4242=ORIENTED_EDGE('',*,*,#5777,.T.);
#4243=ORIENTED_EDGE('',*,*,#5081,.F.);
#4244=ORIENTED_EDGE('',*,*,#5778,.F.);
#4245=ORIENTED_EDGE('',*,*,#4598,.F.);
#4246=ORIENTED_EDGE('',*,*,#5776,.T.);
#4247=ORIENTED_EDGE('',*,*,#4600,.F.);
#4248=ORIENTED_EDGE('',*,*,#5779,.F.);
#4249=ORIENTED_EDGE('',*,*,#5087,.F.);
#4250=ORIENTED_EDGE('',*,*,#5778,.T.);
#4251=ORIENTED_EDGE('',*,*,#5089,.F.);
#4252=ORIENTED_EDGE('',*,*,#5779,.T.);
#4253=ORIENTED_EDGE('',*,*,#4599,.F.);
#4254=ORIENTED_EDGE('',*,*,#5780,.F.);
#4255=ORIENTED_EDGE('',*,*,#4593,.F.);
#4256=ORIENTED_EDGE('',*,*,#5781,.F.);
#4257=ORIENTED_EDGE('',*,*,#5105,.F.);
#4258=ORIENTED_EDGE('',*,*,#5781,.T.);
#4259=ORIENTED_EDGE('',*,*,#4592,.F.);
#4260=ORIENTED_EDGE('',*,*,#5782,.F.);
#4261=ORIENTED_EDGE('',*,*,#5108,.F.);
#4262=ORIENTED_EDGE('',*,*,#5780,.T.);
#4263=ORIENTED_EDGE('',*,*,#5113,.F.);
#4264=ORIENTED_EDGE('',*,*,#5783,.F.);
#4265=ORIENTED_EDGE('',*,*,#4590,.F.);
#4266=ORIENTED_EDGE('',*,*,#5782,.T.);
#4267=ORIENTED_EDGE('',*,*,#4591,.F.);
#4268=ORIENTED_EDGE('',*,*,#5783,.T.);
#4269=ORIENTED_EDGE('',*,*,#5111,.F.);
#4270=ORIENTED_EDGE('',*,*,#5784,.F.);
#4271=ORIENTED_EDGE('',*,*,#5276,.F.);
#4272=ORIENTED_EDGE('',*,*,#5785,.F.);
#4273=ORIENTED_EDGE('',*,*,#4629,.F.);
#4274=ORIENTED_EDGE('',*,*,#5785,.T.);
#4275=ORIENTED_EDGE('',*,*,#5273,.F.);
#4276=ORIENTED_EDGE('',*,*,#5786,.F.);
#4277=ORIENTED_EDGE('',*,*,#4626,.F.);
#4278=ORIENTED_EDGE('',*,*,#5784,.T.);
#4279=ORIENTED_EDGE('',*,*,#4628,.F.);
#4280=ORIENTED_EDGE('',*,*,#5787,.F.);
#4281=ORIENTED_EDGE('',*,*,#5279,.F.);
#4282=ORIENTED_EDGE('',*,*,#5786,.T.);
#4283=ORIENTED_EDGE('',*,*,#5281,.F.);
#4284=ORIENTED_EDGE('',*,*,#5787,.T.);
#4285=ORIENTED_EDGE('',*,*,#4627,.F.);
#4286=ORIENTED_EDGE('',*,*,#5788,.F.);
#4287=ORIENTED_EDGE('',*,*,#5255,.F.);
#4288=ORIENTED_EDGE('',*,*,#5789,.F.);
#4289=ORIENTED_EDGE('',*,*,#4613,.F.);
#4290=ORIENTED_EDGE('',*,*,#5789,.T.);
#4291=ORIENTED_EDGE('',*,*,#5252,.F.);
#4292=ORIENTED_EDGE('',*,*,#5790,.F.);
#4293=ORIENTED_EDGE('',*,*,#4610,.F.);
#4294=ORIENTED_EDGE('',*,*,#5788,.T.);
#4295=ORIENTED_EDGE('',*,*,#4612,.F.);
#4296=ORIENTED_EDGE('',*,*,#5791,.F.);
#4297=ORIENTED_EDGE('',*,*,#5257,.F.);
#4298=ORIENTED_EDGE('',*,*,#5790,.T.);
#4299=ORIENTED_EDGE('',*,*,#5249,.F.);
#4300=ORIENTED_EDGE('',*,*,#5791,.T.);
#4301=ORIENTED_EDGE('',*,*,#4611,.F.);
#4302=ORIENTED_EDGE('',*,*,#5792,.F.);
#4303=ORIENTED_EDGE('',*,*,#4621,.F.);
#4304=ORIENTED_EDGE('',*,*,#5793,.F.);
#4305=ORIENTED_EDGE('',*,*,#5305,.F.);
#4306=ORIENTED_EDGE('',*,*,#5793,.T.);
#4307=ORIENTED_EDGE('',*,*,#4620,.F.);
#4308=ORIENTED_EDGE('',*,*,#5794,.F.);
#4309=ORIENTED_EDGE('',*,*,#5297,.F.);
#4310=ORIENTED_EDGE('',*,*,#5792,.T.);
#4311=ORIENTED_EDGE('',*,*,#5303,.F.);
#4312=ORIENTED_EDGE('',*,*,#5795,.F.);
#4313=ORIENTED_EDGE('',*,*,#4618,.F.);
#4314=ORIENTED_EDGE('',*,*,#5794,.T.);
#4315=ORIENTED_EDGE('',*,*,#4619,.F.);
#4316=ORIENTED_EDGE('',*,*,#5795,.T.);
#4317=ORIENTED_EDGE('',*,*,#5300,.F.);
#4318=ORIENTED_EDGE('',*,*,#5796,.F.);
#4319=ORIENTED_EDGE('',*,*,#5291,.F.);
#4320=ORIENTED_EDGE('',*,*,#5797,.F.);
#4321=ORIENTED_EDGE('',*,*,#4625,.F.);
#4322=ORIENTED_EDGE('',*,*,#5797,.T.);
#4323=ORIENTED_EDGE('',*,*,#5288,.F.);
#4324=ORIENTED_EDGE('',*,*,#5798,.F.);
#4325=ORIENTED_EDGE('',*,*,#4622,.F.);
#4326=ORIENTED_EDGE('',*,*,#5796,.T.);
#4327=ORIENTED_EDGE('',*,*,#4624,.F.);
#4328=ORIENTED_EDGE('',*,*,#5799,.F.);
#4329=ORIENTED_EDGE('',*,*,#5293,.F.);
#4330=ORIENTED_EDGE('',*,*,#5798,.T.);
#4331=ORIENTED_EDGE('',*,*,#5285,.F.);
#4332=ORIENTED_EDGE('',*,*,#5799,.T.);
#4333=ORIENTED_EDGE('',*,*,#4623,.F.);
#4334=ORIENTED_EDGE('',*,*,#5800,.F.);
#4335=ORIENTED_EDGE('',*,*,#5267,.F.);
#4336=ORIENTED_EDGE('',*,*,#5801,.F.);
#4337=ORIENTED_EDGE('',*,*,#4633,.F.);
#4338=ORIENTED_EDGE('',*,*,#5801,.T.);
#4339=ORIENTED_EDGE('',*,*,#5264,.F.);
#4340=ORIENTED_EDGE('',*,*,#5802,.F.);
#4341=ORIENTED_EDGE('',*,*,#4630,.F.);
#4342=ORIENTED_EDGE('',*,*,#5800,.T.);
#4343=ORIENTED_EDGE('',*,*,#4632,.F.);
#4344=ORIENTED_EDGE('',*,*,#5803,.F.);
#4345=ORIENTED_EDGE('',*,*,#5269,.F.);
#4346=ORIENTED_EDGE('',*,*,#5802,.T.);
#4347=ORIENTED_EDGE('',*,*,#5261,.F.);
#4348=ORIENTED_EDGE('',*,*,#5803,.T.);
#4349=ORIENTED_EDGE('',*,*,#4631,.F.);
#4350=ORIENTED_EDGE('',*,*,#5804,.F.);
#4351=ORIENTED_EDGE('',*,*,#5177,.F.);
#4352=ORIENTED_EDGE('',*,*,#5805,.F.);
#4353=ORIENTED_EDGE('',*,*,#4637,.F.);
#4354=ORIENTED_EDGE('',*,*,#5805,.T.);
#4355=ORIENTED_EDGE('',*,*,#5185,.F.);
#4356=ORIENTED_EDGE('',*,*,#5806,.F.);
#4357=ORIENTED_EDGE('',*,*,#4634,.F.);
#4358=ORIENTED_EDGE('',*,*,#5804,.T.);
#4359=ORIENTED_EDGE('',*,*,#4636,.F.);
#4360=ORIENTED_EDGE('',*,*,#5807,.F.);
#4361=ORIENTED_EDGE('',*,*,#5180,.F.);
#4362=ORIENTED_EDGE('',*,*,#5806,.T.);
#4363=ORIENTED_EDGE('',*,*,#5183,.F.);
#4364=ORIENTED_EDGE('',*,*,#5807,.T.);
#4365=ORIENTED_EDGE('',*,*,#4635,.F.);
#4366=ORIENTED_EDGE('',*,*,#5808,.F.);
#4367=ORIENTED_EDGE('',*,*,#4641,.F.);
#4368=ORIENTED_EDGE('',*,*,#5809,.F.);
#4369=ORIENTED_EDGE('',*,*,#5168,.F.);
#4370=ORIENTED_EDGE('',*,*,#5809,.T.);
#4371=ORIENTED_EDGE('',*,*,#4640,.F.);
#4372=ORIENTED_EDGE('',*,*,#5810,.F.);
#4373=ORIENTED_EDGE('',*,*,#5171,.F.);
#4374=ORIENTED_EDGE('',*,*,#5808,.T.);
#4375=ORIENTED_EDGE('',*,*,#5165,.F.);
#4376=ORIENTED_EDGE('',*,*,#5811,.F.);
#4377=ORIENTED_EDGE('',*,*,#4638,.F.);
#4378=ORIENTED_EDGE('',*,*,#5810,.T.);
#4379=ORIENTED_EDGE('',*,*,#4639,.F.);
#4380=ORIENTED_EDGE('',*,*,#5811,.T.);
#4381=ORIENTED_EDGE('',*,*,#5173,.F.);
#4382=ORIENTED_EDGE('',*,*,#5812,.F.);
#4383=ORIENTED_EDGE('',*,*,#4645,.F.);
#4384=ORIENTED_EDGE('',*,*,#5813,.F.);
#4385=ORIENTED_EDGE('',*,*,#5209,.F.);
#4386=ORIENTED_EDGE('',*,*,#5813,.T.);
#4387=ORIENTED_EDGE('',*,*,#4644,.F.);
#4388=ORIENTED_EDGE('',*,*,#5814,.F.);
#4389=ORIENTED_EDGE('',*,*,#5201,.F.);
#4390=ORIENTED_EDGE('',*,*,#5812,.T.);
#4391=ORIENTED_EDGE('',*,*,#5207,.F.);
#4392=ORIENTED_EDGE('',*,*,#5815,.F.);
#4393=ORIENTED_EDGE('',*,*,#4642,.F.);
#4394=ORIENTED_EDGE('',*,*,#5814,.T.);
#4395=ORIENTED_EDGE('',*,*,#4643,.F.);
#4396=ORIENTED_EDGE('',*,*,#5815,.T.);
#4397=ORIENTED_EDGE('',*,*,#5204,.F.);
#4398=ORIENTED_EDGE('',*,*,#5816,.F.);
#4399=ORIENTED_EDGE('',*,*,#4649,.F.);
#4400=ORIENTED_EDGE('',*,*,#5817,.F.);
#4401=ORIENTED_EDGE('',*,*,#5192,.F.);
#4402=ORIENTED_EDGE('',*,*,#5817,.T.);
#4403=ORIENTED_EDGE('',*,*,#4648,.F.);
#4404=ORIENTED_EDGE('',*,*,#5818,.F.);
#4405=ORIENTED_EDGE('',*,*,#5195,.F.);
#4406=ORIENTED_EDGE('',*,*,#5816,.T.);
#4407=ORIENTED_EDGE('',*,*,#5189,.F.);
#4408=ORIENTED_EDGE('',*,*,#5819,.F.);
#4409=ORIENTED_EDGE('',*,*,#4646,.F.);
#4410=ORIENTED_EDGE('',*,*,#5818,.T.);
#4411=ORIENTED_EDGE('',*,*,#4647,.F.);
#4412=ORIENTED_EDGE('',*,*,#5819,.T.);
#4413=ORIENTED_EDGE('',*,*,#5197,.F.);
#4414=ORIENTED_EDGE('',*,*,#5820,.F.);
#4415=ORIENTED_EDGE('',*,*,#4653,.F.);
#4416=ORIENTED_EDGE('',*,*,#5821,.F.);
#4417=ORIENTED_EDGE('',*,*,#5137,.F.);
#4418=ORIENTED_EDGE('',*,*,#5821,.T.);
#4419=ORIENTED_EDGE('',*,*,#4652,.F.);
#4420=ORIENTED_EDGE('',*,*,#5822,.F.);
#4421=ORIENTED_EDGE('',*,*,#5129,.F.);
#4422=ORIENTED_EDGE('',*,*,#5820,.T.);
#4423=ORIENTED_EDGE('',*,*,#5135,.F.);
#4424=ORIENTED_EDGE('',*,*,#5823,.F.);
#4425=ORIENTED_EDGE('',*,*,#4650,.F.);
#4426=ORIENTED_EDGE('',*,*,#5822,.T.);
#4427=ORIENTED_EDGE('',*,*,#4651,.F.);
#4428=ORIENTED_EDGE('',*,*,#5823,.T.);
#4429=ORIENTED_EDGE('',*,*,#5132,.F.);
#4430=ORIENTED_EDGE('',*,*,#5824,.F.);
#4431=ORIENTED_EDGE('',*,*,#4657,.F.);
#4432=ORIENTED_EDGE('',*,*,#5825,.F.);
#4433=ORIENTED_EDGE('',*,*,#5125,.F.);
#4434=ORIENTED_EDGE('',*,*,#5825,.T.);
#4435=ORIENTED_EDGE('',*,*,#4656,.F.);
#4436=ORIENTED_EDGE('',*,*,#5826,.F.);
#4437=ORIENTED_EDGE('',*,*,#5117,.F.);
#4438=ORIENTED_EDGE('',*,*,#5824,.T.);
#4439=ORIENTED_EDGE('',*,*,#5123,.F.);
#4440=ORIENTED_EDGE('',*,*,#5827,.F.);
#4441=ORIENTED_EDGE('',*,*,#4654,.F.);
#4442=ORIENTED_EDGE('',*,*,#5826,.T.);
#4443=ORIENTED_EDGE('',*,*,#4655,.F.);
#4444=ORIENTED_EDGE('',*,*,#5827,.T.);
#4445=ORIENTED_EDGE('',*,*,#5120,.F.);
#4446=ORIENTED_EDGE('',*,*,#5828,.F.);
#4447=ORIENTED_EDGE('',*,*,#4661,.F.);
#4448=ORIENTED_EDGE('',*,*,#5829,.F.);
#4449=ORIENTED_EDGE('',*,*,#5161,.F.);
#4450=ORIENTED_EDGE('',*,*,#5829,.T.);
#4451=ORIENTED_EDGE('',*,*,#4660,.F.);
#4452=ORIENTED_EDGE('',*,*,#5830,.F.);
#4453=ORIENTED_EDGE('',*,*,#5153,.F.);
#4454=ORIENTED_EDGE('',*,*,#5828,.T.);
#4455=ORIENTED_EDGE('',*,*,#5159,.F.);
#4456=ORIENTED_EDGE('',*,*,#5831,.F.);
#4457=ORIENTED_EDGE('',*,*,#4658,.F.);
#4458=ORIENTED_EDGE('',*,*,#5830,.T.);
#4459=ORIENTED_EDGE('',*,*,#4659,.F.);
#4460=ORIENTED_EDGE('',*,*,#5831,.T.);
#4461=ORIENTED_EDGE('',*,*,#5156,.F.);
#4462=ORIENTED_EDGE('',*,*,#5832,.F.);
#4463=ORIENTED_EDGE('',*,*,#4665,.F.);
#4464=ORIENTED_EDGE('',*,*,#5833,.F.);
#4465=ORIENTED_EDGE('',*,*,#5149,.F.);
#4466=ORIENTED_EDGE('',*,*,#5833,.T.);
#4467=ORIENTED_EDGE('',*,*,#4664,.F.);
#4468=ORIENTED_EDGE('',*,*,#5834,.F.);
#4469=ORIENTED_EDGE('',*,*,#5141,.F.);
#4470=ORIENTED_EDGE('',*,*,#5832,.T.);
#4471=ORIENTED_EDGE('',*,*,#5147,.F.);
#4472=ORIENTED_EDGE('',*,*,#5835,.F.);
#4473=ORIENTED_EDGE('',*,*,#4662,.F.);
#4474=ORIENTED_EDGE('',*,*,#5834,.T.);
#4475=ORIENTED_EDGE('',*,*,#4663,.F.);
#4476=ORIENTED_EDGE('',*,*,#5835,.T.);
#4477=ORIENTED_EDGE('',*,*,#5144,.F.);
#4478=ORIENTED_EDGE('',*,*,#5836,.F.);
#4479=ORIENTED_EDGE('',*,*,#4669,.F.);
#4480=ORIENTED_EDGE('',*,*,#5837,.F.);
#4481=ORIENTED_EDGE('',*,*,#5069,.F.);
#4482=ORIENTED_EDGE('',*,*,#5837,.T.);
#4483=ORIENTED_EDGE('',*,*,#4668,.F.);
#4484=ORIENTED_EDGE('',*,*,#5838,.F.);
#4485=ORIENTED_EDGE('',*,*,#5072,.F.);
#4486=ORIENTED_EDGE('',*,*,#5836,.T.);
#4487=ORIENTED_EDGE('',*,*,#5077,.F.);
#4488=ORIENTED_EDGE('',*,*,#5839,.F.);
#4489=ORIENTED_EDGE('',*,*,#4666,.F.);
#4490=ORIENTED_EDGE('',*,*,#5838,.T.);
#4491=ORIENTED_EDGE('',*,*,#4667,.F.);
#4492=ORIENTED_EDGE('',*,*,#5839,.T.);
#4493=ORIENTED_EDGE('',*,*,#5075,.F.);
#4494=ORIENTED_EDGE('',*,*,#4979,.F.);
#4495=ORIENTED_EDGE('',*,*,#5622,.F.);
#4496=ORIENTED_EDGE('',*,*,#5840,.F.);
#4497=ORIENTED_EDGE('',*,*,#4897,.F.);
#4498=ORIENTED_EDGE('',*,*,#5841,.F.);
#4499=ORIENTED_EDGE('',*,*,#5065,.F.);
#4500=ORIENTED_EDGE('',*,*,#5841,.T.);
#4501=ORIENTED_EDGE('',*,*,#4896,.F.);
#4502=ORIENTED_EDGE('',*,*,#5842,.F.);
#4503=ORIENTED_EDGE('',*,*,#5059,.F.);
#4504=ORIENTED_EDGE('',*,*,#5840,.T.);
#4505=ORIENTED_EDGE('',*,*,#5063,.F.);
#4506=ORIENTED_EDGE('',*,*,#5843,.F.);
#4507=ORIENTED_EDGE('',*,*,#4894,.F.);
#4508=ORIENTED_EDGE('',*,*,#5842,.T.);
#4509=ORIENTED_EDGE('',*,*,#4895,.F.);
#4510=ORIENTED_EDGE('',*,*,#5843,.T.);
#4511=ORIENTED_EDGE('',*,*,#5061,.F.);
#4512=ORIENTED_EDGE('',*,*,#5844,.F.);
#4513=ORIENTED_EDGE('',*,*,#4903,.F.);
#4514=ORIENTED_EDGE('',*,*,#5845,.F.);
#4515=ORIENTED_EDGE('',*,*,#5433,.F.);
#4516=ORIENTED_EDGE('',*,*,#5845,.T.);
#4517=ORIENTED_EDGE('',*,*,#4902,.F.);
#4518=ORIENTED_EDGE('',*,*,#5846,.F.);
#4519=ORIENTED_EDGE('',*,*,#5435,.F.);
#4520=ORIENTED_EDGE('',*,*,#5844,.T.);
#4521=ORIENTED_EDGE('',*,*,#5431,.F.);
#4522=ORIENTED_EDGE('',*,*,#5847,.F.);
#4523=ORIENTED_EDGE('',*,*,#4904,.F.);
#4524=ORIENTED_EDGE('',*,*,#5846,.T.);
#4525=ORIENTED_EDGE('',*,*,#4901,.F.);
#4526=ORIENTED_EDGE('',*,*,#5848,.F.);
#4527=ORIENTED_EDGE('',*,*,#5437,.F.);
#4528=ORIENTED_EDGE('',*,*,#5847,.T.);
#4529=ORIENTED_EDGE('',*,*,#5445,.F.);
#4530=ORIENTED_EDGE('',*,*,#5849,.F.);
#4531=ORIENTED_EDGE('',*,*,#4905,.F.);
#4532=ORIENTED_EDGE('',*,*,#5848,.T.);
#4533=ORIENTED_EDGE('',*,*,#4900,.F.);
#4534=ORIENTED_EDGE('',*,*,#5850,.F.);
#4535=ORIENTED_EDGE('',*,*,#5439,.F.);
#4536=ORIENTED_EDGE('',*,*,#5849,.T.);
#4537=ORIENTED_EDGE('',*,*,#5443,.F.);
#4538=ORIENTED_EDGE('',*,*,#5851,.F.);
#4539=ORIENTED_EDGE('',*,*,#4898,.F.);
#4540=ORIENTED_EDGE('',*,*,#5850,.T.);
#4541=ORIENTED_EDGE('',*,*,#4899,.F.);
#4542=ORIENTED_EDGE('',*,*,#5851,.T.);
#4543=ORIENTED_EDGE('',*,*,#5441,.F.);
#4544=ORIENTED_EDGE('',*,*,#4906,.F.);
#4545=ORIENTED_EDGE('',*,*,#5623,.F.);
#4546=ORIENTED_EDGE('',*,*,#5001,.F.);
#4547=ORIENTED_EDGE('',*,*,#4932,.F.);
#4548=ORIENTED_EDGE('',*,*,#4993,.F.);
#4549=ORIENTED_EDGE('',*,*,#5057,.F.);
#4550=ORIENTED_EDGE('',*,*,#4977,.T.);
#4551=ORIENTED_EDGE('',*,*,#5852,.T.);
#4552=ORIENTED_EDGE('',*,*,#5853,.F.);
#4553=ORIENTED_EDGE('',*,*,#5854,.T.);
#4554=ORIENTED_EDGE('',*,*,#4975,.F.);
#4555=ORIENTED_EDGE('',*,*,#5855,.F.);
#4556=ORIENTED_EDGE('',*,*,#5856,.T.);
#4557=ORIENTED_EDGE('',*,*,#5857,.T.);
#4558=ORIENTED_EDGE('',*,*,#4978,.F.);
#4559=ORIENTED_EDGE('',*,*,#5854,.F.);
#4560=ORIENTED_EDGE('',*,*,#5858,.T.);
#4561=ORIENTED_EDGE('',*,*,#5855,.T.);
#4562=ORIENTED_EDGE('',*,*,#5853,.T.);
#4563=ORIENTED_EDGE('',*,*,#5859,.T.);
#4564=ORIENTED_EDGE('',*,*,#5856,.F.);
#4565=ORIENTED_EDGE('',*,*,#5858,.F.);
#4566=ORIENTED_EDGE('',*,*,#4973,.T.);
#4567=ORIENTED_EDGE('',*,*,#5860,.F.);
#4568=ORIENTED_EDGE('',*,*,#5861,.F.);
#4569=ORIENTED_EDGE('',*,*,#5862,.T.);
#4570=ORIENTED_EDGE('',*,*,#4972,.T.);
#4571=ORIENTED_EDGE('',*,*,#5863,.T.);
#4572=ORIENTED_EDGE('',*,*,#5864,.F.);
#4573=ORIENTED_EDGE('',*,*,#5860,.T.);
#4574=ORIENTED_EDGE('',*,*,#4974,.F.);
#4575=ORIENTED_EDGE('',*,*,#5862,.F.);
#4576=ORIENTED_EDGE('',*,*,#5865,.T.);
#4577=ORIENTED_EDGE('',*,*,#5866,.T.);
#4578=ORIENTED_EDGE('',*,*,#5861,.T.);
#4579=ORIENTED_EDGE('',*,*,#5864,.T.);
#4580=ORIENTED_EDGE('',*,*,#5867,.F.);
#4581=ORIENTED_EDGE('',*,*,#5865,.F.);
#4582=ORIENTED_EDGE('',*,*,#5852,.F.);
#4583=ORIENTED_EDGE('',*,*,#4976,.F.);
#4584=ORIENTED_EDGE('',*,*,#5857,.F.);
#4585=ORIENTED_EDGE('',*,*,#5859,.F.);
#4586=ORIENTED_EDGE('',*,*,#5866,.F.);
#4587=ORIENTED_EDGE('',*,*,#5867,.T.);
#4588=ORIENTED_EDGE('',*,*,#5863,.F.);
#4589=ORIENTED_EDGE('',*,*,#4971,.F.);
#4590=EDGE_CURVE('',#5868,#5869,#6656,.T.);
#4591=EDGE_CURVE('',#5869,#5870,#428,.T.);
#4592=EDGE_CURVE('',#5870,#5871,#6657,.T.);
#4593=EDGE_CURVE('',#5871,#5868,#429,.T.);
#4594=EDGE_CURVE('',#5872,#5873,#6658,.T.);
#4595=EDGE_CURVE('',#5873,#5874,#430,.T.);
#4596=EDGE_CURVE('',#5874,#5875,#6659,.T.);
#4597=EDGE_CURVE('',#5875,#5872,#431,.T.);
#4598=EDGE_CURVE('',#5876,#5877,#6660,.T.);
#4599=EDGE_CURVE('',#5877,#5878,#432,.T.);
#4600=EDGE_CURVE('',#5878,#5879,#6661,.T.);
#4601=EDGE_CURVE('',#5879,#5876,#433,.T.);
#4602=EDGE_CURVE('',#5880,#5881,#6662,.T.);
#4603=EDGE_CURVE('',#5881,#5882,#434,.T.);
#4604=EDGE_CURVE('',#5882,#5883,#6663,.T.);
#4605=EDGE_CURVE('',#5883,#5880,#435,.T.);
#4606=EDGE_CURVE('',#5884,#5885,#6664,.T.);
#4607=EDGE_CURVE('',#5885,#5886,#436,.T.);
#4608=EDGE_CURVE('',#5886,#5887,#6665,.T.);
#4609=EDGE_CURVE('',#5887,#5884,#437,.T.);
#4610=EDGE_CURVE('',#5888,#5889,#6666,.T.);
#4611=EDGE_CURVE('',#5889,#5890,#438,.T.);
#4612=EDGE_CURVE('',#5890,#5891,#6667,.T.);
#4613=EDGE_CURVE('',#5891,#5888,#439,.T.);
#4614=EDGE_CURVE('',#5892,#5893,#6668,.T.);
#4615=EDGE_CURVE('',#5893,#5894,#440,.T.);
#4616=EDGE_CURVE('',#5894,#5895,#6669,.T.);
#4617=EDGE_CURVE('',#5895,#5892,#441,.T.);
#4618=EDGE_CURVE('',#5896,#5897,#6670,.T.);
#4619=EDGE_CURVE('',#5897,#5898,#442,.T.);
#4620=EDGE_CURVE('',#5898,#5899,#6671,.T.);
#4621=EDGE_CURVE('',#5899,#5896,#443,.T.);
#4622=EDGE_CURVE('',#5900,#5901,#6672,.T.);
#4623=EDGE_CURVE('',#5901,#5902,#444,.T.);
#4624=EDGE_CURVE('',#5902,#5903,#6673,.T.);
#4625=EDGE_CURVE('',#5903,#5900,#445,.T.);
#4626=EDGE_CURVE('',#5904,#5905,#6674,.T.);
#4627=EDGE_CURVE('',#5905,#5906,#446,.T.);
#4628=EDGE_CURVE('',#5906,#5907,#6675,.T.);
#4629=EDGE_CURVE('',#5907,#5904,#447,.T.);
#4630=EDGE_CURVE('',#5908,#5909,#6676,.T.);
#4631=EDGE_CURVE('',#5909,#5910,#448,.T.);
#4632=EDGE_CURVE('',#5910,#5911,#6677,.T.);
#4633=EDGE_CURVE('',#5911,#5908,#449,.T.);
#4634=EDGE_CURVE('',#5912,#5913,#6678,.T.);
#4635=EDGE_CURVE('',#5913,#5914,#450,.T.);
#4636=EDGE_CURVE('',#5914,#5915,#6679,.T.);
#4637=EDGE_CURVE('',#5915,#5912,#451,.T.);
#4638=EDGE_CURVE('',#5916,#5917,#452,.T.);
#4639=EDGE_CURVE('',#5917,#5918,#6680,.T.);
#4640=EDGE_CURVE('',#5918,#5919,#453,.T.);
#4641=EDGE_CURVE('',#5919,#5916,#6681,.T.);
#4642=EDGE_CURVE('',#5920,#5921,#454,.T.);
#4643=EDGE_CURVE('',#5921,#5922,#6682,.T.);
#4644=EDGE_CURVE('',#5922,#5923,#455,.T.);
#4645=EDGE_CURVE('',#5923,#5920,#6683,.T.);
#4646=EDGE_CURVE('',#5924,#5925,#456,.T.);
#4647=EDGE_CURVE('',#5925,#5926,#6684,.T.);
#4648=EDGE_CURVE('',#5926,#5927,#457,.T.);
#4649=EDGE_CURVE('',#5927,#5924,#6685,.T.);
#4650=EDGE_CURVE('',#5928,#5929,#6686,.T.);
#4651=EDGE_CURVE('',#5929,#5930,#458,.T.);
#4652=EDGE_CURVE('',#5930,#5931,#6687,.T.);
#4653=EDGE_CURVE('',#5931,#5928,#459,.T.);
#4654=EDGE_CURVE('',#5932,#5933,#6688,.T.);
#4655=EDGE_CURVE('',#5933,#5934,#460,.T.);
#4656=EDGE_CURVE('',#5934,#5935,#6689,.T.);
#4657=EDGE_CURVE('',#5935,#5932,#461,.T.);
#4658=EDGE_CURVE('',#5936,#5937,#6690,.T.);
#4659=EDGE_CURVE('',#5937,#5938,#462,.T.);
#4660=EDGE_CURVE('',#5938,#5939,#6691,.T.);
#4661=EDGE_CURVE('',#5939,#5936,#463,.T.);
#4662=EDGE_CURVE('',#5940,#5941,#6692,.T.);
#4663=EDGE_CURVE('',#5941,#5942,#464,.T.);
#4664=EDGE_CURVE('',#5942,#5943,#6693,.T.);
#4665=EDGE_CURVE('',#5943,#5940,#465,.T.);
#4666=EDGE_CURVE('',#5944,#5945,#6694,.T.);
#4667=EDGE_CURVE('',#5945,#5946,#466,.T.);
#4668=EDGE_CURVE('',#5946,#5947,#6695,.T.);
#4669=EDGE_CURVE('',#5947,#5944,#467,.T.);
#4670=EDGE_CURVE('',#5948,#5949,#468,.T.);
#4671=EDGE_CURVE('',#5949,#5950,#469,.T.);
#4672=EDGE_CURVE('',#5950,#5951,#470,.T.);
#4673=EDGE_CURVE('',#5951,#5952,#471,.T.);
#4674=EDGE_CURVE('',#5952,#5953,#472,.T.);
#4675=EDGE_CURVE('',#5953,#5954,#473,.T.);
#4676=EDGE_CURVE('',#5954,#5955,#474,.T.);
#4677=EDGE_CURVE('',#5955,#5956,#475,.T.);
#4678=EDGE_CURVE('',#5956,#5957,#476,.T.);
#4679=EDGE_CURVE('',#5957,#5948,#477,.T.);
#4680=EDGE_CURVE('',#5958,#5959,#302,.T.);
#4681=EDGE_CURVE('',#5959,#5960,#303,.T.);
#4682=EDGE_CURVE('',#5960,#5961,#304,.T.);
#4683=EDGE_CURVE('',#5961,#5962,#305,.T.);
#4684=EDGE_CURVE('',#5962,#5963,#306,.T.);
#4685=EDGE_CURVE('',#5963,#5964,#307,.T.);
#4686=EDGE_CURVE('',#5964,#5965,#478,.T.);
#4687=EDGE_CURVE('',#5965,#5966,#308,.T.);
#4688=EDGE_CURVE('',#5966,#5967,#309,.T.);
#4689=EDGE_CURVE('',#5967,#5968,#310,.T.);
#4690=EDGE_CURVE('',#5968,#5969,#311,.T.);
#4691=EDGE_CURVE('',#5969,#5970,#312,.T.);
#4692=EDGE_CURVE('',#5970,#5971,#313,.T.);
#4693=EDGE_CURVE('',#5971,#5958,#479,.T.);
#4694=EDGE_CURVE('',#5972,#5973,#480,.T.);
#4695=EDGE_CURVE('',#5973,#5974,#314,.T.);
#4696=EDGE_CURVE('',#5974,#5975,#315,.T.);
#4697=EDGE_CURVE('',#5975,#5976,#316,.T.);
#4698=EDGE_CURVE('',#5976,#5977,#317,.T.);
#4699=EDGE_CURVE('',#5977,#5978,#481,.T.);
#4700=EDGE_CURVE('',#5978,#5979,#482,.T.);
#4701=EDGE_CURVE('',#5979,#5980,#483,.T.);
#4702=EDGE_CURVE('',#5980,#5981,#318,.T.);
#4703=EDGE_CURVE('',#5981,#5982,#319,.T.);
#4704=EDGE_CURVE('',#5982,#5983,#320,.T.);
#4705=EDGE_CURVE('',#5983,#5984,#484,.T.);
#4706=EDGE_CURVE('',#5984,#5972,#485,.T.);
#4707=EDGE_CURVE('',#5985,#5986,#486,.T.);
#4708=EDGE_CURVE('',#5986,#5987,#487,.T.);
#4709=EDGE_CURVE('',#5987,#5988,#488,.T.);
#4710=EDGE_CURVE('',#5988,#5989,#489,.T.);
#4711=EDGE_CURVE('',#5989,#5990,#490,.T.);
#4712=EDGE_CURVE('',#5990,#5991,#491,.T.);
#4713=EDGE_CURVE('',#5991,#5992,#492,.T.);
#4714=EDGE_CURVE('',#5992,#5993,#493,.T.);
#4715=EDGE_CURVE('',#5993,#5994,#494,.T.);
#4716=EDGE_CURVE('',#5994,#5985,#495,.T.);
#4717=EDGE_CURVE('',#5995,#5996,#496,.T.);
#4718=EDGE_CURVE('',#5996,#5997,#6696,.T.);
#4719=EDGE_CURVE('',#5997,#5998,#497,.T.);
#4720=EDGE_CURVE('',#5998,#5999,#6697,.F.);
#4721=EDGE_CURVE('',#5999,#6000,#498,.F.);
#4722=EDGE_CURVE('',#6000,#6001,#6698,.T.);
#4723=EDGE_CURVE('',#6001,#6002,#499,.F.);
#4724=EDGE_CURVE('',#6002,#6003,#6699,.F.);
#4725=EDGE_CURVE('',#6003,#6004,#500,.F.);
#4726=EDGE_CURVE('',#6004,#6005,#6700,.T.);
#4727=EDGE_CURVE('',#6005,#6006,#501,.F.);
#4728=EDGE_CURVE('',#6006,#6007,#6701,.F.);
#4729=EDGE_CURVE('',#6007,#6008,#502,.T.);
#4730=EDGE_CURVE('',#6008,#6009,#6702,.T.);
#4731=EDGE_CURVE('',#6009,#6010,#503,.T.);
#4732=EDGE_CURVE('',#6010,#5995,#6703,.F.);
#4733=EDGE_CURVE('',#6011,#6011,#6704,.F.);
#4734=EDGE_CURVE('',#6012,#6012,#6705,.T.);
#4735=EDGE_CURVE('',#6013,#6013,#6706,.T.);
#4736=EDGE_CURVE('',#6014,#6014,#6707,.T.);
#4737=EDGE_CURVE('',#6015,#6015,#6708,.T.);
#4738=EDGE_CURVE('',#6016,#6016,#6709,.T.);
#4739=EDGE_CURVE('',#6017,#6017,#6710,.F.);
#4740=EDGE_CURVE('',#6018,#6018,#6711,.T.);
#4741=EDGE_CURVE('',#6019,#6020,#504,.F.);
#4742=EDGE_CURVE('',#6020,#6021,#6712,.T.);
#4743=EDGE_CURVE('',#6021,#6022,#505,.T.);
#4744=EDGE_CURVE('',#6019,#6022,#6713,.T.);
#4745=EDGE_CURVE('',#6023,#6024,#506,.F.);
#4746=EDGE_CURVE('',#6024,#6025,#6714,.T.);
#4747=EDGE_CURVE('',#6025,#6026,#507,.F.);
#4748=EDGE_CURVE('',#6023,#6026,#6715,.T.);
#4749=EDGE_CURVE('',#6027,#6028,#6716,.F.);
#4750=EDGE_CURVE('',#6028,#6029,#508,.T.);
#4751=EDGE_CURVE('',#6029,#6030,#6717,.F.);
#4752=EDGE_CURVE('',#6030,#6027,#509,.T.);
#4753=EDGE_CURVE('',#6031,#6032,#6718,.F.);
#4754=EDGE_CURVE('',#6032,#6033,#510,.T.);
#4755=EDGE_CURVE('',#6033,#6034,#6719,.F.);
#4756=EDGE_CURVE('',#6034,#6031,#511,.T.);
#4757=EDGE_CURVE('',#6035,#6036,#6720,.F.);
#4758=EDGE_CURVE('',#6036,#6037,#512,.T.);
#4759=EDGE_CURVE('',#6037,#6038,#6721,.F.);
#4760=EDGE_CURVE('',#6038,#6035,#513,.T.);
#4761=EDGE_CURVE('',#6039,#6040,#6722,.F.);
#4762=EDGE_CURVE('',#6040,#6041,#514,.T.);
#4763=EDGE_CURVE('',#6041,#6042,#6723,.F.);
#4764=EDGE_CURVE('',#6042,#6039,#515,.T.);
#4765=EDGE_CURVE('',#6043,#6044,#6724,.F.);
#4766=EDGE_CURVE('',#6044,#6045,#516,.T.);
#4767=EDGE_CURVE('',#6045,#6046,#6725,.F.);
#4768=EDGE_CURVE('',#6046,#6043,#517,.T.);
#4769=EDGE_CURVE('',#6047,#6048,#6726,.F.);
#4770=EDGE_CURVE('',#6048,#6049,#518,.T.);
#4771=EDGE_CURVE('',#6049,#6050,#6727,.F.);
#4772=EDGE_CURVE('',#6050,#6047,#519,.T.);
#4773=EDGE_CURVE('',#6051,#6052,#6728,.F.);
#4774=EDGE_CURVE('',#6052,#6053,#520,.T.);
#4775=EDGE_CURVE('',#6053,#6054,#6729,.F.);
#4776=EDGE_CURVE('',#6054,#6051,#521,.T.);
#4777=EDGE_CURVE('',#6055,#6056,#6730,.F.);
#4778=EDGE_CURVE('',#6056,#6057,#522,.T.);
#4779=EDGE_CURVE('',#6057,#6058,#6731,.F.);
#4780=EDGE_CURVE('',#6058,#6055,#523,.T.);
#4781=EDGE_CURVE('',#6059,#6060,#6732,.F.);
#4782=EDGE_CURVE('',#6060,#6061,#524,.T.);
#4783=EDGE_CURVE('',#6061,#6062,#6733,.F.);
#4784=EDGE_CURVE('',#6062,#6059,#525,.T.);
#4785=EDGE_CURVE('',#6063,#6064,#6734,.F.);
#4786=EDGE_CURVE('',#6064,#6065,#526,.T.);
#4787=EDGE_CURVE('',#6065,#6066,#6735,.F.);
#4788=EDGE_CURVE('',#6066,#6063,#527,.T.);
#4789=EDGE_CURVE('',#6067,#6068,#6736,.F.);
#4790=EDGE_CURVE('',#6068,#6069,#528,.T.);
#4791=EDGE_CURVE('',#6069,#6070,#6737,.F.);
#4792=EDGE_CURVE('',#6070,#6067,#529,.T.);
#4793=EDGE_CURVE('',#6071,#6072,#6738,.F.);
#4794=EDGE_CURVE('',#6072,#6073,#530,.T.);
#4795=EDGE_CURVE('',#6073,#6074,#6739,.F.);
#4796=EDGE_CURVE('',#6074,#6071,#531,.T.);
#4797=EDGE_CURVE('',#6075,#6076,#532,.T.);
#4798=EDGE_CURVE('',#6076,#6077,#6740,.F.);
#4799=EDGE_CURVE('',#6077,#6078,#533,.T.);
#4800=EDGE_CURVE('',#6078,#6075,#6741,.F.);
#4801=EDGE_CURVE('',#6079,#6080,#534,.T.);
#4802=EDGE_CURVE('',#6080,#6081,#6742,.F.);
#4803=EDGE_CURVE('',#6081,#6082,#535,.T.);
#4804=EDGE_CURVE('',#6082,#6079,#6743,.F.);
#4805=EDGE_CURVE('',#6083,#6084,#536,.T.);
#4806=EDGE_CURVE('',#6084,#6085,#6744,.F.);
#4807=EDGE_CURVE('',#6085,#6086,#537,.T.);
#4808=EDGE_CURVE('',#6086,#6083,#6745,.F.);
#4809=EDGE_CURVE('',#6087,#6088,#6746,.F.);
#4810=EDGE_CURVE('',#6088,#6089,#538,.T.);
#4811=EDGE_CURVE('',#6089,#6090,#6747,.F.);
#4812=EDGE_CURVE('',#6090,#6087,#539,.T.);
#4813=EDGE_CURVE('',#6091,#6092,#6748,.F.);
#4814=EDGE_CURVE('',#6092,#6093,#540,.T.);
#4815=EDGE_CURVE('',#6093,#6094,#6749,.F.);
#4816=EDGE_CURVE('',#6094,#6091,#541,.T.);
#4817=EDGE_CURVE('',#6095,#6096,#6750,.F.);
#4818=EDGE_CURVE('',#6096,#6097,#542,.T.);
#4819=EDGE_CURVE('',#6097,#6098,#6751,.F.);
#4820=EDGE_CURVE('',#6098,#6095,#543,.T.);
#4821=EDGE_CURVE('',#6099,#6100,#6752,.F.);
#4822=EDGE_CURVE('',#6100,#6101,#544,.T.);
#4823=EDGE_CURVE('',#6101,#6102,#6753,.F.);
#4824=EDGE_CURVE('',#6102,#6099,#545,.T.);
#4825=EDGE_CURVE('',#6103,#6104,#6754,.F.);
#4826=EDGE_CURVE('',#6104,#6105,#546,.T.);
#4827=EDGE_CURVE('',#6105,#6106,#6755,.F.);
#4828=EDGE_CURVE('',#6106,#6103,#547,.T.);
#4829=EDGE_CURVE('',#6107,#6108,#6756,.F.);
#4830=EDGE_CURVE('',#6108,#6109,#6757,.T.);
#4831=EDGE_CURVE('',#6110,#6109,#548,.F.);
#4832=EDGE_CURVE('',#6111,#6110,#6758,.F.);
#4833=EDGE_CURVE('',#6112,#6111,#549,.F.);
#4834=EDGE_CURVE('',#6112,#6113,#6759,.T.);
#4835=EDGE_CURVE('',#6113,#6114,#6760,.F.);
#4836=EDGE_CURVE('',#6114,#6115,#6761,.T.);
#4837=EDGE_CURVE('',#6116,#6115,#550,.F.);
#4838=EDGE_CURVE('',#6117,#6116,#6762,.F.);
#4839=EDGE_CURVE('',#6118,#6117,#551,.T.);
#4840=EDGE_CURVE('',#6118,#6119,#6763,.T.);
#4841=EDGE_CURVE('',#6119,#6120,#6764,.F.);
#4842=EDGE_CURVE('',#6120,#6121,#6765,.T.);
#4843=EDGE_CURVE('',#6122,#6121,#552,.T.);
#4844=EDGE_CURVE('',#6022,#6122,#6766,.F.);
#4845=EDGE_CURVE('',#6021,#6123,#6767,.T.);
#4846=EDGE_CURVE('',#6123,#6124,#6768,.F.);
#4847=EDGE_CURVE('',#6124,#6125,#6769,.T.);
#4848=EDGE_CURVE('',#6126,#6125,#553,.T.);
#4849=EDGE_CURVE('',#6026,#6126,#6770,.F.);
#4850=EDGE_CURVE('',#6025,#6107,#6771,.T.);
#4851=EDGE_CURVE('',#6127,#6128,#554,.T.);
#4852=EDGE_CURVE('',#6128,#6129,#555,.T.);
#4853=EDGE_CURVE('',#6130,#6129,#556,.T.);
#4854=EDGE_CURVE('',#6127,#6130,#557,.T.);
#4855=EDGE_CURVE('',#6131,#6132,#558,.T.);
#4856=EDGE_CURVE('',#6132,#6133,#559,.T.);
#4857=EDGE_CURVE('',#6134,#6133,#560,.T.);
#4858=EDGE_CURVE('',#6135,#6134,#561,.T.);
#4859=EDGE_CURVE('',#6135,#6136,#562,.T.);
#4860=EDGE_CURVE('',#6131,#6136,#6772,.T.);
#4861=EDGE_CURVE('',#6137,#6138,#563,.T.);
#4862=EDGE_CURVE('',#6139,#6137,#564,.T.);
#4863=EDGE_CURVE('',#6139,#6140,#565,.T.);
#4864=EDGE_CURVE('',#6138,#6140,#566,.F.);
#4865=EDGE_CURVE('',#6141,#6142,#567,.T.);
#4866=EDGE_CURVE('',#6143,#6141,#568,.T.);
#4867=EDGE_CURVE('',#6143,#6144,#569,.T.);
#4868=EDGE_CURVE('',#6142,#6144,#570,.F.);
#4869=EDGE_CURVE('',#6145,#6146,#571,.T.);
#4870=EDGE_CURVE('',#6146,#6147,#572,.T.);
#4871=EDGE_CURVE('',#6148,#6147,#573,.T.);
#4872=EDGE_CURVE('',#6145,#6148,#574,.T.);
#4873=EDGE_CURVE('',#6133,#6118,#6773,.T.);
#4874=EDGE_CURVE('',#6117,#6134,#6774,.T.);
#4875=EDGE_CURVE('',#6115,#6149,#6775,.T.);
#4876=EDGE_CURVE('',#6149,#6150,#575,.T.);
#4877=EDGE_CURVE('',#6116,#6150,#6776,.F.);
#4878=EDGE_CURVE('',#6151,#6152,#321,.T.);
#4879=EDGE_CURVE('',#6151,#5996,#322,.T.);
#4880=EDGE_CURVE('',#6153,#5995,#6777,.T.);
#4881=EDGE_CURVE('',#6154,#6153,#576,.F.);
#4882=EDGE_CURVE('',#6154,#5998,#6778,.T.);
#4883=EDGE_CURVE('',#5997,#6152,#323,.F.);
#4884=EDGE_CURVE('',#6125,#6138,#6779,.T.);
#4885=EDGE_CURVE('',#6140,#6126,#6780,.F.);
#4886=EDGE_CURVE('',#6155,#6156,#324,.T.);
#4887=EDGE_CURVE('',#6155,#6008,#325,.T.);
#4888=EDGE_CURVE('',#6157,#6007,#6781,.T.);
#4889=EDGE_CURVE('',#6158,#6157,#577,.F.);
#4890=EDGE_CURVE('',#6158,#6010,#6782,.T.);
#4891=EDGE_CURVE('',#6009,#6156,#326,.F.);
#4892=EDGE_CURVE('',#6109,#6142,#6783,.T.);
#4893=EDGE_CURVE('',#6144,#6110,#6784,.F.);
#4894=EDGE_CURVE('',#6159,#6160,#578,.F.);
#4895=EDGE_CURVE('',#6160,#6161,#579,.F.);
#4896=EDGE_CURVE('',#6161,#6162,#580,.T.);
#4897=EDGE_CURVE('',#6162,#6159,#581,.T.);
#4898=EDGE_CURVE('',#6163,#6164,#582,.F.);
#4899=EDGE_CURVE('',#6164,#6165,#6785,.T.);
#4900=EDGE_CURVE('',#6165,#6166,#583,.T.);
#4901=EDGE_CURVE('',#6166,#6167,#6786,.T.);
#4902=EDGE_CURVE('',#6167,#6168,#584,.T.);
#4903=EDGE_CURVE('',#6168,#6169,#6787,.T.);
#4904=EDGE_CURVE('',#6169,#6170,#585,.F.);
#4905=EDGE_CURVE('',#6170,#6163,#6788,.T.);
#4906=EDGE_CURVE('',#6171,#6171,#6789,.T.);
#4907=EDGE_CURVE('',#6172,#6173,#586,.T.);
#4908=EDGE_CURVE('',#6173,#6174,#587,.T.);
#4909=EDGE_CURVE('',#6174,#6175,#588,.T.);
#4910=EDGE_CURVE('',#6175,#6176,#589,.T.);
#4911=EDGE_CURVE('',#6176,#6177,#590,.T.);
#4912=EDGE_CURVE('',#6177,#6178,#591,.T.);
#4913=EDGE_CURVE('',#6178,#6179,#592,.T.);
#4914=EDGE_CURVE('',#6179,#6180,#593,.T.);
#4915=EDGE_CURVE('',#6180,#6181,#594,.T.);
#4916=EDGE_CURVE('',#6181,#6172,#595,.T.);
#4917=EDGE_CURVE('',#6182,#6183,#327,.T.);
#4918=EDGE_CURVE('',#6183,#6184,#6790,.F.);
#4919=EDGE_CURVE('',#6184,#6185,#6791,.F.);
#4920=EDGE_CURVE('',#6185,#6186,#6792,.F.);
#4921=EDGE_CURVE('',#6186,#6187,#6793,.F.);
#4922=EDGE_CURVE('',#6187,#6188,#6794,.F.);
#4923=EDGE_CURVE('',#6188,#6189,#596,.T.);
#4924=EDGE_CURVE('',#6189,#6190,#328,.T.);
#4925=EDGE_CURVE('',#6190,#6191,#6795,.F.);
#4926=EDGE_CURVE('',#6191,#6192,#6796,.F.);
#4927=EDGE_CURVE('',#6192,#6193,#6797,.F.);
#4928=EDGE_CURVE('',#6193,#6194,#6798,.F.);
#4929=EDGE_CURVE('',#6194,#6195,#329,.T.);
#4930=EDGE_CURVE('',#6195,#6182,#597,.T.);
#4931=EDGE_CURVE('',#6196,#6197,#598,.T.);
#4932=EDGE_CURVE('',#6196,#6198,#6799,.T.);
#4933=EDGE_CURVE('',#6199,#6198,#599,.T.);
#4934=EDGE_CURVE('',#6199,#6200,#600,.T.);
#4935=EDGE_CURVE('',#6200,#6201,#601,.T.);
#4936=EDGE_CURVE('',#6197,#6201,#602,.T.);
#4937=EDGE_CURVE('',#6202,#6203,#603,.T.);
#4938=EDGE_CURVE('',#6203,#6204,#604,.T.);
#4939=EDGE_CURVE('',#6204,#6205,#605,.T.);
#4940=EDGE_CURVE('',#6205,#6206,#606,.T.);
#4941=EDGE_CURVE('',#6206,#6207,#607,.T.);
#4942=EDGE_CURVE('',#6207,#6208,#608,.T.);
#4943=EDGE_CURVE('',#6208,#6209,#609,.T.);
#4944=EDGE_CURVE('',#6209,#6210,#610,.T.);
#4945=EDGE_CURVE('',#6210,#6211,#611,.T.);
#4946=EDGE_CURVE('',#6211,#6202,#612,.T.);
#4947=EDGE_CURVE('',#6212,#6213,#330,.T.);
#4948=EDGE_CURVE('',#6213,#6214,#6800,.F.);
#4949=EDGE_CURVE('',#6214,#6215,#6801,.F.);
#4950=EDGE_CURVE('',#6215,#6216,#6802,.F.);
#4951=EDGE_CURVE('',#6216,#6217,#6803,.F.);
#4952=EDGE_CURVE('',#6217,#6218,#6804,.F.);
#4953=EDGE_CURVE('',#6218,#6219,#613,.T.);
#4954=EDGE_CURVE('',#6219,#6220,#331,.T.);
#4955=EDGE_CURVE('',#6220,#6221,#6805,.F.);
#4956=EDGE_CURVE('',#6221,#6222,#6806,.F.);
#4957=EDGE_CURVE('',#6222,#6223,#6807,.F.);
#4958=EDGE_CURVE('',#6223,#6224,#6808,.F.);
#4959=EDGE_CURVE('',#6224,#6225,#332,.T.);
#4960=EDGE_CURVE('',#6225,#6212,#614,.T.);
#4961=EDGE_CURVE('',#6226,#6227,#615,.T.);
#4962=EDGE_CURVE('',#6227,#6228,#616,.T.);
#4963=EDGE_CURVE('',#6228,#6229,#617,.T.);
#4964=EDGE_CURVE('',#6229,#6230,#618,.T.);
#4965=EDGE_CURVE('',#6230,#6231,#619,.T.);
#4966=EDGE_CURVE('',#6231,#6232,#620,.T.);
#4967=EDGE_CURVE('',#6232,#6233,#621,.T.);
#4968=EDGE_CURVE('',#6233,#6234,#622,.T.);
#4969=EDGE_CURVE('',#6234,#6235,#623,.T.);
#4970=EDGE_CURVE('',#6235,#6226,#624,.T.);
#4971=EDGE_CURVE('',#6236,#6237,#625,.T.);
#4972=EDGE_CURVE('',#6238,#6237,#626,.T.);
#4973=EDGE_CURVE('',#6239,#6238,#627,.T.);
#4974=EDGE_CURVE('',#6239,#6236,#628,.T.);
#4975=EDGE_CURVE('',#6240,#6241,#629,.T.);
#4976=EDGE_CURVE('',#6241,#6242,#630,.F.);
#4977=EDGE_CURVE('',#6243,#6242,#631,.T.);
#4978=EDGE_CURVE('',#6243,#6240,#632,.T.);
#4979=EDGE_CURVE('',#6244,#6244,#6809,.F.);
#4980=EDGE_CURVE('',#6245,#6246,#633,.T.);
#4981=EDGE_CURVE('',#6245,#6247,#634,.T.);
#4982=EDGE_CURVE('',#6247,#6248,#635,.T.);
#4983=EDGE_CURVE('',#6246,#6248,#636,.T.);
#4984=EDGE_CURVE('',#6249,#6250,#637,.T.);
#4985=EDGE_CURVE('',#6251,#6249,#6810,.T.);
#4986=EDGE_CURVE('',#6251,#6252,#638,.T.);
#4987=EDGE_CURVE('',#6253,#6252,#6811,.T.);
#4988=EDGE_CURVE('',#6253,#6254,#639,.T.);
#4989=EDGE_CURVE('',#6255,#6254,#6812,.T.);
#4990=EDGE_CURVE('',#6256,#6255,#640,.T.);
#4991=EDGE_CURVE('',#6250,#6256,#6813,.T.);
#4992=EDGE_CURVE('',#6131,#6257,#641,.T.);
#4993=EDGE_CURVE('',#6257,#6196,#6814,.T.);
#4994=EDGE_CURVE('',#6197,#6258,#6815,.T.);
#4995=EDGE_CURVE('',#6259,#6258,#642,.T.);
#4996=EDGE_CURVE('',#6259,#6260,#6816,.T.);
#4997=EDGE_CURVE('',#6261,#6260,#643,.T.);
#4998=EDGE_CURVE('',#6261,#6262,#6817,.T.);
#4999=EDGE_CURVE('',#6262,#6263,#644,.T.);
#5000=EDGE_CURVE('',#6263,#6199,#6818,.T.);
#5001=EDGE_CURVE('',#6198,#6264,#6819,.T.);
#5002=EDGE_CURVE('',#6136,#6264,#645,.T.);
#5003=EDGE_CURVE('',#6265,#6135,#6820,.T.);
#5004=EDGE_CURVE('',#6266,#6265,#646,.T.);
#5005=EDGE_CURVE('',#6267,#6266,#6821,.T.);
#5006=EDGE_CURVE('',#6267,#6268,#6822,.T.);
#5007=EDGE_CURVE('',#6146,#6268,#6823,.T.);
#5008=EDGE_CURVE('',#6143,#6145,#6824,.T.);
#5009=EDGE_CURVE('',#6269,#6141,#6825,.T.);
#5010=EDGE_CURVE('',#6269,#6270,#6826,.T.);
#5011=EDGE_CURVE('',#6271,#6270,#6827,.T.);
#5012=EDGE_CURVE('',#6271,#6272,#647,.T.);
#5013=EDGE_CURVE('',#6139,#6272,#6828,.T.);
#5014=EDGE_CURVE('',#6273,#6137,#6829,.T.);
#5015=EDGE_CURVE('',#6273,#6274,#6830,.T.);
#5016=EDGE_CURVE('',#6275,#6274,#6831,.T.);
#5017=EDGE_CURVE('',#6275,#6276,#648,.T.);
#5018=EDGE_CURVE('',#6247,#6276,#6832,.T.);
#5019=EDGE_CURVE('',#6277,#6245,#6833,.T.);
#5020=EDGE_CURVE('',#6277,#6278,#6834,.T.);
#5021=EDGE_CURVE('',#6132,#6278,#6835,.T.);
#5022=EDGE_CURVE('',#6201,#6154,#6836,.T.);
#5023=EDGE_CURVE('',#6258,#6154,#649,.T.);
#5024=EDGE_CURVE('',#6259,#6153,#650,.T.);
#5025=EDGE_CURVE('',#6153,#6158,#6837,.T.);
#5026=EDGE_CURVE('',#6260,#6158,#651,.T.);
#5027=EDGE_CURVE('',#6261,#6157,#652,.T.);
#5028=EDGE_CURVE('',#6157,#6279,#6838,.T.);
#5029=EDGE_CURVE('',#6262,#6279,#653,.T.);
#5030=EDGE_CURVE('',#6279,#6280,#654,.T.);
#5031=EDGE_CURVE('',#6263,#6280,#655,.T.);
#5032=EDGE_CURVE('',#6280,#6200,#6839,.T.);
#5033=EDGE_CURVE('',#5999,#6201,#6840,.T.);
#5034=EDGE_CURVE('',#6281,#6282,#333,.T.);
#5035=EDGE_CURVE('',#6281,#6000,#334,.T.);
#5036=EDGE_CURVE('',#6002,#6200,#6841,.T.);
#5037=EDGE_CURVE('',#6001,#6282,#335,.F.);
#5038=EDGE_CURVE('',#6003,#6280,#6842,.T.);
#5039=EDGE_CURVE('',#6283,#6284,#336,.T.);
#5040=EDGE_CURVE('',#6283,#6004,#337,.T.);
#5041=EDGE_CURVE('',#6006,#6279,#6843,.T.);
#5042=EDGE_CURVE('',#6005,#6284,#338,.F.);
#5043=EDGE_CURVE('',#6276,#6019,#656,.T.);
#5044=EDGE_CURVE('',#6248,#6019,#6844,.F.);
#5045=EDGE_CURVE('',#6275,#6020,#657,.T.);
#5046=EDGE_CURVE('',#6272,#6023,#658,.T.);
#5047=EDGE_CURVE('',#6140,#6023,#6845,.F.);
#5048=EDGE_CURVE('',#6271,#6024,#659,.T.);
#5049=EDGE_CURVE('',#6144,#6148,#6846,.F.);
#5050=EDGE_CURVE('',#6266,#6149,#660,.T.);
#5051=EDGE_CURVE('',#6265,#6150,#661,.T.);
#5052=EDGE_CURVE('',#6150,#6134,#6847,.F.);
#5053=EDGE_CURVE('',#6122,#6248,#6848,.F.);
#5054=EDGE_CURVE('',#6121,#6246,#6849,.T.);
#5055=EDGE_CURVE('',#6147,#6112,#6850,.T.);
#5056=EDGE_CURVE('',#6111,#6148,#6851,.T.);
#5057=EDGE_CURVE('',#6264,#6257,#6852,.F.);
#5058=EDGE_CURVE('',#6128,#6285,#662,.T.);
#5059=EDGE_CURVE('',#6285,#6286,#663,.F.);
#5060=EDGE_CURVE('',#6129,#6286,#664,.T.);
#5061=EDGE_CURVE('',#6286,#6287,#665,.T.);
#5062=EDGE_CURVE('',#6130,#6287,#666,.T.);
#5063=EDGE_CURVE('',#6287,#6288,#667,.T.);
#5064=EDGE_CURVE('',#6127,#6288,#668,.T.);
#5065=EDGE_CURVE('',#6288,#6285,#669,.F.);
#5066=EDGE_CURVE('',#6289,#6290,#670,.T.);
#5067=EDGE_CURVE('',#6289,#6291,#671,.T.);
#5068=EDGE_CURVE('',#6291,#6292,#672,.T.);
#5069=EDGE_CURVE('',#6292,#6290,#673,.T.);
#5070=EDGE_CURVE('',#6293,#6294,#674,.T.);
#5071=EDGE_CURVE('',#6293,#6289,#6853,.T.);
#5072=EDGE_CURVE('',#6290,#6294,#6854,.F.);
#5073=EDGE_CURVE('',#6295,#6296,#675,.T.);
#5074=EDGE_CURVE('',#6295,#6293,#676,.T.);
#5075=EDGE_CURVE('',#6294,#6296,#677,.T.);
#5076=EDGE_CURVE('',#6291,#6295,#6855,.T.);
#5077=EDGE_CURVE('',#6296,#6292,#6856,.F.);
#5078=EDGE_CURVE('',#6297,#6298,#678,.T.);
#5079=EDGE_CURVE('',#6297,#6299,#6857,.T.);
#5080=EDGE_CURVE('',#6299,#6300,#679,.T.);
#5081=EDGE_CURVE('',#6300,#6298,#6858,.F.);
#5082=EDGE_CURVE('',#6301,#6302,#680,.T.);
#5083=EDGE_CURVE('',#6301,#6297,#681,.T.);
#5084=EDGE_CURVE('',#6298,#6302,#682,.T.);
#5085=EDGE_CURVE('',#6303,#6304,#683,.T.);
#5086=EDGE_CURVE('',#6303,#6301,#6859,.T.);
#5087=EDGE_CURVE('',#6302,#6304,#6860,.F.);
#5088=EDGE_CURVE('',#6299,#6303,#684,.T.);
#5089=EDGE_CURVE('',#6304,#6300,#685,.T.);
#5090=EDGE_CURVE('',#6305,#6306,#686,.T.);
#5091=EDGE_CURVE('',#6305,#6307,#687,.T.);
#5092=EDGE_CURVE('',#6307,#6308,#688,.T.);
#5093=EDGE_CURVE('',#6308,#6306,#689,.T.);
#5094=EDGE_CURVE('',#6309,#6310,#690,.T.);
#5095=EDGE_CURVE('',#6309,#6305,#6861,.T.);
#5096=EDGE_CURVE('',#6306,#6310,#6862,.F.);
#5097=EDGE_CURVE('',#6311,#6312,#691,.T.);
#5098=EDGE_CURVE('',#6311,#6309,#692,.T.);
#5099=EDGE_CURVE('',#6310,#6312,#693,.T.);
#5100=EDGE_CURVE('',#6307,#6311,#6863,.T.);
#5101=EDGE_CURVE('',#6312,#6308,#6864,.F.);
#5102=EDGE_CURVE('',#6313,#6314,#694,.T.);
#5103=EDGE_CURVE('',#6313,#6315,#695,.T.);
#5104=EDGE_CURVE('',#6315,#6316,#696,.T.);
#5105=EDGE_CURVE('',#6316,#6314,#697,.T.);
#5106=EDGE_CURVE('',#6317,#6318,#698,.T.);
#5107=EDGE_CURVE('',#6317,#6313,#6865,.T.);
#5108=EDGE_CURVE('',#6314,#6318,#6866,.F.);
#5109=EDGE_CURVE('',#6319,#6320,#699,.T.);
#5110=EDGE_CURVE('',#6319,#6317,#700,.T.);
#5111=EDGE_CURVE('',#6318,#6320,#701,.T.);
#5112=EDGE_CURVE('',#6315,#6319,#6867,.T.);
#5113=EDGE_CURVE('',#6320,#6316,#6868,.F.);
#5114=EDGE_CURVE('',#6321,#6322,#702,.T.);
#5115=EDGE_CURVE('',#6321,#6323,#6869,.T.);
#5116=EDGE_CURVE('',#6323,#6324,#703,.T.);
#5117=EDGE_CURVE('',#6324,#6322,#6870,.F.);
#5118=EDGE_CURVE('',#6325,#6326,#704,.T.);
#5119=EDGE_CURVE('',#6325,#6321,#705,.T.);
#5120=EDGE_CURVE('',#6322,#6326,#706,.T.);
#5121=EDGE_CURVE('',#6327,#6328,#707,.T.);
#5122=EDGE_CURVE('',#6327,#6325,#6871,.T.);
#5123=EDGE_CURVE('',#6326,#6328,#6872,.F.);
#5124=EDGE_CURVE('',#6323,#6327,#708,.T.);
#5125=EDGE_CURVE('',#6328,#6324,#709,.T.);
#5126=EDGE_CURVE('',#6329,#6330,#710,.T.);
#5127=EDGE_CURVE('',#6329,#6331,#6873,.T.);
#5128=EDGE_CURVE('',#6331,#6332,#711,.T.);
#5129=EDGE_CURVE('',#6332,#6330,#6874,.F.);
#5130=EDGE_CURVE('',#6333,#6334,#712,.T.);
#5131=EDGE_CURVE('',#6333,#6329,#713,.T.);
#5132=EDGE_CURVE('',#6330,#6334,#714,.T.);
#5133=EDGE_CURVE('',#6335,#6336,#715,.T.);
#5134=EDGE_CURVE('',#6335,#6333,#6875,.T.);
#5135=EDGE_CURVE('',#6334,#6336,#6876,.F.);
#5136=EDGE_CURVE('',#6331,#6335,#716,.T.);
#5137=EDGE_CURVE('',#6336,#6332,#717,.T.);
#5138=EDGE_CURVE('',#6337,#6338,#718,.T.);
#5139=EDGE_CURVE('',#6337,#6339,#6877,.T.);
#5140=EDGE_CURVE('',#6339,#6340,#719,.T.);
#5141=EDGE_CURVE('',#6340,#6338,#6878,.F.);
#5142=EDGE_CURVE('',#6341,#6342,#720,.T.);
#5143=EDGE_CURVE('',#6341,#6337,#721,.T.);
#5144=EDGE_CURVE('',#6338,#6342,#722,.T.);
#5145=EDGE_CURVE('',#6343,#6344,#723,.T.);
#5146=EDGE_CURVE('',#6343,#6341,#6879,.T.);
#5147=EDGE_CURVE('',#6342,#6344,#6880,.F.);
#5148=EDGE_CURVE('',#6339,#6343,#724,.T.);
#5149=EDGE_CURVE('',#6344,#6340,#725,.T.);
#5150=EDGE_CURVE('',#6345,#6346,#726,.T.);
#5151=EDGE_CURVE('',#6345,#6347,#6881,.T.);
#5152=EDGE_CURVE('',#6347,#6348,#727,.T.);
#5153=EDGE_CURVE('',#6348,#6346,#6882,.F.);
#5154=EDGE_CURVE('',#6349,#6350,#728,.T.);
#5155=EDGE_CURVE('',#6349,#6345,#729,.T.);
#5156=EDGE_CURVE('',#6346,#6350,#730,.T.);
#5157=EDGE_CURVE('',#6351,#6352,#731,.T.);
#5158=EDGE_CURVE('',#6351,#6349,#6883,.T.);
#5159=EDGE_CURVE('',#6350,#6352,#6884,.F.);
#5160=EDGE_CURVE('',#6347,#6351,#732,.T.);
#5161=EDGE_CURVE('',#6352,#6348,#733,.T.);
#5162=EDGE_CURVE('',#6353,#6354,#734,.T.);
#5163=EDGE_CURVE('',#6353,#6355,#735,.T.);
#5164=EDGE_CURVE('',#6355,#6356,#736,.T.);
#5165=EDGE_CURVE('',#6356,#6354,#737,.T.);
#5166=EDGE_CURVE('',#6357,#6358,#738,.T.);
#5167=EDGE_CURVE('',#6357,#6353,#6885,.T.);
#5168=EDGE_CURVE('',#6354,#6358,#6886,.F.);
#5169=EDGE_CURVE('',#6359,#6360,#739,.T.);
#5170=EDGE_CURVE('',#6359,#6357,#740,.T.);
#5171=EDGE_CURVE('',#6358,#6360,#741,.T.);
#5172=EDGE_CURVE('',#6355,#6359,#6887,.T.);
#5173=EDGE_CURVE('',#6360,#6356,#6888,.F.);
#5174=EDGE_CURVE('',#6361,#6362,#742,.T.);
#5175=EDGE_CURVE('',#6361,#6363,#743,.T.);
#5176=EDGE_CURVE('',#6363,#6364,#744,.T.);
#5177=EDGE_CURVE('',#6364,#6362,#745,.T.);
#5178=EDGE_CURVE('',#6365,#6366,#746,.T.);
#5179=EDGE_CURVE('',#6365,#6361,#6889,.T.);
#5180=EDGE_CURVE('',#6362,#6366,#6890,.F.);
#5181=EDGE_CURVE('',#6367,#6368,#747,.T.);
#5182=EDGE_CURVE('',#6367,#6365,#748,.T.);
#5183=EDGE_CURVE('',#6366,#6368,#749,.T.);
#5184=EDGE_CURVE('',#6363,#6367,#6891,.T.);
#5185=EDGE_CURVE('',#6368,#6364,#6892,.F.);
#5186=EDGE_CURVE('',#6369,#6370,#750,.T.);
#5187=EDGE_CURVE('',#6369,#6371,#751,.T.);
#5188=EDGE_CURVE('',#6371,#6372,#752,.T.);
#5189=EDGE_CURVE('',#6372,#6370,#753,.T.);
#5190=EDGE_CURVE('',#6373,#6374,#754,.T.);
#5191=EDGE_CURVE('',#6373,#6369,#6893,.T.);
#5192=EDGE_CURVE('',#6370,#6374,#6894,.F.);
#5193=EDGE_CURVE('',#6375,#6376,#755,.T.);
#5194=EDGE_CURVE('',#6375,#6373,#756,.T.);
#5195=EDGE_CURVE('',#6374,#6376,#757,.T.);
#5196=EDGE_CURVE('',#6371,#6375,#6895,.T.);
#5197=EDGE_CURVE('',#6376,#6372,#6896,.F.);
#5198=EDGE_CURVE('',#6377,#6378,#758,.T.);
#5199=EDGE_CURVE('',#6377,#6379,#759,.T.);
#5200=EDGE_CURVE('',#6379,#6380,#760,.T.);
#5201=EDGE_CURVE('',#6380,#6378,#761,.T.);
#5202=EDGE_CURVE('',#6381,#6382,#762,.T.);
#5203=EDGE_CURVE('',#6381,#6377,#6897,.T.);
#5204=EDGE_CURVE('',#6378,#6382,#6898,.F.);
#5205=EDGE_CURVE('',#6383,#6384,#763,.T.);
#5206=EDGE_CURVE('',#6383,#6381,#764,.T.);
#5207=EDGE_CURVE('',#6382,#6384,#765,.T.);
#5208=EDGE_CURVE('',#6379,#6383,#6899,.T.);
#5209=EDGE_CURVE('',#6384,#6380,#6900,.F.);
#5210=EDGE_CURVE('',#6385,#6386,#766,.T.);
#5211=EDGE_CURVE('',#6385,#6387,#6901,.T.);
#5212=EDGE_CURVE('',#6387,#6388,#767,.T.);
#5213=EDGE_CURVE('',#6388,#6386,#6902,.F.);
#5214=EDGE_CURVE('',#6389,#6390,#768,.T.);
#5215=EDGE_CURVE('',#6389,#6385,#769,.T.);
#5216=EDGE_CURVE('',#6386,#6390,#770,.T.);
#5217=EDGE_CURVE('',#6391,#6392,#771,.T.);
#5218=EDGE_CURVE('',#6391,#6389,#6903,.T.);
#5219=EDGE_CURVE('',#6390,#6392,#6904,.F.);
#5220=EDGE_CURVE('',#6387,#6391,#772,.T.);
#5221=EDGE_CURVE('',#6392,#6388,#773,.T.);
#5222=EDGE_CURVE('',#6393,#6394,#774,.T.);
#5223=EDGE_CURVE('',#6393,#6395,#775,.T.);
#5224=EDGE_CURVE('',#6395,#6396,#776,.T.);
#5225=EDGE_CURVE('',#6396,#6394,#777,.T.);
#5226=EDGE_CURVE('',#6397,#6398,#778,.T.);
#5227=EDGE_CURVE('',#6397,#6393,#6905,.T.);
#5228=EDGE_CURVE('',#6394,#6398,#6906,.F.);
#5229=EDGE_CURVE('',#6399,#6400,#779,.T.);
#5230=EDGE_CURVE('',#6399,#6397,#780,.T.);
#5231=EDGE_CURVE('',#6398,#6400,#781,.T.);
#5232=EDGE_CURVE('',#6395,#6399,#6907,.T.);
#5233=EDGE_CURVE('',#6400,#6396,#6908,.F.);
#5234=EDGE_CURVE('',#6401,#6402,#782,.T.);
#5235=EDGE_CURVE('',#6401,#6403,#6909,.T.);
#5236=EDGE_CURVE('',#6403,#6404,#783,.T.);
#5237=EDGE_CURVE('',#6404,#6402,#6910,.F.);
#5238=EDGE_CURVE('',#6405,#6406,#784,.T.);
#5239=EDGE_CURVE('',#6405,#6401,#785,.T.);
#5240=EDGE_CURVE('',#6402,#6406,#786,.T.);
#5241=EDGE_CURVE('',#6407,#6408,#787,.T.);
#5242=EDGE_CURVE('',#6407,#6405,#6911,.T.);
#5243=EDGE_CURVE('',#6406,#6408,#6912,.F.);
#5244=EDGE_CURVE('',#6403,#6407,#788,.T.);
#5245=EDGE_CURVE('',#6408,#6404,#789,.T.);
#5246=EDGE_CURVE('',#6409,#6410,#790,.T.);
#5247=EDGE_CURVE('',#6409,#6411,#791,.T.);
#5248=EDGE_CURVE('',#6411,#6412,#792,.T.);
#5249=EDGE_CURVE('',#6412,#6410,#793,.T.);
#5250=EDGE_CURVE('',#6413,#6414,#794,.T.);
#5251=EDGE_CURVE('',#6413,#6409,#6913,.T.);
#5252=EDGE_CURVE('',#6410,#6414,#6914,.F.);
#5253=EDGE_CURVE('',#6415,#6416,#795,.T.);
#5254=EDGE_CURVE('',#6415,#6413,#796,.T.);
#5255=EDGE_CURVE('',#6414,#6416,#797,.T.);
#5256=EDGE_CURVE('',#6411,#6415,#6915,.T.);
#5257=EDGE_CURVE('',#6416,#6412,#6916,.F.);
#5258=EDGE_CURVE('',#6417,#6418,#798,.T.);
#5259=EDGE_CURVE('',#6417,#6419,#799,.T.);
#5260=EDGE_CURVE('',#6419,#6420,#800,.T.);
#5261=EDGE_CURVE('',#6420,#6418,#801,.T.);
#5262=EDGE_CURVE('',#6421,#6422,#802,.T.);
#5263=EDGE_CURVE('',#6421,#6417,#6917,.T.);
#5264=EDGE_CURVE('',#6418,#6422,#6918,.F.);
#5265=EDGE_CURVE('',#6423,#6424,#803,.T.);
#5266=EDGE_CURVE('',#6423,#6421,#804,.T.);
#5267=EDGE_CURVE('',#6422,#6424,#805,.T.);
#5268=EDGE_CURVE('',#6419,#6423,#6919,.T.);
#5269=EDGE_CURVE('',#6424,#6420,#6920,.F.);
#5270=EDGE_CURVE('',#6425,#6426,#806,.T.);
#5271=EDGE_CURVE('',#6425,#6427,#6921,.T.);
#5272=EDGE_CURVE('',#6427,#6428,#807,.T.);
#5273=EDGE_CURVE('',#6428,#6426,#6922,.F.);
#5274=EDGE_CURVE('',#6429,#6430,#808,.T.);
#5275=EDGE_CURVE('',#6429,#6425,#809,.T.);
#5276=EDGE_CURVE('',#6426,#6430,#810,.T.);
#5277=EDGE_CURVE('',#6431,#6432,#811,.T.);
#5278=EDGE_CURVE('',#6431,#6429,#6923,.T.);
#5279=EDGE_CURVE('',#6430,#6432,#6924,.F.);
#5280=EDGE_CURVE('',#6427,#6431,#812,.T.);
#5281=EDGE_CURVE('',#6432,#6428,#813,.T.);
#5282=EDGE_CURVE('',#6433,#6434,#814,.T.);
#5283=EDGE_CURVE('',#6433,#6435,#815,.T.);
#5284=EDGE_CURVE('',#6435,#6436,#816,.T.);
#5285=EDGE_CURVE('',#6436,#6434,#817,.T.);
#5286=EDGE_CURVE('',#6437,#6438,#818,.T.);
#5287=EDGE_CURVE('',#6437,#6433,#6925,.T.);
#5288=EDGE_CURVE('',#6434,#6438,#6926,.F.);
#5289=EDGE_CURVE('',#6439,#6440,#819,.T.);
#5290=EDGE_CURVE('',#6439,#6437,#820,.T.);
#5291=EDGE_CURVE('',#6438,#6440,#821,.T.);
#5292=EDGE_CURVE('',#6435,#6439,#6927,.T.);
#5293=EDGE_CURVE('',#6440,#6436,#6928,.F.);
#5294=EDGE_CURVE('',#6441,#6442,#822,.T.);
#5295=EDGE_CURVE('',#6441,#6443,#6929,.T.);
#5296=EDGE_CURVE('',#6443,#6444,#823,.T.);
#5297=EDGE_CURVE('',#6444,#6442,#6930,.F.);
#5298=EDGE_CURVE('',#6445,#6446,#824,.T.);
#5299=EDGE_CURVE('',#6445,#6441,#825,.T.);
#5300=EDGE_CURVE('',#6442,#6446,#826,.T.);
#5301=EDGE_CURVE('',#6447,#6448,#827,.T.);
#5302=EDGE_CURVE('',#6447,#6445,#6931,.T.);
#5303=EDGE_CURVE('',#6446,#6448,#6932,.F.);
#5304=EDGE_CURVE('',#6443,#6447,#828,.T.);
#5305=EDGE_CURVE('',#6448,#6444,#829,.T.);
#5306=EDGE_CURVE('',#6449,#6450,#339,.T.);
#5307=EDGE_CURVE('',#6451,#6449,#830,.T.);
#5308=EDGE_CURVE('',#6451,#6452,#340,.T.);
#5309=EDGE_CURVE('',#6452,#6450,#831,.T.);
#5310=EDGE_CURVE('',#6453,#6449,#832,.T.);
#5311=EDGE_CURVE('',#6454,#6453,#833,.T.);
#5312=EDGE_CURVE('',#6454,#6451,#834,.T.);
#5313=EDGE_CURVE('',#6455,#6453,#341,.T.);
#5314=EDGE_CURVE('',#6456,#6455,#835,.T.);
#5315=EDGE_CURVE('',#6456,#6454,#342,.T.);
#5316=EDGE_CURVE('',#6457,#6455,#343,.T.);
#5317=EDGE_CURVE('',#6458,#6457,#836,.T.);
#5318=EDGE_CURVE('',#6458,#6456,#344,.T.);
#5319=EDGE_CURVE('',#6459,#6457,#345,.T.);
#5320=EDGE_CURVE('',#6460,#6459,#837,.T.);
#5321=EDGE_CURVE('',#6460,#6458,#346,.T.);
#5322=EDGE_CURVE('',#6461,#6459,#347,.T.);
#5323=EDGE_CURVE('',#6462,#6461,#838,.T.);
#5324=EDGE_CURVE('',#6462,#6460,#348,.T.);
#5325=EDGE_CURVE('',#6463,#6461,#839,.T.);
#5326=EDGE_CURVE('',#6464,#6463,#840,.T.);
#5327=EDGE_CURVE('',#6464,#6462,#841,.T.);
#5328=EDGE_CURVE('',#6465,#6463,#349,.T.);
#5329=EDGE_CURVE('',#6466,#6465,#842,.T.);
#5330=EDGE_CURVE('',#6466,#6464,#350,.T.);
#5331=EDGE_CURVE('',#6467,#6465,#351,.T.);
#5332=EDGE_CURVE('',#6468,#6467,#843,.T.);
#5333=EDGE_CURVE('',#6468,#6466,#352,.T.);
#5334=EDGE_CURVE('',#6469,#5958,#844,.T.);
#5335=EDGE_CURVE('',#6469,#6470,#353,.T.);
#5336=EDGE_CURVE('',#6470,#5959,#845,.T.);
#5337=EDGE_CURVE('',#6471,#5971,#846,.T.);
#5338=EDGE_CURVE('',#6471,#6469,#847,.T.);
#5339=EDGE_CURVE('',#6472,#5970,#848,.T.);
#5340=EDGE_CURVE('',#6472,#6471,#354,.T.);
#5341=EDGE_CURVE('',#6473,#5969,#849,.T.);
#5342=EDGE_CURVE('',#6473,#6472,#355,.T.);
#5343=EDGE_CURVE('',#6474,#5968,#850,.T.);
#5344=EDGE_CURVE('',#6474,#6473,#356,.T.);
#5345=EDGE_CURVE('',#6475,#5967,#851,.T.);
#5346=EDGE_CURVE('',#6475,#6474,#357,.T.);
#5347=EDGE_CURVE('',#6476,#5966,#852,.T.);
#5348=EDGE_CURVE('',#6476,#6475,#358,.T.);
#5349=EDGE_CURVE('',#6477,#5965,#853,.T.);
#5350=EDGE_CURVE('',#6477,#6476,#359,.T.);
#5351=EDGE_CURVE('',#6478,#5964,#854,.T.);
#5352=EDGE_CURVE('',#6478,#6477,#855,.T.);
#5353=EDGE_CURVE('',#6479,#5963,#856,.T.);
#5354=EDGE_CURVE('',#6479,#6478,#360,.T.);
#5355=EDGE_CURVE('',#6480,#5962,#857,.T.);
#5356=EDGE_CURVE('',#6480,#6479,#361,.T.);
#5357=EDGE_CURVE('',#6481,#5961,#858,.T.);
#5358=EDGE_CURVE('',#6481,#6480,#362,.T.);
#5359=EDGE_CURVE('',#6482,#5960,#859,.T.);
#5360=EDGE_CURVE('',#6482,#6481,#363,.T.);
#5361=EDGE_CURVE('',#6470,#6482,#364,.T.);
#5362=EDGE_CURVE('',#6450,#6467,#365,.T.);
#5363=EDGE_CURVE('',#6452,#6468,#366,.T.);
#5364=EDGE_CURVE('',#6483,#5972,#860,.T.);
#5365=EDGE_CURVE('',#6483,#6484,#861,.T.);
#5366=EDGE_CURVE('',#6484,#5973,#862,.T.);
#5367=EDGE_CURVE('',#6485,#5984,#863,.T.);
#5368=EDGE_CURVE('',#6485,#6483,#864,.T.);
#5369=EDGE_CURVE('',#6486,#5983,#865,.T.);
#5370=EDGE_CURVE('',#6486,#6485,#866,.T.);
#5371=EDGE_CURVE('',#6487,#5982,#867,.T.);
#5372=EDGE_CURVE('',#6487,#6486,#367,.T.);
#5373=EDGE_CURVE('',#6488,#5981,#868,.T.);
#5374=EDGE_CURVE('',#6488,#6487,#368,.T.);
#5375=EDGE_CURVE('',#6489,#5980,#869,.T.);
#5376=EDGE_CURVE('',#6489,#6488,#369,.T.);
#5377=EDGE_CURVE('',#6490,#5979,#870,.T.);
#5378=EDGE_CURVE('',#6490,#6489,#871,.T.);
#5379=EDGE_CURVE('',#6491,#5978,#872,.T.);
#5380=EDGE_CURVE('',#6491,#6490,#873,.T.);
#5381=EDGE_CURVE('',#6492,#5977,#874,.T.);
#5382=EDGE_CURVE('',#6492,#6491,#875,.T.);
#5383=EDGE_CURVE('',#6493,#5976,#876,.T.);
#5384=EDGE_CURVE('',#6493,#6492,#370,.T.);
#5385=EDGE_CURVE('',#6494,#5975,#877,.T.);
#5386=EDGE_CURVE('',#6494,#6493,#371,.T.);
#5387=EDGE_CURVE('',#6495,#5974,#878,.T.);
#5388=EDGE_CURVE('',#6495,#6494,#372,.T.);
#5389=EDGE_CURVE('',#6484,#6495,#373,.T.);
#5390=EDGE_CURVE('',#6496,#5948,#879,.T.);
#5391=EDGE_CURVE('',#6496,#6497,#880,.T.);
#5392=EDGE_CURVE('',#6497,#5949,#881,.T.);
#5393=EDGE_CURVE('',#6498,#5957,#882,.T.);
#5394=EDGE_CURVE('',#6498,#6496,#883,.T.);
#5395=EDGE_CURVE('',#6499,#5956,#884,.T.);
#5396=EDGE_CURVE('',#6499,#6498,#885,.T.);
#5397=EDGE_CURVE('',#6500,#5955,#886,.T.);
#5398=EDGE_CURVE('',#6500,#6499,#887,.T.);
#5399=EDGE_CURVE('',#6501,#5954,#888,.T.);
#5400=EDGE_CURVE('',#6501,#6500,#889,.T.);
#5401=EDGE_CURVE('',#6502,#5953,#890,.T.);
#5402=EDGE_CURVE('',#6502,#6501,#891,.T.);
#5403=EDGE_CURVE('',#6503,#5952,#892,.T.);
#5404=EDGE_CURVE('',#6503,#6502,#893,.T.);
#5405=EDGE_CURVE('',#6504,#5951,#894,.T.);
#5406=EDGE_CURVE('',#6504,#6503,#895,.T.);
#5407=EDGE_CURVE('',#6505,#5950,#896,.T.);
#5408=EDGE_CURVE('',#6505,#6504,#897,.T.);
#5409=EDGE_CURVE('',#6497,#6505,#898,.T.);
#5410=EDGE_CURVE('',#6506,#5985,#899,.T.);
#5411=EDGE_CURVE('',#6506,#6507,#900,.T.);
#5412=EDGE_CURVE('',#6507,#5986,#901,.T.);
#5413=EDGE_CURVE('',#6508,#5994,#902,.T.);
#5414=EDGE_CURVE('',#6508,#6506,#903,.T.);
#5415=EDGE_CURVE('',#6509,#5993,#904,.T.);
#5416=EDGE_CURVE('',#6509,#6508,#905,.T.);
#5417=EDGE_CURVE('',#6510,#5992,#906,.T.);
#5418=EDGE_CURVE('',#6510,#6509,#907,.T.);
#5419=EDGE_CURVE('',#6511,#5991,#908,.T.);
#5420=EDGE_CURVE('',#6511,#6510,#909,.T.);
#5421=EDGE_CURVE('',#6512,#5990,#910,.T.);
#5422=EDGE_CURVE('',#6512,#6511,#911,.T.);
#5423=EDGE_CURVE('',#6513,#5989,#912,.T.);
#5424=EDGE_CURVE('',#6513,#6512,#913,.T.);
#5425=EDGE_CURVE('',#6514,#5988,#914,.T.);
#5426=EDGE_CURVE('',#6514,#6513,#915,.T.);
#5427=EDGE_CURVE('',#6515,#5987,#916,.T.);
#5428=EDGE_CURVE('',#6515,#6514,#917,.T.);
#5429=EDGE_CURVE('',#6507,#6515,#918,.T.);
#5430=EDGE_CURVE('',#6250,#6516,#919,.T.);
#5431=EDGE_CURVE('',#6516,#6517,#920,.T.);
#5432=EDGE_CURVE('',#6249,#6517,#921,.T.);
#5433=EDGE_CURVE('',#6517,#6518,#6933,.F.);
#5434=EDGE_CURVE('',#6251,#6518,#922,.T.);
#5435=EDGE_CURVE('',#6518,#6519,#923,.F.);
#5436=EDGE_CURVE('',#6252,#6519,#924,.T.);
#5437=EDGE_CURVE('',#6519,#6520,#6934,.F.);
#5438=EDGE_CURVE('',#6253,#6520,#925,.T.);
#5439=EDGE_CURVE('',#6520,#6521,#926,.F.);
#5440=EDGE_CURVE('',#6254,#6521,#927,.T.);
#5441=EDGE_CURVE('',#6521,#6522,#6935,.F.);
#5442=EDGE_CURVE('',#6255,#6522,#928,.T.);
#5443=EDGE_CURVE('',#6522,#6523,#929,.T.);
#5444=EDGE_CURVE('',#6256,#6523,#930,.T.);
#5445=EDGE_CURVE('',#6523,#6516,#6936,.F.);
#5446=EDGE_CURVE('',#6524,#6202,#931,.T.);
#5447=EDGE_CURVE('',#6524,#6525,#932,.T.);
#5448=EDGE_CURVE('',#6525,#6203,#933,.T.);
#5449=EDGE_CURVE('',#6526,#6211,#934,.T.);
#5450=EDGE_CURVE('',#6526,#6524,#935,.T.);
#5451=EDGE_CURVE('',#6527,#6210,#936,.T.);
#5452=EDGE_CURVE('',#6527,#6526,#937,.T.);
#5453=EDGE_CURVE('',#6528,#6209,#938,.T.);
#5454=EDGE_CURVE('',#6528,#6527,#939,.T.);
#5455=EDGE_CURVE('',#6529,#6208,#940,.T.);
#5456=EDGE_CURVE('',#6529,#6528,#941,.T.);
#5457=EDGE_CURVE('',#6530,#6207,#942,.T.);
#5458=EDGE_CURVE('',#6530,#6529,#943,.T.);
#5459=EDGE_CURVE('',#6531,#6206,#944,.T.);
#5460=EDGE_CURVE('',#6531,#6530,#945,.T.);
#5461=EDGE_CURVE('',#6532,#6205,#946,.T.);
#5462=EDGE_CURVE('',#6532,#6531,#947,.T.);
#5463=EDGE_CURVE('',#6533,#6204,#948,.T.);
#5464=EDGE_CURVE('',#6533,#6532,#949,.T.);
#5465=EDGE_CURVE('',#6525,#6533,#950,.T.);
#5466=EDGE_CURVE('',#6534,#6535,#374,.T.);
#5467=EDGE_CURVE('',#6536,#6534,#951,.T.);
#5468=EDGE_CURVE('',#6536,#6537,#375,.T.);
#5469=EDGE_CURVE('',#6537,#6535,#952,.T.);
#5470=EDGE_CURVE('',#6538,#6534,#953,.T.);
#5471=EDGE_CURVE('',#6539,#6538,#954,.T.);
#5472=EDGE_CURVE('',#6539,#6536,#955,.T.);
#5473=EDGE_CURVE('',#6540,#6538,#376,.T.);
#5474=EDGE_CURVE('',#6541,#6540,#956,.T.);
#5475=EDGE_CURVE('',#6541,#6539,#377,.T.);
#5476=EDGE_CURVE('',#6542,#6540,#378,.T.);
#5477=EDGE_CURVE('',#6543,#6542,#957,.T.);
#5478=EDGE_CURVE('',#6543,#6541,#379,.T.);
#5479=EDGE_CURVE('',#6544,#6542,#380,.T.);
#5480=EDGE_CURVE('',#6545,#6544,#958,.T.);
#5481=EDGE_CURVE('',#6545,#6543,#381,.T.);
#5482=EDGE_CURVE('',#6546,#6544,#382,.T.);
#5483=EDGE_CURVE('',#6547,#6546,#959,.T.);
#5484=EDGE_CURVE('',#6547,#6545,#383,.T.);
#5485=EDGE_CURVE('',#6548,#6546,#960,.T.);
#5486=EDGE_CURVE('',#6549,#6548,#961,.T.);
#5487=EDGE_CURVE('',#6549,#6547,#962,.T.);
#5488=EDGE_CURVE('',#6550,#6548,#384,.T.);
#5489=EDGE_CURVE('',#6551,#6550,#963,.T.);
#5490=EDGE_CURVE('',#6551,#6549,#385,.T.);
#5491=EDGE_CURVE('',#6552,#6550,#386,.T.);
#5492=EDGE_CURVE('',#6553,#6552,#964,.T.);
#5493=EDGE_CURVE('',#6553,#6551,#387,.T.);
#5494=EDGE_CURVE('',#6554,#6182,#965,.T.);
#5495=EDGE_CURVE('',#6554,#6555,#388,.T.);
#5496=EDGE_CURVE('',#6555,#6183,#966,.T.);
#5497=EDGE_CURVE('',#6556,#6195,#967,.T.);
#5498=EDGE_CURVE('',#6556,#6554,#968,.T.);
#5499=EDGE_CURVE('',#6557,#6194,#969,.T.);
#5500=EDGE_CURVE('',#6557,#6556,#389,.T.);
#5501=EDGE_CURVE('',#6558,#6193,#970,.T.);
#5502=EDGE_CURVE('',#6558,#6557,#6937,.F.);
#5503=EDGE_CURVE('',#6559,#6192,#971,.T.);
#5504=EDGE_CURVE('',#6559,#6558,#6938,.F.);
#5505=EDGE_CURVE('',#6560,#6191,#972,.T.);
#5506=EDGE_CURVE('',#6560,#6559,#6939,.F.);
#5507=EDGE_CURVE('',#6561,#6190,#973,.T.);
#5508=EDGE_CURVE('',#6561,#6560,#6940,.F.);
#5509=EDGE_CURVE('',#6562,#6189,#974,.T.);
#5510=EDGE_CURVE('',#6562,#6561,#390,.T.);
#5511=EDGE_CURVE('',#6563,#6188,#975,.T.);
#5512=EDGE_CURVE('',#6563,#6562,#976,.T.);
#5513=EDGE_CURVE('',#6564,#6187,#977,.T.);
#5514=EDGE_CURVE('',#6564,#6563,#6941,.F.);
#5515=EDGE_CURVE('',#6565,#6186,#978,.T.);
#5516=EDGE_CURVE('',#6565,#6564,#6942,.F.);
#5517=EDGE_CURVE('',#6566,#6185,#979,.T.);
#5518=EDGE_CURVE('',#6566,#6565,#6943,.F.);
#5519=EDGE_CURVE('',#6567,#6184,#980,.T.);
#5520=EDGE_CURVE('',#6567,#6566,#6944,.F.);
#5521=EDGE_CURVE('',#6555,#6567,#6945,.F.);
#5522=EDGE_CURVE('',#6535,#6552,#391,.T.);
#5523=EDGE_CURVE('',#6537,#6553,#392,.T.);
#5524=EDGE_CURVE('',#6568,#6569,#393,.T.);
#5525=EDGE_CURVE('',#6570,#6568,#981,.T.);
#5526=EDGE_CURVE('',#6570,#6571,#394,.T.);
#5527=EDGE_CURVE('',#6571,#6569,#982,.T.);
#5528=EDGE_CURVE('',#6572,#6568,#983,.T.);
#5529=EDGE_CURVE('',#6573,#6572,#984,.T.);
#5530=EDGE_CURVE('',#6573,#6570,#985,.T.);
#5531=EDGE_CURVE('',#6574,#6572,#395,.T.);
#5532=EDGE_CURVE('',#6575,#6574,#986,.T.);
#5533=EDGE_CURVE('',#6575,#6573,#396,.T.);
#5534=EDGE_CURVE('',#6576,#6574,#397,.T.);
#5535=EDGE_CURVE('',#6577,#6576,#987,.T.);
#5536=EDGE_CURVE('',#6577,#6575,#398,.T.);
#5537=EDGE_CURVE('',#6578,#6576,#399,.T.);
#5538=EDGE_CURVE('',#6579,#6578,#988,.T.);
#5539=EDGE_CURVE('',#6579,#6577,#400,.T.);
#5540=EDGE_CURVE('',#6580,#6578,#401,.T.);
#5541=EDGE_CURVE('',#6581,#6580,#989,.T.);
#5542=EDGE_CURVE('',#6581,#6579,#402,.T.);
#5543=EDGE_CURVE('',#6582,#6580,#990,.T.);
#5544=EDGE_CURVE('',#6583,#6582,#991,.T.);
#5545=EDGE_CURVE('',#6583,#6581,#992,.T.);
#5546=EDGE_CURVE('',#6584,#6582,#403,.T.);
#5547=EDGE_CURVE('',#6585,#6584,#993,.T.);
#5548=EDGE_CURVE('',#6585,#6583,#404,.T.);
#5549=EDGE_CURVE('',#6586,#6584,#405,.T.);
#5550=EDGE_CURVE('',#6587,#6586,#994,.T.);
#5551=EDGE_CURVE('',#6587,#6585,#406,.T.);
#5552=EDGE_CURVE('',#6588,#6212,#995,.T.);
#5553=EDGE_CURVE('',#6588,#6589,#407,.T.);
#5554=EDGE_CURVE('',#6589,#6213,#996,.T.);
#5555=EDGE_CURVE('',#6590,#6225,#997,.T.);
#5556=EDGE_CURVE('',#6590,#6588,#998,.T.);
#5557=EDGE_CURVE('',#6591,#6224,#999,.T.);
#5558=EDGE_CURVE('',#6591,#6590,#408,.T.);
#5559=EDGE_CURVE('',#6592,#6223,#1000,.T.);
#5560=EDGE_CURVE('',#6592,#6591,#6946,.F.);
#5561=EDGE_CURVE('',#6593,#6222,#1001,.T.);
#5562=EDGE_CURVE('',#6593,#6592,#6947,.F.);
#5563=EDGE_CURVE('',#6594,#6221,#1002,.T.);
#5564=EDGE_CURVE('',#6594,#6593,#6948,.F.);
#5565=EDGE_CURVE('',#6595,#6220,#1003,.T.);
#5566=EDGE_CURVE('',#6595,#6594,#6949,.F.);
#5567=EDGE_CURVE('',#6596,#6219,#1004,.T.);
#5568=EDGE_CURVE('',#6596,#6595,#409,.T.);
#5569=EDGE_CURVE('',#6597,#6218,#1005,.T.);
#5570=EDGE_CURVE('',#6597,#6596,#1006,.T.);
#5571=EDGE_CURVE('',#6598,#6217,#1007,.T.);
#5572=EDGE_CURVE('',#6598,#6597,#6950,.F.);
#5573=EDGE_CURVE('',#6599,#6216,#1008,.T.);
#5574=EDGE_CURVE('',#6599,#6598,#6951,.F.);
#5575=EDGE_CURVE('',#6600,#6215,#1009,.T.);
#5576=EDGE_CURVE('',#6600,#6599,#6952,.F.);
#5577=EDGE_CURVE('',#6601,#6214,#1010,.T.);
#5578=EDGE_CURVE('',#6601,#6600,#6953,.F.);
#5579=EDGE_CURVE('',#6589,#6601,#6954,.F.);
#5580=EDGE_CURVE('',#6569,#6586,#410,.T.);
#5581=EDGE_CURVE('',#6571,#6587,#411,.T.);
#5582=EDGE_CURVE('',#6602,#6172,#1011,.T.);
#5583=EDGE_CURVE('',#6602,#6603,#1012,.T.);
#5584=EDGE_CURVE('',#6603,#6173,#1013,.T.);
#5585=EDGE_CURVE('',#6604,#6181,#1014,.T.);
#5586=EDGE_CURVE('',#6604,#6602,#1015,.T.);
#5587=EDGE_CURVE('',#6605,#6180,#1016,.T.);
#5588=EDGE_CURVE('',#6605,#6604,#1017,.T.);
#5589=EDGE_CURVE('',#6606,#6179,#1018,.T.);
#5590=EDGE_CURVE('',#6606,#6605,#1019,.T.);
#5591=EDGE_CURVE('',#6607,#6178,#1020,.T.);
#5592=EDGE_CURVE('',#6607,#6606,#1021,.T.);
#5593=EDGE_CURVE('',#6608,#6177,#1022,.T.);
#5594=EDGE_CURVE('',#6608,#6607,#1023,.T.);
#5595=EDGE_CURVE('',#6609,#6176,#1024,.T.);
#5596=EDGE_CURVE('',#6609,#6608,#1025,.T.);
#5597=EDGE_CURVE('',#6610,#6175,#1026,.T.);
#5598=EDGE_CURVE('',#6610,#6609,#1027,.T.);
#5599=EDGE_CURVE('',#6611,#6174,#1028,.T.);
#5600=EDGE_CURVE('',#6611,#6610,#1029,.T.);
#5601=EDGE_CURVE('',#6603,#6611,#1030,.T.);
#5602=EDGE_CURVE('',#6612,#6226,#1031,.T.);
#5603=EDGE_CURVE('',#6612,#6613,#1032,.T.);
#5604=EDGE_CURVE('',#6613,#6227,#1033,.T.);
#5605=EDGE_CURVE('',#6614,#6235,#1034,.T.);
#5606=EDGE_CURVE('',#6614,#6612,#1035,.T.);
#5607=EDGE_CURVE('',#6615,#6234,#1036,.T.);
#5608=EDGE_CURVE('',#6615,#6614,#1037,.T.);
#5609=EDGE_CURVE('',#6616,#6233,#1038,.T.);
#5610=EDGE_CURVE('',#6616,#6615,#1039,.T.);
#5611=EDGE_CURVE('',#6617,#6232,#1040,.T.);
#5612=EDGE_CURVE('',#6617,#6616,#1041,.T.);
#5613=EDGE_CURVE('',#6618,#6231,#1042,.T.);
#5614=EDGE_CURVE('',#6618,#6617,#1043,.T.);
#5615=EDGE_CURVE('',#6619,#6230,#1044,.T.);
#5616=EDGE_CURVE('',#6619,#6618,#1045,.T.);
#5617=EDGE_CURVE('',#6620,#6229,#1046,.T.);
#5618=EDGE_CURVE('',#6620,#6619,#1047,.T.);
#5619=EDGE_CURVE('',#6621,#6228,#1048,.T.);
#5620=EDGE_CURVE('',#6621,#6620,#1049,.T.);
#5621=EDGE_CURVE('',#6613,#6621,#1050,.T.);
#5622=EDGE_CURVE('',#6622,#6622,#6955,.T.);
#5623=EDGE_CURVE('',#6623,#6623,#6956,.F.);
#5624=EDGE_CURVE('',#6278,#6624,#1051,.T.);
#5625=EDGE_CURVE('',#6625,#6624,#412,.T.);
#5626=EDGE_CURVE('',#6133,#6625,#6957,.T.);
#5627=EDGE_CURVE('',#6626,#6246,#6958,.T.);
#5628=EDGE_CURVE('',#6627,#6626,#413,.F.);
#5629=EDGE_CURVE('',#6277,#6627,#1052,.T.);
#5630=EDGE_CURVE('',#6627,#6624,#6959,.T.);
#5631=EDGE_CURVE('',#6628,#6149,#6960,.T.);
#5632=EDGE_CURVE('',#6629,#6628,#414,.F.);
#5633=EDGE_CURVE('',#6267,#6629,#1053,.T.);
#5634=EDGE_CURVE('',#6268,#6630,#1054,.T.);
#5635=EDGE_CURVE('',#6631,#6630,#415,.T.);
#5636=EDGE_CURVE('',#6147,#6631,#6961,.T.);
#5637=EDGE_CURVE('',#6629,#6630,#6962,.T.);
#5638=EDGE_CURVE('',#6274,#6632,#1055,.T.);
#5639=EDGE_CURVE('',#6633,#6632,#416,.T.);
#5640=EDGE_CURVE('',#6020,#6633,#6963,.T.);
#5641=EDGE_CURVE('',#6634,#6138,#6964,.T.);
#5642=EDGE_CURVE('',#6635,#6634,#417,.F.);
#5643=EDGE_CURVE('',#6273,#6635,#1056,.T.);
#5644=EDGE_CURVE('',#6635,#6632,#6965,.T.);
#5645=EDGE_CURVE('',#6270,#6636,#1057,.T.);
#5646=EDGE_CURVE('',#6637,#6636,#418,.T.);
#5647=EDGE_CURVE('',#6024,#6637,#6966,.T.);
#5648=EDGE_CURVE('',#6638,#6142,#6967,.T.);
#5649=EDGE_CURVE('',#6639,#6638,#419,.F.);
#5650=EDGE_CURVE('',#6269,#6639,#1058,.T.);
#5651=EDGE_CURVE('',#6639,#6636,#6968,.T.);
#5652=EDGE_CURVE('',#6107,#6637,#6969,.T.);
#5653=EDGE_CURVE('',#6107,#6636,#420,.T.);
#5654=EDGE_CURVE('',#6108,#6639,#421,.T.);
#5655=EDGE_CURVE('',#6108,#6638,#6970,.F.);
#5656=EDGE_CURVE('',#6113,#6631,#6971,.T.);
#5657=EDGE_CURVE('',#6113,#6630,#422,.T.);
#5658=EDGE_CURVE('',#6114,#6629,#423,.T.);
#5659=EDGE_CURVE('',#6114,#6628,#6972,.F.);
#5660=EDGE_CURVE('',#6119,#6625,#6973,.T.);
#5661=EDGE_CURVE('',#6119,#6624,#424,.T.);
#5662=EDGE_CURVE('',#6120,#6627,#425,.T.);
#5663=EDGE_CURVE('',#6120,#6626,#6974,.F.);
#5664=EDGE_CURVE('',#6123,#6633,#6975,.T.);
#5665=EDGE_CURVE('',#6123,#6632,#426,.T.);
#5666=EDGE_CURVE('',#6124,#6635,#427,.T.);
#5667=EDGE_CURVE('',#6124,#6634,#6976,.F.);
#5668=EDGE_CURVE('',#6640,#6640,#6977,.F.);
#5669=EDGE_CURVE('',#6282,#6281,#6978,.F.);
#5670=EDGE_CURVE('',#6641,#6641,#6979,.T.);
#5671=EDGE_CURVE('',#6642,#6642,#6980,.F.);
#5672=EDGE_CURVE('',#6152,#6151,#6981,.F.);
#5673=EDGE_CURVE('',#6643,#6643,#6982,.T.);
#5674=EDGE_CURVE('',#6644,#6644,#6983,.F.);
#5675=EDGE_CURVE('',#6156,#6155,#6984,.F.);
#5676=EDGE_CURVE('',#6645,#6645,#6985,.T.);
#5677=EDGE_CURVE('',#6646,#6646,#6986,.F.);
#5678=EDGE_CURVE('',#6284,#6283,#6987,.F.);
#5679=EDGE_CURVE('',#6647,#6647,#6988,.T.);
#5680=EDGE_CURVE('',#6401,#6054,#1059,.T.);
#5681=EDGE_CURVE('',#6051,#6405,#1060,.T.);
#5682=EDGE_CURVE('',#6052,#6407,#1061,.T.);
#5683=EDGE_CURVE('',#6403,#6053,#1062,.T.);
#5684=EDGE_CURVE('',#6039,#6393,#1063,.T.);
#5685=EDGE_CURVE('',#6395,#6042,#1064,.T.);
#5686=EDGE_CURVE('',#6399,#6041,#1065,.T.);
#5687=EDGE_CURVE('',#6040,#6397,#1066,.T.);
#5688=EDGE_CURVE('',#6043,#6387,#1067,.T.);
#5689=EDGE_CURVE('',#6391,#6046,#1068,.T.);
#5690=EDGE_CURVE('',#6389,#6045,#1069,.T.);
#5691=EDGE_CURVE('',#6044,#6385,#1070,.T.);
#5692=EDGE_CURVE('',#6031,#6305,#1071,.T.);
#5693=EDGE_CURVE('',#6307,#6034,#1072,.T.);
#5694=EDGE_CURVE('',#6311,#6033,#1073,.T.);
#5695=EDGE_CURVE('',#6032,#6309,#1074,.T.);
#5696=EDGE_CURVE('',#6297,#6038,#1075,.T.);
#5697=EDGE_CURVE('',#6035,#6301,#1076,.T.);
#5698=EDGE_CURVE('',#6036,#6303,#1077,.T.);
#5699=EDGE_CURVE('',#6299,#6037,#1078,.T.);
#5700=EDGE_CURVE('',#6027,#6313,#1079,.T.);
#5701=EDGE_CURVE('',#6315,#6030,#1080,.T.);
#5702=EDGE_CURVE('',#6319,#6029,#1081,.T.);
#5703=EDGE_CURVE('',#6028,#6317,#1082,.T.);
#5704=EDGE_CURVE('',#6425,#6066,#1083,.T.);
#5705=EDGE_CURVE('',#6063,#6429,#1084,.T.);
#5706=EDGE_CURVE('',#6064,#6431,#1085,.T.);
#5707=EDGE_CURVE('',#6427,#6065,#1086,.T.);
#5708=EDGE_CURVE('',#6413,#6050,#1087,.T.);
#5709=EDGE_CURVE('',#6047,#6415,#1088,.T.);
#5710=EDGE_CURVE('',#6048,#6411,#1089,.T.);
#5711=EDGE_CURVE('',#6409,#6049,#1090,.T.);
#5712=EDGE_CURVE('',#6055,#6443,#1091,.T.);
#5713=EDGE_CURVE('',#6447,#6058,#1092,.T.);
#5714=EDGE_CURVE('',#6445,#6057,#1093,.T.);
#5715=EDGE_CURVE('',#6056,#6441,#1094,.T.);
#5716=EDGE_CURVE('',#6437,#6062,#1095,.T.);
#5717=EDGE_CURVE('',#6059,#6439,#1096,.T.);
#5718=EDGE_CURVE('',#6060,#6435,#1097,.T.);
#5719=EDGE_CURVE('',#6433,#6061,#1098,.T.);
#5720=EDGE_CURVE('',#6421,#6070,#1099,.T.);
#5721=EDGE_CURVE('',#6067,#6423,#1100,.T.);
#5722=EDGE_CURVE('',#6068,#6419,#1101,.T.);
#5723=EDGE_CURVE('',#6417,#6069,#1102,.T.);
#5724=EDGE_CURVE('',#6363,#6074,#1103,.T.);
#5725=EDGE_CURVE('',#6071,#6361,#1104,.T.);
#5726=EDGE_CURVE('',#6072,#6365,#1105,.T.);
#5727=EDGE_CURVE('',#6367,#6073,#1106,.T.);
#5728=EDGE_CURVE('',#6075,#6355,#1107,.T.);
#5729=EDGE_CURVE('',#6359,#6078,#1108,.T.);
#5730=EDGE_CURVE('',#6357,#6077,#1109,.T.);
#5731=EDGE_CURVE('',#6076,#6353,#1110,.T.);
#5732=EDGE_CURVE('',#6079,#6381,#1111,.T.);
#5733=EDGE_CURVE('',#6377,#6082,#1112,.T.);
#5734=EDGE_CURVE('',#6379,#6081,#1113,.T.);
#5735=EDGE_CURVE('',#6080,#6383,#1114,.T.);
#5736=EDGE_CURVE('',#6083,#6371,#1115,.T.);
#5737=EDGE_CURVE('',#6375,#6086,#1116,.T.);
#5738=EDGE_CURVE('',#6373,#6085,#1117,.T.);
#5739=EDGE_CURVE('',#6084,#6369,#1118,.T.);
#5740=EDGE_CURVE('',#6087,#6331,#1119,.T.);
#5741=EDGE_CURVE('',#6335,#6090,#1120,.T.);
#5742=EDGE_CURVE('',#6333,#6089,#1121,.T.);
#5743=EDGE_CURVE('',#6088,#6329,#1122,.T.);
#5744=EDGE_CURVE('',#6091,#6323,#1123,.T.);
#5745=EDGE_CURVE('',#6327,#6094,#1124,.T.);
#5746=EDGE_CURVE('',#6325,#6093,#1125,.T.);
#5747=EDGE_CURVE('',#6092,#6321,#1126,.T.);
#5748=EDGE_CURVE('',#6095,#6347,#1127,.T.);
#5749=EDGE_CURVE('',#6351,#6098,#1128,.T.);
#5750=EDGE_CURVE('',#6349,#6097,#1129,.T.);
#5751=EDGE_CURVE('',#6096,#6345,#1130,.T.);
#5752=EDGE_CURVE('',#6099,#6339,#1131,.T.);
#5753=EDGE_CURVE('',#6343,#6102,#1132,.T.);
#5754=EDGE_CURVE('',#6341,#6101,#1133,.T.);
#5755=EDGE_CURVE('',#6100,#6337,#1134,.T.);
#5756=EDGE_CURVE('',#6103,#6289,#1135,.T.);
#5757=EDGE_CURVE('',#6291,#6106,#1136,.T.);
#5758=EDGE_CURVE('',#6295,#6105,#1137,.T.);
#5759=EDGE_CURVE('',#6104,#6293,#1138,.T.);
#5760=EDGE_CURVE('',#6406,#5895,#1139,.T.);
#5761=EDGE_CURVE('',#5892,#6402,#1140,.T.);
#5762=EDGE_CURVE('',#5893,#6404,#1141,.T.);
#5763=EDGE_CURVE('',#6408,#5894,#1142,.T.);
#5764=EDGE_CURVE('',#5880,#6396,#1143,.T.);
#5765=EDGE_CURVE('',#6394,#5883,#1144,.T.);
#5766=EDGE_CURVE('',#6398,#5882,#1145,.T.);
#5767=EDGE_CURVE('',#5881,#6400,#1146,.T.);
#5768=EDGE_CURVE('',#5884,#6392,#1147,.T.);
#5769=EDGE_CURVE('',#6388,#5887,#1148,.T.);
#5770=EDGE_CURVE('',#6386,#5886,#1149,.T.);
#5771=EDGE_CURVE('',#5885,#6390,#1150,.T.);
#5772=EDGE_CURVE('',#5872,#6308,#1151,.T.);
#5773=EDGE_CURVE('',#6306,#5875,#1152,.T.);
#5774=EDGE_CURVE('',#6310,#5874,#1153,.T.);
#5775=EDGE_CURVE('',#5873,#6312,#1154,.T.);
#5776=EDGE_CURVE('',#6302,#5879,#1155,.T.);
#5777=EDGE_CURVE('',#5876,#6298,#1156,.T.);
#5778=EDGE_CURVE('',#5877,#6300,#1157,.T.);
#5779=EDGE_CURVE('',#6304,#5878,#1158,.T.);
#5780=EDGE_CURVE('',#5868,#6316,#1159,.T.);
#5781=EDGE_CURVE('',#6314,#5871,#1160,.T.);
#5782=EDGE_CURVE('',#6318,#5870,#1161,.T.);
#5783=EDGE_CURVE('',#5869,#6320,#1162,.T.);
#5784=EDGE_CURVE('',#6430,#5907,#1163,.T.);
#5785=EDGE_CURVE('',#5904,#6426,#1164,.T.);
#5786=EDGE_CURVE('',#5905,#6428,#1165,.T.);
#5787=EDGE_CURVE('',#6432,#5906,#1166,.T.);
#5788=EDGE_CURVE('',#6416,#5891,#1167,.T.);
#5789=EDGE_CURVE('',#5888,#6414,#1168,.T.);
#5790=EDGE_CURVE('',#5889,#6410,#1169,.T.);
#5791=EDGE_CURVE('',#6412,#5890,#1170,.T.);
#5792=EDGE_CURVE('',#5896,#6448,#1171,.T.);
#5793=EDGE_CURVE('',#6444,#5899,#1172,.T.);
#5794=EDGE_CURVE('',#6442,#5898,#1173,.T.);
#5795=EDGE_CURVE('',#5897,#6446,#1174,.T.);
#5796=EDGE_CURVE('',#6440,#5903,#1175,.T.);
#5797=EDGE_CURVE('',#5900,#6438,#1176,.T.);
#5798=EDGE_CURVE('',#5901,#6434,#1177,.T.);
#5799=EDGE_CURVE('',#6436,#5902,#1178,.T.);
#5800=EDGE_CURVE('',#6424,#5911,#1179,.T.);
#5801=EDGE_CURVE('',#5908,#6422,#1180,.T.);
#5802=EDGE_CURVE('',#5909,#6418,#1181,.T.);
#5803=EDGE_CURVE('',#6420,#5910,#1182,.T.);
#5804=EDGE_CURVE('',#6362,#5915,#1183,.T.);
#5805=EDGE_CURVE('',#5912,#6364,#1184,.T.);
#5806=EDGE_CURVE('',#5913,#6368,#1185,.T.);
#5807=EDGE_CURVE('',#6366,#5914,#1186,.T.);
#5808=EDGE_CURVE('',#5916,#6354,#1187,.T.);
#5809=EDGE_CURVE('',#6358,#5919,#1188,.T.);
#5810=EDGE_CURVE('',#6360,#5918,#1189,.T.);
#5811=EDGE_CURVE('',#5917,#6356,#1190,.T.);
#5812=EDGE_CURVE('',#5920,#6384,#1191,.T.);
#5813=EDGE_CURVE('',#6380,#5923,#1192,.T.);
#5814=EDGE_CURVE('',#6378,#5922,#1193,.T.);
#5815=EDGE_CURVE('',#5921,#6382,#1194,.T.);
#5816=EDGE_CURVE('',#5924,#6370,#1195,.T.);
#5817=EDGE_CURVE('',#6374,#5927,#1196,.T.);
#5818=EDGE_CURVE('',#6376,#5926,#1197,.T.);
#5819=EDGE_CURVE('',#5925,#6372,#1198,.T.);
#5820=EDGE_CURVE('',#5928,#6336,#1199,.T.);
#5821=EDGE_CURVE('',#6332,#5931,#1200,.T.);
#5822=EDGE_CURVE('',#6330,#5930,#1201,.T.);
#5823=EDGE_CURVE('',#5929,#6334,#1202,.T.);
#5824=EDGE_CURVE('',#5932,#6328,#1203,.T.);
#5825=EDGE_CURVE('',#6324,#5935,#1204,.T.);
#5826=EDGE_CURVE('',#6322,#5934,#1205,.T.);
#5827=EDGE_CURVE('',#5933,#6326,#1206,.T.);
#5828=EDGE_CURVE('',#5936,#6352,#1207,.T.);
#5829=EDGE_CURVE('',#6348,#5939,#1208,.T.);
#5830=EDGE_CURVE('',#6346,#5938,#1209,.T.);
#5831=EDGE_CURVE('',#5937,#6350,#1210,.T.);
#5832=EDGE_CURVE('',#5940,#6344,#1211,.T.);
#5833=EDGE_CURVE('',#6340,#5943,#1212,.T.);
#5834=EDGE_CURVE('',#6338,#5942,#1213,.T.);
#5835=EDGE_CURVE('',#5941,#6342,#1214,.T.);
#5836=EDGE_CURVE('',#5944,#6292,#1215,.T.);
#5837=EDGE_CURVE('',#6290,#5947,#1216,.T.);
#5838=EDGE_CURVE('',#6294,#5946,#1217,.T.);
#5839=EDGE_CURVE('',#5945,#6296,#1218,.T.);
#5840=EDGE_CURVE('',#6159,#6288,#12,.F.);
#5841=EDGE_CURVE('',#6285,#6162,#13,.T.);
#5842=EDGE_CURVE('',#6286,#6161,#14,.T.);
#5843=EDGE_CURVE('',#6160,#6287,#15,.F.);
#5844=EDGE_CURVE('',#6169,#6517,#6989,.T.);
#5845=EDGE_CURVE('',#6518,#6168,#6990,.T.);
#5846=EDGE_CURVE('',#6519,#6167,#6991,.T.);
#5847=EDGE_CURVE('',#6170,#6516,#6992,.T.);
#5848=EDGE_CURVE('',#6520,#6166,#6993,.T.);
#5849=EDGE_CURVE('',#6163,#6523,#6994,.T.);
#5850=EDGE_CURVE('',#6521,#6165,#6995,.T.);
#5851=EDGE_CURVE('',#6164,#6522,#6996,.T.);
#5852=EDGE_CURVE('',#6242,#6648,#6997,.T.);
#5853=EDGE_CURVE('',#6649,#6648,#1219,.T.);
#5854=EDGE_CURVE('',#6649,#6243,#1220,.T.);
#5855=EDGE_CURVE('',#6650,#6240,#1221,.T.);
#5856=EDGE_CURVE('',#6650,#6651,#1222,.T.);
#5857=EDGE_CURVE('',#6651,#6241,#6998,.F.);
#5858=EDGE_CURVE('',#6649,#6650,#1223,.T.);
#5859=EDGE_CURVE('',#6648,#6651,#1224,.T.);
#5860=EDGE_CURVE('',#6652,#6238,#1225,.T.);
#5861=EDGE_CURVE('',#6653,#6652,#1226,.T.);
#5862=EDGE_CURVE('',#6653,#6239,#1227,.T.);
#5863=EDGE_CURVE('',#6237,#6654,#6999,.T.);
#5864=EDGE_CURVE('',#6652,#6654,#1228,.T.);
#5865=EDGE_CURVE('',#6653,#6655,#1229,.T.);
#5866=EDGE_CURVE('',#6655,#6236,#7000,.F.);
#5867=EDGE_CURVE('',#6655,#6654,#1230,.T.);
#5868=VERTEX_POINT('',#12225);
#5869=VERTEX_POINT('',#12226);
#5870=VERTEX_POINT('',#12228);
#5871=VERTEX_POINT('',#12230);
#5872=VERTEX_POINT('',#12233);
#5873=VERTEX_POINT('',#12234);
#5874=VERTEX_POINT('',#12236);
#5875=VERTEX_POINT('',#12238);
#5876=VERTEX_POINT('',#12241);
#5877=VERTEX_POINT('',#12242);
#5878=VERTEX_POINT('',#12244);
#5879=VERTEX_POINT('',#12246);
#5880=VERTEX_POINT('',#12249);
#5881=VERTEX_POINT('',#12250);
#5882=VERTEX_POINT('',#12252);
#5883=VERTEX_POINT('',#12254);
#5884=VERTEX_POINT('',#12257);
#5885=VERTEX_POINT('',#12258);
#5886=VERTEX_POINT('',#12260);
#5887=VERTEX_POINT('',#12262);
#5888=VERTEX_POINT('',#12265);
#5889=VERTEX_POINT('',#12266);
#5890=VERTEX_POINT('',#12268);
#5891=VERTEX_POINT('',#12270);
#5892=VERTEX_POINT('',#12273);
#5893=VERTEX_POINT('',#12274);
#5894=VERTEX_POINT('',#12276);
#5895=VERTEX_POINT('',#12278);
#5896=VERTEX_POINT('',#12281);
#5897=VERTEX_POINT('',#12282);
#5898=VERTEX_POINT('',#12284);
#5899=VERTEX_POINT('',#12286);
#5900=VERTEX_POINT('',#12289);
#5901=VERTEX_POINT('',#12290);
#5902=VERTEX_POINT('',#12292);
#5903=VERTEX_POINT('',#12294);
#5904=VERTEX_POINT('',#12297);
#5905=VERTEX_POINT('',#12298);
#5906=VERTEX_POINT('',#12300);
#5907=VERTEX_POINT('',#12302);
#5908=VERTEX_POINT('',#12305);
#5909=VERTEX_POINT('',#12306);
#5910=VERTEX_POINT('',#12308);
#5911=VERTEX_POINT('',#12310);
#5912=VERTEX_POINT('',#12313);
#5913=VERTEX_POINT('',#12314);
#5914=VERTEX_POINT('',#12316);
#5915=VERTEX_POINT('',#12318);
#5916=VERTEX_POINT('',#12321);
#5917=VERTEX_POINT('',#12322);
#5918=VERTEX_POINT('',#12324);
#5919=VERTEX_POINT('',#12326);
#5920=VERTEX_POINT('',#12329);
#5921=VERTEX_POINT('',#12330);
#5922=VERTEX_POINT('',#12332);
#5923=VERTEX_POINT('',#12334);
#5924=VERTEX_POINT('',#12337);
#5925=VERTEX_POINT('',#12338);
#5926=VERTEX_POINT('',#12340);
#5927=VERTEX_POINT('',#12342);
#5928=VERTEX_POINT('',#12345);
#5929=VERTEX_POINT('',#12346);
#5930=VERTEX_POINT('',#12348);
#5931=VERTEX_POINT('',#12350);
#5932=VERTEX_POINT('',#12353);
#5933=VERTEX_POINT('',#12354);
#5934=VERTEX_POINT('',#12356);
#5935=VERTEX_POINT('',#12358);
#5936=VERTEX_POINT('',#12361);
#5937=VERTEX_POINT('',#12362);
#5938=VERTEX_POINT('',#12364);
#5939=VERTEX_POINT('',#12366);
#5940=VERTEX_POINT('',#12369);
#5941=VERTEX_POINT('',#12370);
#5942=VERTEX_POINT('',#12372);
#5943=VERTEX_POINT('',#12374);
#5944=VERTEX_POINT('',#12377);
#5945=VERTEX_POINT('',#12378);
#5946=VERTEX_POINT('',#12380);
#5947=VERTEX_POINT('',#12382);
#5948=VERTEX_POINT('',#12385);
#5949=VERTEX_POINT('',#12386);
#5950=VERTEX_POINT('',#12388);
#5951=VERTEX_POINT('',#12390);
#5952=VERTEX_POINT('',#12392);
#5953=VERTEX_POINT('',#12394);
#5954=VERTEX_POINT('',#12396);
#5955=VERTEX_POINT('',#12398);
#5956=VERTEX_POINT('',#12400);
#5957=VERTEX_POINT('',#12402);
#5958=VERTEX_POINT('',#12407);
#5959=VERTEX_POINT('',#12408);
#5960=VERTEX_POINT('',#12412);
#5961=VERTEX_POINT('',#12416);
#5962=VERTEX_POINT('',#12420);
#5963=VERTEX_POINT('',#12424);
#5964=VERTEX_POINT('',#12428);
#5965=VERTEX_POINT('',#12430);
#5966=VERTEX_POINT('',#12434);
#5967=VERTEX_POINT('',#12438);
#5968=VERTEX_POINT('',#12442);
#5969=VERTEX_POINT('',#12446);
#5970=VERTEX_POINT('',#12450);
#5971=VERTEX_POINT('',#12454);
#5972=VERTEX_POINT('',#12457);
#5973=VERTEX_POINT('',#12458);
#5974=VERTEX_POINT('',#12462);
#5975=VERTEX_POINT('',#12466);
#5976=VERTEX_POINT('',#12470);
#5977=VERTEX_POINT('',#12474);
#5978=VERTEX_POINT('',#12476);
#5979=VERTEX_POINT('',#12478);
#5980=VERTEX_POINT('',#12480);
#5981=VERTEX_POINT('',#12484);
#5982=VERTEX_POINT('',#12488);
#5983=VERTEX_POINT('',#12492);
#5984=VERTEX_POINT('',#12494);
#5985=VERTEX_POINT('',#12497);
#5986=VERTEX_POINT('',#12498);
#5987=VERTEX_POINT('',#12500);
#5988=VERTEX_POINT('',#12502);
#5989=VERTEX_POINT('',#12504);
#5990=VERTEX_POINT('',#12506);
#5991=VERTEX_POINT('',#12508);
#5992=VERTEX_POINT('',#12510);
#5993=VERTEX_POINT('',#12512);
#5994=VERTEX_POINT('',#12514);
#5995=VERTEX_POINT('',#12517);
#5996=VERTEX_POINT('',#12518);
#5997=VERTEX_POINT('',#12520);
#5998=VERTEX_POINT('',#12522);
#5999=VERTEX_POINT('',#12524);
#6000=VERTEX_POINT('',#12526);
#6001=VERTEX_POINT('',#12528);
#6002=VERTEX_POINT('',#12530);
#6003=VERTEX_POINT('',#12532);
#6004=VERTEX_POINT('',#12534);
#6005=VERTEX_POINT('',#12536);
#6006=VERTEX_POINT('',#12538);
#6007=VERTEX_POINT('',#12540);
#6008=VERTEX_POINT('',#12542);
#6009=VERTEX_POINT('',#12544);
#6010=VERTEX_POINT('',#12546);
#6011=VERTEX_POINT('',#12550);
#6012=VERTEX_POINT('',#12552);
#6013=VERTEX_POINT('',#12555);
#6014=VERTEX_POINT('',#12557);
#6015=VERTEX_POINT('',#12560);
#6016=VERTEX_POINT('',#12562);
#6017=VERTEX_POINT('',#12565);
#6018=VERTEX_POINT('',#12567);
#6019=VERTEX_POINT('',#12570);
#6020=VERTEX_POINT('',#12571);
#6021=VERTEX_POINT('',#12573);
#6022=VERTEX_POINT('',#12575);
#6023=VERTEX_POINT('',#12579);
#6024=VERTEX_POINT('',#12580);
#6025=VERTEX_POINT('',#12582);
#6026=VERTEX_POINT('',#12584);
#6027=VERTEX_POINT('',#12588);
#6028=VERTEX_POINT('',#12589);
#6029=VERTEX_POINT('',#12591);
#6030=VERTEX_POINT('',#12593);
#6031=VERTEX_POINT('',#12596);
#6032=VERTEX_POINT('',#12597);
#6033=VERTEX_POINT('',#12599);
#6034=VERTEX_POINT('',#12601);
#6035=VERTEX_POINT('',#12604);
#6036=VERTEX_POINT('',#12605);
#6037=VERTEX_POINT('',#12607);
#6038=VERTEX_POINT('',#12609);
#6039=VERTEX_POINT('',#12612);
#6040=VERTEX_POINT('',#12613);
#6041=VERTEX_POINT('',#12615);
#6042=VERTEX_POINT('',#12617);
#6043=VERTEX_POINT('',#12620);
#6044=VERTEX_POINT('',#12621);
#6045=VERTEX_POINT('',#12623);
#6046=VERTEX_POINT('',#12625);
#6047=VERTEX_POINT('',#12628);
#6048=VERTEX_POINT('',#12629);
#6049=VERTEX_POINT('',#12631);
#6050=VERTEX_POINT('',#12633);
#6051=VERTEX_POINT('',#12636);
#6052=VERTEX_POINT('',#12637);
#6053=VERTEX_POINT('',#12639);
#6054=VERTEX_POINT('',#12641);
#6055=VERTEX_POINT('',#12644);
#6056=VERTEX_POINT('',#12645);
#6057=VERTEX_POINT('',#12647);
#6058=VERTEX_POINT('',#12649);
#6059=VERTEX_POINT('',#12652);
#6060=VERTEX_POINT('',#12653);
#6061=VERTEX_POINT('',#12655);
#6062=VERTEX_POINT('',#12657);
#6063=VERTEX_POINT('',#12660);
#6064=VERTEX_POINT('',#12661);
#6065=VERTEX_POINT('',#12663);
#6066=VERTEX_POINT('',#12665);
#6067=VERTEX_POINT('',#12668);
#6068=VERTEX_POINT('',#12669);
#6069=VERTEX_POINT('',#12671);
#6070=VERTEX_POINT('',#12673);
#6071=VERTEX_POINT('',#12676);
#6072=VERTEX_POINT('',#12677);
#6073=VERTEX_POINT('',#12679);
#6074=VERTEX_POINT('',#12681);
#6075=VERTEX_POINT('',#12684);
#6076=VERTEX_POINT('',#12685);
#6077=VERTEX_POINT('',#12687);
#6078=VERTEX_POINT('',#12689);
#6079=VERTEX_POINT('',#12692);
#6080=VERTEX_POINT('',#12693);
#6081=VERTEX_POINT('',#12695);
#6082=VERTEX_POINT('',#12697);
#6083=VERTEX_POINT('',#12700);
#6084=VERTEX_POINT('',#12701);
#6085=VERTEX_POINT('',#12703);
#6086=VERTEX_POINT('',#12705);
#6087=VERTEX_POINT('',#12708);
#6088=VERTEX_POINT('',#12709);
#6089=VERTEX_POINT('',#12711);
#6090=VERTEX_POINT('',#12713);
#6091=VERTEX_POINT('',#12716);
#6092=VERTEX_POINT('',#12717);
#6093=VERTEX_POINT('',#12719);
#6094=VERTEX_POINT('',#12721);
#6095=VERTEX_POINT('',#12724);
#6096=VERTEX_POINT('',#12725);
#6097=VERTEX_POINT('',#12727);
#6098=VERTEX_POINT('',#12729);
#6099=VERTEX_POINT('',#12732);
#6100=VERTEX_POINT('',#12733);
#6101=VERTEX_POINT('',#12735);
#6102=VERTEX_POINT('',#12737);
#6103=VERTEX_POINT('',#12740);
#6104=VERTEX_POINT('',#12741);
#6105=VERTEX_POINT('',#12743);
#6106=VERTEX_POINT('',#12745);
#6107=VERTEX_POINT('',#12748);
#6108=VERTEX_POINT('',#12749);
#6109=VERTEX_POINT('',#12751);
#6110=VERTEX_POINT('',#12753);
#6111=VERTEX_POINT('',#12755);
#6112=VERTEX_POINT('',#12757);
#6113=VERTEX_POINT('',#12759);
#6114=VERTEX_POINT('',#12761);
#6115=VERTEX_POINT('',#12763);
#6116=VERTEX_POINT('',#12765);
#6117=VERTEX_POINT('',#12767);
#6118=VERTEX_POINT('',#12769);
#6119=VERTEX_POINT('',#12771);
#6120=VERTEX_POINT('',#12773);
#6121=VERTEX_POINT('',#12775);
#6122=VERTEX_POINT('',#12777);
#6123=VERTEX_POINT('',#12780);
#6124=VERTEX_POINT('',#12782);
#6125=VERTEX_POINT('',#12784);
#6126=VERTEX_POINT('',#12786);
#6127=VERTEX_POINT('',#12791);
#6128=VERTEX_POINT('',#12792);
#6129=VERTEX_POINT('',#12794);
#6130=VERTEX_POINT('',#12796);
#6131=VERTEX_POINT('',#12799);
#6132=VERTEX_POINT('',#12800);
#6133=VERTEX_POINT('',#12802);
#6134=VERTEX_POINT('',#12804);
#6135=VERTEX_POINT('',#12806);
#6136=VERTEX_POINT('',#12808);
#6137=VERTEX_POINT('',#12812);
#6138=VERTEX_POINT('',#12813);
#6139=VERTEX_POINT('',#12815);
#6140=VERTEX_POINT('',#12817);
#6141=VERTEX_POINT('',#12821);
#6142=VERTEX_POINT('',#12822);
#6143=VERTEX_POINT('',#12824);
#6144=VERTEX_POINT('',#12826);
#6145=VERTEX_POINT('',#12830);
#6146=VERTEX_POINT('',#12831);
#6147=VERTEX_POINT('',#12833);
#6148=VERTEX_POINT('',#12835);
#6149=VERTEX_POINT('',#12842);
#6150=VERTEX_POINT('',#12844);
#6151=VERTEX_POINT('',#12854);
#6152=VERTEX_POINT('',#12855);
#6153=VERTEX_POINT('',#12861);
#6154=VERTEX_POINT('',#12863);
#6155=VERTEX_POINT('',#12880);
#6156=VERTEX_POINT('',#12881);
#6157=VERTEX_POINT('',#12887);
#6158=VERTEX_POINT('',#12889);
#6159=VERTEX_POINT('',#12900);
#6160=VERTEX_POINT('',#12901);
#6161=VERTEX_POINT('',#12903);
#6162=VERTEX_POINT('',#12905);
#6163=VERTEX_POINT('',#12908);
#6164=VERTEX_POINT('',#12909);
#6165=VERTEX_POINT('',#12911);
#6166=VERTEX_POINT('',#12913);
#6167=VERTEX_POINT('',#12915);
#6168=VERTEX_POINT('',#12917);
#6169=VERTEX_POINT('',#12919);
#6170=VERTEX_POINT('',#12921);
#6171=VERTEX_POINT('',#12924);
#6172=VERTEX_POINT('',#12926);
#6173=VERTEX_POINT('',#12927);
#6174=VERTEX_POINT('',#12929);
#6175=VERTEX_POINT('',#12931);
#6176=VERTEX_POINT('',#12933);
#6177=VERTEX_POINT('',#12935);
#6178=VERTEX_POINT('',#12937);
#6179=VERTEX_POINT('',#12939);
#6180=VERTEX_POINT('',#12941);
#6181=VERTEX_POINT('',#12943);
#6182=VERTEX_POINT('',#12948);
#6183=VERTEX_POINT('',#12949);
#6184=VERTEX_POINT('',#12951);
#6185=VERTEX_POINT('',#12953);
#6186=VERTEX_POINT('',#12955);
#6187=VERTEX_POINT('',#12957);
#6188=VERTEX_POINT('',#12959);
#6189=VERTEX_POINT('',#12961);
#6190=VERTEX_POINT('',#12965);
#6191=VERTEX_POINT('',#12967);
#6192=VERTEX_POINT('',#12969);
#6193=VERTEX_POINT('',#12971);
#6194=VERTEX_POINT('',#12973);
#6195=VERTEX_POINT('',#12977);
#6196=VERTEX_POINT('',#12980);
#6197=VERTEX_POINT('',#12981);
#6198=VERTEX_POINT('',#12983);
#6199=VERTEX_POINT('',#12985);
#6200=VERTEX_POINT('',#12987);
#6201=VERTEX_POINT('',#12989);
#6202=VERTEX_POINT('',#12992);
#6203=VERTEX_POINT('',#12993);
#6204=VERTEX_POINT('',#12995);
#6205=VERTEX_POINT('',#12997);
#6206=VERTEX_POINT('',#12999);
#6207=VERTEX_POINT('',#13001);
#6208=VERTEX_POINT('',#13003);
#6209=VERTEX_POINT('',#13005);
#6210=VERTEX_POINT('',#13007);
#6211=VERTEX_POINT('',#13009);
#6212=VERTEX_POINT('',#13014);
#6213=VERTEX_POINT('',#13015);
#6214=VERTEX_POINT('',#13017);
#6215=VERTEX_POINT('',#13019);
#6216=VERTEX_POINT('',#13021);
#6217=VERTEX_POINT('',#13023);
#6218=VERTEX_POINT('',#13025);
#6219=VERTEX_POINT('',#13027);
#6220=VERTEX_POINT('',#13031);
#6221=VERTEX_POINT('',#13033);
#6222=VERTEX_POINT('',#13035);
#6223=VERTEX_POINT('',#13037);
#6224=VERTEX_POINT('',#13039);
#6225=VERTEX_POINT('',#13043);
#6226=VERTEX_POINT('',#13046);
#6227=VERTEX_POINT('',#13047);
#6228=VERTEX_POINT('',#13049);
#6229=VERTEX_POINT('',#13051);
#6230=VERTEX_POINT('',#13053);
#6231=VERTEX_POINT('',#13055);
#6232=VERTEX_POINT('',#13057);
#6233=VERTEX_POINT('',#13059);
#6234=VERTEX_POINT('',#13061);
#6235=VERTEX_POINT('',#13063);
#6236=VERTEX_POINT('',#13067);
#6237=VERTEX_POINT('',#13068);
#6238=VERTEX_POINT('',#13070);
#6239=VERTEX_POINT('',#13072);
#6240=VERTEX_POINT('',#13075);
#6241=VERTEX_POINT('',#13076);
#6242=VERTEX_POINT('',#13078);
#6243=VERTEX_POINT('',#13080);
#6244=VERTEX_POINT('',#13083);
#6245=VERTEX_POINT('',#13085);
#6246=VERTEX_POINT('',#13086);
#6247=VERTEX_POINT('',#13088);
#6248=VERTEX_POINT('',#13090);
#6249=VERTEX_POINT('',#13093);
#6250=VERTEX_POINT('',#13094);
#6251=VERTEX_POINT('',#13096);
#6252=VERTEX_POINT('',#13098);
#6253=VERTEX_POINT('',#13100);
#6254=VERTEX_POINT('',#13102);
#6255=VERTEX_POINT('',#13104);
#6256=VERTEX_POINT('',#13106);
#6257=VERTEX_POINT('',#13110);
#6258=VERTEX_POINT('',#13113);
#6259=VERTEX_POINT('',#13115);
#6260=VERTEX_POINT('',#13117);
#6261=VERTEX_POINT('',#13119);
#6262=VERTEX_POINT('',#13121);
#6263=VERTEX_POINT('',#13123);
#6264=VERTEX_POINT('',#13126);
#6265=VERTEX_POINT('',#13129);
#6266=VERTEX_POINT('',#13131);
#6267=VERTEX_POINT('',#13133);
#6268=VERTEX_POINT('',#13135);
#6269=VERTEX_POINT('',#13139);
#6270=VERTEX_POINT('',#13141);
#6271=VERTEX_POINT('',#13143);
#6272=VERTEX_POINT('',#13145);
#6273=VERTEX_POINT('',#13148);
#6274=VERTEX_POINT('',#13150);
#6275=VERTEX_POINT('',#13152);
#6276=VERTEX_POINT('',#13154);
#6277=VERTEX_POINT('',#13157);
#6278=VERTEX_POINT('',#13159);
#6279=VERTEX_POINT('',#13173);
#6280=VERTEX_POINT('',#13177);
#6281=VERTEX_POINT('',#13191);
#6282=VERTEX_POINT('',#13192);
#6283=VERTEX_POINT('',#13210);
#6284=VERTEX_POINT('',#13211);
#6285=VERTEX_POINT('',#13253);
#6286=VERTEX_POINT('',#13255);
#6287=VERTEX_POINT('',#13259);
#6288=VERTEX_POINT('',#13263);
#6289=VERTEX_POINT('',#13269);
#6290=VERTEX_POINT('',#13270);
#6291=VERTEX_POINT('',#13272);
#6292=VERTEX_POINT('',#13274);
#6293=VERTEX_POINT('',#13278);
#6294=VERTEX_POINT('',#13279);
#6295=VERTEX_POINT('',#13284);
#6296=VERTEX_POINT('',#13285);
#6297=VERTEX_POINT('',#13293);
#6298=VERTEX_POINT('',#13294);
#6299=VERTEX_POINT('',#13296);
#6300=VERTEX_POINT('',#13298);
#6301=VERTEX_POINT('',#13302);
#6302=VERTEX_POINT('',#13303);
#6303=VERTEX_POINT('',#13308);
#6304=VERTEX_POINT('',#13309);
#6305=VERTEX_POINT('',#13317);
#6306=VERTEX_POINT('',#13318);
#6307=VERTEX_POINT('',#13320);
#6308=VERTEX_POINT('',#13322);
#6309=VERTEX_POINT('',#13326);
#6310=VERTEX_POINT('',#13327);
#6311=VERTEX_POINT('',#13332);
#6312=VERTEX_POINT('',#13333);
#6313=VERTEX_POINT('',#13341);
#6314=VERTEX_POINT('',#13342);
#6315=VERTEX_POINT('',#13344);
#6316=VERTEX_POINT('',#13346);
#6317=VERTEX_POINT('',#13350);
#6318=VERTEX_POINT('',#13351);
#6319=VERTEX_POINT('',#13356);
#6320=VERTEX_POINT('',#13357);
#6321=VERTEX_POINT('',#13365);
#6322=VERTEX_POINT('',#13366);
#6323=VERTEX_POINT('',#13368);
#6324=VERTEX_POINT('',#13370);
#6325=VERTEX_POINT('',#13374);
#6326=VERTEX_POINT('',#13375);
#6327=VERTEX_POINT('',#13380);
#6328=VERTEX_POINT('',#13381);
#6329=VERTEX_POINT('',#13389);
#6330=VERTEX_POINT('',#13390);
#6331=VERTEX_POINT('',#13392);
#6332=VERTEX_POINT('',#13394);
#6333=VERTEX_POINT('',#13398);
#6334=VERTEX_POINT('',#13399);
#6335=VERTEX_POINT('',#13404);
#6336=VERTEX_POINT('',#13405);
#6337=VERTEX_POINT('',#13413);
#6338=VERTEX_POINT('',#13414);
#6339=VERTEX_POINT('',#13416);
#6340=VERTEX_POINT('',#13418);
#6341=VERTEX_POINT('',#13422);
#6342=VERTEX_POINT('',#13423);
#6343=VERTEX_POINT('',#13428);
#6344=VERTEX_POINT('',#13429);
#6345=VERTEX_POINT('',#13437);
#6346=VERTEX_POINT('',#13438);
#6347=VERTEX_POINT('',#13440);
#6348=VERTEX_POINT('',#13442);
#6349=VERTEX_POINT('',#13446);
#6350=VERTEX_POINT('',#13447);
#6351=VERTEX_POINT('',#13452);
#6352=VERTEX_POINT('',#13453);
#6353=VERTEX_POINT('',#13461);
#6354=VERTEX_POINT('',#13462);
#6355=VERTEX_POINT('',#13464);
#6356=VERTEX_POINT('',#13466);
#6357=VERTEX_POINT('',#13470);
#6358=VERTEX_POINT('',#13471);
#6359=VERTEX_POINT('',#13476);
#6360=VERTEX_POINT('',#13477);
#6361=VERTEX_POINT('',#13485);
#6362=VERTEX_POINT('',#13486);
#6363=VERTEX_POINT('',#13488);
#6364=VERTEX_POINT('',#13490);
#6365=VERTEX_POINT('',#13494);
#6366=VERTEX_POINT('',#13495);
#6367=VERTEX_POINT('',#13500);
#6368=VERTEX_POINT('',#13501);
#6369=VERTEX_POINT('',#13509);
#6370=VERTEX_POINT('',#13510);
#6371=VERTEX_POINT('',#13512);
#6372=VERTEX_POINT('',#13514);
#6373=VERTEX_POINT('',#13518);
#6374=VERTEX_POINT('',#13519);
#6375=VERTEX_POINT('',#13524);
#6376=VERTEX_POINT('',#13525);
#6377=VERTEX_POINT('',#13533);
#6378=VERTEX_POINT('',#13534);
#6379=VERTEX_POINT('',#13536);
#6380=VERTEX_POINT('',#13538);
#6381=VERTEX_POINT('',#13542);
#6382=VERTEX_POINT('',#13543);
#6383=VERTEX_POINT('',#13548);
#6384=VERTEX_POINT('',#13549);
#6385=VERTEX_POINT('',#13557);
#6386=VERTEX_POINT('',#13558);
#6387=VERTEX_POINT('',#13560);
#6388=VERTEX_POINT('',#13562);
#6389=VERTEX_POINT('',#13566);
#6390=VERTEX_POINT('',#13567);
#6391=VERTEX_POINT('',#13572);
#6392=VERTEX_POINT('',#13573);
#6393=VERTEX_POINT('',#13581);
#6394=VERTEX_POINT('',#13582);
#6395=VERTEX_POINT('',#13584);
#6396=VERTEX_POINT('',#13586);
#6397=VERTEX_POINT('',#13590);
#6398=VERTEX_POINT('',#13591);
#6399=VERTEX_POINT('',#13596);
#6400=VERTEX_POINT('',#13597);
#6401=VERTEX_POINT('',#13605);
#6402=VERTEX_POINT('',#13606);
#6403=VERTEX_POINT('',#13608);
#6404=VERTEX_POINT('',#13610);
#6405=VERTEX_POINT('',#13614);
#6406=VERTEX_POINT('',#13615);
#6407=VERTEX_POINT('',#13620);
#6408=VERTEX_POINT('',#13621);
#6409=VERTEX_POINT('',#13629);
#6410=VERTEX_POINT('',#13630);
#6411=VERTEX_POINT('',#13632);
#6412=VERTEX_POINT('',#13634);
#6413=VERTEX_POINT('',#13638);
#6414=VERTEX_POINT('',#13639);
#6415=VERTEX_POINT('',#13644);
#6416=VERTEX_POINT('',#13645);
#6417=VERTEX_POINT('',#13653);
#6418=VERTEX_POINT('',#13654);
#6419=VERTEX_POINT('',#13656);
#6420=VERTEX_POINT('',#13658);
#6421=VERTEX_POINT('',#13662);
#6422=VERTEX_POINT('',#13663);
#6423=VERTEX_POINT('',#13668);
#6424=VERTEX_POINT('',#13669);
#6425=VERTEX_POINT('',#13677);
#6426=VERTEX_POINT('',#13678);
#6427=VERTEX_POINT('',#13680);
#6428=VERTEX_POINT('',#13682);
#6429=VERTEX_POINT('',#13686);
#6430=VERTEX_POINT('',#13687);
#6431=VERTEX_POINT('',#13692);
#6432=VERTEX_POINT('',#13693);
#6433=VERTEX_POINT('',#13701);
#6434=VERTEX_POINT('',#13702);
#6435=VERTEX_POINT('',#13704);
#6436=VERTEX_POINT('',#13706);
#6437=VERTEX_POINT('',#13710);
#6438=VERTEX_POINT('',#13711);
#6439=VERTEX_POINT('',#13716);
#6440=VERTEX_POINT('',#13717);
#6441=VERTEX_POINT('',#13725);
#6442=VERTEX_POINT('',#13726);
#6443=VERTEX_POINT('',#13728);
#6444=VERTEX_POINT('',#13730);
#6445=VERTEX_POINT('',#13734);
#6446=VERTEX_POINT('',#13735);
#6447=VERTEX_POINT('',#13740);
#6448=VERTEX_POINT('',#13741);
#6449=VERTEX_POINT('',#13758);
#6450=VERTEX_POINT('',#13759);
#6451=VERTEX_POINT('',#13761);
#6452=VERTEX_POINT('',#13765);
#6453=VERTEX_POINT('',#13769);
#6454=VERTEX_POINT('',#13771);
#6455=VERTEX_POINT('',#13784);
#6456=VERTEX_POINT('',#13786);
#6457=VERTEX_POINT('',#13801);
#6458=VERTEX_POINT('',#13803);
#6459=VERTEX_POINT('',#13818);
#6460=VERTEX_POINT('',#13820);
#6461=VERTEX_POINT('',#13835);
#6462=VERTEX_POINT('',#13837);
#6463=VERTEX_POINT('',#13843);
#6464=VERTEX_POINT('',#13845);
#6465=VERTEX_POINT('',#13858);
#6466=VERTEX_POINT('',#13860);
#6467=VERTEX_POINT('',#13875);
#6468=VERTEX_POINT('',#13877);
#6469=VERTEX_POINT('',#13890);
#6470=VERTEX_POINT('',#13894);
#6471=VERTEX_POINT('',#13898);
#6472=VERTEX_POINT('',#13909);
#6473=VERTEX_POINT('',#13922);
#6474=VERTEX_POINT('',#13935);
#6475=VERTEX_POINT('',#13948);
#6476=VERTEX_POINT('',#13961);
#6477=VERTEX_POINT('',#13974);
#6478=VERTEX_POINT('',#13980);
#6479=VERTEX_POINT('',#13991);
#6480=VERTEX_POINT('',#14004);
#6481=VERTEX_POINT('',#14017);
#6482=VERTEX_POINT('',#14030);
#6483=VERTEX_POINT('',#14062);
#6484=VERTEX_POINT('',#14064);
#6485=VERTEX_POINT('',#14068);
#6486=VERTEX_POINT('',#14072);
#6487=VERTEX_POINT('',#14083);
#6488=VERTEX_POINT('',#14096);
#6489=VERTEX_POINT('',#14109);
#6490=VERTEX_POINT('',#14115);
#6491=VERTEX_POINT('',#14119);
#6492=VERTEX_POINT('',#14123);
#6493=VERTEX_POINT('',#14134);
#6494=VERTEX_POINT('',#14147);
#6495=VERTEX_POINT('',#14160);
#6496=VERTEX_POINT('',#14178);
#6497=VERTEX_POINT('',#14180);
#6498=VERTEX_POINT('',#14184);
#6499=VERTEX_POINT('',#14188);
#6500=VERTEX_POINT('',#14192);
#6501=VERTEX_POINT('',#14196);
#6502=VERTEX_POINT('',#14200);
#6503=VERTEX_POINT('',#14204);
#6504=VERTEX_POINT('',#14208);
#6505=VERTEX_POINT('',#14212);
#6506=VERTEX_POINT('',#14219);
#6507=VERTEX_POINT('',#14221);
#6508=VERTEX_POINT('',#14225);
#6509=VERTEX_POINT('',#14229);
#6510=VERTEX_POINT('',#14233);
#6511=VERTEX_POINT('',#14237);
#6512=VERTEX_POINT('',#14241);
#6513=VERTEX_POINT('',#14245);
#6514=VERTEX_POINT('',#14249);
#6515=VERTEX_POINT('',#14253);
#6516=VERTEX_POINT('',#14261);
#6517=VERTEX_POINT('',#14263);
#6518=VERTEX_POINT('',#14267);
#6519=VERTEX_POINT('',#14271);
#6520=VERTEX_POINT('',#14275);
#6521=VERTEX_POINT('',#14279);
#6522=VERTEX_POINT('',#14283);
#6523=VERTEX_POINT('',#14287);
#6524=VERTEX_POINT('',#14293);
#6525=VERTEX_POINT('',#14295);
#6526=VERTEX_POINT('',#14299);
#6527=VERTEX_POINT('',#14303);
#6528=VERTEX_POINT('',#14307);
#6529=VERTEX_POINT('',#14311);
#6530=VERTEX_POINT('',#14315);
#6531=VERTEX_POINT('',#14319);
#6532=VERTEX_POINT('',#14323);
#6533=VERTEX_POINT('',#14327);
#6534=VERTEX_POINT('',#14343);
#6535=VERTEX_POINT('',#14344);
#6536=VERTEX_POINT('',#14346);
#6537=VERTEX_POINT('',#14350);
#6538=VERTEX_POINT('',#14354);
#6539=VERTEX_POINT('',#14356);
#6540=VERTEX_POINT('',#14369);
#6541=VERTEX_POINT('',#14371);
#6542=VERTEX_POINT('',#14386);
#6543=VERTEX_POINT('',#14388);
#6544=VERTEX_POINT('',#14403);
#6545=VERTEX_POINT('',#14405);
#6546=VERTEX_POINT('',#14420);
#6547=VERTEX_POINT('',#14422);
#6548=VERTEX_POINT('',#14428);
#6549=VERTEX_POINT('',#14430);
#6550=VERTEX_POINT('',#14443);
#6551=VERTEX_POINT('',#14445);
#6552=VERTEX_POINT('',#14460);
#6553=VERTEX_POINT('',#14462);
#6554=VERTEX_POINT('',#14475);
#6555=VERTEX_POINT('',#14479);
#6556=VERTEX_POINT('',#14483);
#6557=VERTEX_POINT('',#14494);
#6558=VERTEX_POINT('',#14500);
#6559=VERTEX_POINT('',#14504);
#6560=VERTEX_POINT('',#14508);
#6561=VERTEX_POINT('',#14512);
#6562=VERTEX_POINT('',#14523);
#6563=VERTEX_POINT('',#14529);
#6564=VERTEX_POINT('',#14533);
#6565=VERTEX_POINT('',#14537);
#6566=VERTEX_POINT('',#14541);
#6567=VERTEX_POINT('',#14545);
#6568=VERTEX_POINT('',#14575);
#6569=VERTEX_POINT('',#14576);
#6570=VERTEX_POINT('',#14578);
#6571=VERTEX_POINT('',#14582);
#6572=VERTEX_POINT('',#14586);
#6573=VERTEX_POINT('',#14588);
#6574=VERTEX_POINT('',#14601);
#6575=VERTEX_POINT('',#14603);
#6576=VERTEX_POINT('',#14618);
#6577=VERTEX_POINT('',#14620);
#6578=VERTEX_POINT('',#14635);
#6579=VERTEX_POINT('',#14637);
#6580=VERTEX_POINT('',#14652);
#6581=VERTEX_POINT('',#14654);
#6582=VERTEX_POINT('',#14660);
#6583=VERTEX_POINT('',#14662);
#6584=VERTEX_POINT('',#14675);
#6585=VERTEX_POINT('',#14677);
#6586=VERTEX_POINT('',#14692);
#6587=VERTEX_POINT('',#14694);
#6588=VERTEX_POINT('',#14707);
#6589=VERTEX_POINT('',#14711);
#6590=VERTEX_POINT('',#14715);
#6591=VERTEX_POINT('',#14726);
#6592=VERTEX_POINT('',#14732);
#6593=VERTEX_POINT('',#14736);
#6594=VERTEX_POINT('',#14740);
#6595=VERTEX_POINT('',#14744);
#6596=VERTEX_POINT('',#14755);
#6597=VERTEX_POINT('',#14761);
#6598=VERTEX_POINT('',#14765);
#6599=VERTEX_POINT('',#14769);
#6600=VERTEX_POINT('',#14773);
#6601=VERTEX_POINT('',#14777);
#6602=VERTEX_POINT('',#14798);
#6603=VERTEX_POINT('',#14800);
#6604=VERTEX_POINT('',#14804);
#6605=VERTEX_POINT('',#14808);
#6606=VERTEX_POINT('',#14812);
#6607=VERTEX_POINT('',#14816);
#6608=VERTEX_POINT('',#14820);
#6609=VERTEX_POINT('',#14824);
#6610=VERTEX_POINT('',#14828);
#6611=VERTEX_POINT('',#14832);
#6612=VERTEX_POINT('',#14839);
#6613=VERTEX_POINT('',#14841);
#6614=VERTEX_POINT('',#14845);
#6615=VERTEX_POINT('',#14849);
#6616=VERTEX_POINT('',#14853);
#6617=VERTEX_POINT('',#14857);
#6618=VERTEX_POINT('',#14861);
#6619=VERTEX_POINT('',#14865);
#6620=VERTEX_POINT('',#14869);
#6621=VERTEX_POINT('',#14873);
#6622=VERTEX_POINT('',#14882);
#6623=VERTEX_POINT('',#14884);
#6624=VERTEX_POINT('',#14887);
#6625=VERTEX_POINT('',#14893);
#6626=VERTEX_POINT('',#14897);
#6627=VERTEX_POINT('',#14903);
#6628=VERTEX_POINT('',#14909);
#6629=VERTEX_POINT('',#14915);
#6630=VERTEX_POINT('',#14919);
#6631=VERTEX_POINT('',#14925);
#6632=VERTEX_POINT('',#14931);
#6633=VERTEX_POINT('',#14937);
#6634=VERTEX_POINT('',#14941);
#6635=VERTEX_POINT('',#14947);
#6636=VERTEX_POINT('',#14953);
#6637=VERTEX_POINT('',#14959);
#6638=VERTEX_POINT('',#14963);
#6639=VERTEX_POINT('',#14969);
#6640=VERTEX_POINT('',#15203);
#6641=VERTEX_POINT('',#15207);
#6642=VERTEX_POINT('',#15210);
#6643=VERTEX_POINT('',#15214);
#6644=VERTEX_POINT('',#15217);
#6645=VERTEX_POINT('',#15221);
#6646=VERTEX_POINT('',#15224);
#6647=VERTEX_POINT('',#15228);
#6648=VERTEX_POINT('',#15586);
#6649=VERTEX_POINT('',#15588);
#6650=VERTEX_POINT('',#15592);
#6651=VERTEX_POINT('',#15594);
#6652=VERTEX_POINT('',#15602);
#6653=VERTEX_POINT('',#15604);
#6654=VERTEX_POINT('',#15608);
#6655=VERTEX_POINT('',#15612);
#6656=CIRCLE('',#8979,0.00105);
#6657=CIRCLE('',#8980,0.00105);
#6658=CIRCLE('',#8981,0.0010481569454128);
#6659=CIRCLE('',#8982,0.0010481569454128);
#6660=CIRCLE('',#8983,0.00105);
#6661=CIRCLE('',#8984,0.00105);
#6662=CIRCLE('',#8985,0.00105);
#6663=CIRCLE('',#8986,0.00105);
#6664=CIRCLE('',#8987,0.0010463138908256);
#6665=CIRCLE('',#8988,0.0010463138908256);
#6666=CIRCLE('',#8989,0.00105);
#6667=CIRCLE('',#8990,0.00105);
#6668=CIRCLE('',#8991,0.00105);
#6669=CIRCLE('',#8992,0.00105);
#6670=CIRCLE('',#8993,0.00105379239526786);
#6671=CIRCLE('',#8994,0.00105);
#6672=CIRCLE('',#8995,0.00105);
#6673=CIRCLE('',#8996,0.00103299921146994);
#6674=CIRCLE('',#8997,0.00104999999999997);
#6675=CIRCLE('',#8998,0.00105);
#6676=CIRCLE('',#8999,0.00105);
#6677=CIRCLE('',#9000,0.00105);
#6678=CIRCLE('',#9001,0.00105);
#6679=CIRCLE('',#9002,0.00105379239526785);
#6680=CIRCLE('',#9003,0.0010481569454128);
#6681=CIRCLE('',#9004,0.0010481569454128);
#6682=CIRCLE('',#9005,0.00105);
#6683=CIRCLE('',#9006,0.00105);
#6684=CIRCLE('',#9007,0.0010463138908256);
#6685=CIRCLE('',#9008,0.0010463138908256);
#6686=CIRCLE('',#9009,0.00105);
#6687=CIRCLE('',#9010,0.00105);
#6688=CIRCLE('',#9011,0.00105);
#6689=CIRCLE('',#9012,0.00105);
#6690=CIRCLE('',#9013,0.00105);
#6691=CIRCLE('',#9014,0.00105);
#6692=CIRCLE('',#9015,0.00105);
#6693=CIRCLE('',#9016,0.00105);
#6694=CIRCLE('',#9017,0.00103299921146994);
#6695=CIRCLE('',#9018,0.00105);
#6696=CIRCLE('',#9019,0.00385);
#6697=CIRCLE('',#9020,0.012);
#6698=CIRCLE('',#9021,0.0038);
#6699=CIRCLE('',#9022,0.012);
#6700=CIRCLE('',#9023,0.00385);
#6701=CIRCLE('',#9024,0.012);
#6702=CIRCLE('',#9025,0.00385);
#6703=CIRCLE('',#9026,0.012);
#6704=CIRCLE('',#9028,0.0014);
#6705=CIRCLE('',#9029,0.0014);
#6706=CIRCLE('',#9031,0.0014);
#6707=CIRCLE('',#9032,0.0014);
#6708=CIRCLE('',#9034,0.0014);
#6709=CIRCLE('',#9035,0.0014);
#6710=CIRCLE('',#9037,0.0014);
#6711=CIRCLE('',#9038,0.0014);
#6712=CIRCLE('',#9040,0.0005);
#6713=CIRCLE('',#9041,0.0005);
#6714=CIRCLE('',#9043,0.0005);
#6715=CIRCLE('',#9044,0.0005);
#6716=CIRCLE('',#9046,0.00105);
#6717=CIRCLE('',#9047,0.00105);
#6718=CIRCLE('',#9048,0.0010481569454128);
#6719=CIRCLE('',#9049,0.0010481569454128);
#6720=CIRCLE('',#9050,0.00105);
#6721=CIRCLE('',#9051,0.00105);
#6722=CIRCLE('',#9052,0.00105);
#6723=CIRCLE('',#9053,0.00105);
#6724=CIRCLE('',#9054,0.0010463138908256);
#6725=CIRCLE('',#9055,0.0010463138908256);
#6726=CIRCLE('',#9056,0.00105);
#6727=CIRCLE('',#9057,0.00105);
#6728=CIRCLE('',#9058,0.00105);
#6729=CIRCLE('',#9059,0.00105);
#6730=CIRCLE('',#9060,0.00105);
#6731=CIRCLE('',#9061,0.00105379239526786);
#6732=CIRCLE('',#9062,0.00103299921146994);
#6733=CIRCLE('',#9063,0.00105);
#6734=CIRCLE('',#9064,0.00105);
#6735=CIRCLE('',#9065,0.00104999999999997);
#6736=CIRCLE('',#9066,0.00105);
#6737=CIRCLE('',#9067,0.00105);
#6738=CIRCLE('',#9068,0.00105379239526785);
#6739=CIRCLE('',#9069,0.00105);
#6740=CIRCLE('',#9070,0.0010481569454128);
#6741=CIRCLE('',#9071,0.0010481569454128);
#6742=CIRCLE('',#9072,0.00105);
#6743=CIRCLE('',#9073,0.00105);
#6744=CIRCLE('',#9074,0.0010463138908256);
#6745=CIRCLE('',#9075,0.0010463138908256);
#6746=CIRCLE('',#9076,0.00105);
#6747=CIRCLE('',#9077,0.00105);
#6748=CIRCLE('',#9078,0.00105);
#6749=CIRCLE('',#9079,0.00105);
#6750=CIRCLE('',#9080,0.00105);
#6751=CIRCLE('',#9081,0.00105);
#6752=CIRCLE('',#9082,0.00105);
#6753=CIRCLE('',#9083,0.00105);
#6754=CIRCLE('',#9084,0.00105);
#6755=CIRCLE('',#9085,0.00103299921146993);
#6756=CIRCLE('',#9086,0.00525);
#6757=CIRCLE('',#9087,0.00112913);
#6758=CIRCLE('',#9088,0.012);
#6759=CIRCLE('',#9089,0.00112913361712308);
#6760=CIRCLE('',#9090,0.00525);
#6761=CIRCLE('',#9091,0.00112913361712308);
#6762=CIRCLE('',#9092,0.012);
#6763=CIRCLE('',#9093,0.0011);
#6764=CIRCLE('',#9094,0.00525);
#6765=CIRCLE('',#9095,0.0011);
#6766=CIRCLE('',#9096,0.012);
#6767=CIRCLE('',#9097,0.00112913);
#6768=CIRCLE('',#9098,0.00525);
#6769=CIRCLE('',#9099,0.00112913);
#6770=CIRCLE('',#9100,0.012);
#6771=CIRCLE('',#9101,0.00112913);
#6772=CIRCLE('',#9103,0.0035);
#6773=CIRCLE('',#9108,0.0005);
#6774=CIRCLE('',#9109,0.0005);
#6775=CIRCLE('',#9111,0.0005);
#6776=CIRCLE('',#9112,0.0005);
#6777=CIRCLE('',#9114,0.003);
#6778=CIRCLE('',#9115,0.003);
#6779=CIRCLE('',#9117,0.0005);
#6780=CIRCLE('',#9118,0.0005);
#6781=CIRCLE('',#9120,0.003);
#6782=CIRCLE('',#9121,0.003);
#6783=CIRCLE('',#9123,0.0005);
#6784=CIRCLE('',#9124,0.0005);
#6785=CIRCLE('',#9126,0.00222426406871193);
#6786=CIRCLE('',#9127,0.00222426406871193);
#6787=CIRCLE('',#9128,0.00222426406871193);
#6788=CIRCLE('',#9129,0.00222426406871193);
#6789=CIRCLE('',#9130,0.00347426406871192);
#6790=CIRCLE('',#9131,0.000898395782688317);
#6791=CIRCLE('',#9132,0.00094206593394068);
#6792=CIRCLE('',#9133,0.000950330715606497);
#6793=CIRCLE('',#9134,0.000905053258189712);
#6794=CIRCLE('',#9135,0.00134316324443652);
#6795=CIRCLE('',#9136,0.000903792182199031);
#6796=CIRCLE('',#9137,0.000944923432061221);
#6797=CIRCLE('',#9138,0.000943656559780957);
#6798=CIRCLE('',#9139,0.000905934721339873);
#6799=CIRCLE('',#9140,0.00422426406871193);
#6800=CIRCLE('',#9141,0.000898395601748252);
#6801=CIRCLE('',#9142,0.000942065744214639);
#6802=CIRCLE('',#9143,0.00095033052421616);
#6803=CIRCLE('',#9144,0.000905053075908498);
#6804=CIRCLE('',#9145,0.00134316297391266);
#6805=CIRCLE('',#9146,0.000903792000180654);
#6806=CIRCLE('',#9147,0.000944923241760134);
#6807=CIRCLE('',#9148,0.000943656369735002);
#6808=CIRCLE('',#9149,0.000905934538872298);
#6809=CIRCLE('',#9151,0.00347426406871192);
#6810=CIRCLE('',#9152,0.0015);
#6811=CIRCLE('',#9153,0.0015);
#6812=CIRCLE('',#9154,0.0015);
#6813=CIRCLE('',#9155,0.0015);
#6814=CIRCLE('',#9157,0.000724264068711929);
#6815=CIRCLE('',#9158,0.015);
#6816=CIRCLE('',#9159,0.015);
#6817=CIRCLE('',#9160,0.015);
#6818=CIRCLE('',#9161,0.015);
#6819=CIRCLE('',#9162,0.000724264068711929);
#6820=CIRCLE('',#9163,0.0125);
#6821=CIRCLE('',#9164,0.00162913361712308);
#6822=CIRCLE('',#9165,0.00365);
#6823=CIRCLE('',#9166,0.00162913361712308);
#6824=CIRCLE('',#9167,0.0125);
#6825=CIRCLE('',#9168,0.00162913);
#6826=CIRCLE('',#9169,0.00365);
#6827=CIRCLE('',#9170,0.00162913);
#6828=CIRCLE('',#9171,0.0125);
#6829=CIRCLE('',#9172,0.00162913);
#6830=CIRCLE('',#9173,0.00365);
#6831=CIRCLE('',#9174,0.00162913);
#6832=CIRCLE('',#9175,0.0125);
#6833=CIRCLE('',#9176,0.0016);
#6834=CIRCLE('',#9177,0.00365);
#6835=CIRCLE('',#9178,0.0016);
#6836=CIRCLE('',#9180,0.015);
#6837=CIRCLE('',#9183,0.015);
#6838=CIRCLE('',#9186,0.015);
#6839=CIRCLE('',#9189,0.015);
#6840=CIRCLE('',#9191,0.003);
#6841=CIRCLE('',#9193,0.003);
#6842=CIRCLE('',#9196,0.003);
#6843=CIRCLE('',#9198,0.003);
#6844=CIRCLE('',#9201,0.0125);
#6845=CIRCLE('',#9204,0.0125);
#6846=CIRCLE('',#9207,0.0125);
#6847=CIRCLE('',#9210,0.0125);
#6848=CIRCLE('',#9212,0.0005);
#6849=CIRCLE('',#9214,0.0005);
#6850=CIRCLE('',#9218,0.0005);
#6851=CIRCLE('',#9219,0.0005);
#6852=CIRCLE('',#9222,0.0035);
#6853=CIRCLE('',#9229,0.00075);
#6854=CIRCLE('',#9230,0.00075);
#6855=CIRCLE('',#9233,0.000732999211469934);
#6856=CIRCLE('',#9234,0.000732999211469934);
#6857=CIRCLE('',#9236,0.00075);
#6858=CIRCLE('',#9237,0.00075);
#6859=CIRCLE('',#9240,0.00075);
#6860=CIRCLE('',#9241,0.00075);
#6861=CIRCLE('',#9245,0.0007481569454128);
#6862=CIRCLE('',#9246,0.0007481569454128);
#6863=CIRCLE('',#9249,0.000748156945412802);
#6864=CIRCLE('',#9250,0.000748156945412802);
#6865=CIRCLE('',#9253,0.00075);
#6866=CIRCLE('',#9254,0.00075);
#6867=CIRCLE('',#9257,0.00075);
#6868=CIRCLE('',#9258,0.00075);
#6869=CIRCLE('',#9260,0.00075);
#6870=CIRCLE('',#9261,0.00075);
#6871=CIRCLE('',#9264,0.00075);
#6872=CIRCLE('',#9265,0.00075);
#6873=CIRCLE('',#9268,0.00075);
#6874=CIRCLE('',#9269,0.00075);
#6875=CIRCLE('',#9272,0.00075);
#6876=CIRCLE('',#9273,0.00075);
#6877=CIRCLE('',#9276,0.00075);
#6878=CIRCLE('',#9277,0.00075);
#6879=CIRCLE('',#9280,0.00075);
#6880=CIRCLE('',#9281,0.00075);
#6881=CIRCLE('',#9284,0.00075);
#6882=CIRCLE('',#9285,0.00075);
#6883=CIRCLE('',#9288,0.00075);
#6884=CIRCLE('',#9289,0.00075);
#6885=CIRCLE('',#9293,0.0007481569454128);
#6886=CIRCLE('',#9294,0.0007481569454128);
#6887=CIRCLE('',#9297,0.000748156945412802);
#6888=CIRCLE('',#9298,0.000748156945412802);
#6889=CIRCLE('',#9301,0.000753792395267856);
#6890=CIRCLE('',#9302,0.000753792395267856);
#6891=CIRCLE('',#9305,0.00075);
#6892=CIRCLE('',#9306,0.00075);
#6893=CIRCLE('',#9309,0.000746313890825602);
#6894=CIRCLE('',#9310,0.000746313890825602);
#6895=CIRCLE('',#9313,0.000746313890825605);
#6896=CIRCLE('',#9314,0.000746313890825605);
#6897=CIRCLE('',#9317,0.00075);
#6898=CIRCLE('',#9318,0.00075);
#6899=CIRCLE('',#9321,0.00075);
#6900=CIRCLE('',#9322,0.00075);
#6901=CIRCLE('',#9324,0.000746313890825602);
#6902=CIRCLE('',#9325,0.000746313890825602);
#6903=CIRCLE('',#9328,0.000746313890825605);
#6904=CIRCLE('',#9329,0.000746313890825605);
#6905=CIRCLE('',#9333,0.00075);
#6906=CIRCLE('',#9334,0.00075);
#6907=CIRCLE('',#9337,0.00075);
#6908=CIRCLE('',#9338,0.00075);
#6909=CIRCLE('',#9340,0.00075);
#6910=CIRCLE('',#9341,0.00075);
#6911=CIRCLE('',#9344,0.00075);
#6912=CIRCLE('',#9345,0.00075);
#6913=CIRCLE('',#9349,0.00075);
#6914=CIRCLE('',#9350,0.00075);
#6915=CIRCLE('',#9353,0.00075);
#6916=CIRCLE('',#9354,0.00075);
#6917=CIRCLE('',#9357,0.00075);
#6918=CIRCLE('',#9358,0.00075);
#6919=CIRCLE('',#9361,0.00075);
#6920=CIRCLE('',#9362,0.00075);
#6921=CIRCLE('',#9364,0.00074999999999997);
#6922=CIRCLE('',#9365,0.00074999999999997);
#6923=CIRCLE('',#9368,0.00075);
#6924=CIRCLE('',#9369,0.00075);
#6925=CIRCLE('',#9373,0.00075);
#6926=CIRCLE('',#9374,0.00075);
#6927=CIRCLE('',#9377,0.000732999211469934);
#6928=CIRCLE('',#9378,0.000732999211469934);
#6929=CIRCLE('',#9380,0.00075);
#6930=CIRCLE('',#9381,0.00075);
#6931=CIRCLE('',#9384,0.000753792395267856);
#6932=CIRCLE('',#9385,0.000753792395267856);
#6933=CIRCLE('',#9424,0.0015);
#6934=CIRCLE('',#9427,0.0015);
#6935=CIRCLE('',#9430,0.0015);
#6936=CIRCLE('',#9433,0.0015);
#6937=CIRCLE('',#9449,0.000905934721339873);
#6938=CIRCLE('',#9451,0.000943656559780957);
#6939=CIRCLE('',#9453,0.000944923432061221);
#6940=CIRCLE('',#9455,0.000903792182199031);
#6941=CIRCLE('',#9458,0.00134316324443652);
#6942=CIRCLE('',#9460,0.000905053258189712);
#6943=CIRCLE('',#9462,0.000950330715606497);
#6944=CIRCLE('',#9464,0.00094206593394068);
#6945=CIRCLE('',#9466,0.000898395782688317);
#6946=CIRCLE('',#9472,0.000905934538872298);
#6947=CIRCLE('',#9474,0.000943656369735002);
#6948=CIRCLE('',#9476,0.000944923241760134);
#6949=CIRCLE('',#9478,0.000903792000180654);
#6950=CIRCLE('',#9481,0.00134316297391266);
#6951=CIRCLE('',#9483,0.000905053075908498);
#6952=CIRCLE('',#9485,0.00095033052421616);
#6953=CIRCLE('',#9487,0.000942065744214639);
#6954=CIRCLE('',#9489,0.000898395601748252);
#6955=CIRCLE('',#9516,0.00275);
#6956=CIRCLE('',#9517,0.00275);
#6957=CIRCLE('',#9519,0.0016);
#6958=CIRCLE('',#9521,0.0016);
#6959=CIRCLE('',#9523,0.00365);
#6960=CIRCLE('',#9525,0.00162913361712308);
#6961=CIRCLE('',#9527,0.00162913361712308);
#6962=CIRCLE('',#9529,0.00365);
#6963=CIRCLE('',#9531,0.00162913);
#6964=CIRCLE('',#9533,0.00162913);
#6965=CIRCLE('',#9535,0.00365);
#6966=CIRCLE('',#9537,0.00162913);
#6967=CIRCLE('',#9539,0.00162913);
#6968=CIRCLE('',#9541,0.00365);
#6969=CIRCLE('',#9543,0.0005);
#6970=CIRCLE('',#9545,0.0005);
#6971=CIRCLE('',#9548,0.0005);
#6972=CIRCLE('',#9550,0.0005);
#6973=CIRCLE('',#9553,0.0005);
#6974=CIRCLE('',#9555,0.0005);
#6975=CIRCLE('',#9558,0.0005);
#6976=CIRCLE('',#9560,0.0005);
#6977=CIRCLE('',#9563,0.0035);
#6978=CIRCLE('',#9564,0.0035);
#6979=CIRCLE('',#9566,0.0032);
#6980=CIRCLE('',#9568,0.00355);
#6981=CIRCLE('',#9569,0.00355);
#6982=CIRCLE('',#9571,0.00325);
#6983=CIRCLE('',#9573,0.00355);
#6984=CIRCLE('',#9574,0.00355);
#6985=CIRCLE('',#9576,0.00325);
#6986=CIRCLE('',#9578,0.00355);
#6987=CIRCLE('',#9579,0.00355);
#6988=CIRCLE('',#9581,0.00325);
#6989=CIRCLE('',#9760,0.000724264068711929);
#6990=CIRCLE('',#9761,0.000724264068711929);
#6991=CIRCLE('',#9763,0.000724264068711929);
#6992=CIRCLE('',#9765,0.000724264068711929);
#6993=CIRCLE('',#9767,0.000724264068711929);
#6994=CIRCLE('',#9769,0.000724264068711929);
#6995=CIRCLE('',#9771,0.000724264068711929);
#6996=CIRCLE('',#9773,0.000724264068711929);
#6997=CIRCLE('',#9778,0.0005);
#6998=CIRCLE('',#9780,0.0005);
#6999=CIRCLE('',#9785,0.0005);
#7000=CIRCLE('',#9787,0.0005);
#7001=EDGE_LOOP('',(#2034,#2035,#2036,#2037));
#7002=EDGE_LOOP('',(#2038,#2039,#2040,#2041));
#7003=EDGE_LOOP('',(#2042,#2043,#2044,#2045));
#7004=EDGE_LOOP('',(#2046,#2047,#2048,#2049));
#7005=EDGE_LOOP('',(#2050,#2051,#2052,#2053));
#7006=EDGE_LOOP('',(#2054,#2055,#2056,#2057));
#7007=EDGE_LOOP('',(#2058,#2059,#2060,#2061));
#7008=EDGE_LOOP('',(#2062,#2063,#2064,#2065));
#7009=EDGE_LOOP('',(#2066,#2067,#2068,#2069));
#7010=EDGE_LOOP('',(#2070,#2071,#2072,#2073));
#7011=EDGE_LOOP('',(#2074,#2075,#2076,#2077));
#7012=EDGE_LOOP('',(#2078,#2079,#2080,#2081));
#7013=EDGE_LOOP('',(#2082,#2083,#2084,#2085));
#7014=EDGE_LOOP('',(#2086,#2087,#2088,#2089));
#7015=EDGE_LOOP('',(#2090,#2091,#2092,#2093));
#7016=EDGE_LOOP('',(#2094,#2095,#2096,#2097));
#7017=EDGE_LOOP('',(#2098,#2099,#2100,#2101));
#7018=EDGE_LOOP('',(#2102,#2103,#2104,#2105));
#7019=EDGE_LOOP('',(#2106,#2107,#2108,#2109));
#7020=EDGE_LOOP('',(#2110,#2111,#2112,#2113));
#7021=EDGE_LOOP('',(#2114,#2115,#2116,#2117,#2118,#2119,#2120,#2121,#2122,
#2123));
#7022=EDGE_LOOP('',(#2124,#2125,#2126,#2127,#2128,#2129,#2130,#2131,#2132,
#2133,#2134,#2135,#2136,#2137));
#7023=EDGE_LOOP('',(#2138,#2139,#2140,#2141,#2142,#2143,#2144,#2145,#2146,
#2147,#2148,#2149,#2150));
#7024=EDGE_LOOP('',(#2151,#2152,#2153,#2154,#2155,#2156,#2157,#2158,#2159,
#2160));
#7025=EDGE_LOOP('',(#2161,#2162,#2163,#2164,#2165,#2166,#2167,#2168,#2169,
#2170,#2171,#2172,#2173,#2174,#2175,#2176));
#7026=EDGE_LOOP('',(#2177));
#7027=EDGE_LOOP('',(#2178));
#7028=EDGE_LOOP('',(#2179));
#7029=EDGE_LOOP('',(#2180));
#7030=EDGE_LOOP('',(#2181));
#7031=EDGE_LOOP('',(#2182));
#7032=EDGE_LOOP('',(#2183));
#7033=EDGE_LOOP('',(#2184));
#7034=EDGE_LOOP('',(#2185,#2186,#2187,#2188));
#7035=EDGE_LOOP('',(#2189,#2190,#2191,#2192));
#7036=EDGE_LOOP('',(#2193,#2194,#2195,#2196));
#7037=EDGE_LOOP('',(#2197,#2198,#2199,#2200));
#7038=EDGE_LOOP('',(#2201,#2202,#2203,#2204));
#7039=EDGE_LOOP('',(#2205,#2206,#2207,#2208));
#7040=EDGE_LOOP('',(#2209,#2210,#2211,#2212));
#7041=EDGE_LOOP('',(#2213,#2214,#2215,#2216));
#7042=EDGE_LOOP('',(#2217,#2218,#2219,#2220));
#7043=EDGE_LOOP('',(#2221,#2222,#2223,#2224));
#7044=EDGE_LOOP('',(#2225,#2226,#2227,#2228));
#7045=EDGE_LOOP('',(#2229,#2230,#2231,#2232));
#7046=EDGE_LOOP('',(#2233,#2234,#2235,#2236));
#7047=EDGE_LOOP('',(#2237,#2238,#2239,#2240));
#7048=EDGE_LOOP('',(#2241,#2242,#2243,#2244));
#7049=EDGE_LOOP('',(#2245,#2246,#2247,#2248));
#7050=EDGE_LOOP('',(#2249,#2250,#2251,#2252));
#7051=EDGE_LOOP('',(#2253,#2254,#2255,#2256));
#7052=EDGE_LOOP('',(#2257,#2258,#2259,#2260));
#7053=EDGE_LOOP('',(#2261,#2262,#2263,#2264));
#7054=EDGE_LOOP('',(#2265,#2266,#2267,#2268));
#7055=EDGE_LOOP('',(#2269,#2270,#2271,#2272));
#7056=EDGE_LOOP('',(#2273,#2274,#2275,#2276,#2277,#2278,#2279,#2280,#2281,
#2282,#2283,#2284,#2285,#2286,#2287,#2288,#2289,#2290,#2291,#2292,#2293,
#2294,#2295,#2296));
#7057=EDGE_LOOP('',(#2297,#2298,#2299,#2300));
#7058=EDGE_LOOP('',(#2301,#2302,#2303,#2304,#2305,#2306));
#7059=EDGE_LOOP('',(#2307,#2308,#2309,#2310));
#7060=EDGE_LOOP('',(#2311,#2312,#2313,#2314));
#7061=EDGE_LOOP('',(#2315,#2316,#2317,#2318));
#7062=EDGE_LOOP('',(#2319,#2320,#2321,#2322));
#7063=EDGE_LOOP('',(#2323,#2324,#2325,#2326));
#7064=EDGE_LOOP('',(#2327,#2328,#2329,#2330,#2331,#2332,#2333,#2334));
#7065=EDGE_LOOP('',(#2335,#2336,#2337,#2338));
#7066=EDGE_LOOP('',(#2339,#2340,#2341,#2342,#2343,#2344,#2345,#2346));
#7067=EDGE_LOOP('',(#2347,#2348,#2349,#2350));
#7068=EDGE_LOOP('',(#2351,#2352,#2353,#2354));
#7069=EDGE_LOOP('',(#2355,#2356,#2357,#2358,#2359,#2360,#2361,#2362));
#7070=EDGE_LOOP('',(#2363));
#7071=EDGE_LOOP('',(#2364,#2365,#2366,#2367,#2368,#2369,#2370,#2371,#2372,
#2373));
#7072=EDGE_LOOP('',(#2374,#2375,#2376,#2377,#2378,#2379,#2380,#2381,#2382,
#2383,#2384,#2385,#2386,#2387));
#7073=EDGE_LOOP('',(#2388,#2389,#2390,#2391,#2392,#2393));
#7074=EDGE_LOOP('',(#2394,#2395,#2396,#2397,#2398,#2399,#2400,#2401,#2402,
#2403));
#7075=EDGE_LOOP('',(#2404,#2405,#2406,#2407,#2408,#2409,#2410,#2411,#2412,
#2413,#2414,#2415,#2416,#2417));
#7076=EDGE_LOOP('',(#2418,#2419,#2420,#2421,#2422,#2423,#2424,#2425,#2426,
#2427));
#7077=EDGE_LOOP('',(#2428,#2429,#2430,#2431));
#7078=EDGE_LOOP('',(#2432,#2433,#2434,#2435));
#7079=EDGE_LOOP('',(#2436));
#7080=EDGE_LOOP('',(#2437,#2438,#2439,#2440));
#7081=EDGE_LOOP('',(#2441,#2442,#2443,#2444,#2445,#2446,#2447,#2448));
#7082=EDGE_LOOP('',(#2449,#2450,#2451,#2452,#2453,#2454,#2455,#2456,#2457,
#2458,#2459,#2460,#2461,#2462,#2463,#2464,#2465,#2466,#2467,#2468,#2469,
#2470,#2471,#2472,#2473,#2474,#2475,#2476,#2477,#2478,#2479,#2480,#2481,
#2482,#2483,#2484,#2485,#2486));
#7083=EDGE_LOOP('',(#2487));
#7084=EDGE_LOOP('',(#2488));
#7085=EDGE_LOOP('',(#2489));
#7086=EDGE_LOOP('',(#2490));
#7087=EDGE_LOOP('',(#2491,#2492,#2493,#2494));
#7088=EDGE_LOOP('',(#2495,#2496,#2497,#2498));
#7089=EDGE_LOOP('',(#2499,#2500,#2501,#2502));
#7090=EDGE_LOOP('',(#2503,#2504,#2505,#2506));
#7091=EDGE_LOOP('',(#2507,#2508,#2509,#2510));
#7092=EDGE_LOOP('',(#2511,#2512,#2513,#2514));
#7093=EDGE_LOOP('',(#2515,#2516,#2517,#2518));
#7094=EDGE_LOOP('',(#2519,#2520,#2521,#2522));
#7095=EDGE_LOOP('',(#2523,#2524,#2525,#2526,#2527,#2528,#2529,#2530));
#7096=EDGE_LOOP('',(#2531,#2532,#2533,#2534));
#7097=EDGE_LOOP('',(#2535,#2536,#2537,#2538));
#7098=EDGE_LOOP('',(#2539,#2540,#2541,#2542,#2543,#2544,#2545,#2546));
#7099=EDGE_LOOP('',(#2547,#2548,#2549,#2550));
#7100=EDGE_LOOP('',(#2551,#2552,#2553,#2554));
#7101=EDGE_LOOP('',(#2555,#2556,#2557,#2558));
#7102=EDGE_LOOP('',(#2559,#2560,#2561,#2562));
#7103=EDGE_LOOP('',(#2563,#2564,#2565,#2566));
#7104=EDGE_LOOP('',(#2567,#2568,#2569,#2570));
#7105=EDGE_LOOP('',(#2571,#2572,#2573,#2574));
#7106=EDGE_LOOP('',(#2575,#2576,#2577,#2578));
#7107=EDGE_LOOP('',(#2579,#2580,#2581,#2582));
#7108=EDGE_LOOP('',(#2583,#2584,#2585,#2586));
#7109=EDGE_LOOP('',(#2587,#2588,#2589,#2590));
#7110=EDGE_LOOP('',(#2591,#2592,#2593,#2594));
#7111=EDGE_LOOP('',(#2595,#2596,#2597,#2598));
#7112=EDGE_LOOP('',(#2599,#2600,#2601,#2602));
#7113=EDGE_LOOP('',(#2603,#2604,#2605,#2606));
#7114=EDGE_LOOP('',(#2607,#2608,#2609,#2610));
#7115=EDGE_LOOP('',(#2611,#2612,#2613,#2614));
#7116=EDGE_LOOP('',(#2615,#2616,#2617,#2618));
#7117=EDGE_LOOP('',(#2619,#2620,#2621,#2622));
#7118=EDGE_LOOP('',(#2623,#2624,#2625,#2626));
#7119=EDGE_LOOP('',(#2627,#2628,#2629,#2630));
#7120=EDGE_LOOP('',(#2631,#2632,#2633,#2634));
#7121=EDGE_LOOP('',(#2635,#2636,#2637,#2638));
#7122=EDGE_LOOP('',(#2639,#2640,#2641,#2642));
#7123=EDGE_LOOP('',(#2643,#2644,#2645,#2646));
#7124=EDGE_LOOP('',(#2647,#2648,#2649,#2650));
#7125=EDGE_LOOP('',(#2651,#2652,#2653,#2654));
#7126=EDGE_LOOP('',(#2655,#2656,#2657,#2658));
#7127=EDGE_LOOP('',(#2659,#2660,#2661,#2662));
#7128=EDGE_LOOP('',(#2663,#2664,#2665,#2666));
#7129=EDGE_LOOP('',(#2667,#2668,#2669,#2670));
#7130=EDGE_LOOP('',(#2671,#2672,#2673,#2674));
#7131=EDGE_LOOP('',(#2675,#2676,#2677,#2678));
#7132=EDGE_LOOP('',(#2679,#2680,#2681,#2682));
#7133=EDGE_LOOP('',(#2683,#2684,#2685,#2686));
#7134=EDGE_LOOP('',(#2687,#2688,#2689,#2690));
#7135=EDGE_LOOP('',(#2691,#2692,#2693,#2694));
#7136=EDGE_LOOP('',(#2695,#2696,#2697,#2698));
#7137=EDGE_LOOP('',(#2699,#2700,#2701,#2702));
#7138=EDGE_LOOP('',(#2703,#2704,#2705,#2706));
#7139=EDGE_LOOP('',(#2707,#2708,#2709,#2710));
#7140=EDGE_LOOP('',(#2711,#2712,#2713,#2714));
#7141=EDGE_LOOP('',(#2715,#2716,#2717,#2718));
#7142=EDGE_LOOP('',(#2719,#2720,#2721,#2722));
#7143=EDGE_LOOP('',(#2723,#2724,#2725,#2726));
#7144=EDGE_LOOP('',(#2727,#2728,#2729,#2730));
#7145=EDGE_LOOP('',(#2731,#2732,#2733,#2734));
#7146=EDGE_LOOP('',(#2735,#2736,#2737,#2738));
#7147=EDGE_LOOP('',(#2739,#2740,#2741,#2742));
#7148=EDGE_LOOP('',(#2743,#2744,#2745,#2746));
#7149=EDGE_LOOP('',(#2747,#2748,#2749,#2750));
#7150=EDGE_LOOP('',(#2751,#2752,#2753,#2754));
#7151=EDGE_LOOP('',(#2755,#2756,#2757,#2758));
#7152=EDGE_LOOP('',(#2759,#2760,#2761,#2762));
#7153=EDGE_LOOP('',(#2763,#2764,#2765,#2766));
#7154=EDGE_LOOP('',(#2767,#2768,#2769,#2770));
#7155=EDGE_LOOP('',(#2771,#2772,#2773,#2774));
#7156=EDGE_LOOP('',(#2775,#2776,#2777,#2778));
#7157=EDGE_LOOP('',(#2779,#2780,#2781,#2782));
#7158=EDGE_LOOP('',(#2783,#2784,#2785,#2786));
#7159=EDGE_LOOP('',(#2787,#2788,#2789,#2790));
#7160=EDGE_LOOP('',(#2791,#2792,#2793,#2794));
#7161=EDGE_LOOP('',(#2795,#2796,#2797,#2798));
#7162=EDGE_LOOP('',(#2799,#2800,#2801,#2802));
#7163=EDGE_LOOP('',(#2803,#2804,#2805,#2806));
#7164=EDGE_LOOP('',(#2807,#2808,#2809,#2810));
#7165=EDGE_LOOP('',(#2811,#2812,#2813,#2814));
#7166=EDGE_LOOP('',(#2815,#2816,#2817,#2818));
#7167=EDGE_LOOP('',(#2819,#2820,#2821,#2822));
#7168=EDGE_LOOP('',(#2823,#2824,#2825,#2826));
#7169=EDGE_LOOP('',(#2827,#2828,#2829,#2830));
#7170=EDGE_LOOP('',(#2831,#2832,#2833,#2834));
#7171=EDGE_LOOP('',(#2835,#2836,#2837,#2838));
#7172=EDGE_LOOP('',(#2839,#2840,#2841,#2842));
#7173=EDGE_LOOP('',(#2843,#2844,#2845,#2846));
#7174=EDGE_LOOP('',(#2847,#2848,#2849,#2850));
#7175=EDGE_LOOP('',(#2851,#2852,#2853,#2854));
#7176=EDGE_LOOP('',(#2855,#2856,#2857,#2858));
#7177=EDGE_LOOP('',(#2859,#2860,#2861,#2862));
#7178=EDGE_LOOP('',(#2863,#2864,#2865,#2866));
#7179=EDGE_LOOP('',(#2867,#2868,#2869,#2870));
#7180=EDGE_LOOP('',(#2871,#2872,#2873,#2874));
#7181=EDGE_LOOP('',(#2875,#2876,#2877,#2878));
#7182=EDGE_LOOP('',(#2879,#2880,#2881,#2882));
#7183=EDGE_LOOP('',(#2883,#2884,#2885,#2886));
#7184=EDGE_LOOP('',(#2887,#2888,#2889,#2890));
#7185=EDGE_LOOP('',(#2891,#2892,#2893,#2894));
#7186=EDGE_LOOP('',(#2895,#2896,#2897,#2898));
#7187=EDGE_LOOP('',(#2899,#2900,#2901,#2902));
#7188=EDGE_LOOP('',(#2903,#2904,#2905,#2906));
#7189=EDGE_LOOP('',(#2907,#2908,#2909,#2910));
#7190=EDGE_LOOP('',(#2911,#2912,#2913,#2914));
#7191=EDGE_LOOP('',(#2915,#2916,#2917,#2918));
#7192=EDGE_LOOP('',(#2919,#2920,#2921,#2922));
#7193=EDGE_LOOP('',(#2923,#2924,#2925,#2926));
#7194=EDGE_LOOP('',(#2927,#2928,#2929,#2930));
#7195=EDGE_LOOP('',(#2931,#2932,#2933,#2934));
#7196=EDGE_LOOP('',(#2935,#2936,#2937,#2938));
#7197=EDGE_LOOP('',(#2939,#2940,#2941,#2942));
#7198=EDGE_LOOP('',(#2943,#2944,#2945,#2946));
#7199=EDGE_LOOP('',(#2947,#2948,#2949,#2950));
#7200=EDGE_LOOP('',(#2951,#2952,#2953,#2954));
#7201=EDGE_LOOP('',(#2955,#2956,#2957,#2958));
#7202=EDGE_LOOP('',(#2959,#2960,#2961,#2962));
#7203=EDGE_LOOP('',(#2963,#2964,#2965,#2966));
#7204=EDGE_LOOP('',(#2967,#2968,#2969,#2970));
#7205=EDGE_LOOP('',(#2971,#2972,#2973,#2974));
#7206=EDGE_LOOP('',(#2975,#2976,#2977,#2978));
#7207=EDGE_LOOP('',(#2979,#2980,#2981,#2982));
#7208=EDGE_LOOP('',(#2983,#2984,#2985,#2986));
#7209=EDGE_LOOP('',(#2987,#2988,#2989,#2990));
#7210=EDGE_LOOP('',(#2991,#2992,#2993,#2994));
#7211=EDGE_LOOP('',(#2995,#2996,#2997,#2998));
#7212=EDGE_LOOP('',(#2999,#3000,#3001,#3002));
#7213=EDGE_LOOP('',(#3003,#3004,#3005,#3006));
#7214=EDGE_LOOP('',(#3007,#3008,#3009,#3010));
#7215=EDGE_LOOP('',(#3011,#3012,#3013,#3014));
#7216=EDGE_LOOP('',(#3015,#3016,#3017,#3018));
#7217=EDGE_LOOP('',(#3019,#3020,#3021,#3022));
#7218=EDGE_LOOP('',(#3023,#3024,#3025,#3026));
#7219=EDGE_LOOP('',(#3027,#3028,#3029,#3030));
#7220=EDGE_LOOP('',(#3031,#3032,#3033,#3034));
#7221=EDGE_LOOP('',(#3035,#3036,#3037,#3038));
#7222=EDGE_LOOP('',(#3039,#3040,#3041,#3042,#3043,#3044,#3045,#3046,#3047,
#3048,#3049,#3050,#3051,#3052));
#7223=EDGE_LOOP('',(#3053,#3054,#3055,#3056,#3057,#3058,#3059,#3060,#3061,
#3062));
#7224=EDGE_LOOP('',(#3063,#3064,#3065,#3066));
#7225=EDGE_LOOP('',(#3067,#3068,#3069,#3070));
#7226=EDGE_LOOP('',(#3071,#3072,#3073,#3074));
#7227=EDGE_LOOP('',(#3075,#3076,#3077,#3078));
#7228=EDGE_LOOP('',(#3079,#3080,#3081,#3082));
#7229=EDGE_LOOP('',(#3083,#3084,#3085,#3086));
#7230=EDGE_LOOP('',(#3087,#3088,#3089,#3090));
#7231=EDGE_LOOP('',(#3091,#3092,#3093,#3094));
#7232=EDGE_LOOP('',(#3095,#3096,#3097,#3098));
#7233=EDGE_LOOP('',(#3099,#3100,#3101,#3102));
#7234=EDGE_LOOP('',(#3103,#3104,#3105,#3106));
#7235=EDGE_LOOP('',(#3107,#3108,#3109,#3110));
#7236=EDGE_LOOP('',(#3111,#3112,#3113,#3114));
#7237=EDGE_LOOP('',(#3115,#3116,#3117,#3118,#3119,#3120,#3121,#3122,#3123,
#3124,#3125,#3126,#3127));
#7238=EDGE_LOOP('',(#3128,#3129,#3130,#3131));
#7239=EDGE_LOOP('',(#3132,#3133,#3134,#3135));
#7240=EDGE_LOOP('',(#3136,#3137,#3138,#3139));
#7241=EDGE_LOOP('',(#3140,#3141,#3142,#3143));
#7242=EDGE_LOOP('',(#3144,#3145,#3146,#3147));
#7243=EDGE_LOOP('',(#3148,#3149,#3150,#3151));
#7244=EDGE_LOOP('',(#3152,#3153,#3154,#3155));
#7245=EDGE_LOOP('',(#3156,#3157,#3158,#3159));
#7246=EDGE_LOOP('',(#3160,#3161,#3162,#3163));
#7247=EDGE_LOOP('',(#3164,#3165,#3166,#3167));
#7248=EDGE_LOOP('',(#3168,#3169,#3170,#3171,#3172,#3173,#3174,#3175,#3176,
#3177));
#7249=EDGE_LOOP('',(#3178,#3179,#3180,#3181));
#7250=EDGE_LOOP('',(#3182,#3183,#3184,#3185));
#7251=EDGE_LOOP('',(#3186,#3187,#3188,#3189));
#7252=EDGE_LOOP('',(#3190,#3191,#3192,#3193));
#7253=EDGE_LOOP('',(#3194,#3195,#3196,#3197));
#7254=EDGE_LOOP('',(#3198,#3199,#3200,#3201));
#7255=EDGE_LOOP('',(#3202,#3203,#3204,#3205));
#7256=EDGE_LOOP('',(#3206,#3207,#3208,#3209));
#7257=EDGE_LOOP('',(#3210,#3211,#3212,#3213));
#7258=EDGE_LOOP('',(#3214,#3215,#3216,#3217));
#7259=EDGE_LOOP('',(#3218,#3219,#3220,#3221,#3222,#3223,#3224,#3225,#3226,
#3227));
#7260=EDGE_LOOP('',(#3228,#3229,#3230,#3231,#3232,#3233,#3234,#3235,#3236,
#3237));
#7261=EDGE_LOOP('',(#3238,#3239,#3240,#3241));
#7262=EDGE_LOOP('',(#3242,#3243,#3244,#3245));
#7263=EDGE_LOOP('',(#3246,#3247,#3248,#3249));
#7264=EDGE_LOOP('',(#3250,#3251,#3252,#3253));
#7265=EDGE_LOOP('',(#3254,#3255,#3256,#3257));
#7266=EDGE_LOOP('',(#3258,#3259,#3260,#3261));
#7267=EDGE_LOOP('',(#3262,#3263,#3264,#3265));
#7268=EDGE_LOOP('',(#3266,#3267,#3268,#3269));
#7269=EDGE_LOOP('',(#3270,#3271,#3272,#3273));
#7270=EDGE_LOOP('',(#3274,#3275,#3276,#3277));
#7271=EDGE_LOOP('',(#3278,#3279,#3280,#3281));
#7272=EDGE_LOOP('',(#3282,#3283,#3284,#3285));
#7273=EDGE_LOOP('',(#3286,#3287,#3288,#3289));
#7274=EDGE_LOOP('',(#3290,#3291,#3292,#3293));
#7275=EDGE_LOOP('',(#3294,#3295,#3296,#3297));
#7276=EDGE_LOOP('',(#3298,#3299,#3300,#3301));
#7277=EDGE_LOOP('',(#3302,#3303,#3304,#3305));
#7278=EDGE_LOOP('',(#3306,#3307,#3308,#3309));
#7279=EDGE_LOOP('',(#3310,#3311,#3312,#3313,#3314,#3315,#3316,#3317,#3318,
#3319));
#7280=EDGE_LOOP('',(#3320,#3321,#3322,#3323));
#7281=EDGE_LOOP('',(#3324,#3325,#3326,#3327));
#7282=EDGE_LOOP('',(#3328,#3329,#3330,#3331));
#7283=EDGE_LOOP('',(#3332,#3333,#3334,#3335));
#7284=EDGE_LOOP('',(#3336,#3337,#3338,#3339));
#7285=EDGE_LOOP('',(#3340,#3341,#3342,#3343));
#7286=EDGE_LOOP('',(#3344,#3345,#3346,#3347));
#7287=EDGE_LOOP('',(#3348,#3349,#3350,#3351));
#7288=EDGE_LOOP('',(#3352,#3353,#3354,#3355));
#7289=EDGE_LOOP('',(#3356,#3357,#3358,#3359));
#7290=EDGE_LOOP('',(#3360,#3361,#3362,#3363));
#7291=EDGE_LOOP('',(#3364,#3365,#3366,#3367));
#7292=EDGE_LOOP('',(#3368,#3369,#3370,#3371));
#7293=EDGE_LOOP('',(#3372,#3373,#3374,#3375));
#7294=EDGE_LOOP('',(#3376,#3377,#3378,#3379));
#7295=EDGE_LOOP('',(#3380,#3381,#3382,#3383));
#7296=EDGE_LOOP('',(#3384,#3385,#3386,#3387));
#7297=EDGE_LOOP('',(#3388,#3389,#3390,#3391));
#7298=EDGE_LOOP('',(#3392,#3393,#3394,#3395));
#7299=EDGE_LOOP('',(#3396,#3397,#3398,#3399));
#7300=EDGE_LOOP('',(#3400,#3401,#3402,#3403));
#7301=EDGE_LOOP('',(#3404,#3405,#3406,#3407));
#7302=EDGE_LOOP('',(#3408,#3409,#3410,#3411));
#7303=EDGE_LOOP('',(#3412,#3413,#3414,#3415));
#7304=EDGE_LOOP('',(#3416,#3417,#3418,#3419,#3420,#3421,#3422,#3423,#3424,
#3425,#3426,#3427,#3428,#3429));
#7305=EDGE_LOOP('',(#3430,#3431,#3432,#3433,#3434,#3435,#3436,#3437,#3438,
#3439));
#7306=EDGE_LOOP('',(#3440,#3441,#3442,#3443));
#7307=EDGE_LOOP('',(#3444,#3445,#3446,#3447));
#7308=EDGE_LOOP('',(#3448,#3449,#3450,#3451));
#7309=EDGE_LOOP('',(#3452,#3453,#3454,#3455));
#7310=EDGE_LOOP('',(#3456,#3457,#3458,#3459));
#7311=EDGE_LOOP('',(#3460,#3461,#3462,#3463));
#7312=EDGE_LOOP('',(#3464,#3465,#3466,#3467));
#7313=EDGE_LOOP('',(#3468,#3469,#3470,#3471));
#7314=EDGE_LOOP('',(#3472,#3473,#3474,#3475));
#7315=EDGE_LOOP('',(#3476,#3477,#3478,#3479));
#7316=EDGE_LOOP('',(#3480,#3481,#3482,#3483));
#7317=EDGE_LOOP('',(#3484,#3485,#3486,#3487));
#7318=EDGE_LOOP('',(#3488,#3489,#3490,#3491));
#7319=EDGE_LOOP('',(#3492,#3493,#3494,#3495));
#7320=EDGE_LOOP('',(#3496,#3497,#3498,#3499));
#7321=EDGE_LOOP('',(#3500,#3501,#3502,#3503));
#7322=EDGE_LOOP('',(#3504,#3505,#3506,#3507));
#7323=EDGE_LOOP('',(#3508,#3509,#3510,#3511));
#7324=EDGE_LOOP('',(#3512,#3513,#3514,#3515));
#7325=EDGE_LOOP('',(#3516,#3517,#3518,#3519));
#7326=EDGE_LOOP('',(#3520,#3521,#3522,#3523));
#7327=EDGE_LOOP('',(#3524,#3525,#3526,#3527));
#7328=EDGE_LOOP('',(#3528,#3529,#3530,#3531));
#7329=EDGE_LOOP('',(#3532,#3533,#3534,#3535));
#7330=EDGE_LOOP('',(#3536,#3537,#3538,#3539,#3540,#3541,#3542,#3543,#3544,
#3545,#3546,#3547,#3548,#3549));
#7331=EDGE_LOOP('',(#3550,#3551,#3552,#3553,#3554,#3555,#3556,#3557,#3558,
#3559));
#7332=EDGE_LOOP('',(#3560,#3561,#3562,#3563));
#7333=EDGE_LOOP('',(#3564,#3565,#3566,#3567));
#7334=EDGE_LOOP('',(#3568,#3569,#3570,#3571));
#7335=EDGE_LOOP('',(#3572,#3573,#3574,#3575));
#7336=EDGE_LOOP('',(#3576,#3577,#3578,#3579));
#7337=EDGE_LOOP('',(#3580,#3581,#3582,#3583));
#7338=EDGE_LOOP('',(#3584,#3585,#3586,#3587));
#7339=EDGE_LOOP('',(#3588,#3589,#3590,#3591));
#7340=EDGE_LOOP('',(#3592,#3593,#3594,#3595));
#7341=EDGE_LOOP('',(#3596,#3597,#3598,#3599));
#7342=EDGE_LOOP('',(#3600,#3601,#3602,#3603,#3604,#3605,#3606,#3607,#3608,
#3609));
#7343=EDGE_LOOP('',(#3610,#3611,#3612,#3613));
#7344=EDGE_LOOP('',(#3614,#3615,#3616,#3617));
#7345=EDGE_LOOP('',(#3618,#3619,#3620,#3621));
#7346=EDGE_LOOP('',(#3622,#3623,#3624,#3625));
#7347=EDGE_LOOP('',(#3626,#3627,#3628,#3629));
#7348=EDGE_LOOP('',(#3630,#3631,#3632,#3633));
#7349=EDGE_LOOP('',(#3634,#3635,#3636,#3637));
#7350=EDGE_LOOP('',(#3638,#3639,#3640,#3641));
#7351=EDGE_LOOP('',(#3642,#3643,#3644,#3645));
#7352=EDGE_LOOP('',(#3646,#3647,#3648,#3649));
#7353=EDGE_LOOP('',(#3650,#3651,#3652,#3653,#3654,#3655,#3656,#3657,#3658,
#3659));
#7354=EDGE_LOOP('',(#3660,#3661,#3662,#3663,#3664,#3665,#3666,#3667,#3668,
#3669));
#7355=EDGE_LOOP('',(#3670,#3671,#3672,#3673,#3674,#3675,#3676,#3677,#3678,
#3679));
#7356=EDGE_LOOP('',(#3680));
#7357=EDGE_LOOP('',(#3681));
#7358=EDGE_LOOP('',(#3682,#3683,#3684,#3685,#3686));
#7359=EDGE_LOOP('',(#3687,#3688,#3689,#3690,#3691));
#7360=EDGE_LOOP('',(#3692,#3693,#3694,#3695));
#7361=EDGE_LOOP('',(#3696,#3697,#3698,#3699,#3700));
#7362=EDGE_LOOP('',(#3701,#3702,#3703,#3704,#3705));
#7363=EDGE_LOOP('',(#3706,#3707,#3708,#3709));
#7364=EDGE_LOOP('',(#3710,#3711,#3712,#3713,#3714));
#7365=EDGE_LOOP('',(#3715,#3716,#3717,#3718,#3719));
#7366=EDGE_LOOP('',(#3720,#3721,#3722,#3723));
#7367=EDGE_LOOP('',(#3724,#3725,#3726,#3727,#3728));
#7368=EDGE_LOOP('',(#3729,#3730,#3731,#3732,#3733));
#7369=EDGE_LOOP('',(#3734,#3735,#3736,#3737));
#7370=EDGE_LOOP('',(#3738,#3739,#3740,#3741));
#7371=EDGE_LOOP('',(#3742,#3743,#3744));
#7372=EDGE_LOOP('',(#3745,#3746,#3747,#3748));
#7373=EDGE_LOOP('',(#3749,#3750,#3751));
#7374=EDGE_LOOP('',(#3752,#3753,#3754,#3755));
#7375=EDGE_LOOP('',(#3756,#3757,#3758,#3759));
#7376=EDGE_LOOP('',(#3760,#3761,#3762));
#7377=EDGE_LOOP('',(#3763,#3764,#3765,#3766));
#7378=EDGE_LOOP('',(#3767,#3768,#3769));
#7379=EDGE_LOOP('',(#3770,#3771,#3772,#3773));
#7380=EDGE_LOOP('',(#3774,#3775,#3776,#3777));
#7381=EDGE_LOOP('',(#3778,#3779,#3780));
#7382=EDGE_LOOP('',(#3781,#3782,#3783,#3784));
#7383=EDGE_LOOP('',(#3785,#3786,#3787));
#7384=EDGE_LOOP('',(#3788,#3789,#3790,#3791));
#7385=EDGE_LOOP('',(#3792,#3793,#3794,#3795));
#7386=EDGE_LOOP('',(#3796,#3797,#3798));
#7387=EDGE_LOOP('',(#3799,#3800,#3801,#3802));
#7388=EDGE_LOOP('',(#3803,#3804,#3805));
#7389=EDGE_LOOP('',(#3806,#3807,#3808,#3809));
#7390=EDGE_LOOP('',(#3810));
#7391=EDGE_LOOP('',(#3811,#3812));
#7392=EDGE_LOOP('',(#3813));
#7393=EDGE_LOOP('',(#3814));
#7394=EDGE_LOOP('',(#3815));
#7395=EDGE_LOOP('',(#3816,#3817));
#7396=EDGE_LOOP('',(#3818));
#7397=EDGE_LOOP('',(#3819));
#7398=EDGE_LOOP('',(#3820));
#7399=EDGE_LOOP('',(#3821,#3822));
#7400=EDGE_LOOP('',(#3823));
#7401=EDGE_LOOP('',(#3824));
#7402=EDGE_LOOP('',(#3825));
#7403=EDGE_LOOP('',(#3826,#3827));
#7404=EDGE_LOOP('',(#3828));
#7405=EDGE_LOOP('',(#3829));
#7406=EDGE_LOOP('',(#3830,#3831,#3832,#3833));
#7407=EDGE_LOOP('',(#3834,#3835,#3836,#3837));
#7408=EDGE_LOOP('',(#3838,#3839,#3840,#3841));
#7409=EDGE_LOOP('',(#3842,#3843,#3844,#3845));
#7410=EDGE_LOOP('',(#3846));
#7411=EDGE_LOOP('',(#3847));
#7412=EDGE_LOOP('',(#3848));
#7413=EDGE_LOOP('',(#3849));
#7414=EDGE_LOOP('',(#3850));
#7415=EDGE_LOOP('',(#3851));
#7416=EDGE_LOOP('',(#3852));
#7417=EDGE_LOOP('',(#3853));
#7418=EDGE_LOOP('',(#3854,#3855,#3856,#3857));
#7419=EDGE_LOOP('',(#3858,#3859,#3860,#3861));
#7420=EDGE_LOOP('',(#3862,#3863,#3864,#3865));
#7421=EDGE_LOOP('',(#3866,#3867,#3868,#3869));
#7422=EDGE_LOOP('',(#3870,#3871,#3872,#3873));
#7423=EDGE_LOOP('',(#3874,#3875,#3876,#3877));
#7424=EDGE_LOOP('',(#3878,#3879,#3880,#3881));
#7425=EDGE_LOOP('',(#3882,#3883,#3884,#3885));
#7426=EDGE_LOOP('',(#3886,#3887,#3888,#3889));
#7427=EDGE_LOOP('',(#3890,#3891,#3892,#3893));
#7428=EDGE_LOOP('',(#3894,#3895,#3896,#3897));
#7429=EDGE_LOOP('',(#3898,#3899,#3900,#3901));
#7430=EDGE_LOOP('',(#3902,#3903,#3904,#3905));
#7431=EDGE_LOOP('',(#3906,#3907,#3908,#3909));
#7432=EDGE_LOOP('',(#3910,#3911,#3912,#3913));
#7433=EDGE_LOOP('',(#3914,#3915,#3916,#3917));
#7434=EDGE_LOOP('',(#3918,#3919,#3920,#3921));
#7435=EDGE_LOOP('',(#3922,#3923,#3924,#3925));
#7436=EDGE_LOOP('',(#3926,#3927,#3928,#3929));
#7437=EDGE_LOOP('',(#3930,#3931,#3932,#3933));
#7438=EDGE_LOOP('',(#3934,#3935,#3936,#3937));
#7439=EDGE_LOOP('',(#3938,#3939,#3940,#3941));
#7440=EDGE_LOOP('',(#3942,#3943,#3944,#3945));
#7441=EDGE_LOOP('',(#3946,#3947,#3948,#3949));
#7442=EDGE_LOOP('',(#3950,#3951,#3952,#3953));
#7443=EDGE_LOOP('',(#3954,#3955,#3956,#3957));
#7444=EDGE_LOOP('',(#3958,#3959,#3960,#3961));
#7445=EDGE_LOOP('',(#3962,#3963,#3964,#3965));
#7446=EDGE_LOOP('',(#3966,#3967,#3968,#3969));
#7447=EDGE_LOOP('',(#3970,#3971,#3972,#3973));
#7448=EDGE_LOOP('',(#3974,#3975,#3976,#3977));
#7449=EDGE_LOOP('',(#3978,#3979,#3980,#3981));
#7450=EDGE_LOOP('',(#3982,#3983,#3984,#3985));
#7451=EDGE_LOOP('',(#3986,#3987,#3988,#3989));
#7452=EDGE_LOOP('',(#3990,#3991,#3992,#3993));
#7453=EDGE_LOOP('',(#3994,#3995,#3996,#3997));
#7454=EDGE_LOOP('',(#3998,#3999,#4000,#4001));
#7455=EDGE_LOOP('',(#4002,#4003,#4004,#4005));
#7456=EDGE_LOOP('',(#4006,#4007,#4008,#4009));
#7457=EDGE_LOOP('',(#4010,#4011,#4012,#4013));
#7458=EDGE_LOOP('',(#4014,#4015,#4016,#4017));
#7459=EDGE_LOOP('',(#4018,#4019,#4020,#4021));
#7460=EDGE_LOOP('',(#4022,#4023,#4024,#4025));
#7461=EDGE_LOOP('',(#4026,#4027,#4028,#4029));
#7462=EDGE_LOOP('',(#4030,#4031,#4032,#4033));
#7463=EDGE_LOOP('',(#4034,#4035,#4036,#4037));
#7464=EDGE_LOOP('',(#4038,#4039,#4040,#4041));
#7465=EDGE_LOOP('',(#4042,#4043,#4044,#4045));
#7466=EDGE_LOOP('',(#4046,#4047,#4048,#4049));
#7467=EDGE_LOOP('',(#4050,#4051,#4052,#4053));
#7468=EDGE_LOOP('',(#4054,#4055,#4056,#4057));
#7469=EDGE_LOOP('',(#4058,#4059,#4060,#4061));
#7470=EDGE_LOOP('',(#4062,#4063,#4064,#4065));
#7471=EDGE_LOOP('',(#4066,#4067,#4068,#4069));
#7472=EDGE_LOOP('',(#4070,#4071,#4072,#4073));
#7473=EDGE_LOOP('',(#4074,#4075,#4076,#4077));
#7474=EDGE_LOOP('',(#4078,#4079,#4080,#4081));
#7475=EDGE_LOOP('',(#4082,#4083,#4084,#4085));
#7476=EDGE_LOOP('',(#4086,#4087,#4088,#4089));
#7477=EDGE_LOOP('',(#4090,#4091,#4092,#4093));
#7478=EDGE_LOOP('',(#4094,#4095,#4096,#4097));
#7479=EDGE_LOOP('',(#4098,#4099,#4100,#4101));
#7480=EDGE_LOOP('',(#4102,#4103,#4104,#4105));
#7481=EDGE_LOOP('',(#4106,#4107,#4108,#4109));
#7482=EDGE_LOOP('',(#4110,#4111,#4112,#4113));
#7483=EDGE_LOOP('',(#4114,#4115,#4116,#4117));
#7484=EDGE_LOOP('',(#4118,#4119,#4120,#4121));
#7485=EDGE_LOOP('',(#4122,#4123,#4124,#4125));
#7486=EDGE_LOOP('',(#4126,#4127,#4128,#4129));
#7487=EDGE_LOOP('',(#4130,#4131,#4132,#4133));
#7488=EDGE_LOOP('',(#4134,#4135,#4136,#4137));
#7489=EDGE_LOOP('',(#4138,#4139,#4140,#4141));
#7490=EDGE_LOOP('',(#4142,#4143,#4144,#4145));
#7491=EDGE_LOOP('',(#4146,#4147,#4148,#4149));
#7492=EDGE_LOOP('',(#4150,#4151,#4152,#4153));
#7493=EDGE_LOOP('',(#4154,#4155,#4156,#4157));
#7494=EDGE_LOOP('',(#4158,#4159,#4160,#4161));
#7495=EDGE_LOOP('',(#4162,#4163,#4164,#4165));
#7496=EDGE_LOOP('',(#4166,#4167,#4168,#4169));
#7497=EDGE_LOOP('',(#4170,#4171,#4172,#4173));
#7498=EDGE_LOOP('',(#4174,#4175,#4176,#4177));
#7499=EDGE_LOOP('',(#4178,#4179,#4180,#4181));
#7500=EDGE_LOOP('',(#4182,#4183,#4184,#4185));
#7501=EDGE_LOOP('',(#4186,#4187,#4188,#4189));
#7502=EDGE_LOOP('',(#4190,#4191,#4192,#4193));
#7503=EDGE_LOOP('',(#4194,#4195,#4196,#4197));
#7504=EDGE_LOOP('',(#4198,#4199,#4200,#4201));
#7505=EDGE_LOOP('',(#4202,#4203,#4204,#4205));
#7506=EDGE_LOOP('',(#4206,#4207,#4208,#4209));
#7507=EDGE_LOOP('',(#4210,#4211,#4212,#4213));
#7508=EDGE_LOOP('',(#4214,#4215,#4216,#4217));
#7509=EDGE_LOOP('',(#4218,#4219,#4220,#4221));
#7510=EDGE_LOOP('',(#4222,#4223,#4224,#4225));
#7511=EDGE_LOOP('',(#4226,#4227,#4228,#4229));
#7512=EDGE_LOOP('',(#4230,#4231,#4232,#4233));
#7513=EDGE_LOOP('',(#4234,#4235,#4236,#4237));
#7514=EDGE_LOOP('',(#4238,#4239,#4240,#4241));
#7515=EDGE_LOOP('',(#4242,#4243,#4244,#4245));
#7516=EDGE_LOOP('',(#4246,#4247,#4248,#4249));
#7517=EDGE_LOOP('',(#4250,#4251,#4252,#4253));
#7518=EDGE_LOOP('',(#4254,#4255,#4256,#4257));
#7519=EDGE_LOOP('',(#4258,#4259,#4260,#4261));
#7520=EDGE_LOOP('',(#4262,#4263,#4264,#4265));
#7521=EDGE_LOOP('',(#4266,#4267,#4268,#4269));
#7522=EDGE_LOOP('',(#4270,#4271,#4272,#4273));
#7523=EDGE_LOOP('',(#4274,#4275,#4276,#4277));
#7524=EDGE_LOOP('',(#4278,#4279,#4280,#4281));
#7525=EDGE_LOOP('',(#4282,#4283,#4284,#4285));
#7526=EDGE_LOOP('',(#4286,#4287,#4288,#4289));
#7527=EDGE_LOOP('',(#4290,#4291,#4292,#4293));
#7528=EDGE_LOOP('',(#4294,#4295,#4296,#4297));
#7529=EDGE_LOOP('',(#4298,#4299,#4300,#4301));
#7530=EDGE_LOOP('',(#4302,#4303,#4304,#4305));
#7531=EDGE_LOOP('',(#4306,#4307,#4308,#4309));
#7532=EDGE_LOOP('',(#4310,#4311,#4312,#4313));
#7533=EDGE_LOOP('',(#4314,#4315,#4316,#4317));
#7534=EDGE_LOOP('',(#4318,#4319,#4320,#4321));
#7535=EDGE_LOOP('',(#4322,#4323,#4324,#4325));
#7536=EDGE_LOOP('',(#4326,#4327,#4328,#4329));
#7537=EDGE_LOOP('',(#4330,#4331,#4332,#4333));
#7538=EDGE_LOOP('',(#4334,#4335,#4336,#4337));
#7539=EDGE_LOOP('',(#4338,#4339,#4340,#4341));
#7540=EDGE_LOOP('',(#4342,#4343,#4344,#4345));
#7541=EDGE_LOOP('',(#4346,#4347,#4348,#4349));
#7542=EDGE_LOOP('',(#4350,#4351,#4352,#4353));
#7543=EDGE_LOOP('',(#4354,#4355,#4356,#4357));
#7544=EDGE_LOOP('',(#4358,#4359,#4360,#4361));
#7545=EDGE_LOOP('',(#4362,#4363,#4364,#4365));
#7546=EDGE_LOOP('',(#4366,#4367,#4368,#4369));
#7547=EDGE_LOOP('',(#4370,#4371,#4372,#4373));
#7548=EDGE_LOOP('',(#4374,#4375,#4376,#4377));
#7549=EDGE_LOOP('',(#4378,#4379,#4380,#4381));
#7550=EDGE_LOOP('',(#4382,#4383,#4384,#4385));
#7551=EDGE_LOOP('',(#4386,#4387,#4388,#4389));
#7552=EDGE_LOOP('',(#4390,#4391,#4392,#4393));
#7553=EDGE_LOOP('',(#4394,#4395,#4396,#4397));
#7554=EDGE_LOOP('',(#4398,#4399,#4400,#4401));
#7555=EDGE_LOOP('',(#4402,#4403,#4404,#4405));
#7556=EDGE_LOOP('',(#4406,#4407,#4408,#4409));
#7557=EDGE_LOOP('',(#4410,#4411,#4412,#4413));
#7558=EDGE_LOOP('',(#4414,#4415,#4416,#4417));
#7559=EDGE_LOOP('',(#4418,#4419,#4420,#4421));
#7560=EDGE_LOOP('',(#4422,#4423,#4424,#4425));
#7561=EDGE_LOOP('',(#4426,#4427,#4428,#4429));
#7562=EDGE_LOOP('',(#4430,#4431,#4432,#4433));
#7563=EDGE_LOOP('',(#4434,#4435,#4436,#4437));
#7564=EDGE_LOOP('',(#4438,#4439,#4440,#4441));
#7565=EDGE_LOOP('',(#4442,#4443,#4444,#4445));
#7566=EDGE_LOOP('',(#4446,#4447,#4448,#4449));
#7567=EDGE_LOOP('',(#4450,#4451,#4452,#4453));
#7568=EDGE_LOOP('',(#4454,#4455,#4456,#4457));
#7569=EDGE_LOOP('',(#4458,#4459,#4460,#4461));
#7570=EDGE_LOOP('',(#4462,#4463,#4464,#4465));
#7571=EDGE_LOOP('',(#4466,#4467,#4468,#4469));
#7572=EDGE_LOOP('',(#4470,#4471,#4472,#4473));
#7573=EDGE_LOOP('',(#4474,#4475,#4476,#4477));
#7574=EDGE_LOOP('',(#4478,#4479,#4480,#4481));
#7575=EDGE_LOOP('',(#4482,#4483,#4484,#4485));
#7576=EDGE_LOOP('',(#4486,#4487,#4488,#4489));
#7577=EDGE_LOOP('',(#4490,#4491,#4492,#4493));
#7578=EDGE_LOOP('',(#4494));
#7579=EDGE_LOOP('',(#4495));
#7580=EDGE_LOOP('',(#4496,#4497,#4498,#4499));
#7581=EDGE_LOOP('',(#4500,#4501,#4502,#4503));
#7582=EDGE_LOOP('',(#4504,#4505,#4506,#4507));
#7583=EDGE_LOOP('',(#4508,#4509,#4510,#4511));
#7584=EDGE_LOOP('',(#4512,#4513,#4514,#4515));
#7585=EDGE_LOOP('',(#4516,#4517,#4518,#4519));
#7586=EDGE_LOOP('',(#4520,#4521,#4522,#4523));
#7587=EDGE_LOOP('',(#4524,#4525,#4526,#4527));
#7588=EDGE_LOOP('',(#4528,#4529,#4530,#4531));
#7589=EDGE_LOOP('',(#4532,#4533,#4534,#4535));
#7590=EDGE_LOOP('',(#4536,#4537,#4538,#4539));
#7591=EDGE_LOOP('',(#4540,#4541,#4542,#4543));
#7592=EDGE_LOOP('',(#4544));
#7593=EDGE_LOOP('',(#4545));
#7594=EDGE_LOOP('',(#4546,#4547,#4548,#4549));
#7595=EDGE_LOOP('',(#4550,#4551,#4552,#4553));
#7596=EDGE_LOOP('',(#4554,#4555,#4556,#4557));
#7597=EDGE_LOOP('',(#4558,#4559,#4560,#4561));
#7598=EDGE_LOOP('',(#4562,#4563,#4564,#4565));
#7599=EDGE_LOOP('',(#4566,#4567,#4568,#4569));
#7600=EDGE_LOOP('',(#4570,#4571,#4572,#4573));
#7601=EDGE_LOOP('',(#4574,#4575,#4576,#4577));
#7602=EDGE_LOOP('',(#4578,#4579,#4580,#4581));
#7603=EDGE_LOOP('',(#4582,#4583,#4584,#4585));
#7604=EDGE_LOOP('',(#4586,#4587,#4588,#4589));
#7605=FACE_BOUND('',#7001,.T.);
#7606=FACE_BOUND('',#7002,.T.);
#7607=FACE_BOUND('',#7003,.T.);
#7608=FACE_BOUND('',#7004,.T.);
#7609=FACE_BOUND('',#7005,.T.);
#7610=FACE_BOUND('',#7006,.T.);
#7611=FACE_BOUND('',#7007,.T.);
#7612=FACE_BOUND('',#7008,.T.);
#7613=FACE_BOUND('',#7009,.T.);
#7614=FACE_BOUND('',#7010,.T.);
#7615=FACE_BOUND('',#7011,.T.);
#7616=FACE_BOUND('',#7012,.T.);
#7617=FACE_BOUND('',#7013,.T.);
#7618=FACE_BOUND('',#7014,.T.);
#7619=FACE_BOUND('',#7015,.T.);
#7620=FACE_BOUND('',#7016,.T.);
#7621=FACE_BOUND('',#7017,.T.);
#7622=FACE_BOUND('',#7018,.T.);
#7623=FACE_BOUND('',#7019,.T.);
#7624=FACE_BOUND('',#7020,.T.);
#7625=FACE_BOUND('',#7021,.T.);
#7626=FACE_BOUND('',#7022,.T.);
#7627=FACE_BOUND('',#7023,.T.);
#7628=FACE_BOUND('',#7024,.T.);
#7629=FACE_BOUND('',#7025,.T.);
#7630=FACE_BOUND('',#7026,.T.);
#7631=FACE_BOUND('',#7027,.T.);
#7632=FACE_BOUND('',#7028,.T.);
#7633=FACE_BOUND('',#7029,.T.);
#7634=FACE_BOUND('',#7030,.T.);
#7635=FACE_BOUND('',#7031,.T.);
#7636=FACE_BOUND('',#7032,.T.);
#7637=FACE_BOUND('',#7033,.T.);
#7638=FACE_BOUND('',#7034,.T.);
#7639=FACE_BOUND('',#7035,.T.);
#7640=FACE_BOUND('',#7036,.T.);
#7641=FACE_BOUND('',#7037,.T.);
#7642=FACE_BOUND('',#7038,.T.);
#7643=FACE_BOUND('',#7039,.T.);
#7644=FACE_BOUND('',#7040,.T.);
#7645=FACE_BOUND('',#7041,.T.);
#7646=FACE_BOUND('',#7042,.T.);
#7647=FACE_BOUND('',#7043,.T.);
#7648=FACE_BOUND('',#7044,.T.);
#7649=FACE_BOUND('',#7045,.T.);
#7650=FACE_BOUND('',#7046,.T.);
#7651=FACE_BOUND('',#7047,.T.);
#7652=FACE_BOUND('',#7048,.T.);
#7653=FACE_BOUND('',#7049,.T.);
#7654=FACE_BOUND('',#7050,.T.);
#7655=FACE_BOUND('',#7051,.T.);
#7656=FACE_BOUND('',#7052,.T.);
#7657=FACE_BOUND('',#7053,.T.);
#7658=FACE_BOUND('',#7054,.T.);
#7659=FACE_BOUND('',#7055,.T.);
#7660=FACE_BOUND('',#7056,.T.);
#7661=FACE_BOUND('',#7057,.T.);
#7662=FACE_BOUND('',#7058,.T.);
#7663=FACE_BOUND('',#7059,.T.);
#7664=FACE_BOUND('',#7060,.T.);
#7665=FACE_BOUND('',#7061,.T.);
#7666=FACE_BOUND('',#7062,.T.);
#7667=FACE_BOUND('',#7063,.T.);
#7668=FACE_BOUND('',#7064,.T.);
#7669=FACE_BOUND('',#7065,.T.);
#7670=FACE_BOUND('',#7066,.T.);
#7671=FACE_BOUND('',#7067,.T.);
#7672=FACE_BOUND('',#7068,.T.);
#7673=FACE_BOUND('',#7069,.T.);
#7674=FACE_BOUND('',#7070,.T.);
#7675=FACE_BOUND('',#7071,.T.);
#7676=FACE_BOUND('',#7072,.T.);
#7677=FACE_BOUND('',#7073,.T.);
#7678=FACE_BOUND('',#7074,.T.);
#7679=FACE_BOUND('',#7075,.T.);
#7680=FACE_BOUND('',#7076,.T.);
#7681=FACE_BOUND('',#7077,.T.);
#7682=FACE_BOUND('',#7078,.T.);
#7683=FACE_BOUND('',#7079,.T.);
#7684=FACE_BOUND('',#7080,.T.);
#7685=FACE_BOUND('',#7081,.T.);
#7686=FACE_BOUND('',#7082,.T.);
#7687=FACE_BOUND('',#7083,.T.);
#7688=FACE_BOUND('',#7084,.T.);
#7689=FACE_BOUND('',#7085,.T.);
#7690=FACE_BOUND('',#7086,.T.);
#7691=FACE_BOUND('',#7087,.T.);
#7692=FACE_BOUND('',#7088,.T.);
#7693=FACE_BOUND('',#7089,.T.);
#7694=FACE_BOUND('',#7090,.T.);
#7695=FACE_BOUND('',#7091,.T.);
#7696=FACE_BOUND('',#7092,.T.);
#7697=FACE_BOUND('',#7093,.T.);
#7698=FACE_BOUND('',#7094,.T.);
#7699=FACE_BOUND('',#7095,.T.);
#7700=FACE_BOUND('',#7096,.T.);
#7701=FACE_BOUND('',#7097,.T.);
#7702=FACE_BOUND('',#7098,.T.);
#7703=FACE_BOUND('',#7099,.T.);
#7704=FACE_BOUND('',#7100,.T.);
#7705=FACE_BOUND('',#7101,.T.);
#7706=FACE_BOUND('',#7102,.T.);
#7707=FACE_BOUND('',#7103,.T.);
#7708=FACE_BOUND('',#7104,.T.);
#7709=FACE_BOUND('',#7105,.T.);
#7710=FACE_BOUND('',#7106,.T.);
#7711=FACE_BOUND('',#7107,.T.);
#7712=FACE_BOUND('',#7108,.T.);
#7713=FACE_BOUND('',#7109,.T.);
#7714=FACE_BOUND('',#7110,.T.);
#7715=FACE_BOUND('',#7111,.T.);
#7716=FACE_BOUND('',#7112,.T.);
#7717=FACE_BOUND('',#7113,.T.);
#7718=FACE_BOUND('',#7114,.T.);
#7719=FACE_BOUND('',#7115,.T.);
#7720=FACE_BOUND('',#7116,.T.);
#7721=FACE_BOUND('',#7117,.T.);
#7722=FACE_BOUND('',#7118,.T.);
#7723=FACE_BOUND('',#7119,.T.);
#7724=FACE_BOUND('',#7120,.T.);
#7725=FACE_BOUND('',#7121,.T.);
#7726=FACE_BOUND('',#7122,.T.);
#7727=FACE_BOUND('',#7123,.T.);
#7728=FACE_BOUND('',#7124,.T.);
#7729=FACE_BOUND('',#7125,.T.);
#7730=FACE_BOUND('',#7126,.T.);
#7731=FACE_BOUND('',#7127,.T.);
#7732=FACE_BOUND('',#7128,.T.);
#7733=FACE_BOUND('',#7129,.T.);
#7734=FACE_BOUND('',#7130,.T.);
#7735=FACE_BOUND('',#7131,.T.);
#7736=FACE_BOUND('',#7132,.T.);
#7737=FACE_BOUND('',#7133,.T.);
#7738=FACE_BOUND('',#7134,.T.);
#7739=FACE_BOUND('',#7135,.T.);
#7740=FACE_BOUND('',#7136,.T.);
#7741=FACE_BOUND('',#7137,.T.);
#7742=FACE_BOUND('',#7138,.T.);
#7743=FACE_BOUND('',#7139,.T.);
#7744=FACE_BOUND('',#7140,.T.);
#7745=FACE_BOUND('',#7141,.T.);
#7746=FACE_BOUND('',#7142,.T.);
#7747=FACE_BOUND('',#7143,.T.);
#7748=FACE_BOUND('',#7144,.T.);
#7749=FACE_BOUND('',#7145,.T.);
#7750=FACE_BOUND('',#7146,.T.);
#7751=FACE_BOUND('',#7147,.T.);
#7752=FACE_BOUND('',#7148,.T.);
#7753=FACE_BOUND('',#7149,.T.);
#7754=FACE_BOUND('',#7150,.T.);
#7755=FACE_BOUND('',#7151,.T.);
#7756=FACE_BOUND('',#7152,.T.);
#7757=FACE_BOUND('',#7153,.T.);
#7758=FACE_BOUND('',#7154,.T.);
#7759=FACE_BOUND('',#7155,.T.);
#7760=FACE_BOUND('',#7156,.T.);
#7761=FACE_BOUND('',#7157,.T.);
#7762=FACE_BOUND('',#7158,.T.);
#7763=FACE_BOUND('',#7159,.T.);
#7764=FACE_BOUND('',#7160,.T.);
#7765=FACE_BOUND('',#7161,.T.);
#7766=FACE_BOUND('',#7162,.T.);
#7767=FACE_BOUND('',#7163,.T.);
#7768=FACE_BOUND('',#7164,.T.);
#7769=FACE_BOUND('',#7165,.T.);
#7770=FACE_BOUND('',#7166,.T.);
#7771=FACE_BOUND('',#7167,.T.);
#7772=FACE_BOUND('',#7168,.T.);
#7773=FACE_BOUND('',#7169,.T.);
#7774=FACE_BOUND('',#7170,.T.);
#7775=FACE_BOUND('',#7171,.T.);
#7776=FACE_BOUND('',#7172,.T.);
#7777=FACE_BOUND('',#7173,.T.);
#7778=FACE_BOUND('',#7174,.T.);
#7779=FACE_BOUND('',#7175,.T.);
#7780=FACE_BOUND('',#7176,.T.);
#7781=FACE_BOUND('',#7177,.T.);
#7782=FACE_BOUND('',#7178,.T.);
#7783=FACE_BOUND('',#7179,.T.);
#7784=FACE_BOUND('',#7180,.T.);
#7785=FACE_BOUND('',#7181,.T.);
#7786=FACE_BOUND('',#7182,.T.);
#7787=FACE_BOUND('',#7183,.T.);
#7788=FACE_BOUND('',#7184,.T.);
#7789=FACE_BOUND('',#7185,.T.);
#7790=FACE_BOUND('',#7186,.T.);
#7791=FACE_BOUND('',#7187,.T.);
#7792=FACE_BOUND('',#7188,.T.);
#7793=FACE_BOUND('',#7189,.T.);
#7794=FACE_BOUND('',#7190,.T.);
#7795=FACE_BOUND('',#7191,.T.);
#7796=FACE_BOUND('',#7192,.T.);
#7797=FACE_BOUND('',#7193,.T.);
#7798=FACE_BOUND('',#7194,.T.);
#7799=FACE_BOUND('',#7195,.T.);
#7800=FACE_BOUND('',#7196,.T.);
#7801=FACE_BOUND('',#7197,.T.);
#7802=FACE_BOUND('',#7198,.T.);
#7803=FACE_BOUND('',#7199,.T.);
#7804=FACE_BOUND('',#7200,.T.);
#7805=FACE_BOUND('',#7201,.T.);
#7806=FACE_BOUND('',#7202,.T.);
#7807=FACE_BOUND('',#7203,.T.);
#7808=FACE_BOUND('',#7204,.T.);
#7809=FACE_BOUND('',#7205,.T.);
#7810=FACE_BOUND('',#7206,.T.);
#7811=FACE_BOUND('',#7207,.T.);
#7812=FACE_BOUND('',#7208,.T.);
#7813=FACE_BOUND('',#7209,.T.);
#7814=FACE_BOUND('',#7210,.T.);
#7815=FACE_BOUND('',#7211,.T.);
#7816=FACE_BOUND('',#7212,.T.);
#7817=FACE_BOUND('',#7213,.T.);
#7818=FACE_BOUND('',#7214,.T.);
#7819=FACE_BOUND('',#7215,.T.);
#7820=FACE_BOUND('',#7216,.T.);
#7821=FACE_BOUND('',#7217,.T.);
#7822=FACE_BOUND('',#7218,.T.);
#7823=FACE_BOUND('',#7219,.T.);
#7824=FACE_BOUND('',#7220,.T.);
#7825=FACE_BOUND('',#7221,.T.);
#7826=FACE_BOUND('',#7222,.T.);
#7827=FACE_BOUND('',#7223,.T.);
#7828=FACE_BOUND('',#7224,.T.);
#7829=FACE_BOUND('',#7225,.T.);
#7830=FACE_BOUND('',#7226,.T.);
#7831=FACE_BOUND('',#7227,.T.);
#7832=FACE_BOUND('',#7228,.T.);
#7833=FACE_BOUND('',#7229,.T.);
#7834=FACE_BOUND('',#7230,.T.);
#7835=FACE_BOUND('',#7231,.T.);
#7836=FACE_BOUND('',#7232,.T.);
#7837=FACE_BOUND('',#7233,.T.);
#7838=FACE_BOUND('',#7234,.T.);
#7839=FACE_BOUND('',#7235,.T.);
#7840=FACE_BOUND('',#7236,.T.);
#7841=FACE_BOUND('',#7237,.T.);
#7842=FACE_BOUND('',#7238,.T.);
#7843=FACE_BOUND('',#7239,.T.);
#7844=FACE_BOUND('',#7240,.T.);
#7845=FACE_BOUND('',#7241,.T.);
#7846=FACE_BOUND('',#7242,.T.);
#7847=FACE_BOUND('',#7243,.T.);
#7848=FACE_BOUND('',#7244,.T.);
#7849=FACE_BOUND('',#7245,.T.);
#7850=FACE_BOUND('',#7246,.T.);
#7851=FACE_BOUND('',#7247,.T.);
#7852=FACE_BOUND('',#7248,.T.);
#7853=FACE_BOUND('',#7249,.T.);
#7854=FACE_BOUND('',#7250,.T.);
#7855=FACE_BOUND('',#7251,.T.);
#7856=FACE_BOUND('',#7252,.T.);
#7857=FACE_BOUND('',#7253,.T.);
#7858=FACE_BOUND('',#7254,.T.);
#7859=FACE_BOUND('',#7255,.T.);
#7860=FACE_BOUND('',#7256,.T.);
#7861=FACE_BOUND('',#7257,.T.);
#7862=FACE_BOUND('',#7258,.T.);
#7863=FACE_BOUND('',#7259,.T.);
#7864=FACE_BOUND('',#7260,.T.);
#7865=FACE_BOUND('',#7261,.T.);
#7866=FACE_BOUND('',#7262,.T.);
#7867=FACE_BOUND('',#7263,.T.);
#7868=FACE_BOUND('',#7264,.T.);
#7869=FACE_BOUND('',#7265,.T.);
#7870=FACE_BOUND('',#7266,.T.);
#7871=FACE_BOUND('',#7267,.T.);
#7872=FACE_BOUND('',#7268,.T.);
#7873=FACE_BOUND('',#7269,.T.);
#7874=FACE_BOUND('',#7270,.T.);
#7875=FACE_BOUND('',#7271,.T.);
#7876=FACE_BOUND('',#7272,.T.);
#7877=FACE_BOUND('',#7273,.T.);
#7878=FACE_BOUND('',#7274,.T.);
#7879=FACE_BOUND('',#7275,.T.);
#7880=FACE_BOUND('',#7276,.T.);
#7881=FACE_BOUND('',#7277,.T.);
#7882=FACE_BOUND('',#7278,.T.);
#7883=FACE_BOUND('',#7279,.T.);
#7884=FACE_BOUND('',#7280,.T.);
#7885=FACE_BOUND('',#7281,.T.);
#7886=FACE_BOUND('',#7282,.T.);
#7887=FACE_BOUND('',#7283,.T.);
#7888=FACE_BOUND('',#7284,.T.);
#7889=FACE_BOUND('',#7285,.T.);
#7890=FACE_BOUND('',#7286,.T.);
#7891=FACE_BOUND('',#7287,.T.);
#7892=FACE_BOUND('',#7288,.T.);
#7893=FACE_BOUND('',#7289,.T.);
#7894=FACE_BOUND('',#7290,.T.);
#7895=FACE_BOUND('',#7291,.T.);
#7896=FACE_BOUND('',#7292,.T.);
#7897=FACE_BOUND('',#7293,.T.);
#7898=FACE_BOUND('',#7294,.T.);
#7899=FACE_BOUND('',#7295,.T.);
#7900=FACE_BOUND('',#7296,.T.);
#7901=FACE_BOUND('',#7297,.T.);
#7902=FACE_BOUND('',#7298,.T.);
#7903=FACE_BOUND('',#7299,.T.);
#7904=FACE_BOUND('',#7300,.T.);
#7905=FACE_BOUND('',#7301,.T.);
#7906=FACE_BOUND('',#7302,.T.);
#7907=FACE_BOUND('',#7303,.T.);
#7908=FACE_BOUND('',#7304,.T.);
#7909=FACE_BOUND('',#7305,.T.);
#7910=FACE_BOUND('',#7306,.T.);
#7911=FACE_BOUND('',#7307,.T.);
#7912=FACE_BOUND('',#7308,.T.);
#7913=FACE_BOUND('',#7309,.T.);
#7914=FACE_BOUND('',#7310,.T.);
#7915=FACE_BOUND('',#7311,.T.);
#7916=FACE_BOUND('',#7312,.T.);
#7917=FACE_BOUND('',#7313,.T.);
#7918=FACE_BOUND('',#7314,.T.);
#7919=FACE_BOUND('',#7315,.T.);
#7920=FACE_BOUND('',#7316,.T.);
#7921=FACE_BOUND('',#7317,.T.);
#7922=FACE_BOUND('',#7318,.T.);
#7923=FACE_BOUND('',#7319,.T.);
#7924=FACE_BOUND('',#7320,.T.);
#7925=FACE_BOUND('',#7321,.T.);
#7926=FACE_BOUND('',#7322,.T.);
#7927=FACE_BOUND('',#7323,.T.);
#7928=FACE_BOUND('',#7324,.T.);
#7929=FACE_BOUND('',#7325,.T.);
#7930=FACE_BOUND('',#7326,.T.);
#7931=FACE_BOUND('',#7327,.T.);
#7932=FACE_BOUND('',#7328,.T.);
#7933=FACE_BOUND('',#7329,.T.);
#7934=FACE_BOUND('',#7330,.T.);
#7935=FACE_BOUND('',#7331,.T.);
#7936=FACE_BOUND('',#7332,.T.);
#7937=FACE_BOUND('',#7333,.T.);
#7938=FACE_BOUND('',#7334,.T.);
#7939=FACE_BOUND('',#7335,.T.);
#7940=FACE_BOUND('',#7336,.T.);
#7941=FACE_BOUND('',#7337,.T.);
#7942=FACE_BOUND('',#7338,.T.);
#7943=FACE_BOUND('',#7339,.T.);
#7944=FACE_BOUND('',#7340,.T.);
#7945=FACE_BOUND('',#7341,.T.);
#7946=FACE_BOUND('',#7342,.T.);
#7947=FACE_BOUND('',#7343,.T.);
#7948=FACE_BOUND('',#7344,.T.);
#7949=FACE_BOUND('',#7345,.T.);
#7950=FACE_BOUND('',#7346,.T.);
#7951=FACE_BOUND('',#7347,.T.);
#7952=FACE_BOUND('',#7348,.T.);
#7953=FACE_BOUND('',#7349,.T.);
#7954=FACE_BOUND('',#7350,.T.);
#7955=FACE_BOUND('',#7351,.T.);
#7956=FACE_BOUND('',#7352,.T.);
#7957=FACE_BOUND('',#7353,.T.);
#7958=FACE_BOUND('',#7354,.T.);
#7959=FACE_BOUND('',#7355,.T.);
#7960=FACE_BOUND('',#7356,.T.);
#7961=FACE_BOUND('',#7357,.T.);
#7962=FACE_BOUND('',#7358,.T.);
#7963=FACE_BOUND('',#7359,.T.);
#7964=FACE_BOUND('',#7360,.T.);
#7965=FACE_BOUND('',#7361,.T.);
#7966=FACE_BOUND('',#7362,.T.);
#7967=FACE_BOUND('',#7363,.T.);
#7968=FACE_BOUND('',#7364,.T.);
#7969=FACE_BOUND('',#7365,.T.);
#7970=FACE_BOUND('',#7366,.T.);
#7971=FACE_BOUND('',#7367,.T.);
#7972=FACE_BOUND('',#7368,.T.);
#7973=FACE_BOUND('',#7369,.T.);
#7974=FACE_BOUND('',#7370,.T.);
#7975=FACE_BOUND('',#7371,.T.);
#7976=FACE_BOUND('',#7372,.T.);
#7977=FACE_BOUND('',#7373,.T.);
#7978=FACE_BOUND('',#7374,.T.);
#7979=FACE_BOUND('',#7375,.T.);
#7980=FACE_BOUND('',#7376,.T.);
#7981=FACE_BOUND('',#7377,.T.);
#7982=FACE_BOUND('',#7378,.T.);
#7983=FACE_BOUND('',#7379,.T.);
#7984=FACE_BOUND('',#7380,.T.);
#7985=FACE_BOUND('',#7381,.T.);
#7986=FACE_BOUND('',#7382,.T.);
#7987=FACE_BOUND('',#7383,.T.);
#7988=FACE_BOUND('',#7384,.T.);
#7989=FACE_BOUND('',#7385,.T.);
#7990=FACE_BOUND('',#7386,.T.);
#7991=FACE_BOUND('',#7387,.T.);
#7992=FACE_BOUND('',#7388,.T.);
#7993=FACE_BOUND('',#7389,.T.);
#7994=FACE_BOUND('',#7390,.T.);
#7995=FACE_BOUND('',#7391,.T.);
#7996=FACE_BOUND('',#7392,.T.);
#7997=FACE_BOUND('',#7393,.T.);
#7998=FACE_BOUND('',#7394,.T.);
#7999=FACE_BOUND('',#7395,.T.);
#8000=FACE_BOUND('',#7396,.T.);
#8001=FACE_BOUND('',#7397,.T.);
#8002=FACE_BOUND('',#7398,.T.);
#8003=FACE_BOUND('',#7399,.T.);
#8004=FACE_BOUND('',#7400,.T.);
#8005=FACE_BOUND('',#7401,.T.);
#8006=FACE_BOUND('',#7402,.T.);
#8007=FACE_BOUND('',#7403,.T.);
#8008=FACE_BOUND('',#7404,.T.);
#8009=FACE_BOUND('',#7405,.T.);
#8010=FACE_BOUND('',#7406,.T.);
#8011=FACE_BOUND('',#7407,.T.);
#8012=FACE_BOUND('',#7408,.T.);
#8013=FACE_BOUND('',#7409,.T.);
#8014=FACE_BOUND('',#7410,.T.);
#8015=FACE_BOUND('',#7411,.T.);
#8016=FACE_BOUND('',#7412,.T.);
#8017=FACE_BOUND('',#7413,.T.);
#8018=FACE_BOUND('',#7414,.T.);
#8019=FACE_BOUND('',#7415,.T.);
#8020=FACE_BOUND('',#7416,.T.);
#8021=FACE_BOUND('',#7417,.T.);
#8022=FACE_BOUND('',#7418,.T.);
#8023=FACE_BOUND('',#7419,.T.);
#8024=FACE_BOUND('',#7420,.T.);
#8025=FACE_BOUND('',#7421,.T.);
#8026=FACE_BOUND('',#7422,.T.);
#8027=FACE_BOUND('',#7423,.T.);
#8028=FACE_BOUND('',#7424,.T.);
#8029=FACE_BOUND('',#7425,.T.);
#8030=FACE_BOUND('',#7426,.T.);
#8031=FACE_BOUND('',#7427,.T.);
#8032=FACE_BOUND('',#7428,.T.);
#8033=FACE_BOUND('',#7429,.T.);
#8034=FACE_BOUND('',#7430,.T.);
#8035=FACE_BOUND('',#7431,.T.);
#8036=FACE_BOUND('',#7432,.T.);
#8037=FACE_BOUND('',#7433,.T.);
#8038=FACE_BOUND('',#7434,.T.);
#8039=FACE_BOUND('',#7435,.T.);
#8040=FACE_BOUND('',#7436,.T.);
#8041=FACE_BOUND('',#7437,.T.);
#8042=FACE_BOUND('',#7438,.T.);
#8043=FACE_BOUND('',#7439,.T.);
#8044=FACE_BOUND('',#7440,.T.);
#8045=FACE_BOUND('',#7441,.T.);
#8046=FACE_BOUND('',#7442,.T.);
#8047=FACE_BOUND('',#7443,.T.);
#8048=FACE_BOUND('',#7444,.T.);
#8049=FACE_BOUND('',#7445,.T.);
#8050=FACE_BOUND('',#7446,.T.);
#8051=FACE_BOUND('',#7447,.T.);
#8052=FACE_BOUND('',#7448,.T.);
#8053=FACE_BOUND('',#7449,.T.);
#8054=FACE_BOUND('',#7450,.T.);
#8055=FACE_BOUND('',#7451,.T.);
#8056=FACE_BOUND('',#7452,.T.);
#8057=FACE_BOUND('',#7453,.T.);
#8058=FACE_BOUND('',#7454,.T.);
#8059=FACE_BOUND('',#7455,.T.);
#8060=FACE_BOUND('',#7456,.T.);
#8061=FACE_BOUND('',#7457,.T.);
#8062=FACE_BOUND('',#7458,.T.);
#8063=FACE_BOUND('',#7459,.T.);
#8064=FACE_BOUND('',#7460,.T.);
#8065=FACE_BOUND('',#7461,.T.);
#8066=FACE_BOUND('',#7462,.T.);
#8067=FACE_BOUND('',#7463,.T.);
#8068=FACE_BOUND('',#7464,.T.);
#8069=FACE_BOUND('',#7465,.T.);
#8070=FACE_BOUND('',#7466,.T.);
#8071=FACE_BOUND('',#7467,.T.);
#8072=FACE_BOUND('',#7468,.T.);
#8073=FACE_BOUND('',#7469,.T.);
#8074=FACE_BOUND('',#7470,.T.);
#8075=FACE_BOUND('',#7471,.T.);
#8076=FACE_BOUND('',#7472,.T.);
#8077=FACE_BOUND('',#7473,.T.);
#8078=FACE_BOUND('',#7474,.T.);
#8079=FACE_BOUND('',#7475,.T.);
#8080=FACE_BOUND('',#7476,.T.);
#8081=FACE_BOUND('',#7477,.T.);
#8082=FACE_BOUND('',#7478,.T.);
#8083=FACE_BOUND('',#7479,.T.);
#8084=FACE_BOUND('',#7480,.T.);
#8085=FACE_BOUND('',#7481,.T.);
#8086=FACE_BOUND('',#7482,.T.);
#8087=FACE_BOUND('',#7483,.T.);
#8088=FACE_BOUND('',#7484,.T.);
#8089=FACE_BOUND('',#7485,.T.);
#8090=FACE_BOUND('',#7486,.T.);
#8091=FACE_BOUND('',#7487,.T.);
#8092=FACE_BOUND('',#7488,.T.);
#8093=FACE_BOUND('',#7489,.T.);
#8094=FACE_BOUND('',#7490,.T.);
#8095=FACE_BOUND('',#7491,.T.);
#8096=FACE_BOUND('',#7492,.T.);
#8097=FACE_BOUND('',#7493,.T.);
#8098=FACE_BOUND('',#7494,.T.);
#8099=FACE_BOUND('',#7495,.T.);
#8100=FACE_BOUND('',#7496,.T.);
#8101=FACE_BOUND('',#7497,.T.);
#8102=FACE_BOUND('',#7498,.T.);
#8103=FACE_BOUND('',#7499,.T.);
#8104=FACE_BOUND('',#7500,.T.);
#8105=FACE_BOUND('',#7501,.T.);
#8106=FACE_BOUND('',#7502,.T.);
#8107=FACE_BOUND('',#7503,.T.);
#8108=FACE_BOUND('',#7504,.T.);
#8109=FACE_BOUND('',#7505,.T.);
#8110=FACE_BOUND('',#7506,.T.);
#8111=FACE_BOUND('',#7507,.T.);
#8112=FACE_BOUND('',#7508,.T.);
#8113=FACE_BOUND('',#7509,.T.);
#8114=FACE_BOUND('',#7510,.T.);
#8115=FACE_BOUND('',#7511,.T.);
#8116=FACE_BOUND('',#7512,.T.);
#8117=FACE_BOUND('',#7513,.T.);
#8118=FACE_BOUND('',#7514,.T.);
#8119=FACE_BOUND('',#7515,.T.);
#8120=FACE_BOUND('',#7516,.T.);
#8121=FACE_BOUND('',#7517,.T.);
#8122=FACE_BOUND('',#7518,.T.);
#8123=FACE_BOUND('',#7519,.T.);
#8124=FACE_BOUND('',#7520,.T.);
#8125=FACE_BOUND('',#7521,.T.);
#8126=FACE_BOUND('',#7522,.T.);
#8127=FACE_BOUND('',#7523,.T.);
#8128=FACE_BOUND('',#7524,.T.);
#8129=FACE_BOUND('',#7525,.T.);
#8130=FACE_BOUND('',#7526,.T.);
#8131=FACE_BOUND('',#7527,.T.);
#8132=FACE_BOUND('',#7528,.T.);
#8133=FACE_BOUND('',#7529,.T.);
#8134=FACE_BOUND('',#7530,.T.);
#8135=FACE_BOUND('',#7531,.T.);
#8136=FACE_BOUND('',#7532,.T.);
#8137=FACE_BOUND('',#7533,.T.);
#8138=FACE_BOUND('',#7534,.T.);
#8139=FACE_BOUND('',#7535,.T.);
#8140=FACE_BOUND('',#7536,.T.);
#8141=FACE_BOUND('',#7537,.T.);
#8142=FACE_BOUND('',#7538,.T.);
#8143=FACE_BOUND('',#7539,.T.);
#8144=FACE_BOUND('',#7540,.T.);
#8145=FACE_BOUND('',#7541,.T.);
#8146=FACE_BOUND('',#7542,.T.);
#8147=FACE_BOUND('',#7543,.T.);
#8148=FACE_BOUND('',#7544,.T.);
#8149=FACE_BOUND('',#7545,.T.);
#8150=FACE_BOUND('',#7546,.T.);
#8151=FACE_BOUND('',#7547,.T.);
#8152=FACE_BOUND('',#7548,.T.);
#8153=FACE_BOUND('',#7549,.T.);
#8154=FACE_BOUND('',#7550,.T.);
#8155=FACE_BOUND('',#7551,.T.);
#8156=FACE_BOUND('',#7552,.T.);
#8157=FACE_BOUND('',#7553,.T.);
#8158=FACE_BOUND('',#7554,.T.);
#8159=FACE_BOUND('',#7555,.T.);
#8160=FACE_BOUND('',#7556,.T.);
#8161=FACE_BOUND('',#7557,.T.);
#8162=FACE_BOUND('',#7558,.T.);
#8163=FACE_BOUND('',#7559,.T.);
#8164=FACE_BOUND('',#7560,.T.);
#8165=FACE_BOUND('',#7561,.T.);
#8166=FACE_BOUND('',#7562,.T.);
#8167=FACE_BOUND('',#7563,.T.);
#8168=FACE_BOUND('',#7564,.T.);
#8169=FACE_BOUND('',#7565,.T.);
#8170=FACE_BOUND('',#7566,.T.);
#8171=FACE_BOUND('',#7567,.T.);
#8172=FACE_BOUND('',#7568,.T.);
#8173=FACE_BOUND('',#7569,.T.);
#8174=FACE_BOUND('',#7570,.T.);
#8175=FACE_BOUND('',#7571,.T.);
#8176=FACE_BOUND('',#7572,.T.);
#8177=FACE_BOUND('',#7573,.T.);
#8178=FACE_BOUND('',#7574,.T.);
#8179=FACE_BOUND('',#7575,.T.);
#8180=FACE_BOUND('',#7576,.T.);
#8181=FACE_BOUND('',#7577,.T.);
#8182=FACE_BOUND('',#7578,.T.);
#8183=FACE_BOUND('',#7579,.T.);
#8184=FACE_BOUND('',#7580,.T.);
#8185=FACE_BOUND('',#7581,.T.);
#8186=FACE_BOUND('',#7582,.T.);
#8187=FACE_BOUND('',#7583,.T.);
#8188=FACE_BOUND('',#7584,.T.);
#8189=FACE_BOUND('',#7585,.T.);
#8190=FACE_BOUND('',#7586,.T.);
#8191=FACE_BOUND('',#7587,.T.);
#8192=FACE_BOUND('',#7588,.T.);
#8193=FACE_BOUND('',#7589,.T.);
#8194=FACE_BOUND('',#7590,.T.);
#8195=FACE_BOUND('',#7591,.T.);
#8196=FACE_BOUND('',#7592,.T.);
#8197=FACE_BOUND('',#7593,.T.);
#8198=FACE_BOUND('',#7594,.T.);
#8199=FACE_BOUND('',#7595,.T.);
#8200=FACE_BOUND('',#7596,.T.);
#8201=FACE_BOUND('',#7597,.T.);
#8202=FACE_BOUND('',#7598,.T.);
#8203=FACE_BOUND('',#7599,.T.);
#8204=FACE_BOUND('',#7600,.T.);
#8205=FACE_BOUND('',#7601,.T.);
#8206=FACE_BOUND('',#7602,.T.);
#8207=FACE_BOUND('',#7603,.T.);
#8208=FACE_BOUND('',#7604,.T.);
#8209=PLANE('',#8978);
#8210=PLANE('',#9045);
#8211=PLANE('',#9102);
#8212=PLANE('',#9104);
#8213=PLANE('',#9105);
#8214=PLANE('',#9106);
#8215=PLANE('',#9125);
#8216=PLANE('',#9150);
#8217=PLANE('',#9156);
#8218=PLANE('',#9181);
#8219=PLANE('',#9184);
#8220=PLANE('',#9187);
#8221=PLANE('',#9202);
#8222=PLANE('',#9205);
#8223=PLANE('',#9208);
#8224=PLANE('',#9223);
#8225=PLANE('',#9224);
#8226=PLANE('',#9225);
#8227=PLANE('',#9226);
#8228=PLANE('',#9227);
#8229=PLANE('',#9231);
#8230=PLANE('',#9238);
#8231=PLANE('',#9242);
#8232=PLANE('',#9243);
#8233=PLANE('',#9247);
#8234=PLANE('',#9251);
#8235=PLANE('',#9255);
#8236=PLANE('',#9262);
#8237=PLANE('',#9266);
#8238=PLANE('',#9270);
#8239=PLANE('',#9274);
#8240=PLANE('',#9278);
#8241=PLANE('',#9282);
#8242=PLANE('',#9286);
#8243=PLANE('',#9290);
#8244=PLANE('',#9291);
#8245=PLANE('',#9295);
#8246=PLANE('',#9299);
#8247=PLANE('',#9303);
#8248=PLANE('',#9307);
#8249=PLANE('',#9311);
#8250=PLANE('',#9315);
#8251=PLANE('',#9319);
#8252=PLANE('',#9326);
#8253=PLANE('',#9330);
#8254=PLANE('',#9331);
#8255=PLANE('',#9335);
#8256=PLANE('',#9342);
#8257=PLANE('',#9346);
#8258=PLANE('',#9347);
#8259=PLANE('',#9351);
#8260=PLANE('',#9355);
#8261=PLANE('',#9359);
#8262=PLANE('',#9366);
#8263=PLANE('',#9370);
#8264=PLANE('',#9371);
#8265=PLANE('',#9375);
#8266=PLANE('',#9382);
#8267=PLANE('',#9386);
#8268=PLANE('',#9387);
#8269=PLANE('',#9388);
#8270=PLANE('',#9389);
#8271=PLANE('',#9390);
#8272=PLANE('',#9391);
#8273=PLANE('',#9392);
#8274=PLANE('',#9393);
#8275=PLANE('',#9394);
#8276=PLANE('',#9395);
#8277=PLANE('',#9396);
#8278=PLANE('',#9397);
#8279=PLANE('',#9398);
#8280=PLANE('',#9399);
#8281=PLANE('',#9400);
#8282=PLANE('',#9401);
#8283=PLANE('',#9402);
#8284=PLANE('',#9403);
#8285=PLANE('',#9404);
#8286=PLANE('',#9405);
#8287=PLANE('',#9406);
#8288=PLANE('',#9407);
#8289=PLANE('',#9408);
#8290=PLANE('',#9409);
#8291=PLANE('',#9410);
#8292=PLANE('',#9411);
#8293=PLANE('',#9412);
#8294=PLANE('',#9413);
#8295=PLANE('',#9414);
#8296=PLANE('',#9415);
#8297=PLANE('',#9416);
#8298=PLANE('',#9417);
#8299=PLANE('',#9418);
#8300=PLANE('',#9419);
#8301=PLANE('',#9420);
#8302=PLANE('',#9421);
#8303=PLANE('',#9422);
#8304=PLANE('',#9425);
#8305=PLANE('',#9428);
#8306=PLANE('',#9431);
#8307=PLANE('',#9434);
#8308=PLANE('',#9435);
#8309=PLANE('',#9436);
#8310=PLANE('',#9437);
#8311=PLANE('',#9438);
#8312=PLANE('',#9439);
#8313=PLANE('',#9440);
#8314=PLANE('',#9441);
#8315=PLANE('',#9442);
#8316=PLANE('',#9443);
#8317=PLANE('',#9444);
#8318=PLANE('',#9445);
#8319=PLANE('',#9446);
#8320=PLANE('',#9447);
#8321=PLANE('',#9456);
#8322=PLANE('',#9467);
#8323=PLANE('',#9468);
#8324=PLANE('',#9469);
#8325=PLANE('',#9470);
#8326=PLANE('',#9479);
#8327=PLANE('',#9490);
#8328=PLANE('',#9491);
#8329=PLANE('',#9492);
#8330=PLANE('',#9493);
#8331=PLANE('',#9494);
#8332=PLANE('',#9495);
#8333=PLANE('',#9496);
#8334=PLANE('',#9497);
#8335=PLANE('',#9498);
#8336=PLANE('',#9499);
#8337=PLANE('',#9500);
#8338=PLANE('',#9501);
#8339=PLANE('',#9502);
#8340=PLANE('',#9503);
#8341=PLANE('',#9504);
#8342=PLANE('',#9505);
#8343=PLANE('',#9506);
#8344=PLANE('',#9507);
#8345=PLANE('',#9508);
#8346=PLANE('',#9509);
#8347=PLANE('',#9510);
#8348=PLANE('',#9511);
#8349=PLANE('',#9512);
#8350=PLANE('',#9513);
#8351=PLANE('',#9514);
#8352=PLANE('',#9565);
#8353=PLANE('',#9570);
#8354=PLANE('',#9575);
#8355=PLANE('',#9580);
#8356=PLANE('',#9590);
#8357=PLANE('',#9593);
#8358=PLANE('',#9594);
#8359=PLANE('',#9597);
#8360=PLANE('',#9598);
#8361=PLANE('',#9601);
#8362=PLANE('',#9602);
#8363=PLANE('',#9605);
#8364=PLANE('',#9606);
#8365=PLANE('',#9609);
#8366=PLANE('',#9610);
#8367=PLANE('',#9613);
#8368=PLANE('',#9614);
#8369=PLANE('',#9617);
#8370=PLANE('',#9618);
#8371=PLANE('',#9621);
#8372=PLANE('',#9622);
#8373=PLANE('',#9625);
#8374=PLANE('',#9626);
#8375=PLANE('',#9629);
#8376=PLANE('',#9630);
#8377=PLANE('',#9633);
#8378=PLANE('',#9634);
#8379=PLANE('',#9637);
#8380=PLANE('',#9639);
#8381=PLANE('',#9640);
#8382=PLANE('',#9643);
#8383=PLANE('',#9644);
#8384=PLANE('',#9647);
#8385=PLANE('',#9648);
#8386=PLANE('',#9650);
#8387=PLANE('',#9653);
#8388=PLANE('',#9654);
#8389=PLANE('',#9657);
#8390=PLANE('',#9658);
#8391=PLANE('',#9661);
#8392=PLANE('',#9662);
#8393=PLANE('',#9665);
#8394=PLANE('',#9666);
#8395=PLANE('',#9669);
#8396=PLANE('',#9670);
#8397=PLANE('',#9673);
#8398=PLANE('',#9674);
#8399=PLANE('',#9677);
#8400=PLANE('',#9678);
#8401=PLANE('',#9681);
#8402=PLANE('',#9682);
#8403=PLANE('',#9685);
#8404=PLANE('',#9686);
#8405=PLANE('',#9689);
#8406=PLANE('',#9690);
#8407=PLANE('',#9693);
#8408=PLANE('',#9694);
#8409=PLANE('',#9697);
#8410=PLANE('',#9698);
#8411=PLANE('',#9701);
#8412=PLANE('',#9702);
#8413=PLANE('',#9705);
#8414=PLANE('',#9706);
#8415=PLANE('',#9709);
#8416=PLANE('',#9710);
#8417=PLANE('',#9713);
#8418=PLANE('',#9714);
#8419=PLANE('',#9717);
#8420=PLANE('',#9719);
#8421=PLANE('',#9720);
#8422=PLANE('',#9723);
#8423=PLANE('',#9724);
#8424=PLANE('',#9727);
#8425=PLANE('',#9728);
#8426=PLANE('',#9730);
#8427=PLANE('',#9733);
#8428=PLANE('',#9734);
#8429=PLANE('',#9737);
#8430=PLANE('',#9738);
#8431=PLANE('',#9741);
#8432=PLANE('',#9742);
#8433=PLANE('',#9745);
#8434=PLANE('',#9746);
#8435=PLANE('',#9749);
#8436=PLANE('',#9777);
#8437=PLANE('',#9779);
#8438=PLANE('',#9781);
#8439=PLANE('',#9782);
#8440=PLANE('',#9783);
#8441=PLANE('',#9784);
#8442=PLANE('',#9786);
#8443=PLANE('',#9788);
#8444=ADVANCED_FACE('',(#7605,#7606,#7607,#7608,#7609,#7610,#7611,#7612,
#7613,#7614,#7615,#7616,#7617,#7618,#7619,#7620,#7621,#7622,#7623,#7624,
#7625,#7626,#7627,#7628,#7629),#8209,.F.);
#8445=ADVANCED_FACE('',(#7630,#7631),#188,.F.);
#8446=ADVANCED_FACE('',(#7632,#7633),#189,.F.);
#8447=ADVANCED_FACE('',(#7634,#7635),#190,.F.);
#8448=ADVANCED_FACE('',(#7636,#7637),#191,.F.);
#8449=ADVANCED_FACE('',(#7638),#192,.F.);
#8450=ADVANCED_FACE('',(#7639),#193,.F.);
#8451=ADVANCED_FACE('',(#7640,#7641,#7642,#7643,#7644,#7645,#7646,#7647,
#7648,#7649,#7650,#7651,#7652,#7653,#7654,#7655,#7656,#7657,#7658,#7659,
#7660),#8210,.T.);
#8452=ADVANCED_FACE('',(#7661,#7662),#8211,.T.);
#8453=ADVANCED_FACE('',(#7663),#8212,.F.);
#8454=ADVANCED_FACE('',(#7664),#8213,.F.);
#8455=ADVANCED_FACE('',(#7665),#8214,.T.);
#8456=ADVANCED_FACE('',(#7666),#194,.F.);
#8457=ADVANCED_FACE('',(#7667),#195,.F.);
#8458=ADVANCED_FACE('',(#7668),#196,.T.);
#8459=ADVANCED_FACE('',(#7669),#197,.F.);
#8460=ADVANCED_FACE('',(#7670),#198,.T.);
#8461=ADVANCED_FACE('',(#7671),#199,.F.);
#8462=ADVANCED_FACE('',(#7672,#7673,#7674,#7675,#7676,#7677,#7678,#7679,
#7680),#8215,.F.);
#8463=ADVANCED_FACE('',(#7681,#7682,#7683,#7684,#7685),#8216,.T.);
#8464=ADVANCED_FACE('',(#7686,#7687,#7688,#7689,#7690),#8217,.T.);
#8465=ADVANCED_FACE('',(#7691),#200,.T.);
#8466=ADVANCED_FACE('',(#7692),#8218,.T.);
#8467=ADVANCED_FACE('',(#7693),#201,.T.);
#8468=ADVANCED_FACE('',(#7694),#8219,.T.);
#8469=ADVANCED_FACE('',(#7695),#202,.T.);
#8470=ADVANCED_FACE('',(#7696),#8220,.F.);
#8471=ADVANCED_FACE('',(#7697),#203,.T.);
#8472=ADVANCED_FACE('',(#7698),#153,.T.);
#8473=ADVANCED_FACE('',(#7699),#204,.T.);
#8474=ADVANCED_FACE('',(#7700),#154,.T.);
#8475=ADVANCED_FACE('',(#7701),#155,.T.);
#8476=ADVANCED_FACE('',(#7702),#205,.T.);
#8477=ADVANCED_FACE('',(#7703),#156,.T.);
#8478=ADVANCED_FACE('',(#7704),#206,.F.);
#8479=ADVANCED_FACE('',(#7705),#8221,.F.);
#8480=ADVANCED_FACE('',(#7706),#207,.F.);
#8481=ADVANCED_FACE('',(#7707),#8222,.F.);
#8482=ADVANCED_FACE('',(#7708),#208,.F.);
#8483=ADVANCED_FACE('',(#7709),#8223,.T.);
#8484=ADVANCED_FACE('',(#7710),#209,.F.);
#8485=ADVANCED_FACE('',(#7711),#157,.F.);
#8486=ADVANCED_FACE('',(#7712),#210,.F.);
#8487=ADVANCED_FACE('',(#7713),#158,.F.);
#8488=ADVANCED_FACE('',(#7714),#159,.F.);
#8489=ADVANCED_FACE('',(#7715),#211,.F.);
#8490=ADVANCED_FACE('',(#7716),#160,.F.);
#8491=ADVANCED_FACE('',(#7717),#212,.F.);
#8492=ADVANCED_FACE('',(#7718),#8224,.T.);
#8493=ADVANCED_FACE('',(#7719),#8225,.F.);
#8494=ADVANCED_FACE('',(#7720),#8226,.F.);
#8495=ADVANCED_FACE('',(#7721),#8227,.T.);
#8496=ADVANCED_FACE('',(#7722),#8228,.T.);
#8497=ADVANCED_FACE('',(#7723),#213,.F.);
#8498=ADVANCED_FACE('',(#7724),#8229,.F.);
#8499=ADVANCED_FACE('',(#7725),#214,.F.);
#8500=ADVANCED_FACE('',(#7726),#215,.F.);
#8501=ADVANCED_FACE('',(#7727),#8230,.F.);
#8502=ADVANCED_FACE('',(#7728),#216,.F.);
#8503=ADVANCED_FACE('',(#7729),#8231,.T.);
#8504=ADVANCED_FACE('',(#7730),#8232,.T.);
#8505=ADVANCED_FACE('',(#7731),#217,.F.);
#8506=ADVANCED_FACE('',(#7732),#8233,.F.);
#8507=ADVANCED_FACE('',(#7733),#218,.F.);
#8508=ADVANCED_FACE('',(#7734),#8234,.T.);
#8509=ADVANCED_FACE('',(#7735),#219,.F.);
#8510=ADVANCED_FACE('',(#7736),#8235,.F.);
#8511=ADVANCED_FACE('',(#7737),#220,.F.);
#8512=ADVANCED_FACE('',(#7738),#221,.F.);
#8513=ADVANCED_FACE('',(#7739),#8236,.F.);
#8514=ADVANCED_FACE('',(#7740),#222,.F.);
#8515=ADVANCED_FACE('',(#7741),#8237,.T.);
#8516=ADVANCED_FACE('',(#7742),#223,.F.);
#8517=ADVANCED_FACE('',(#7743),#8238,.F.);
#8518=ADVANCED_FACE('',(#7744),#224,.F.);
#8519=ADVANCED_FACE('',(#7745),#8239,.T.);
#8520=ADVANCED_FACE('',(#7746),#225,.F.);
#8521=ADVANCED_FACE('',(#7747),#8240,.F.);
#8522=ADVANCED_FACE('',(#7748),#226,.F.);
#8523=ADVANCED_FACE('',(#7749),#8241,.T.);
#8524=ADVANCED_FACE('',(#7750),#227,.F.);
#8525=ADVANCED_FACE('',(#7751),#8242,.F.);
#8526=ADVANCED_FACE('',(#7752),#228,.F.);
#8527=ADVANCED_FACE('',(#7753),#8243,.T.);
#8528=ADVANCED_FACE('',(#7754),#8244,.T.);
#8529=ADVANCED_FACE('',(#7755),#229,.F.);
#8530=ADVANCED_FACE('',(#7756),#8245,.F.);
#8531=ADVANCED_FACE('',(#7757),#230,.F.);
#8532=ADVANCED_FACE('',(#7758),#8246,.F.);
#8533=ADVANCED_FACE('',(#7759),#231,.F.);
#8534=ADVANCED_FACE('',(#7760),#8247,.T.);
#8535=ADVANCED_FACE('',(#7761),#232,.F.);
#8536=ADVANCED_FACE('',(#7762),#8248,.T.);
#8537=ADVANCED_FACE('',(#7763),#233,.F.);
#8538=ADVANCED_FACE('',(#7764),#8249,.F.);
#8539=ADVANCED_FACE('',(#7765),#234,.F.);
#8540=ADVANCED_FACE('',(#7766),#8250,.F.);
#8541=ADVANCED_FACE('',(#7767),#235,.F.);
#8542=ADVANCED_FACE('',(#7768),#8251,.T.);
#8543=ADVANCED_FACE('',(#7769),#236,.F.);
#8544=ADVANCED_FACE('',(#7770),#237,.F.);
#8545=ADVANCED_FACE('',(#7771),#8252,.F.);
#8546=ADVANCED_FACE('',(#7772),#238,.F.);
#8547=ADVANCED_FACE('',(#7773),#8253,.T.);
#8548=ADVANCED_FACE('',(#7774),#8254,.T.);
#8549=ADVANCED_FACE('',(#7775),#239,.F.);
#8550=ADVANCED_FACE('',(#7776),#8255,.F.);
#8551=ADVANCED_FACE('',(#7777),#240,.F.);
#8552=ADVANCED_FACE('',(#7778),#241,.F.);
#8553=ADVANCED_FACE('',(#7779),#8256,.F.);
#8554=ADVANCED_FACE('',(#7780),#242,.F.);
#8555=ADVANCED_FACE('',(#7781),#8257,.T.);
#8556=ADVANCED_FACE('',(#7782),#8258,.T.);
#8557=ADVANCED_FACE('',(#7783),#243,.F.);
#8558=ADVANCED_FACE('',(#7784),#8259,.F.);
#8559=ADVANCED_FACE('',(#7785),#244,.F.);
#8560=ADVANCED_FACE('',(#7786),#8260,.T.);
#8561=ADVANCED_FACE('',(#7787),#245,.F.);
#8562=ADVANCED_FACE('',(#7788),#8261,.F.);
#8563=ADVANCED_FACE('',(#7789),#246,.F.);
#8564=ADVANCED_FACE('',(#7790),#247,.F.);
#8565=ADVANCED_FACE('',(#7791),#8262,.F.);
#8566=ADVANCED_FACE('',(#7792),#248,.F.);
#8567=ADVANCED_FACE('',(#7793),#8263,.T.);
#8568=ADVANCED_FACE('',(#7794),#8264,.T.);
#8569=ADVANCED_FACE('',(#7795),#249,.F.);
#8570=ADVANCED_FACE('',(#7796),#8265,.F.);
#8571=ADVANCED_FACE('',(#7797),#250,.F.);
#8572=ADVANCED_FACE('',(#7798),#251,.F.);
#8573=ADVANCED_FACE('',(#7799),#8266,.F.);
#8574=ADVANCED_FACE('',(#7800),#252,.F.);
#8575=ADVANCED_FACE('',(#7801),#8267,.T.);
#8576=ADVANCED_FACE('',(#7802),#104,.T.);
#8577=ADVANCED_FACE('',(#7803),#8268,.T.);
#8578=ADVANCED_FACE('',(#7804),#105,.T.);
#8579=ADVANCED_FACE('',(#7805),#106,.T.);
#8580=ADVANCED_FACE('',(#7806),#107,.T.);
#8581=ADVANCED_FACE('',(#7807),#108,.T.);
#8582=ADVANCED_FACE('',(#7808),#8269,.T.);
#8583=ADVANCED_FACE('',(#7809),#109,.T.);
#8584=ADVANCED_FACE('',(#7810),#110,.T.);
#8585=ADVANCED_FACE('',(#7811),#111,.T.);
#8586=ADVANCED_FACE('',(#7812),#8270,.T.);
#8587=ADVANCED_FACE('',(#7813),#112,.T.);
#8588=ADVANCED_FACE('',(#7814),#113,.T.);
#8589=ADVANCED_FACE('',(#7815),#114,.T.);
#8590=ADVANCED_FACE('',(#7816),#115,.T.);
#8591=ADVANCED_FACE('',(#7817),#116,.T.);
#8592=ADVANCED_FACE('',(#7818),#117,.T.);
#8593=ADVANCED_FACE('',(#7819),#8271,.T.);
#8594=ADVANCED_FACE('',(#7820),#118,.T.);
#8595=ADVANCED_FACE('',(#7821),#119,.T.);
#8596=ADVANCED_FACE('',(#7822),#120,.T.);
#8597=ADVANCED_FACE('',(#7823),#121,.T.);
#8598=ADVANCED_FACE('',(#7824),#122,.T.);
#8599=ADVANCED_FACE('',(#7825),#123,.T.);
#8600=ADVANCED_FACE('',(#7826,#7827),#8272,.T.);
#8601=ADVANCED_FACE('',(#7828),#8273,.T.);
#8602=ADVANCED_FACE('',(#7829),#8274,.T.);
#8603=ADVANCED_FACE('',(#7830),#8275,.T.);
#8604=ADVANCED_FACE('',(#7831),#124,.T.);
#8605=ADVANCED_FACE('',(#7832),#125,.T.);
#8606=ADVANCED_FACE('',(#7833),#126,.T.);
#8607=ADVANCED_FACE('',(#7834),#8276,.T.);
#8608=ADVANCED_FACE('',(#7835),#8277,.T.);
#8609=ADVANCED_FACE('',(#7836),#8278,.T.);
#8610=ADVANCED_FACE('',(#7837),#127,.T.);
#8611=ADVANCED_FACE('',(#7838),#128,.T.);
#8612=ADVANCED_FACE('',(#7839),#129,.T.);
#8613=ADVANCED_FACE('',(#7840),#130,.T.);
#8614=ADVANCED_FACE('',(#7841),#8279,.T.);
#8615=ADVANCED_FACE('',(#7842),#8280,.T.);
#8616=ADVANCED_FACE('',(#7843),#8281,.T.);
#8617=ADVANCED_FACE('',(#7844),#8282,.T.);
#8618=ADVANCED_FACE('',(#7845),#8283,.T.);
#8619=ADVANCED_FACE('',(#7846),#8284,.T.);
#8620=ADVANCED_FACE('',(#7847),#8285,.T.);
#8621=ADVANCED_FACE('',(#7848),#8286,.T.);
#8622=ADVANCED_FACE('',(#7849),#8287,.T.);
#8623=ADVANCED_FACE('',(#7850),#8288,.T.);
#8624=ADVANCED_FACE('',(#7851),#8289,.T.);
#8625=ADVANCED_FACE('',(#7852),#8290,.T.);
#8626=ADVANCED_FACE('',(#7853),#8291,.T.);
#8627=ADVANCED_FACE('',(#7854),#8292,.T.);
#8628=ADVANCED_FACE('',(#7855),#8293,.T.);
#8629=ADVANCED_FACE('',(#7856),#8294,.T.);
#8630=ADVANCED_FACE('',(#7857),#8295,.T.);
#8631=ADVANCED_FACE('',(#7858),#8296,.T.);
#8632=ADVANCED_FACE('',(#7859),#8297,.T.);
#8633=ADVANCED_FACE('',(#7860),#8298,.T.);
#8634=ADVANCED_FACE('',(#7861),#8299,.T.);
#8635=ADVANCED_FACE('',(#7862),#8300,.T.);
#8636=ADVANCED_FACE('',(#7863),#8301,.T.);
#8637=ADVANCED_FACE('',(#7864),#8302,.F.);
#8638=ADVANCED_FACE('',(#7865),#8303,.F.);
#8639=ADVANCED_FACE('',(#7866),#253,.F.);
#8640=ADVANCED_FACE('',(#7867),#8304,.T.);
#8641=ADVANCED_FACE('',(#7868),#254,.F.);
#8642=ADVANCED_FACE('',(#7869),#8305,.T.);
#8643=ADVANCED_FACE('',(#7870),#255,.F.);
#8644=ADVANCED_FACE('',(#7871),#8306,.F.);
#8645=ADVANCED_FACE('',(#7872),#256,.F.);
#8646=ADVANCED_FACE('',(#7873),#8307,.T.);
#8647=ADVANCED_FACE('',(#7874),#8308,.T.);
#8648=ADVANCED_FACE('',(#7875),#8309,.T.);
#8649=ADVANCED_FACE('',(#7876),#8310,.T.);
#8650=ADVANCED_FACE('',(#7877),#8311,.T.);
#8651=ADVANCED_FACE('',(#7878),#8312,.T.);
#8652=ADVANCED_FACE('',(#7879),#8313,.T.);
#8653=ADVANCED_FACE('',(#7880),#8314,.T.);
#8654=ADVANCED_FACE('',(#7881),#8315,.T.);
#8655=ADVANCED_FACE('',(#7882),#8316,.T.);
#8656=ADVANCED_FACE('',(#7883),#8317,.T.);
#8657=ADVANCED_FACE('',(#7884),#131,.T.);
#8658=ADVANCED_FACE('',(#7885),#8318,.T.);
#8659=ADVANCED_FACE('',(#7886),#132,.T.);
#8660=ADVANCED_FACE('',(#7887),#133,.T.);
#8661=ADVANCED_FACE('',(#7888),#134,.T.);
#8662=ADVANCED_FACE('',(#7889),#135,.T.);
#8663=ADVANCED_FACE('',(#7890),#8319,.T.);
#8664=ADVANCED_FACE('',(#7891),#136,.T.);
#8665=ADVANCED_FACE('',(#7892),#137,.T.);
#8666=ADVANCED_FACE('',(#7893),#138,.T.);
#8667=ADVANCED_FACE('',(#7894),#8320,.T.);
#8668=ADVANCED_FACE('',(#7895),#139,.T.);
#8669=ADVANCED_FACE('',(#7896),#257,.F.);
#8670=ADVANCED_FACE('',(#7897),#258,.F.);
#8671=ADVANCED_FACE('',(#7898),#259,.F.);
#8672=ADVANCED_FACE('',(#7899),#260,.F.);
#8673=ADVANCED_FACE('',(#7900),#140,.T.);
#8674=ADVANCED_FACE('',(#7901),#8321,.T.);
#8675=ADVANCED_FACE('',(#7902),#261,.F.);
#8676=ADVANCED_FACE('',(#7903),#262,.F.);
#8677=ADVANCED_FACE('',(#7904),#263,.F.);
#8678=ADVANCED_FACE('',(#7905),#264,.F.);
#8679=ADVANCED_FACE('',(#7906),#265,.F.);
#8680=ADVANCED_FACE('',(#7907),#141,.T.);
#8681=ADVANCED_FACE('',(#7908,#7909),#8322,.T.);
#8682=ADVANCED_FACE('',(#7910),#142,.T.);
#8683=ADVANCED_FACE('',(#7911),#8323,.T.);
#8684=ADVANCED_FACE('',(#7912),#143,.T.);
#8685=ADVANCED_FACE('',(#7913),#144,.T.);
#8686=ADVANCED_FACE('',(#7914),#145,.T.);
#8687=ADVANCED_FACE('',(#7915),#146,.T.);
#8688=ADVANCED_FACE('',(#7916),#8324,.T.);
#8689=ADVANCED_FACE('',(#7917),#147,.T.);
#8690=ADVANCED_FACE('',(#7918),#148,.T.);
#8691=ADVANCED_FACE('',(#7919),#149,.T.);
#8692=ADVANCED_FACE('',(#7920),#8325,.T.);
#8693=ADVANCED_FACE('',(#7921),#150,.T.);
#8694=ADVANCED_FACE('',(#7922),#266,.F.);
#8695=ADVANCED_FACE('',(#7923),#267,.F.);
#8696=ADVANCED_FACE('',(#7924),#268,.F.);
#8697=ADVANCED_FACE('',(#7925),#269,.F.);
#8698=ADVANCED_FACE('',(#7926),#151,.T.);
#8699=ADVANCED_FACE('',(#7927),#8326,.T.);
#8700=ADVANCED_FACE('',(#7928),#270,.F.);
#8701=ADVANCED_FACE('',(#7929),#271,.F.);
#8702=ADVANCED_FACE('',(#7930),#272,.F.);
#8703=ADVANCED_FACE('',(#7931),#273,.F.);
#8704=ADVANCED_FACE('',(#7932),#274,.F.);
#8705=ADVANCED_FACE('',(#7933),#152,.T.);
#8706=ADVANCED_FACE('',(#7934,#7935),#8327,.T.);
#8707=ADVANCED_FACE('',(#7936),#8328,.T.);
#8708=ADVANCED_FACE('',(#7937),#8329,.T.);
#8709=ADVANCED_FACE('',(#7938),#8330,.T.);
#8710=ADVANCED_FACE('',(#7939),#8331,.T.);
#8711=ADVANCED_FACE('',(#7940),#8332,.T.);
#8712=ADVANCED_FACE('',(#7941),#8333,.T.);
#8713=ADVANCED_FACE('',(#7942),#8334,.T.);
#8714=ADVANCED_FACE('',(#7943),#8335,.T.);
#8715=ADVANCED_FACE('',(#7944),#8336,.T.);
#8716=ADVANCED_FACE('',(#7945),#8337,.T.);
#8717=ADVANCED_FACE('',(#7946),#8338,.T.);
#8718=ADVANCED_FACE('',(#7947),#8339,.T.);
#8719=ADVANCED_FACE('',(#7948),#8340,.T.);
#8720=ADVANCED_FACE('',(#7949),#8341,.T.);
#8721=ADVANCED_FACE('',(#7950),#8342,.T.);
#8722=ADVANCED_FACE('',(#7951),#8343,.T.);
#8723=ADVANCED_FACE('',(#7952),#8344,.T.);
#8724=ADVANCED_FACE('',(#7953),#8345,.T.);
#8725=ADVANCED_FACE('',(#7954),#8346,.T.);
#8726=ADVANCED_FACE('',(#7955),#8347,.T.);
#8727=ADVANCED_FACE('',(#7956),#8348,.T.);
#8728=ADVANCED_FACE('',(#7957),#8349,.T.);
#8729=ADVANCED_FACE('',(#7958),#8350,.F.);
#8730=ADVANCED_FACE('',(#7959),#8351,.F.);
#8731=ADVANCED_FACE('',(#7960,#7961),#275,.F.);
#8732=ADVANCED_FACE('',(#7962),#276,.F.);
#8733=ADVANCED_FACE('',(#7963),#277,.F.);
#8734=ADVANCED_FACE('',(#7964),#278,.T.);
#8735=ADVANCED_FACE('',(#7965),#279,.F.);
#8736=ADVANCED_FACE('',(#7966),#280,.F.);
#8737=ADVANCED_FACE('',(#7967),#281,.T.);
#8738=ADVANCED_FACE('',(#7968),#282,.F.);
#8739=ADVANCED_FACE('',(#7969),#283,.F.);
#8740=ADVANCED_FACE('',(#7970),#284,.T.);
#8741=ADVANCED_FACE('',(#7971),#285,.F.);
#8742=ADVANCED_FACE('',(#7972),#286,.F.);
#8743=ADVANCED_FACE('',(#7973),#287,.T.);
#8744=ADVANCED_FACE('',(#7974),#161,.F.);
#8745=ADVANCED_FACE('',(#7975),#96,.F.);
#8746=ADVANCED_FACE('',(#7976),#162,.F.);
#8747=ADVANCED_FACE('',(#7977),#97,.F.);
#8748=ADVANCED_FACE('',(#7978),#163,.F.);
#8749=ADVANCED_FACE('',(#7979),#164,.F.);
#8750=ADVANCED_FACE('',(#7980),#98,.F.);
#8751=ADVANCED_FACE('',(#7981),#165,.F.);
#8752=ADVANCED_FACE('',(#7982),#99,.F.);
#8753=ADVANCED_FACE('',(#7983),#166,.F.);
#8754=ADVANCED_FACE('',(#7984),#167,.F.);
#8755=ADVANCED_FACE('',(#7985),#100,.F.);
#8756=ADVANCED_FACE('',(#7986),#168,.F.);
#8757=ADVANCED_FACE('',(#7987),#101,.F.);
#8758=ADVANCED_FACE('',(#7988),#169,.F.);
#8759=ADVANCED_FACE('',(#7989),#170,.F.);
#8760=ADVANCED_FACE('',(#7990),#102,.F.);
#8761=ADVANCED_FACE('',(#7991),#171,.F.);
#8762=ADVANCED_FACE('',(#7992),#103,.F.);
#8763=ADVANCED_FACE('',(#7993),#172,.F.);
#8764=ADVANCED_FACE('',(#7994,#7995),#288,.F.);
#8765=ADVANCED_FACE('',(#7996,#7997),#8352,.T.);
#8766=ADVANCED_FACE('',(#7998,#7999),#289,.F.);
#8767=ADVANCED_FACE('',(#8000,#8001),#8353,.T.);
#8768=ADVANCED_FACE('',(#8002,#8003),#290,.F.);
#8769=ADVANCED_FACE('',(#8004,#8005),#8354,.T.);
#8770=ADVANCED_FACE('',(#8006,#8007),#291,.F.);
#8771=ADVANCED_FACE('',(#8008,#8009),#8355,.T.);
#8772=ADVANCED_FACE('',(#8010),#173,.T.);
#8773=ADVANCED_FACE('',(#8011),#174,.T.);
#8774=ADVANCED_FACE('',(#8012),#175,.T.);
#8775=ADVANCED_FACE('',(#8013),#176,.T.);
#8776=ADVANCED_FACE('',(#8014,#8015),#177,.F.);
#8777=ADVANCED_FACE('',(#8016,#8017),#178,.F.);
#8778=ADVANCED_FACE('',(#8018,#8019),#179,.F.);
#8779=ADVANCED_FACE('',(#8020,#8021),#180,.F.);
#8780=ADVANCED_FACE('',(#8022),#8356,.T.);
#8781=ADVANCED_FACE('',(#8023),#16,.F.);
#8782=ADVANCED_FACE('',(#8024),#17,.F.);
#8783=ADVANCED_FACE('',(#8025),#8357,.F.);
#8784=ADVANCED_FACE('',(#8026),#8358,.F.);
#8785=ADVANCED_FACE('',(#8027),#18,.F.);
#8786=ADVANCED_FACE('',(#8028),#19,.F.);
#8787=ADVANCED_FACE('',(#8029),#8359,.T.);
#8788=ADVANCED_FACE('',(#8030),#8360,.F.);
#8789=ADVANCED_FACE('',(#8031),#20,.F.);
#8790=ADVANCED_FACE('',(#8032),#21,.F.);
#8791=ADVANCED_FACE('',(#8033),#8361,.T.);
#8792=ADVANCED_FACE('',(#8034),#8362,.F.);
#8793=ADVANCED_FACE('',(#8035),#22,.F.);
#8794=ADVANCED_FACE('',(#8036),#23,.F.);
#8795=ADVANCED_FACE('',(#8037),#8363,.T.);
#8796=ADVANCED_FACE('',(#8038),#8364,.T.);
#8797=ADVANCED_FACE('',(#8039),#24,.F.);
#8798=ADVANCED_FACE('',(#8040),#25,.F.);
#8799=ADVANCED_FACE('',(#8041),#8365,.F.);
#8800=ADVANCED_FACE('',(#8042),#8366,.F.);
#8801=ADVANCED_FACE('',(#8043),#26,.F.);
#8802=ADVANCED_FACE('',(#8044),#27,.F.);
#8803=ADVANCED_FACE('',(#8045),#8367,.T.);
#8804=ADVANCED_FACE('',(#8046),#8368,.T.);
#8805=ADVANCED_FACE('',(#8047),#28,.F.);
#8806=ADVANCED_FACE('',(#8048),#29,.F.);
#8807=ADVANCED_FACE('',(#8049),#8369,.F.);
#8808=ADVANCED_FACE('',(#8050),#8370,.T.);
#8809=ADVANCED_FACE('',(#8051),#30,.F.);
#8810=ADVANCED_FACE('',(#8052),#31,.F.);
#8811=ADVANCED_FACE('',(#8053),#8371,.F.);
#8812=ADVANCED_FACE('',(#8054),#8372,.F.);
#8813=ADVANCED_FACE('',(#8055),#32,.F.);
#8814=ADVANCED_FACE('',(#8056),#33,.F.);
#8815=ADVANCED_FACE('',(#8057),#8373,.T.);
#8816=ADVANCED_FACE('',(#8058),#8374,.T.);
#8817=ADVANCED_FACE('',(#8059),#34,.F.);
#8818=ADVANCED_FACE('',(#8060),#35,.F.);
#8819=ADVANCED_FACE('',(#8061),#8375,.F.);
#8820=ADVANCED_FACE('',(#8062),#8376,.T.);
#8821=ADVANCED_FACE('',(#8063),#36,.F.);
#8822=ADVANCED_FACE('',(#8064),#37,.F.);
#8823=ADVANCED_FACE('',(#8065),#8377,.F.);
#8824=ADVANCED_FACE('',(#8066),#8378,.T.);
#8825=ADVANCED_FACE('',(#8067),#38,.F.);
#8826=ADVANCED_FACE('',(#8068),#39,.F.);
#8827=ADVANCED_FACE('',(#8069),#8379,.F.);
#8828=ADVANCED_FACE('',(#8070),#40,.F.);
#8829=ADVANCED_FACE('',(#8071),#8380,.T.);
#8830=ADVANCED_FACE('',(#8072),#8381,.F.);
#8831=ADVANCED_FACE('',(#8073),#41,.F.);
#8832=ADVANCED_FACE('',(#8074),#42,.F.);
#8833=ADVANCED_FACE('',(#8075),#8382,.T.);
#8834=ADVANCED_FACE('',(#8076),#8383,.F.);
#8835=ADVANCED_FACE('',(#8077),#43,.F.);
#8836=ADVANCED_FACE('',(#8078),#44,.F.);
#8837=ADVANCED_FACE('',(#8079),#8384,.T.);
#8838=ADVANCED_FACE('',(#8080),#8385,.F.);
#8839=ADVANCED_FACE('',(#8081),#45,.F.);
#8840=ADVANCED_FACE('',(#8082),#8386,.F.);
#8841=ADVANCED_FACE('',(#8083),#46,.F.);
#8842=ADVANCED_FACE('',(#8084),#47,.F.);
#8843=ADVANCED_FACE('',(#8085),#8387,.T.);
#8844=ADVANCED_FACE('',(#8086),#8388,.F.);
#8845=ADVANCED_FACE('',(#8087),#48,.F.);
#8846=ADVANCED_FACE('',(#8088),#49,.F.);
#8847=ADVANCED_FACE('',(#8089),#8389,.T.);
#8848=ADVANCED_FACE('',(#8090),#8390,.F.);
#8849=ADVANCED_FACE('',(#8091),#50,.F.);
#8850=ADVANCED_FACE('',(#8092),#51,.F.);
#8851=ADVANCED_FACE('',(#8093),#8391,.T.);
#8852=ADVANCED_FACE('',(#8094),#8392,.F.);
#8853=ADVANCED_FACE('',(#8095),#52,.F.);
#8854=ADVANCED_FACE('',(#8096),#53,.F.);
#8855=ADVANCED_FACE('',(#8097),#8393,.T.);
#8856=ADVANCED_FACE('',(#8098),#8394,.F.);
#8857=ADVANCED_FACE('',(#8099),#54,.F.);
#8858=ADVANCED_FACE('',(#8100),#55,.F.);
#8859=ADVANCED_FACE('',(#8101),#8395,.T.);
#8860=ADVANCED_FACE('',(#8102),#8396,.F.);
#8861=ADVANCED_FACE('',(#8103),#56,.F.);
#8862=ADVANCED_FACE('',(#8104),#57,.F.);
#8863=ADVANCED_FACE('',(#8105),#8397,.T.);
#8864=ADVANCED_FACE('',(#8106),#8398,.T.);
#8865=ADVANCED_FACE('',(#8107),#58,.F.);
#8866=ADVANCED_FACE('',(#8108),#59,.F.);
#8867=ADVANCED_FACE('',(#8109),#8399,.F.);
#8868=ADVANCED_FACE('',(#8110),#8400,.T.);
#8869=ADVANCED_FACE('',(#8111),#60,.F.);
#8870=ADVANCED_FACE('',(#8112),#61,.F.);
#8871=ADVANCED_FACE('',(#8113),#8401,.F.);
#8872=ADVANCED_FACE('',(#8114),#8402,.T.);
#8873=ADVANCED_FACE('',(#8115),#62,.F.);
#8874=ADVANCED_FACE('',(#8116),#63,.F.);
#8875=ADVANCED_FACE('',(#8117),#8403,.F.);
#8876=ADVANCED_FACE('',(#8118),#8404,.F.);
#8877=ADVANCED_FACE('',(#8119),#64,.F.);
#8878=ADVANCED_FACE('',(#8120),#65,.F.);
#8879=ADVANCED_FACE('',(#8121),#8405,.T.);
#8880=ADVANCED_FACE('',(#8122),#8406,.T.);
#8881=ADVANCED_FACE('',(#8123),#66,.F.);
#8882=ADVANCED_FACE('',(#8124),#67,.F.);
#8883=ADVANCED_FACE('',(#8125),#8407,.F.);
#8884=ADVANCED_FACE('',(#8126),#8408,.F.);
#8885=ADVANCED_FACE('',(#8127),#68,.F.);
#8886=ADVANCED_FACE('',(#8128),#69,.F.);
#8887=ADVANCED_FACE('',(#8129),#8409,.T.);
#8888=ADVANCED_FACE('',(#8130),#8410,.F.);
#8889=ADVANCED_FACE('',(#8131),#70,.F.);
#8890=ADVANCED_FACE('',(#8132),#71,.F.);
#8891=ADVANCED_FACE('',(#8133),#8411,.T.);
#8892=ADVANCED_FACE('',(#8134),#8412,.T.);
#8893=ADVANCED_FACE('',(#8135),#72,.F.);
#8894=ADVANCED_FACE('',(#8136),#73,.F.);
#8895=ADVANCED_FACE('',(#8137),#8413,.F.);
#8896=ADVANCED_FACE('',(#8138),#8414,.F.);
#8897=ADVANCED_FACE('',(#8139),#74,.F.);
#8898=ADVANCED_FACE('',(#8140),#75,.F.);
#8899=ADVANCED_FACE('',(#8141),#8415,.T.);
#8900=ADVANCED_FACE('',(#8142),#8416,.F.);
#8901=ADVANCED_FACE('',(#8143),#76,.F.);
#8902=ADVANCED_FACE('',(#8144),#77,.F.);
#8903=ADVANCED_FACE('',(#8145),#8417,.T.);
#8904=ADVANCED_FACE('',(#8146),#8418,.F.);
#8905=ADVANCED_FACE('',(#8147),#78,.F.);
#8906=ADVANCED_FACE('',(#8148),#79,.F.);
#8907=ADVANCED_FACE('',(#8149),#8419,.T.);
#8908=ADVANCED_FACE('',(#8150),#80,.F.);
#8909=ADVANCED_FACE('',(#8151),#8420,.F.);
#8910=ADVANCED_FACE('',(#8152),#8421,.T.);
#8911=ADVANCED_FACE('',(#8153),#81,.F.);
#8912=ADVANCED_FACE('',(#8154),#82,.F.);
#8913=ADVANCED_FACE('',(#8155),#8422,.F.);
#8914=ADVANCED_FACE('',(#8156),#8423,.T.);
#8915=ADVANCED_FACE('',(#8157),#83,.F.);
#8916=ADVANCED_FACE('',(#8158),#84,.F.);
#8917=ADVANCED_FACE('',(#8159),#8424,.F.);
#8918=ADVANCED_FACE('',(#8160),#8425,.T.);
#8919=ADVANCED_FACE('',(#8161),#85,.F.);
#8920=ADVANCED_FACE('',(#8162),#8426,.T.);
#8921=ADVANCED_FACE('',(#8163),#86,.F.);
#8922=ADVANCED_FACE('',(#8164),#87,.F.);
#8923=ADVANCED_FACE('',(#8165),#8427,.F.);
#8924=ADVANCED_FACE('',(#8166),#8428,.T.);
#8925=ADVANCED_FACE('',(#8167),#88,.F.);
#8926=ADVANCED_FACE('',(#8168),#89,.F.);
#8927=ADVANCED_FACE('',(#8169),#8429,.F.);
#8928=ADVANCED_FACE('',(#8170),#8430,.T.);
#8929=ADVANCED_FACE('',(#8171),#90,.F.);
#8930=ADVANCED_FACE('',(#8172),#91,.F.);
#8931=ADVANCED_FACE('',(#8173),#8431,.F.);
#8932=ADVANCED_FACE('',(#8174),#8432,.T.);
#8933=ADVANCED_FACE('',(#8175),#92,.F.);
#8934=ADVANCED_FACE('',(#8176),#93,.F.);
#8935=ADVANCED_FACE('',(#8177),#8433,.F.);
#8936=ADVANCED_FACE('',(#8178),#8434,.T.);
#8937=ADVANCED_FACE('',(#8179),#94,.F.);
#8938=ADVANCED_FACE('',(#8180),#95,.F.);
#8939=ADVANCED_FACE('',(#8181),#8435,.F.);
#8940=ADVANCED_FACE('',(#8182,#8183),#181,.T.);
#8941=ADVANCED_FACE('',(#8184),#292,.T.);
#8942=ADVANCED_FACE('',(#8185),#293,.T.);
#8943=ADVANCED_FACE('',(#8186),#294,.T.);
#8944=ADVANCED_FACE('',(#8187),#295,.T.);
#8945=ADVANCED_FACE('',(#8188),#182,.T.);
#8946=ADVANCED_FACE('',(#8189),#296,.T.);
#8947=ADVANCED_FACE('',(#8190),#297,.T.);
#8948=ADVANCED_FACE('',(#8191),#183,.T.);
#8949=ADVANCED_FACE('',(#8192),#184,.T.);
#8950=ADVANCED_FACE('',(#8193),#298,.T.);
#8951=ADVANCED_FACE('',(#8194),#299,.T.);
#8952=ADVANCED_FACE('',(#8195),#185,.T.);
#8953=ADVANCED_FACE('',(#8196,#8197),#186,.T.);
#8954=ADVANCED_FACE('',(#8198),#187,.T.);
#8955=ADVANCED_FACE('',(#8199),#8436,.F.);
#8956=ADVANCED_FACE('',(#8200),#8437,.T.);
#8957=ADVANCED_FACE('',(#8201),#8438,.T.);
#8958=ADVANCED_FACE('',(#8202),#8439,.T.);
#8959=ADVANCED_FACE('',(#8203),#8440,.F.);
#8960=ADVANCED_FACE('',(#8204),#8441,.F.);
#8961=ADVANCED_FACE('',(#8205),#8442,.T.);
#8962=ADVANCED_FACE('',(#8206),#8443,.T.);
#8963=ADVANCED_FACE('',(#8207),#300,.T.);
#8964=ADVANCED_FACE('',(#8208),#301,.T.);
#8965=CLOSED_SHELL('',(#8444,#8445,#8446,#8447,#8448,#8449,#8450,#8451,
#8452,#8453,#8454,#8455,#8456,#8457,#8458,#8459,#8460,#8461,#8462,#8463,
#8464,#8465,#8466,#8467,#8468,#8469,#8470,#8471,#8472,#8473,#8474,#8475,
#8476,#8477,#8478,#8479,#8480,#8481,#8482,#8483,#8484,#8485,#8486,#8487,
#8488,#8489,#8490,#8491,#8492,#8493,#8494,#8495,#8496,#8497,#8498,#8499,
#8500,#8501,#8502,#8503,#8504,#8505,#8506,#8507,#8508,#8509,#8510,#8511,
#8512,#8513,#8514,#8515,#8516,#8517,#8518,#8519,#8520,#8521,#8522,#8523,
#8524,#8525,#8526,#8527,#8528,#8529,#8530,#8531,#8532,#8533,#8534,#8535,
#8536,#8537,#8538,#8539,#8540,#8541,#8542,#8543,#8544,#8545,#8546,#8547,
#8548,#8549,#8550,#8551,#8552,#8553,#8554,#8555,#8556,#8557,#8558,#8559,
#8560,#8561,#8562,#8563,#8564,#8565,#8566,#8567,#8568,#8569,#8570,#8571,
#8572,#8573,#8574,#8575,#8576,#8577,#8578,#8579,#8580,#8581,#8582,#8583,
#8584,#8585,#8586,#8587,#8588,#8589,#8590,#8591,#8592,#8593,#8594,#8595,
#8596,#8597,#8598,#8599,#8600,#8601,#8602,#8603,#8604,#8605,#8606,#8607,
#8608,#8609,#8610,#8611,#8612,#8613,#8614,#8615,#8616,#8617,#8618,#8619,
#8620,#8621,#8622,#8623,#8624,#8625,#8626,#8627,#8628,#8629,#8630,#8631,
#8632,#8633,#8634,#8635,#8636,#8637,#8638,#8639,#8640,#8641,#8642,#8643,
#8644,#8645,#8646,#8647,#8648,#8649,#8650,#8651,#8652,#8653,#8654,#8655,
#8656,#8657,#8658,#8659,#8660,#8661,#8662,#8663,#8664,#8665,#8666,#8667,
#8668,#8669,#8670,#8671,#8672,#8673,#8674,#8675,#8676,#8677,#8678,#8679,
#8680,#8681,#8682,#8683,#8684,#8685,#8686,#8687,#8688,#8689,#8690,#8691,
#8692,#8693,#8694,#8695,#8696,#8697,#8698,#8699,#8700,#8701,#8702,#8703,
#8704,#8705,#8706,#8707,#8708,#8709,#8710,#8711,#8712,#8713,#8714,#8715,
#8716,#8717,#8718,#8719,#8720,#8721,#8722,#8723,#8724,#8725,#8726,#8727,
#8728,#8729,#8730,#8731,#8732,#8733,#8734,#8735,#8736,#8737,#8738,#8739,
#8740,#8741,#8742,#8743,#8744,#8745,#8746,#8747,#8748,#8749,#8750,#8751,
#8752,#8753,#8754,#8755,#8756,#8757,#8758,#8759,#8760,#8761,#8762,#8763,
#8764,#8765,#8766,#8767,#8768,#8769,#8770,#8771,#8772,#8773,#8774,#8775,
#8776,#8777,#8778,#8779,#8780,#8781,#8782,#8783,#8784,#8785,#8786,#8787,
#8788,#8789,#8790,#8791,#8792,#8793,#8794,#8795,#8796,#8797,#8798,#8799,
#8800,#8801,#8802,#8803,#8804,#8805,#8806,#8807,#8808,#8809,#8810,#8811,
#8812,#8813,#8814,#8815,#8816,#8817,#8818,#8819,#8820,#8821,#8822,#8823,
#8824,#8825,#8826,#8827,#8828,#8829,#8830,#8831,#8832,#8833,#8834,#8835,
#8836,#8837,#8838,#8839,#8840,#8841,#8842,#8843,#8844,#8845,#8846,#8847,
#8848,#8849,#8850,#8851,#8852,#8853,#8854,#8855,#8856,#8857,#8858,#8859,
#8860,#8861,#8862,#8863,#8864,#8865,#8866,#8867,#8868,#8869,#8870,#8871,
#8872,#8873,#8874,#8875,#8876,#8877,#8878,#8879,#8880,#8881,#8882,#8883,
#8884,#8885,#8886,#8887,#8888,#8889,#8890,#8891,#8892,#8893,#8894,#8895,
#8896,#8897,#8898,#8899,#8900,#8901,#8902,#8903,#8904,#8905,#8906,#8907,
#8908,#8909,#8910,#8911,#8912,#8913,#8914,#8915,#8916,#8917,#8918,#8919,
#8920,#8921,#8922,#8923,#8924,#8925,#8926,#8927,#8928,#8929,#8930,#8931,
#8932,#8933,#8934,#8935,#8936,#8937,#8938,#8939,#8940,#8941,#8942,#8943,
#8944,#8945,#8946,#8947,#8948,#8949,#8950,#8951,#8952,#8953,#8954,#8955,
#8956,#8957,#8958,#8959,#8960,#8961,#8962,#8963,#8964));
#8966=STYLED_ITEM('',(#8967),#8974);
#8967=PRESENTATION_STYLE_ASSIGNMENT((#8968));
#8968=SURFACE_STYLE_USAGE(.BOTH.,#8969);
#8969=SURFACE_SIDE_STYLE('',(#8970));
#8970=SURFACE_STYLE_FILL_AREA(#8971);
#8971=FILL_AREA_STYLE('',(#8972));
#8972=FILL_AREA_STYLE_COLOUR('',#8973);
#8973=COLOUR_RGB('',0.513725490196078,0.415686274509804,0.733333333333333);
#8974=MANIFOLD_SOLID_BREP('Back Shell',#8965);
#8975=SHAPE_DEFINITION_REPRESENTATION(#15624,#8976);
#8976=SHAPE_REPRESENTATION('Back Shell',(#8977),#15619);
#8977=AXIS2_PLACEMENT_3D('',#12222,#9791,#9792);
#8978=AXIS2_PLACEMENT_3D('',#12223,#9793,#9794);
#8979=AXIS2_PLACEMENT_3D('',#12224,#9795,#9796);
#8980=AXIS2_PLACEMENT_3D('',#12229,#9798,#9799);
#8981=AXIS2_PLACEMENT_3D('',#12232,#9801,#9802);
#8982=AXIS2_PLACEMENT_3D('',#12237,#9804,#9805);
#8983=AXIS2_PLACEMENT_3D('',#12240,#9807,#9808);
#8984=AXIS2_PLACEMENT_3D('',#12245,#9810,#9811);
#8985=AXIS2_PLACEMENT_3D('',#12248,#9813,#9814);
#8986=AXIS2_PLACEMENT_3D('',#12253,#9816,#9817);
#8987=AXIS2_PLACEMENT_3D('',#12256,#9819,#9820);
#8988=AXIS2_PLACEMENT_3D('',#12261,#9822,#9823);
#8989=AXIS2_PLACEMENT_3D('',#12264,#9825,#9826);
#8990=AXIS2_PLACEMENT_3D('',#12269,#9828,#9829);
#8991=AXIS2_PLACEMENT_3D('',#12272,#9831,#9832);
#8992=AXIS2_PLACEMENT_3D('',#12277,#9834,#9835);
#8993=AXIS2_PLACEMENT_3D('',#12280,#9837,#9838);
#8994=AXIS2_PLACEMENT_3D('',#12285,#9840,#9841);
#8995=AXIS2_PLACEMENT_3D('',#12288,#9843,#9844);
#8996=AXIS2_PLACEMENT_3D('',#12293,#9846,#9847);
#8997=AXIS2_PLACEMENT_3D('',#12296,#9849,#9850);
#8998=AXIS2_PLACEMENT_3D('',#12301,#9852,#9853);
#8999=AXIS2_PLACEMENT_3D('',#12304,#9855,#9856);
#9000=AXIS2_PLACEMENT_3D('',#12309,#9858,#9859);
#9001=AXIS2_PLACEMENT_3D('',#12312,#9861,#9862);
#9002=AXIS2_PLACEMENT_3D('',#12317,#9864,#9865);
#9003=AXIS2_PLACEMENT_3D('',#12323,#9868,#9869);
#9004=AXIS2_PLACEMENT_3D('',#12327,#9871,#9872);
#9005=AXIS2_PLACEMENT_3D('',#12331,#9874,#9875);
#9006=AXIS2_PLACEMENT_3D('',#12335,#9877,#9878);
#9007=AXIS2_PLACEMENT_3D('',#12339,#9880,#9881);
#9008=AXIS2_PLACEMENT_3D('',#12343,#9883,#9884);
#9009=AXIS2_PLACEMENT_3D('',#12344,#9885,#9886);
#9010=AXIS2_PLACEMENT_3D('',#12349,#9888,#9889);
#9011=AXIS2_PLACEMENT_3D('',#12352,#9891,#9892);
#9012=AXIS2_PLACEMENT_3D('',#12357,#9894,#9895);
#9013=AXIS2_PLACEMENT_3D('',#12360,#9897,#9898);
#9014=AXIS2_PLACEMENT_3D('',#12365,#9900,#9901);
#9015=AXIS2_PLACEMENT_3D('',#12368,#9903,#9904);
#9016=AXIS2_PLACEMENT_3D('',#12373,#9906,#9907);
#9017=AXIS2_PLACEMENT_3D('',#12376,#9909,#9910);
#9018=AXIS2_PLACEMENT_3D('',#12381,#9912,#9913);
#9019=AXIS2_PLACEMENT_3D('',#12519,#9944,#9945);
#9020=AXIS2_PLACEMENT_3D('',#12523,#9947,#9948);
#9021=AXIS2_PLACEMENT_3D('',#12527,#9950,#9951);
#9022=AXIS2_PLACEMENT_3D('',#12531,#9953,#9954);
#9023=AXIS2_PLACEMENT_3D('',#12535,#9956,#9957);
#9024=AXIS2_PLACEMENT_3D('',#12539,#9959,#9960);
#9025=AXIS2_PLACEMENT_3D('',#12543,#9962,#9963);
#9026=AXIS2_PLACEMENT_3D('',#12547,#9965,#9966);
#9027=AXIS2_PLACEMENT_3D('',#12548,#9967,#9968);
#9028=AXIS2_PLACEMENT_3D('',#12549,#9969,#9970);
#9029=AXIS2_PLACEMENT_3D('',#12551,#9971,#9972);
#9030=AXIS2_PLACEMENT_3D('',#12553,#9973,#9974);
#9031=AXIS2_PLACEMENT_3D('',#12554,#9975,#9976);
#9032=AXIS2_PLACEMENT_3D('',#12556,#9977,#9978);
#9033=AXIS2_PLACEMENT_3D('',#12558,#9979,#9980);
#9034=AXIS2_PLACEMENT_3D('',#12559,#9981,#9982);
#9035=AXIS2_PLACEMENT_3D('',#12561,#9983,#9984);
#9036=AXIS2_PLACEMENT_3D('',#12563,#9985,#9986);
#9037=AXIS2_PLACEMENT_3D('',#12564,#9987,#9988);
#9038=AXIS2_PLACEMENT_3D('',#12566,#9989,#9990);
#9039=AXIS2_PLACEMENT_3D('',#12568,#9991,#9992);
#9040=AXIS2_PLACEMENT_3D('',#12572,#9994,#9995);
#9041=AXIS2_PLACEMENT_3D('',#12576,#9997,#9998);
#9042=AXIS2_PLACEMENT_3D('',#12577,#9999,#10000);
#9043=AXIS2_PLACEMENT_3D('',#12581,#10002,#10003);
#9044=AXIS2_PLACEMENT_3D('',#12585,#10005,#10006);
#9045=AXIS2_PLACEMENT_3D('',#12586,#10007,#10008);
#9046=AXIS2_PLACEMENT_3D('',#12587,#10009,#10010);
#9047=AXIS2_PLACEMENT_3D('',#12592,#10012,#10013);
#9048=AXIS2_PLACEMENT_3D('',#12595,#10015,#10016);
#9049=AXIS2_PLACEMENT_3D('',#12600,#10018,#10019);
#9050=AXIS2_PLACEMENT_3D('',#12603,#10021,#10022);
#9051=AXIS2_PLACEMENT_3D('',#12608,#10024,#10025);
#9052=AXIS2_PLACEMENT_3D('',#12611,#10027,#10028);
#9053=AXIS2_PLACEMENT_3D('',#12616,#10030,#10031);
#9054=AXIS2_PLACEMENT_3D('',#12619,#10033,#10034);
#9055=AXIS2_PLACEMENT_3D('',#12624,#10036,#10037);
#9056=AXIS2_PLACEMENT_3D('',#12627,#10039,#10040);
#9057=AXIS2_PLACEMENT_3D('',#12632,#10042,#10043);
#9058=AXIS2_PLACEMENT_3D('',#12635,#10045,#10046);
#9059=AXIS2_PLACEMENT_3D('',#12640,#10048,#10049);
#9060=AXIS2_PLACEMENT_3D('',#12643,#10051,#10052);
#9061=AXIS2_PLACEMENT_3D('',#12648,#10054,#10055);
#9062=AXIS2_PLACEMENT_3D('',#12651,#10057,#10058);
#9063=AXIS2_PLACEMENT_3D('',#12656,#10060,#10061);
#9064=AXIS2_PLACEMENT_3D('',#12659,#10063,#10064);
#9065=AXIS2_PLACEMENT_3D('',#12664,#10066,#10067);
#9066=AXIS2_PLACEMENT_3D('',#12667,#10069,#10070);
#9067=AXIS2_PLACEMENT_3D('',#12672,#10072,#10073);
#9068=AXIS2_PLACEMENT_3D('',#12675,#10075,#10076);
#9069=AXIS2_PLACEMENT_3D('',#12680,#10078,#10079);
#9070=AXIS2_PLACEMENT_3D('',#12686,#10082,#10083);
#9071=AXIS2_PLACEMENT_3D('',#12690,#10085,#10086);
#9072=AXIS2_PLACEMENT_3D('',#12694,#10088,#10089);
#9073=AXIS2_PLACEMENT_3D('',#12698,#10091,#10092);
#9074=AXIS2_PLACEMENT_3D('',#12702,#10094,#10095);
#9075=AXIS2_PLACEMENT_3D('',#12706,#10097,#10098);
#9076=AXIS2_PLACEMENT_3D('',#12707,#10099,#10100);
#9077=AXIS2_PLACEMENT_3D('',#12712,#10102,#10103);
#9078=AXIS2_PLACEMENT_3D('',#12715,#10105,#10106);
#9079=AXIS2_PLACEMENT_3D('',#12720,#10108,#10109);
#9080=AXIS2_PLACEMENT_3D('',#12723,#10111,#10112);
#9081=AXIS2_PLACEMENT_3D('',#12728,#10114,#10115);
#9082=AXIS2_PLACEMENT_3D('',#12731,#10117,#10118);
#9083=AXIS2_PLACEMENT_3D('',#12736,#10120,#10121);
#9084=AXIS2_PLACEMENT_3D('',#12739,#10123,#10124);
#9085=AXIS2_PLACEMENT_3D('',#12744,#10126,#10127);
#9086=AXIS2_PLACEMENT_3D('',#12747,#10129,#10130);
#9087=AXIS2_PLACEMENT_3D('',#12750,#10131,#10132);
#9088=AXIS2_PLACEMENT_3D('',#12754,#10134,#10135);
#9089=AXIS2_PLACEMENT_3D('',#12758,#10137,#10138);
#9090=AXIS2_PLACEMENT_3D('',#12760,#10139,#10140);
#9091=AXIS2_PLACEMENT_3D('',#12762,#10141,#10142);
#9092=AXIS2_PLACEMENT_3D('',#12766,#10144,#10145);
#9093=AXIS2_PLACEMENT_3D('',#12770,#10147,#10148);
#9094=AXIS2_PLACEMENT_3D('',#12772,#10149,#10150);
#9095=AXIS2_PLACEMENT_3D('',#12774,#10151,#10152);
#9096=AXIS2_PLACEMENT_3D('',#12778,#10154,#10155);
#9097=AXIS2_PLACEMENT_3D('',#12779,#10156,#10157);
#9098=AXIS2_PLACEMENT_3D('',#12781,#10158,#10159);
#9099=AXIS2_PLACEMENT_3D('',#12783,#10160,#10161);
#9100=AXIS2_PLACEMENT_3D('',#12787,#10163,#10164);
#9101=AXIS2_PLACEMENT_3D('',#12788,#10165,#10166);
#9102=AXIS2_PLACEMENT_3D('',#12789,#10167,#10168);
#9103=AXIS2_PLACEMENT_3D('',#12809,#10178,#10179);
#9104=AXIS2_PLACEMENT_3D('',#12810,#10180,#10181);
#9105=AXIS2_PLACEMENT_3D('',#12819,#10186,#10187);
#9106=AXIS2_PLACEMENT_3D('',#12828,#10192,#10193);
#9107=AXIS2_PLACEMENT_3D('',#12837,#10198,#10199);
#9108=AXIS2_PLACEMENT_3D('',#12838,#10200,#10201);
#9109=AXIS2_PLACEMENT_3D('',#12839,#10202,#10203);
#9110=AXIS2_PLACEMENT_3D('',#12840,#10204,#10205);
#9111=AXIS2_PLACEMENT_3D('',#12841,#10206,#10207);
#9112=AXIS2_PLACEMENT_3D('',#12845,#10209,#10210);
#9113=AXIS2_PLACEMENT_3D('',#12846,#10211,#10212);
#9114=AXIS2_PLACEMENT_3D('',#12860,#10213,#10214);
#9115=AXIS2_PLACEMENT_3D('',#12864,#10216,#10217);
#9116=AXIS2_PLACEMENT_3D('',#12869,#10218,#10219);
#9117=AXIS2_PLACEMENT_3D('',#12870,#10220,#10221);
#9118=AXIS2_PLACEMENT_3D('',#12871,#10222,#10223);
#9119=AXIS2_PLACEMENT_3D('',#12872,#10224,#10225);
#9120=AXIS2_PLACEMENT_3D('',#12886,#10226,#10227);
#9121=AXIS2_PLACEMENT_3D('',#12890,#10229,#10230);
#9122=AXIS2_PLACEMENT_3D('',#12895,#10231,#10232);
#9123=AXIS2_PLACEMENT_3D('',#12896,#10233,#10234);
#9124=AXIS2_PLACEMENT_3D('',#12897,#10235,#10236);
#9125=AXIS2_PLACEMENT_3D('',#12898,#10237,#10238);
#9126=AXIS2_PLACEMENT_3D('',#12910,#10244,#10245);
#9127=AXIS2_PLACEMENT_3D('',#12914,#10247,#10248);
#9128=AXIS2_PLACEMENT_3D('',#12918,#10250,#10251);
#9129=AXIS2_PLACEMENT_3D('',#12922,#10253,#10254);
#9130=AXIS2_PLACEMENT_3D('',#12923,#10255,#10256);
#9131=AXIS2_PLACEMENT_3D('',#12950,#10267,#10268);
#9132=AXIS2_PLACEMENT_3D('',#12952,#10269,#10270);
#9133=AXIS2_PLACEMENT_3D('',#12954,#10271,#10272);
#9134=AXIS2_PLACEMENT_3D('',#12956,#10273,#10274);
#9135=AXIS2_PLACEMENT_3D('',#12958,#10275,#10276);
#9136=AXIS2_PLACEMENT_3D('',#12966,#10278,#10279);
#9137=AXIS2_PLACEMENT_3D('',#12968,#10280,#10281);
#9138=AXIS2_PLACEMENT_3D('',#12970,#10282,#10283);
#9139=AXIS2_PLACEMENT_3D('',#12972,#10284,#10285);
#9140=AXIS2_PLACEMENT_3D('',#12982,#10288,#10289);
#9141=AXIS2_PLACEMENT_3D('',#13016,#10304,#10305);
#9142=AXIS2_PLACEMENT_3D('',#13018,#10306,#10307);
#9143=AXIS2_PLACEMENT_3D('',#13020,#10308,#10309);
#9144=AXIS2_PLACEMENT_3D('',#13022,#10310,#10311);
#9145=AXIS2_PLACEMENT_3D('',#13024,#10312,#10313);
#9146=AXIS2_PLACEMENT_3D('',#13032,#10315,#10316);
#9147=AXIS2_PLACEMENT_3D('',#13034,#10317,#10318);
#9148=AXIS2_PLACEMENT_3D('',#13036,#10319,#10320);
#9149=AXIS2_PLACEMENT_3D('',#13038,#10321,#10322);
#9150=AXIS2_PLACEMENT_3D('',#13065,#10334,#10335);
#9151=AXIS2_PLACEMENT_3D('',#13082,#10344,#10345);
#9152=AXIS2_PLACEMENT_3D('',#13095,#10351,#10352);
#9153=AXIS2_PLACEMENT_3D('',#13099,#10354,#10355);
#9154=AXIS2_PLACEMENT_3D('',#13103,#10357,#10358);
#9155=AXIS2_PLACEMENT_3D('',#13107,#10360,#10361);
#9156=AXIS2_PLACEMENT_3D('',#13108,#10362,#10363);
#9157=AXIS2_PLACEMENT_3D('',#13111,#10365,#10366);
#9158=AXIS2_PLACEMENT_3D('',#13112,#10367,#10368);
#9159=AXIS2_PLACEMENT_3D('',#13116,#10370,#10371);
#9160=AXIS2_PLACEMENT_3D('',#13120,#10373,#10374);
#9161=AXIS2_PLACEMENT_3D('',#13124,#10376,#10377);
#9162=AXIS2_PLACEMENT_3D('',#13125,#10378,#10379);
#9163=AXIS2_PLACEMENT_3D('',#13128,#10381,#10382);
#9164=AXIS2_PLACEMENT_3D('',#13132,#10384,#10385);
#9165=AXIS2_PLACEMENT_3D('',#13134,#10386,#10387);
#9166=AXIS2_PLACEMENT_3D('',#13136,#10388,#10389);
#9167=AXIS2_PLACEMENT_3D('',#13137,#10390,#10391);
#9168=AXIS2_PLACEMENT_3D('',#13138,#10392,#10393);
#9169=AXIS2_PLACEMENT_3D('',#13140,#10394,#10395);
#9170=AXIS2_PLACEMENT_3D('',#13142,#10396,#10397);
#9171=AXIS2_PLACEMENT_3D('',#13146,#10399,#10400);
#9172=AXIS2_PLACEMENT_3D('',#13147,#10401,#10402);
#9173=AXIS2_PLACEMENT_3D('',#13149,#10403,#10404);
#9174=AXIS2_PLACEMENT_3D('',#13151,#10405,#10406);
#9175=AXIS2_PLACEMENT_3D('',#13155,#10408,#10409);
#9176=AXIS2_PLACEMENT_3D('',#13156,#10410,#10411);
#9177=AXIS2_PLACEMENT_3D('',#13158,#10412,#10413);
#9178=AXIS2_PLACEMENT_3D('',#13160,#10414,#10415);
#9179=AXIS2_PLACEMENT_3D('',#13161,#10416,#10417);
#9180=AXIS2_PLACEMENT_3D('',#13162,#10418,#10419);
#9181=AXIS2_PLACEMENT_3D('',#13164,#10421,#10422);
#9182=AXIS2_PLACEMENT_3D('',#13166,#10424,#10425);
#9183=AXIS2_PLACEMENT_3D('',#13167,#10426,#10427);
#9184=AXIS2_PLACEMENT_3D('',#13169,#10429,#10430);
#9185=AXIS2_PLACEMENT_3D('',#13171,#10432,#10433);
#9186=AXIS2_PLACEMENT_3D('',#13172,#10434,#10435);
#9187=AXIS2_PLACEMENT_3D('',#13175,#10437,#10438);
#9188=AXIS2_PLACEMENT_3D('',#13179,#10441,#10442);
#9189=AXIS2_PLACEMENT_3D('',#13180,#10443,#10444);
#9190=AXIS2_PLACEMENT_3D('',#13181,#10445,#10446);
#9191=AXIS2_PLACEMENT_3D('',#13182,#10447,#10448);
#9192=AXIS2_PLACEMENT_3D('',#13183,#10449,#10450);
#9193=AXIS2_PLACEMENT_3D('',#13197,#10451,#10452);
#9194=AXIS2_PLACEMENT_3D('',#13202,#10453,#10454);
#9195=AXIS2_PLACEMENT_3D('',#13203,#10455,#10456);
#9196=AXIS2_PLACEMENT_3D('',#13204,#10457,#10458);
#9197=AXIS2_PLACEMENT_3D('',#13205,#10459,#10460);
#9198=AXIS2_PLACEMENT_3D('',#13216,#10461,#10462);
#9199=AXIS2_PLACEMENT_3D('',#13221,#10463,#10464);
#9200=AXIS2_PLACEMENT_3D('',#13222,#10465,#10466);
#9201=AXIS2_PLACEMENT_3D('',#13224,#10468,#10469);
#9202=AXIS2_PLACEMENT_3D('',#13225,#10470,#10471);
#9203=AXIS2_PLACEMENT_3D('',#13227,#10473,#10474);
#9204=AXIS2_PLACEMENT_3D('',#13229,#10476,#10477);
#9205=AXIS2_PLACEMENT_3D('',#13230,#10478,#10479);
#9206=AXIS2_PLACEMENT_3D('',#13232,#10481,#10482);
#9207=AXIS2_PLACEMENT_3D('',#13233,#10483,#10484);
#9208=AXIS2_PLACEMENT_3D('',#13234,#10485,#10486);
#9209=AXIS2_PLACEMENT_3D('',#13237,#10489,#10490);
#9210=AXIS2_PLACEMENT_3D('',#13238,#10491,#10492);
#9211=AXIS2_PLACEMENT_3D('',#13239,#10493,#10494);
#9212=AXIS2_PLACEMENT_3D('',#13240,#10495,#10496);
#9213=AXIS2_PLACEMENT_3D('',#13241,#10497,#10498);
#9214=AXIS2_PLACEMENT_3D('',#13242,#10499,#10500);
#9215=AXIS2_PLACEMENT_3D('',#13243,#10501,#10502);
#9216=AXIS2_PLACEMENT_3D('',#13244,#10503,#10504);
#9217=AXIS2_PLACEMENT_3D('',#13245,#10505,#10506);
#9218=AXIS2_PLACEMENT_3D('',#13246,#10507,#10508);
#9219=AXIS2_PLACEMENT_3D('',#13247,#10509,#10510);
#9220=AXIS2_PLACEMENT_3D('',#13248,#10511,#10512);
#9221=AXIS2_PLACEMENT_3D('',#13249,#10513,#10514);
#9222=AXIS2_PLACEMENT_3D('',#13250,#10515,#10516);
#9223=AXIS2_PLACEMENT_3D('',#13251,#10517,#10518);
#9224=AXIS2_PLACEMENT_3D('',#13257,#10522,#10523);
#9225=AXIS2_PLACEMENT_3D('',#13261,#10526,#10527);
#9226=AXIS2_PLACEMENT_3D('',#13265,#10530,#10531);
#9227=AXIS2_PLACEMENT_3D('',#13267,#10533,#10534);
#9228=AXIS2_PLACEMENT_3D('',#13276,#10539,#10540);
#9229=AXIS2_PLACEMENT_3D('',#13280,#10542,#10543);
#9230=AXIS2_PLACEMENT_3D('',#13281,#10544,#10545);
#9231=AXIS2_PLACEMENT_3D('',#13282,#10546,#10547);
#9232=AXIS2_PLACEMENT_3D('',#13288,#10551,#10552);
#9233=AXIS2_PLACEMENT_3D('',#13289,#10553,#10554);
#9234=AXIS2_PLACEMENT_3D('',#13290,#10555,#10556);
#9235=AXIS2_PLACEMENT_3D('',#13291,#10557,#10558);
#9236=AXIS2_PLACEMENT_3D('',#13295,#10560,#10561);
#9237=AXIS2_PLACEMENT_3D('',#13299,#10563,#10564);
#9238=AXIS2_PLACEMENT_3D('',#13300,#10565,#10566);
#9239=AXIS2_PLACEMENT_3D('',#13306,#10570,#10571);
#9240=AXIS2_PLACEMENT_3D('',#13310,#10573,#10574);
#9241=AXIS2_PLACEMENT_3D('',#13311,#10575,#10576);
#9242=AXIS2_PLACEMENT_3D('',#13312,#10577,#10578);
#9243=AXIS2_PLACEMENT_3D('',#13315,#10581,#10582);
#9244=AXIS2_PLACEMENT_3D('',#13324,#10587,#10588);
#9245=AXIS2_PLACEMENT_3D('',#13328,#10590,#10591);
#9246=AXIS2_PLACEMENT_3D('',#13329,#10592,#10593);
#9247=AXIS2_PLACEMENT_3D('',#13330,#10594,#10595);
#9248=AXIS2_PLACEMENT_3D('',#13336,#10599,#10600);
#9249=AXIS2_PLACEMENT_3D('',#13337,#10601,#10602);
#9250=AXIS2_PLACEMENT_3D('',#13338,#10603,#10604);
#9251=AXIS2_PLACEMENT_3D('',#13339,#10605,#10606);
#9252=AXIS2_PLACEMENT_3D('',#13348,#10611,#10612);
#9253=AXIS2_PLACEMENT_3D('',#13352,#10614,#10615);
#9254=AXIS2_PLACEMENT_3D('',#13353,#10616,#10617);
#9255=AXIS2_PLACEMENT_3D('',#13354,#10618,#10619);
#9256=AXIS2_PLACEMENT_3D('',#13360,#10623,#10624);
#9257=AXIS2_PLACEMENT_3D('',#13361,#10625,#10626);
#9258=AXIS2_PLACEMENT_3D('',#13362,#10627,#10628);
#9259=AXIS2_PLACEMENT_3D('',#13363,#10629,#10630);
#9260=AXIS2_PLACEMENT_3D('',#13367,#10632,#10633);
#9261=AXIS2_PLACEMENT_3D('',#13371,#10635,#10636);
#9262=AXIS2_PLACEMENT_3D('',#13372,#10637,#10638);
#9263=AXIS2_PLACEMENT_3D('',#13378,#10642,#10643);
#9264=AXIS2_PLACEMENT_3D('',#13382,#10645,#10646);
#9265=AXIS2_PLACEMENT_3D('',#13383,#10647,#10648);
#9266=AXIS2_PLACEMENT_3D('',#13384,#10649,#10650);
#9267=AXIS2_PLACEMENT_3D('',#13387,#10653,#10654);
#9268=AXIS2_PLACEMENT_3D('',#13391,#10656,#10657);
#9269=AXIS2_PLACEMENT_3D('',#13395,#10659,#10660);
#9270=AXIS2_PLACEMENT_3D('',#13396,#10661,#10662);
#9271=AXIS2_PLACEMENT_3D('',#13402,#10666,#10667);
#9272=AXIS2_PLACEMENT_3D('',#13406,#10669,#10670);
#9273=AXIS2_PLACEMENT_3D('',#13407,#10671,#10672);
#9274=AXIS2_PLACEMENT_3D('',#13408,#10673,#10674);
#9275=AXIS2_PLACEMENT_3D('',#13411,#10677,#10678);
#9276=AXIS2_PLACEMENT_3D('',#13415,#10680,#10681);
#9277=AXIS2_PLACEMENT_3D('',#13419,#10683,#10684);
#9278=AXIS2_PLACEMENT_3D('',#13420,#10685,#10686);
#9279=AXIS2_PLACEMENT_3D('',#13426,#10690,#10691);
#9280=AXIS2_PLACEMENT_3D('',#13430,#10693,#10694);
#9281=AXIS2_PLACEMENT_3D('',#13431,#10695,#10696);
#9282=AXIS2_PLACEMENT_3D('',#13432,#10697,#10698);
#9283=AXIS2_PLACEMENT_3D('',#13435,#10701,#10702);
#9284=AXIS2_PLACEMENT_3D('',#13439,#10704,#10705);
#9285=AXIS2_PLACEMENT_3D('',#13443,#10707,#10708);
#9286=AXIS2_PLACEMENT_3D('',#13444,#10709,#10710);
#9287=AXIS2_PLACEMENT_3D('',#13450,#10714,#10715);
#9288=AXIS2_PLACEMENT_3D('',#13454,#10717,#10718);
#9289=AXIS2_PLACEMENT_3D('',#13455,#10719,#10720);
#9290=AXIS2_PLACEMENT_3D('',#13456,#10721,#10722);
#9291=AXIS2_PLACEMENT_3D('',#13459,#10725,#10726);
#9292=AXIS2_PLACEMENT_3D('',#13468,#10731,#10732);
#9293=AXIS2_PLACEMENT_3D('',#13472,#10734,#10735);
#9294=AXIS2_PLACEMENT_3D('',#13473,#10736,#10737);
#9295=AXIS2_PLACEMENT_3D('',#13474,#10738,#10739);
#9296=AXIS2_PLACEMENT_3D('',#13480,#10743,#10744);
#9297=AXIS2_PLACEMENT_3D('',#13481,#10745,#10746);
#9298=AXIS2_PLACEMENT_3D('',#13482,#10747,#10748);
#9299=AXIS2_PLACEMENT_3D('',#13483,#10749,#10750);
#9300=AXIS2_PLACEMENT_3D('',#13492,#10755,#10756);
#9301=AXIS2_PLACEMENT_3D('',#13496,#10758,#10759);
#9302=AXIS2_PLACEMENT_3D('',#13497,#10760,#10761);
#9303=AXIS2_PLACEMENT_3D('',#13498,#10762,#10763);
#9304=AXIS2_PLACEMENT_3D('',#13504,#10767,#10768);
#9305=AXIS2_PLACEMENT_3D('',#13505,#10769,#10770);
#9306=AXIS2_PLACEMENT_3D('',#13506,#10771,#10772);
#9307=AXIS2_PLACEMENT_3D('',#13507,#10773,#10774);
#9308=AXIS2_PLACEMENT_3D('',#13516,#10779,#10780);
#9309=AXIS2_PLACEMENT_3D('',#13520,#10782,#10783);
#9310=AXIS2_PLACEMENT_3D('',#13521,#10784,#10785);
#9311=AXIS2_PLACEMENT_3D('',#13522,#10786,#10787);
#9312=AXIS2_PLACEMENT_3D('',#13528,#10791,#10792);
#9313=AXIS2_PLACEMENT_3D('',#13529,#10793,#10794);
#9314=AXIS2_PLACEMENT_3D('',#13530,#10795,#10796);
#9315=AXIS2_PLACEMENT_3D('',#13531,#10797,#10798);
#9316=AXIS2_PLACEMENT_3D('',#13540,#10803,#10804);
#9317=AXIS2_PLACEMENT_3D('',#13544,#10806,#10807);
#9318=AXIS2_PLACEMENT_3D('',#13545,#10808,#10809);
#9319=AXIS2_PLACEMENT_3D('',#13546,#10810,#10811);
#9320=AXIS2_PLACEMENT_3D('',#13552,#10815,#10816);
#9321=AXIS2_PLACEMENT_3D('',#13553,#10817,#10818);
#9322=AXIS2_PLACEMENT_3D('',#13554,#10819,#10820);
#9323=AXIS2_PLACEMENT_3D('',#13555,#10821,#10822);
#9324=AXIS2_PLACEMENT_3D('',#13559,#10824,#10825);
#9325=AXIS2_PLACEMENT_3D('',#13563,#10827,#10828);
#9326=AXIS2_PLACEMENT_3D('',#13564,#10829,#10830);
#9327=AXIS2_PLACEMENT_3D('',#13570,#10834,#10835);
#9328=AXIS2_PLACEMENT_3D('',#13574,#10837,#10838);
#9329=AXIS2_PLACEMENT_3D('',#13575,#10839,#10840);
#9330=AXIS2_PLACEMENT_3D('',#13576,#10841,#10842);
#9331=AXIS2_PLACEMENT_3D('',#13579,#10845,#10846);
#9332=AXIS2_PLACEMENT_3D('',#13588,#10851,#10852);
#9333=AXIS2_PLACEMENT_3D('',#13592,#10854,#10855);
#9334=AXIS2_PLACEMENT_3D('',#13593,#10856,#10857);
#9335=AXIS2_PLACEMENT_3D('',#13594,#10858,#10859);
#9336=AXIS2_PLACEMENT_3D('',#13600,#10863,#10864);
#9337=AXIS2_PLACEMENT_3D('',#13601,#10865,#10866);
#9338=AXIS2_PLACEMENT_3D('',#13602,#10867,#10868);
#9339=AXIS2_PLACEMENT_3D('',#13603,#10869,#10870);
#9340=AXIS2_PLACEMENT_3D('',#13607,#10872,#10873);
#9341=AXIS2_PLACEMENT_3D('',#13611,#10875,#10876);
#9342=AXIS2_PLACEMENT_3D('',#13612,#10877,#10878);
#9343=AXIS2_PLACEMENT_3D('',#13618,#10882,#10883);
#9344=AXIS2_PLACEMENT_3D('',#13622,#10885,#10886);
#9345=AXIS2_PLACEMENT_3D('',#13623,#10887,#10888);
#9346=AXIS2_PLACEMENT_3D('',#13624,#10889,#10890);
#9347=AXIS2_PLACEMENT_3D('',#13627,#10893,#10894);
#9348=AXIS2_PLACEMENT_3D('',#13636,#10899,#10900);
#9349=AXIS2_PLACEMENT_3D('',#13640,#10902,#10903);
#9350=AXIS2_PLACEMENT_3D('',#13641,#10904,#10905);
#9351=AXIS2_PLACEMENT_3D('',#13642,#10906,#10907);
#9352=AXIS2_PLACEMENT_3D('',#13648,#10911,#10912);
#9353=AXIS2_PLACEMENT_3D('',#13649,#10913,#10914);
#9354=AXIS2_PLACEMENT_3D('',#13650,#10915,#10916);
#9355=AXIS2_PLACEMENT_3D('',#13651,#10917,#10918);
#9356=AXIS2_PLACEMENT_3D('',#13660,#10923,#10924);
#9357=AXIS2_PLACEMENT_3D('',#13664,#10926,#10927);
#9358=AXIS2_PLACEMENT_3D('',#13665,#10928,#10929);
#9359=AXIS2_PLACEMENT_3D('',#13666,#10930,#10931);
#9360=AXIS2_PLACEMENT_3D('',#13672,#10935,#10936);
#9361=AXIS2_PLACEMENT_3D('',#13673,#10937,#10938);
#9362=AXIS2_PLACEMENT_3D('',#13674,#10939,#10940);
#9363=AXIS2_PLACEMENT_3D('',#13675,#10941,#10942);
#9364=AXIS2_PLACEMENT_3D('',#13679,#10944,#10945);
#9365=AXIS2_PLACEMENT_3D('',#13683,#10947,#10948);
#9366=AXIS2_PLACEMENT_3D('',#13684,#10949,#10950);
#9367=AXIS2_PLACEMENT_3D('',#13690,#10954,#10955);
#9368=AXIS2_PLACEMENT_3D('',#13694,#10957,#10958);
#9369=AXIS2_PLACEMENT_3D('',#13695,#10959,#10960);
#9370=AXIS2_PLACEMENT_3D('',#13696,#10961,#10962);
#9371=AXIS2_PLACEMENT_3D('',#13699,#10965,#10966);
#9372=AXIS2_PLACEMENT_3D('',#13708,#10971,#10972);
#9373=AXIS2_PLACEMENT_3D('',#13712,#10974,#10975);
#9374=AXIS2_PLACEMENT_3D('',#13713,#10976,#10977);
#9375=AXIS2_PLACEMENT_3D('',#13714,#10978,#10979);
#9376=AXIS2_PLACEMENT_3D('',#13720,#10983,#10984);
#9377=AXIS2_PLACEMENT_3D('',#13721,#10985,#10986);
#9378=AXIS2_PLACEMENT_3D('',#13722,#10987,#10988);
#9379=AXIS2_PLACEMENT_3D('',#13723,#10989,#10990);
#9380=AXIS2_PLACEMENT_3D('',#13727,#10992,#10993);
#9381=AXIS2_PLACEMENT_3D('',#13731,#10995,#10996);
#9382=AXIS2_PLACEMENT_3D('',#13732,#10997,#10998);
#9383=AXIS2_PLACEMENT_3D('',#13738,#11002,#11003);
#9384=AXIS2_PLACEMENT_3D('',#13742,#11005,#11006);
#9385=AXIS2_PLACEMENT_3D('',#13743,#11007,#11008);
#9386=AXIS2_PLACEMENT_3D('',#13744,#11009,#11010);
#9387=AXIS2_PLACEMENT_3D('',#13767,#11015,#11016);
#9388=AXIS2_PLACEMENT_3D('',#13841,#11024,#11025);
#9389=AXIS2_PLACEMENT_3D('',#13896,#11033,#11034);
#9390=AXIS2_PLACEMENT_3D('',#13978,#11043,#11044);
#9391=AXIS2_PLACEMENT_3D('',#14059,#11051,#11052);
#9392=AXIS2_PLACEMENT_3D('',#14060,#11053,#11054);
#9393=AXIS2_PLACEMENT_3D('',#14066,#11058,#11059);
#9394=AXIS2_PLACEMENT_3D('',#14070,#11062,#11063);
#9395=AXIS2_PLACEMENT_3D('',#14113,#11069,#11070);
#9396=AXIS2_PLACEMENT_3D('',#14117,#11073,#11074);
#9397=AXIS2_PLACEMENT_3D('',#14121,#11077,#11078);
#9398=AXIS2_PLACEMENT_3D('',#14175,#11084,#11085);
#9399=AXIS2_PLACEMENT_3D('',#14176,#11086,#11087);
#9400=AXIS2_PLACEMENT_3D('',#14182,#11091,#11092);
#9401=AXIS2_PLACEMENT_3D('',#14186,#11095,#11096);
#9402=AXIS2_PLACEMENT_3D('',#14190,#11099,#11100);
#9403=AXIS2_PLACEMENT_3D('',#14194,#11103,#11104);
#9404=AXIS2_PLACEMENT_3D('',#14198,#11107,#11108);
#9405=AXIS2_PLACEMENT_3D('',#14202,#11111,#11112);
#9406=AXIS2_PLACEMENT_3D('',#14206,#11115,#11116);
#9407=AXIS2_PLACEMENT_3D('',#14210,#11119,#11120);
#9408=AXIS2_PLACEMENT_3D('',#14214,#11123,#11124);
#9409=AXIS2_PLACEMENT_3D('',#14216,#11126,#11127);
#9410=AXIS2_PLACEMENT_3D('',#14217,#11128,#11129);
#9411=AXIS2_PLACEMENT_3D('',#14223,#11133,#11134);
#9412=AXIS2_PLACEMENT_3D('',#14227,#11137,#11138);
#9413=AXIS2_PLACEMENT_3D('',#14231,#11141,#11142);
#9414=AXIS2_PLACEMENT_3D('',#14235,#11145,#11146);
#9415=AXIS2_PLACEMENT_3D('',#14239,#11149,#11150);
#9416=AXIS2_PLACEMENT_3D('',#14243,#11153,#11154);
#9417=AXIS2_PLACEMENT_3D('',#14247,#11157,#11158);
#9418=AXIS2_PLACEMENT_3D('',#14251,#11161,#11162);
#9419=AXIS2_PLACEMENT_3D('',#14255,#11165,#11166);
#9420=AXIS2_PLACEMENT_3D('',#14257,#11168,#11169);
#9421=AXIS2_PLACEMENT_3D('',#14258,#11170,#11171);
#9422=AXIS2_PLACEMENT_3D('',#14259,#11172,#11173);
#9423=AXIS2_PLACEMENT_3D('',#14265,#11177,#11178);
#9424=AXIS2_PLACEMENT_3D('',#14266,#11179,#11180);
#9425=AXIS2_PLACEMENT_3D('',#14269,#11182,#11183);
#9426=AXIS2_PLACEMENT_3D('',#14273,#11186,#11187);
#9427=AXIS2_PLACEMENT_3D('',#14274,#11188,#11189);
#9428=AXIS2_PLACEMENT_3D('',#14277,#11191,#11192);
#9429=AXIS2_PLACEMENT_3D('',#14281,#11195,#11196);
#9430=AXIS2_PLACEMENT_3D('',#14282,#11197,#11198);
#9431=AXIS2_PLACEMENT_3D('',#14285,#11200,#11201);
#9432=AXIS2_PLACEMENT_3D('',#14289,#11204,#11205);
#9433=AXIS2_PLACEMENT_3D('',#14290,#11206,#11207);
#9434=AXIS2_PLACEMENT_3D('',#14291,#11208,#11209);
#9435=AXIS2_PLACEMENT_3D('',#14297,#11213,#11214);
#9436=AXIS2_PLACEMENT_3D('',#14301,#11217,#11218);
#9437=AXIS2_PLACEMENT_3D('',#14305,#11221,#11222);
#9438=AXIS2_PLACEMENT_3D('',#14309,#11225,#11226);
#9439=AXIS2_PLACEMENT_3D('',#14313,#11229,#11230);
#9440=AXIS2_PLACEMENT_3D('',#14317,#11233,#11234);
#9441=AXIS2_PLACEMENT_3D('',#14321,#11237,#11238);
#9442=AXIS2_PLACEMENT_3D('',#14325,#11241,#11242);
#9443=AXIS2_PLACEMENT_3D('',#14329,#11245,#11246);
#9444=AXIS2_PLACEMENT_3D('',#14331,#11248,#11249);
#9445=AXIS2_PLACEMENT_3D('',#14352,#11252,#11253);
#9446=AXIS2_PLACEMENT_3D('',#14426,#11261,#11262);
#9447=AXIS2_PLACEMENT_3D('',#14481,#11270,#11271);
#9448=AXIS2_PLACEMENT_3D('',#14498,#11275,#11276);
#9449=AXIS2_PLACEMENT_3D('',#14501,#11278,#11279);
#9450=AXIS2_PLACEMENT_3D('',#14502,#11280,#11281);
#9451=AXIS2_PLACEMENT_3D('',#14505,#11283,#11284);
#9452=AXIS2_PLACEMENT_3D('',#14506,#11285,#11286);
#9453=AXIS2_PLACEMENT_3D('',#14509,#11288,#11289);
#9454=AXIS2_PLACEMENT_3D('',#14510,#11290,#11291);
#9455=AXIS2_PLACEMENT_3D('',#14513,#11293,#11294);
#9456=AXIS2_PLACEMENT_3D('',#14527,#11296,#11297);
#9457=AXIS2_PLACEMENT_3D('',#14531,#11300,#11301);
#9458=AXIS2_PLACEMENT_3D('',#14534,#11303,#11304);
#9459=AXIS2_PLACEMENT_3D('',#14535,#11305,#11306);
#9460=AXIS2_PLACEMENT_3D('',#14538,#11308,#11309);
#9461=AXIS2_PLACEMENT_3D('',#14539,#11310,#11311);
#9462=AXIS2_PLACEMENT_3D('',#14542,#11313,#11314);
#9463=AXIS2_PLACEMENT_3D('',#14543,#11315,#11316);
#9464=AXIS2_PLACEMENT_3D('',#14546,#11318,#11319);
#9465=AXIS2_PLACEMENT_3D('',#14547,#11320,#11321);
#9466=AXIS2_PLACEMENT_3D('',#14548,#11322,#11323);
#9467=AXIS2_PLACEMENT_3D('',#14563,#11324,#11325);
#9468=AXIS2_PLACEMENT_3D('',#14584,#11328,#11329);
#9469=AXIS2_PLACEMENT_3D('',#14658,#11337,#11338);
#9470=AXIS2_PLACEMENT_3D('',#14713,#11346,#11347);
#9471=AXIS2_PLACEMENT_3D('',#14730,#11351,#11352);
#9472=AXIS2_PLACEMENT_3D('',#14733,#11354,#11355);
#9473=AXIS2_PLACEMENT_3D('',#14734,#11356,#11357);
#9474=AXIS2_PLACEMENT_3D('',#14737,#11359,#11360);
#9475=AXIS2_PLACEMENT_3D('',#14738,#11361,#11362);
#9476=AXIS2_PLACEMENT_3D('',#14741,#11364,#11365);
#9477=AXIS2_PLACEMENT_3D('',#14742,#11366,#11367);
#9478=AXIS2_PLACEMENT_3D('',#14745,#11369,#11370);
#9479=AXIS2_PLACEMENT_3D('',#14759,#11372,#11373);
#9480=AXIS2_PLACEMENT_3D('',#14763,#11376,#11377);
#9481=AXIS2_PLACEMENT_3D('',#14766,#11379,#11380);
#9482=AXIS2_PLACEMENT_3D('',#14767,#11381,#11382);
#9483=AXIS2_PLACEMENT_3D('',#14770,#11384,#11385);
#9484=AXIS2_PLACEMENT_3D('',#14771,#11386,#11387);
#9485=AXIS2_PLACEMENT_3D('',#14774,#11389,#11390);
#9486=AXIS2_PLACEMENT_3D('',#14775,#11391,#11392);
#9487=AXIS2_PLACEMENT_3D('',#14778,#11394,#11395);
#9488=AXIS2_PLACEMENT_3D('',#14779,#11396,#11397);
#9489=AXIS2_PLACEMENT_3D('',#14780,#11398,#11399);
#9490=AXIS2_PLACEMENT_3D('',#14795,#11400,#11401);
#9491=AXIS2_PLACEMENT_3D('',#14796,#11402,#11403);
#9492=AXIS2_PLACEMENT_3D('',#14802,#11407,#11408);
#9493=AXIS2_PLACEMENT_3D('',#14806,#11411,#11412);
#9494=AXIS2_PLACEMENT_3D('',#14810,#11415,#11416);
#9495=AXIS2_PLACEMENT_3D('',#14814,#11419,#11420);
#9496=AXIS2_PLACEMENT_3D('',#14818,#11423,#11424);
#9497=AXIS2_PLACEMENT_3D('',#14822,#11427,#11428);
#9498=AXIS2_PLACEMENT_3D('',#14826,#11431,#11432);
#9499=AXIS2_PLACEMENT_3D('',#14830,#11435,#11436);
#9500=AXIS2_PLACEMENT_3D('',#14834,#11439,#11440);
#9501=AXIS2_PLACEMENT_3D('',#14836,#11442,#11443);
#9502=AXIS2_PLACEMENT_3D('',#14837,#11444,#11445);
#9503=AXIS2_PLACEMENT_3D('',#14843,#11449,#11450);
#9504=AXIS2_PLACEMENT_3D('',#14847,#11453,#11454);
#9505=AXIS2_PLACEMENT_3D('',#14851,#11457,#11458);
#9506=AXIS2_PLACEMENT_3D('',#14855,#11461,#11462);
#9507=AXIS2_PLACEMENT_3D('',#14859,#11465,#11466);
#9508=AXIS2_PLACEMENT_3D('',#14863,#11469,#11470);
#9509=AXIS2_PLACEMENT_3D('',#14867,#11473,#11474);
#9510=AXIS2_PLACEMENT_3D('',#14871,#11477,#11478);
#9511=AXIS2_PLACEMENT_3D('',#14875,#11481,#11482);
#9512=AXIS2_PLACEMENT_3D('',#14877,#11484,#11485);
#9513=AXIS2_PLACEMENT_3D('',#14878,#11486,#11487);
#9514=AXIS2_PLACEMENT_3D('',#14879,#11488,#11489);
#9515=AXIS2_PLACEMENT_3D('',#14880,#11490,#11491);
#9516=AXIS2_PLACEMENT_3D('',#14881,#11492,#11493);
#9517=AXIS2_PLACEMENT_3D('',#14883,#11494,#11495);
#9518=AXIS2_PLACEMENT_3D('',#14885,#11496,#11497);
#9519=AXIS2_PLACEMENT_3D('',#14894,#11499,#11500);
#9520=AXIS2_PLACEMENT_3D('',#14895,#11501,#11502);
#9521=AXIS2_PLACEMENT_3D('',#14896,#11503,#11504);
#9522=AXIS2_PLACEMENT_3D('',#14905,#11506,#11507);
#9523=AXIS2_PLACEMENT_3D('',#14906,#11508,#11509);
#9524=AXIS2_PLACEMENT_3D('',#14907,#11510,#11511);
#9525=AXIS2_PLACEMENT_3D('',#14908,#11512,#11513);
#9526=AXIS2_PLACEMENT_3D('',#14917,#11515,#11516);
#9527=AXIS2_PLACEMENT_3D('',#14926,#11518,#11519);
#9528=AXIS2_PLACEMENT_3D('',#14927,#11520,#11521);
#9529=AXIS2_PLACEMENT_3D('',#14928,#11522,#11523);
#9530=AXIS2_PLACEMENT_3D('',#14929,#11524,#11525);
#9531=AXIS2_PLACEMENT_3D('',#14938,#11527,#11528);
#9532=AXIS2_PLACEMENT_3D('',#14939,#11529,#11530);
#9533=AXIS2_PLACEMENT_3D('',#14940,#11531,#11532);
#9534=AXIS2_PLACEMENT_3D('',#14949,#11534,#11535);
#9535=AXIS2_PLACEMENT_3D('',#14950,#11536,#11537);
#9536=AXIS2_PLACEMENT_3D('',#14951,#11538,#11539);
#9537=AXIS2_PLACEMENT_3D('',#14960,#11541,#11542);
#9538=AXIS2_PLACEMENT_3D('',#14961,#11543,#11544);
#9539=AXIS2_PLACEMENT_3D('',#14962,#11545,#11546);
#9540=AXIS2_PLACEMENT_3D('',#14971,#11548,#11549);
#9541=AXIS2_PLACEMENT_3D('',#14972,#11550,#11551);
#9542=AXIS2_PLACEMENT_3D('',#14973,#11552,#11553);
#9543=AXIS2_PLACEMENT_3D('',#14974,#11554,#11555);
#9544=AXIS2_PLACEMENT_3D('',#15001,#11556,#11557);
#9545=AXIS2_PLACEMENT_3D('',#15028,#11558,#11559);
#9546=AXIS2_PLACEMENT_3D('',#15029,#11560,#11561);
#9547=AXIS2_PLACEMENT_3D('',#15030,#11562,#11563);
#9548=AXIS2_PLACEMENT_3D('',#15031,#11564,#11565);
#9549=AXIS2_PLACEMENT_3D('',#15058,#11566,#11567);
#9550=AXIS2_PLACEMENT_3D('',#15085,#11568,#11569);
#9551=AXIS2_PLACEMENT_3D('',#15086,#11570,#11571);
#9552=AXIS2_PLACEMENT_3D('',#15087,#11572,#11573);
#9553=AXIS2_PLACEMENT_3D('',#15088,#11574,#11575);
#9554=AXIS2_PLACEMENT_3D('',#15115,#11576,#11577);
#9555=AXIS2_PLACEMENT_3D('',#15142,#11578,#11579);
#9556=AXIS2_PLACEMENT_3D('',#15143,#11580,#11581);
#9557=AXIS2_PLACEMENT_3D('',#15144,#11582,#11583);
#9558=AXIS2_PLACEMENT_3D('',#15145,#11584,#11585);
#9559=AXIS2_PLACEMENT_3D('',#15172,#11586,#11587);
#9560=AXIS2_PLACEMENT_3D('',#15199,#11588,#11589);
#9561=AXIS2_PLACEMENT_3D('',#15200,#11590,#11591);
#9562=AXIS2_PLACEMENT_3D('',#15201,#11592,#11593);
#9563=AXIS2_PLACEMENT_3D('',#15202,#11594,#11595);
#9564=AXIS2_PLACEMENT_3D('',#15204,#11596,#11597);
#9565=AXIS2_PLACEMENT_3D('',#15205,#11598,#11599);
#9566=AXIS2_PLACEMENT_3D('',#15206,#11600,#11601);
#9567=AXIS2_PLACEMENT_3D('',#15208,#11602,#11603);
#9568=AXIS2_PLACEMENT_3D('',#15209,#11604,#11605);
#9569=AXIS2_PLACEMENT_3D('',#15211,#11606,#11607);
#9570=AXIS2_PLACEMENT_3D('',#15212,#11608,#11609);
#9571=AXIS2_PLACEMENT_3D('',#15213,#11610,#11611);
#9572=AXIS2_PLACEMENT_3D('',#15215,#11612,#11613);
#9573=AXIS2_PLACEMENT_3D('',#15216,#11614,#11615);
#9574=AXIS2_PLACEMENT_3D('',#15218,#11616,#11617);
#9575=AXIS2_PLACEMENT_3D('',#15219,#11618,#11619);
#9576=AXIS2_PLACEMENT_3D('',#15220,#11620,#11621);
#9577=AXIS2_PLACEMENT_3D('',#15222,#11622,#11623);
#9578=AXIS2_PLACEMENT_3D('',#15223,#11624,#11625);
#9579=AXIS2_PLACEMENT_3D('',#15225,#11626,#11627);
#9580=AXIS2_PLACEMENT_3D('',#15226,#11628,#11629);
#9581=AXIS2_PLACEMENT_3D('',#15227,#11630,#11631);
#9582=AXIS2_PLACEMENT_3D('',#15229,#11632,#11633);
#9583=AXIS2_PLACEMENT_3D('',#15230,#11634,#11635);
#9584=AXIS2_PLACEMENT_3D('',#15231,#11636,#11637);
#9585=AXIS2_PLACEMENT_3D('',#15232,#11638,#11639);
#9586=AXIS2_PLACEMENT_3D('',#15233,#11640,#11641);
#9587=AXIS2_PLACEMENT_3D('',#15234,#11642,#11643);
#9588=AXIS2_PLACEMENT_3D('',#15235,#11644,#11645);
#9589=AXIS2_PLACEMENT_3D('',#15236,#11646,#11647);
#9590=AXIS2_PLACEMENT_3D('',#15237,#11648,#11649);
#9591=AXIS2_PLACEMENT_3D('',#15240,#11652,#11653);
#9592=AXIS2_PLACEMENT_3D('',#15242,#11655,#11656);
#9593=AXIS2_PLACEMENT_3D('',#15244,#11658,#11659);
#9594=AXIS2_PLACEMENT_3D('',#15245,#11660,#11661);
#9595=AXIS2_PLACEMENT_3D('',#15248,#11664,#11665);
#9596=AXIS2_PLACEMENT_3D('',#15250,#11667,#11668);
#9597=AXIS2_PLACEMENT_3D('',#15252,#11670,#11671);
#9598=AXIS2_PLACEMENT_3D('',#15253,#11672,#11673);
#9599=AXIS2_PLACEMENT_3D('',#15256,#11676,#11677);
#9600=AXIS2_PLACEMENT_3D('',#15258,#11679,#11680);
#9601=AXIS2_PLACEMENT_3D('',#15260,#11682,#11683);
#9602=AXIS2_PLACEMENT_3D('',#15261,#11684,#11685);
#9603=AXIS2_PLACEMENT_3D('',#15264,#11688,#11689);
#9604=AXIS2_PLACEMENT_3D('',#15266,#11691,#11692);
#9605=AXIS2_PLACEMENT_3D('',#15268,#11694,#11695);
#9606=AXIS2_PLACEMENT_3D('',#15269,#11696,#11697);
#9607=AXIS2_PLACEMENT_3D('',#15272,#11700,#11701);
#9608=AXIS2_PLACEMENT_3D('',#15274,#11703,#11704);
#9609=AXIS2_PLACEMENT_3D('',#15276,#11706,#11707);
#9610=AXIS2_PLACEMENT_3D('',#15277,#11708,#11709);
#9611=AXIS2_PLACEMENT_3D('',#15280,#11712,#11713);
#9612=AXIS2_PLACEMENT_3D('',#15282,#11715,#11716);
#9613=AXIS2_PLACEMENT_3D('',#15284,#11718,#11719);
#9614=AXIS2_PLACEMENT_3D('',#15285,#11720,#11721);
#9615=AXIS2_PLACEMENT_3D('',#15288,#11724,#11725);
#9616=AXIS2_PLACEMENT_3D('',#15290,#11727,#11728);
#9617=AXIS2_PLACEMENT_3D('',#15292,#11730,#11731);
#9618=AXIS2_PLACEMENT_3D('',#15293,#11732,#11733);
#9619=AXIS2_PLACEMENT_3D('',#15296,#11736,#11737);
#9620=AXIS2_PLACEMENT_3D('',#15298,#11739,#11740);
#9621=AXIS2_PLACEMENT_3D('',#15300,#11742,#11743);
#9622=AXIS2_PLACEMENT_3D('',#15301,#11744,#11745);
#9623=AXIS2_PLACEMENT_3D('',#15304,#11748,#11749);
#9624=AXIS2_PLACEMENT_3D('',#15306,#11751,#11752);
#9625=AXIS2_PLACEMENT_3D('',#15308,#11754,#11755);
#9626=AXIS2_PLACEMENT_3D('',#15309,#11756,#11757);
#9627=AXIS2_PLACEMENT_3D('',#15312,#11760,#11761);
#9628=AXIS2_PLACEMENT_3D('',#15314,#11763,#11764);
#9629=AXIS2_PLACEMENT_3D('',#15316,#11766,#11767);
#9630=AXIS2_PLACEMENT_3D('',#15317,#11768,#11769);
#9631=AXIS2_PLACEMENT_3D('',#15320,#11772,#11773);
#9632=AXIS2_PLACEMENT_3D('',#15322,#11775,#11776);
#9633=AXIS2_PLACEMENT_3D('',#15324,#11778,#11779);
#9634=AXIS2_PLACEMENT_3D('',#15325,#11780,#11781);
#9635=AXIS2_PLACEMENT_3D('',#15328,#11784,#11785);
#9636=AXIS2_PLACEMENT_3D('',#15330,#11787,#11788);
#9637=AXIS2_PLACEMENT_3D('',#15332,#11790,#11791);
#9638=AXIS2_PLACEMENT_3D('',#15333,#11792,#11793);
#9639=AXIS2_PLACEMENT_3D('',#15336,#11796,#11797);
#9640=AXIS2_PLACEMENT_3D('',#15338,#11799,#11800);
#9641=AXIS2_PLACEMENT_3D('',#15340,#11802,#11803);
#9642=AXIS2_PLACEMENT_3D('',#15341,#11804,#11805);
#9643=AXIS2_PLACEMENT_3D('',#15344,#11808,#11809);
#9644=AXIS2_PLACEMENT_3D('',#15346,#11811,#11812);
#9645=AXIS2_PLACEMENT_3D('',#15348,#11814,#11815);
#9646=AXIS2_PLACEMENT_3D('',#15349,#11816,#11817);
#9647=AXIS2_PLACEMENT_3D('',#15352,#11820,#11821);
#9648=AXIS2_PLACEMENT_3D('',#15354,#11823,#11824);
#9649=AXIS2_PLACEMENT_3D('',#15356,#11826,#11827);
#9650=AXIS2_PLACEMENT_3D('',#15357,#11828,#11829);
#9651=AXIS2_PLACEMENT_3D('',#15360,#11832,#11833);
#9652=AXIS2_PLACEMENT_3D('',#15362,#11835,#11836);
#9653=AXIS2_PLACEMENT_3D('',#15364,#11838,#11839);
#9654=AXIS2_PLACEMENT_3D('',#15365,#11840,#11841);
#9655=AXIS2_PLACEMENT_3D('',#15368,#11844,#11845);
#9656=AXIS2_PLACEMENT_3D('',#15370,#11847,#11848);
#9657=AXIS2_PLACEMENT_3D('',#15372,#11850,#11851);
#9658=AXIS2_PLACEMENT_3D('',#15373,#11852,#11853);
#9659=AXIS2_PLACEMENT_3D('',#15376,#11856,#11857);
#9660=AXIS2_PLACEMENT_3D('',#15378,#11859,#11860);
#9661=AXIS2_PLACEMENT_3D('',#15380,#11862,#11863);
#9662=AXIS2_PLACEMENT_3D('',#15381,#11864,#11865);
#9663=AXIS2_PLACEMENT_3D('',#15384,#11868,#11869);
#9664=AXIS2_PLACEMENT_3D('',#15386,#11871,#11872);
#9665=AXIS2_PLACEMENT_3D('',#15388,#11874,#11875);
#9666=AXIS2_PLACEMENT_3D('',#15389,#11876,#11877);
#9667=AXIS2_PLACEMENT_3D('',#15392,#11880,#11881);
#9668=AXIS2_PLACEMENT_3D('',#15394,#11883,#11884);
#9669=AXIS2_PLACEMENT_3D('',#15396,#11886,#11887);
#9670=AXIS2_PLACEMENT_3D('',#15397,#11888,#11889);
#9671=AXIS2_PLACEMENT_3D('',#15400,#11892,#11893);
#9672=AXIS2_PLACEMENT_3D('',#15402,#11895,#11896);
#9673=AXIS2_PLACEMENT_3D('',#15404,#11898,#11899);
#9674=AXIS2_PLACEMENT_3D('',#15405,#11900,#11901);
#9675=AXIS2_PLACEMENT_3D('',#15408,#11904,#11905);
#9676=AXIS2_PLACEMENT_3D('',#15410,#11907,#11908);
#9677=AXIS2_PLACEMENT_3D('',#15412,#11910,#11911);
#9678=AXIS2_PLACEMENT_3D('',#15413,#11912,#11913);
#9679=AXIS2_PLACEMENT_3D('',#15416,#11916,#11917);
#9680=AXIS2_PLACEMENT_3D('',#15418,#11919,#11920);
#9681=AXIS2_PLACEMENT_3D('',#15420,#11922,#11923);
#9682=AXIS2_PLACEMENT_3D('',#15421,#11924,#11925);
#9683=AXIS2_PLACEMENT_3D('',#15424,#11928,#11929);
#9684=AXIS2_PLACEMENT_3D('',#15426,#11931,#11932);
#9685=AXIS2_PLACEMENT_3D('',#15428,#11934,#11935);
#9686=AXIS2_PLACEMENT_3D('',#15429,#11936,#11937);
#9687=AXIS2_PLACEMENT_3D('',#15432,#11940,#11941);
#9688=AXIS2_PLACEMENT_3D('',#15434,#11943,#11944);
#9689=AXIS2_PLACEMENT_3D('',#15436,#11946,#11947);
#9690=AXIS2_PLACEMENT_3D('',#15437,#11948,#11949);
#9691=AXIS2_PLACEMENT_3D('',#15440,#11952,#11953);
#9692=AXIS2_PLACEMENT_3D('',#15442,#11955,#11956);
#9693=AXIS2_PLACEMENT_3D('',#15444,#11958,#11959);
#9694=AXIS2_PLACEMENT_3D('',#15445,#11960,#11961);
#9695=AXIS2_PLACEMENT_3D('',#15448,#11964,#11965);
#9696=AXIS2_PLACEMENT_3D('',#15450,#11967,#11968);
#9697=AXIS2_PLACEMENT_3D('',#15452,#11970,#11971);
#9698=AXIS2_PLACEMENT_3D('',#15453,#11972,#11973);
#9699=AXIS2_PLACEMENT_3D('',#15456,#11976,#11977);
#9700=AXIS2_PLACEMENT_3D('',#15458,#11979,#11980);
#9701=AXIS2_PLACEMENT_3D('',#15460,#11982,#11983);
#9702=AXIS2_PLACEMENT_3D('',#15461,#11984,#11985);
#9703=AXIS2_PLACEMENT_3D('',#15464,#11988,#11989);
#9704=AXIS2_PLACEMENT_3D('',#15466,#11991,#11992);
#9705=AXIS2_PLACEMENT_3D('',#15468,#11994,#11995);
#9706=AXIS2_PLACEMENT_3D('',#15469,#11996,#11997);
#9707=AXIS2_PLACEMENT_3D('',#15472,#12000,#12001);
#9708=AXIS2_PLACEMENT_3D('',#15474,#12003,#12004);
#9709=AXIS2_PLACEMENT_3D('',#15476,#12006,#12007);
#9710=AXIS2_PLACEMENT_3D('',#15477,#12008,#12009);
#9711=AXIS2_PLACEMENT_3D('',#15480,#12012,#12013);
#9712=AXIS2_PLACEMENT_3D('',#15482,#12015,#12016);
#9713=AXIS2_PLACEMENT_3D('',#15484,#12018,#12019);
#9714=AXIS2_PLACEMENT_3D('',#15485,#12020,#12021);
#9715=AXIS2_PLACEMENT_3D('',#15488,#12024,#12025);
#9716=AXIS2_PLACEMENT_3D('',#15490,#12027,#12028);
#9717=AXIS2_PLACEMENT_3D('',#15492,#12030,#12031);
#9718=AXIS2_PLACEMENT_3D('',#15493,#12032,#12033);
#9719=AXIS2_PLACEMENT_3D('',#15496,#12036,#12037);
#9720=AXIS2_PLACEMENT_3D('',#15498,#12039,#12040);
#9721=AXIS2_PLACEMENT_3D('',#15500,#12042,#12043);
#9722=AXIS2_PLACEMENT_3D('',#15501,#12044,#12045);
#9723=AXIS2_PLACEMENT_3D('',#15504,#12048,#12049);
#9724=AXIS2_PLACEMENT_3D('',#15506,#12051,#12052);
#9725=AXIS2_PLACEMENT_3D('',#15508,#12054,#12055);
#9726=AXIS2_PLACEMENT_3D('',#15509,#12056,#12057);
#9727=AXIS2_PLACEMENT_3D('',#15512,#12060,#12061);
#9728=AXIS2_PLACEMENT_3D('',#15514,#12063,#12064);
#9729=AXIS2_PLACEMENT_3D('',#15516,#12066,#12067);
#9730=AXIS2_PLACEMENT_3D('',#15517,#12068,#12069);
#9731=AXIS2_PLACEMENT_3D('',#15520,#12072,#12073);
#9732=AXIS2_PLACEMENT_3D('',#15522,#12075,#12076);
#9733=AXIS2_PLACEMENT_3D('',#15524,#12078,#12079);
#9734=AXIS2_PLACEMENT_3D('',#15525,#12080,#12081);
#9735=AXIS2_PLACEMENT_3D('',#15528,#12084,#12085);
#9736=AXIS2_PLACEMENT_3D('',#15530,#12087,#12088);
#9737=AXIS2_PLACEMENT_3D('',#15532,#12090,#12091);
#9738=AXIS2_PLACEMENT_3D('',#15533,#12092,#12093);
#9739=AXIS2_PLACEMENT_3D('',#15536,#12096,#12097);
#9740=AXIS2_PLACEMENT_3D('',#15538,#12099,#12100);
#9741=AXIS2_PLACEMENT_3D('',#15540,#12102,#12103);
#9742=AXIS2_PLACEMENT_3D('',#15541,#12104,#12105);
#9743=AXIS2_PLACEMENT_3D('',#15544,#12108,#12109);
#9744=AXIS2_PLACEMENT_3D('',#15546,#12111,#12112);
#9745=AXIS2_PLACEMENT_3D('',#15548,#12114,#12115);
#9746=AXIS2_PLACEMENT_3D('',#15549,#12116,#12117);
#9747=AXIS2_PLACEMENT_3D('',#15552,#12120,#12121);
#9748=AXIS2_PLACEMENT_3D('',#15554,#12123,#12124);
#9749=AXIS2_PLACEMENT_3D('',#15556,#12126,#12127);
#9750=AXIS2_PLACEMENT_3D('',#15557,#12128,#12129);
#9751=AXIS2_PLACEMENT_3D('',#15558,#12130,#12131);
#9752=AXIS2_PLACEMENT_3D('',#15559,#12132,#12133);
#9753=AXIS2_PLACEMENT_3D('',#15560,#12134,#12135);
#9754=AXIS2_PLACEMENT_3D('',#15561,#12136,#12137);
#9755=AXIS2_PLACEMENT_3D('',#15562,#12138,#12139);
#9756=AXIS2_PLACEMENT_3D('',#15563,#12140,#12141);
#9757=AXIS2_PLACEMENT_3D('',#15564,#12142,#12143);
#9758=AXIS2_PLACEMENT_3D('',#15565,#12144,#12145);
#9759=AXIS2_PLACEMENT_3D('',#15566,#12146,#12147);
#9760=AXIS2_PLACEMENT_3D('',#15567,#12148,#12149);
#9761=AXIS2_PLACEMENT_3D('',#15568,#12150,#12151);
#9762=AXIS2_PLACEMENT_3D('',#15569,#12152,#12153);
#9763=AXIS2_PLACEMENT_3D('',#15570,#12154,#12155);
#9764=AXIS2_PLACEMENT_3D('',#15571,#12156,#12157);
#9765=AXIS2_PLACEMENT_3D('',#15572,#12158,#12159);
#9766=AXIS2_PLACEMENT_3D('',#15573,#12160,#12161);
#9767=AXIS2_PLACEMENT_3D('',#15574,#12162,#12163);
#9768=AXIS2_PLACEMENT_3D('',#15575,#12164,#12165);
#9769=AXIS2_PLACEMENT_3D('',#15576,#12166,#12167);
#9770=AXIS2_PLACEMENT_3D('',#15577,#12168,#12169);
#9771=AXIS2_PLACEMENT_3D('',#15578,#12170,#12171);
#9772=AXIS2_PLACEMENT_3D('',#15579,#12172,#12173);
#9773=AXIS2_PLACEMENT_3D('',#15580,#12174,#12175);
#9774=AXIS2_PLACEMENT_3D('',#15581,#12176,#12177);
#9775=AXIS2_PLACEMENT_3D('',#15582,#12178,#12179);
#9776=AXIS2_PLACEMENT_3D('',#15583,#12180,#12181);
#9777=AXIS2_PLACEMENT_3D('',#15584,#12182,#12183);
#9778=AXIS2_PLACEMENT_3D('',#15585,#12184,#12185);
#9779=AXIS2_PLACEMENT_3D('',#15590,#12188,#12189);
#9780=AXIS2_PLACEMENT_3D('',#15595,#12192,#12193);
#9781=AXIS2_PLACEMENT_3D('',#15596,#12194,#12195);
#9782=AXIS2_PLACEMENT_3D('',#15598,#12197,#12198);
#9783=AXIS2_PLACEMENT_3D('',#15600,#12200,#12201);
#9784=AXIS2_PLACEMENT_3D('',#15606,#12205,#12206);
#9785=AXIS2_PLACEMENT_3D('',#15607,#12207,#12208);
#9786=AXIS2_PLACEMENT_3D('',#15610,#12210,#12211);
#9787=AXIS2_PLACEMENT_3D('',#15613,#12213,#12214);
#9788=AXIS2_PLACEMENT_3D('',#15614,#12215,#12216);
#9789=AXIS2_PLACEMENT_3D('',#15616,#12218,#12219);
#9790=AXIS2_PLACEMENT_3D('',#15617,#12220,#12221);
#9791=DIRECTION('',(0.,0.,1.));
#9792=DIRECTION('',(1.,0.,0.));
#9793=DIRECTION('',(0.,-1.,0.));
#9794=DIRECTION('',(1.,0.,0.));
#9795=DIRECTION('',(0.,-1.,0.));
#9796=DIRECTION('',(0.,0.,-1.));
#9797=DIRECTION('',(-0.866025403784438,0.,-0.5));
#9798=DIRECTION('',(0.,-1.,0.));
#9799=DIRECTION('',(0.,0.,-1.));
#9800=DIRECTION('',(0.86602540378444,0.,0.5));
#9801=DIRECTION('',(0.,-1.,0.));
#9802=DIRECTION('',(0.,0.,-1.));
#9803=DIRECTION('',(-0.866025403784437,0.,-0.5));
#9804=DIRECTION('',(0.,-1.,0.));
#9805=DIRECTION('',(0.,0.,-1.));
#9806=DIRECTION('',(0.866025403784439,0.,0.5));
#9807=DIRECTION('',(0.,-1.,0.));
#9808=DIRECTION('',(0.,0.,-1.));
#9809=DIRECTION('',(-0.866025403784439,0.,0.5));
#9810=DIRECTION('',(0.,-1.,0.));
#9811=DIRECTION('',(0.,0.,-1.));
#9812=DIRECTION('',(0.866025403784439,0.,-0.5));
#9813=DIRECTION('',(0.,-1.,0.));
#9814=DIRECTION('',(0.,0.,-1.));
#9815=DIRECTION('',(-0.866025403784437,0.,-0.5));
#9816=DIRECTION('',(0.,-1.,0.));
#9817=DIRECTION('',(0.,0.,-1.));
#9818=DIRECTION('',(0.866025403784437,0.,0.5));
#9819=DIRECTION('',(0.,-1.,0.));
#9820=DIRECTION('',(0.,0.,-1.));
#9821=DIRECTION('',(-0.866025403784438,0.,-0.5));
#9822=DIRECTION('',(0.,-1.,0.));
#9823=DIRECTION('',(0.,0.,-1.));
#9824=DIRECTION('',(0.866025403784439,0.,0.5));
#9825=DIRECTION('',(0.,-1.,0.));
#9826=DIRECTION('',(0.,0.,-1.));
#9827=DIRECTION('',(-0.866025403784439,0.,0.5));
#9828=DIRECTION('',(0.,-1.,0.));
#9829=DIRECTION('',(0.,0.,-1.));
#9830=DIRECTION('',(0.866025403784439,0.,-0.5));
#9831=DIRECTION('',(0.,-1.,0.));
#9832=DIRECTION('',(0.,0.,-1.));
#9833=DIRECTION('',(-0.866025403784439,0.,0.5));
#9834=DIRECTION('',(0.,-1.,0.));
#9835=DIRECTION('',(0.,0.,-1.));
#9836=DIRECTION('',(0.866025403784439,0.,-0.5));
#9837=DIRECTION('',(0.,-1.,0.));
#9838=DIRECTION('',(0.,0.,-1.));
#9839=DIRECTION('',(-0.865808614152186,0.,-0.500375302807674));
#9840=DIRECTION('',(0.,-1.,0.));
#9841=DIRECTION('',(0.,0.,-1.));
#9842=DIRECTION('',(0.86602540378444,0.,0.5));
#9843=DIRECTION('',(0.,-1.,0.));
#9844=DIRECTION('',(0.,0.,-1.));
#9845=DIRECTION('',(-0.866995241857406,0.,0.498316416142012));
#9846=DIRECTION('',(0.,-1.,0.));
#9847=DIRECTION('',(0.,0.,-1.));
#9848=DIRECTION('',(0.866025403784439,0.,-0.5));
#9849=DIRECTION('',(0.,-1.,0.));
#9850=DIRECTION('',(0.,0.,-1.));
#9851=DIRECTION('',(-0.866025403784438,0.,0.5));
#9852=DIRECTION('',(0.,-1.,0.));
#9853=DIRECTION('',(0.,0.,-1.));
#9854=DIRECTION('',(0.86602540378444,0.,-0.5));
#9855=DIRECTION('',(0.,-1.,0.));
#9856=DIRECTION('',(0.,0.,-1.));
#9857=DIRECTION('',(-0.866025403784438,0.,0.5));
#9858=DIRECTION('',(0.,-1.,0.));
#9859=DIRECTION('',(0.,0.,-1.));
#9860=DIRECTION('',(0.86602540378444,0.,-0.5));
#9861=DIRECTION('',(0.,-1.,0.));
#9862=DIRECTION('',(0.,0.,-1.));
#9863=DIRECTION('',(-0.865808614152186,0.,0.500375302807674));
#9864=DIRECTION('',(0.,-1.,0.));
#9865=DIRECTION('',(0.,0.,-1.));
#9866=DIRECTION('',(0.86602540378444,0.,-0.5));
#9867=DIRECTION('',(-0.866025403784437,0.,0.5));
#9868=DIRECTION('',(0.,-1.,0.));
#9869=DIRECTION('',(0.,0.,-1.));
#9870=DIRECTION('',(0.866025403784439,0.,-0.5));
#9871=DIRECTION('',(0.,-1.,0.));
#9872=DIRECTION('',(0.,0.,-1.));
#9873=DIRECTION('',(-0.866025403784437,0.,0.5));
#9874=DIRECTION('',(0.,-1.,0.));
#9875=DIRECTION('',(0.,0.,-1.));
#9876=DIRECTION('',(0.866025403784437,0.,-0.5));
#9877=DIRECTION('',(0.,-1.,0.));
#9878=DIRECTION('',(0.,0.,-1.));
#9879=DIRECTION('',(-0.866025403784439,0.,0.5));
#9880=DIRECTION('',(0.,-1.,0.));
#9881=DIRECTION('',(0.,0.,-1.));
#9882=DIRECTION('',(0.866025403784439,0.,-0.5));
#9883=DIRECTION('',(0.,-1.,0.));
#9884=DIRECTION('',(0.,0.,-1.));
#9885=DIRECTION('',(0.,-1.,0.));
#9886=DIRECTION('',(0.,0.,-1.));
#9887=DIRECTION('',(-0.866025403784439,0.,-0.5));
#9888=DIRECTION('',(0.,-1.,0.));
#9889=DIRECTION('',(0.,0.,-1.));
#9890=DIRECTION('',(0.866025403784439,0.,0.5));
#9891=DIRECTION('',(0.,-1.,0.));
#9892=DIRECTION('',(0.,0.,-1.));
#9893=DIRECTION('',(-0.866025403784439,0.,-0.5));
#9894=DIRECTION('',(0.,-1.,0.));
#9895=DIRECTION('',(0.,0.,-1.));
#9896=DIRECTION('',(0.866025403784439,0.,0.5));
#9897=DIRECTION('',(0.,-1.,0.));
#9898=DIRECTION('',(0.,0.,-1.));
#9899=DIRECTION('',(-0.866025403784439,0.,-0.5));
#9900=DIRECTION('',(0.,-1.,0.));
#9901=DIRECTION('',(0.,0.,-1.));
#9902=DIRECTION('',(0.866025403784439,0.,0.5));
#9903=DIRECTION('',(0.,-1.,0.));
#9904=DIRECTION('',(0.,0.,-1.));
#9905=DIRECTION('',(-0.866025403784438,0.,-0.5));
#9906=DIRECTION('',(0.,-1.,0.));
#9907=DIRECTION('',(0.,0.,-1.));
#9908=DIRECTION('',(0.86602540378444,0.,0.5));
#9909=DIRECTION('',(0.,-1.,0.));
#9910=DIRECTION('',(0.,0.,-1.));
#9911=DIRECTION('',(-0.866995241857406,0.,-0.498316416142012));
#9912=DIRECTION('',(0.,-1.,0.));
#9913=DIRECTION('',(0.,0.,-1.));
#9914=DIRECTION('',(0.866025403784439,0.,0.5));
#9915=DIRECTION('',(1.,0.,0.));
#9916=DIRECTION('',(0.520480651505752,0.,0.85387346334697));
#9917=DIRECTION('',(-2.09549137390684E-16,0.,-1.));
#9918=DIRECTION('',(1.,0.,0.));
#9919=DIRECTION('',(1.37887937878618E-16,0.,1.));
#9920=DIRECTION('',(-1.,0.,0.));
#9921=DIRECTION('',(-0.520344225857438,0.,-0.853956606987043));
#9922=DIRECTION('',(0.,0.,1.));
#9923=DIRECTION('',(-1.,0.,0.));
#9924=DIRECTION('',(-2.75775875757235E-16,0.,-1.));
#9925=DIRECTION('',(0.,0.,1.));
#9926=DIRECTION('',(0.,0.,-1.));
#9927=DIRECTION('',(0.,0.,-1.));
#9928=DIRECTION('',(0.,0.,1.));
#9929=DIRECTION('',(-1.,0.,0.));
#9930=DIRECTION('',(0.,0.,-1.));
#9931=DIRECTION('',(0.,0.,1.));
#9932=DIRECTION('',(-1.,0.,0.));
#9933=DIRECTION('',(1.,0.,0.));
#9934=DIRECTION('',(0.520480651505752,0.,0.85387346334697));
#9935=DIRECTION('',(0.,0.,-1.));
#9936=DIRECTION('',(1.,0.,0.));
#9937=DIRECTION('',(0.,0.,1.));
#9938=DIRECTION('',(-1.,0.,0.));
#9939=DIRECTION('',(-0.520344225857438,0.,-0.853956606987043));
#9940=DIRECTION('',(0.,0.,1.));
#9941=DIRECTION('',(-1.,0.,0.));
#9942=DIRECTION('',(-2.75775875757235E-16,0.,-1.));
#9943=DIRECTION('',(-2.04085114820801E-16,0.,1.));
#9944=DIRECTION('',(0.,-1.,0.));
#9945=DIRECTION('',(0.,0.,-1.));
#9946=DIRECTION('',(-2.04085114820801E-16,0.,1.));
#9947=DIRECTION('',(0.,-1.,0.));
#9948=DIRECTION('',(0.,0.,-1.));
#9949=DIRECTION('',(-1.,0.,-9.25185853854297E-17));
#9950=DIRECTION('',(0.,-1.,0.));
#9951=DIRECTION('',(0.,0.,-1.));
#9952=DIRECTION('',(-1.,0.,-9.25185853854297E-17));
#9953=DIRECTION('',(0.,-1.,0.));
#9954=DIRECTION('',(0.,0.,-1.));
#9955=DIRECTION('',(-2.04085114820801E-16,0.,1.));
#9956=DIRECTION('',(0.,-1.,0.));
#9957=DIRECTION('',(0.,0.,-1.));
#9958=DIRECTION('',(-2.04085114820801E-16,0.,1.));
#9959=DIRECTION('',(0.,-1.,0.));
#9960=DIRECTION('',(0.,0.,-1.));
#9961=DIRECTION('',(-1.,0.,-9.25185853854297E-17));
#9962=DIRECTION('',(0.,-1.,0.));
#9963=DIRECTION('',(0.,0.,-1.));
#9964=DIRECTION('',(-1.,0.,-9.25185853854297E-17));
#9965=DIRECTION('',(0.,-1.,0.));
#9966=DIRECTION('',(0.,0.,-1.));
#9967=DIRECTION('',(0.,-1.,0.));
#9968=DIRECTION('',(0.,0.,-1.));
#9969=DIRECTION('',(0.,-1.,0.));
#9970=DIRECTION('',(0.,0.,-1.));
#9971=DIRECTION('',(0.,1.,0.));
#9972=DIRECTION('',(0.,0.,1.));
#9973=DIRECTION('',(0.,-1.,0.));
#9974=DIRECTION('',(0.,0.,-1.));
#9975=DIRECTION('',(0.,-1.,0.));
#9976=DIRECTION('',(0.,0.,-1.));
#9977=DIRECTION('',(0.,1.,0.));
#9978=DIRECTION('',(0.,0.,1.));
#9979=DIRECTION('',(0.,-1.,0.));
#9980=DIRECTION('',(0.,0.,-1.));
#9981=DIRECTION('',(0.,-1.,0.));
#9982=DIRECTION('',(0.,0.,-1.));
#9983=DIRECTION('',(0.,1.,0.));
#9984=DIRECTION('',(0.,0.,1.));
#9985=DIRECTION('',(0.,-1.,0.));
#9986=DIRECTION('',(0.,0.,-1.));
#9987=DIRECTION('',(0.,-1.,0.));
#9988=DIRECTION('',(0.,0.,-1.));
#9989=DIRECTION('',(0.,1.,0.));
#9990=DIRECTION('',(0.,0.,1.));
#9991=DIRECTION('',(2.04085114820801E-16,0.,-1.));
#9992=DIRECTION('',(-1.,0.,-2.04085114820801E-16));
#9993=DIRECTION('',(-2.04085114820801E-16,0.,1.));
#9994=DIRECTION('',(2.03287907341032E-16,0.,-1.));
#9995=DIRECTION('',(-1.,0.,-2.03287907341032E-16));
#9996=DIRECTION('',(0.,0.,1.));
#9997=DIRECTION('',(2.04085114820801E-16,0.,-1.));
#9998=DIRECTION('',(-1.,0.,-2.04085114820801E-16));
#9999=DIRECTION('',(1.,0.,9.25185853854297E-17));
#10000=DIRECTION('',(9.25185853854297E-17,0.,-1.));
#10001=DIRECTION('',(-1.,0.,-9.25185853854297E-17));
#10002=DIRECTION('',(1.,0.,0.));
#10003=DIRECTION('',(0.,0.,-1.));
#10004=DIRECTION('',(1.,0.,0.));
#10005=DIRECTION('',(1.,0.,9.25185853854297E-17));
#10006=DIRECTION('',(9.25185853854297E-17,0.,-1.));
#10007=DIRECTION('',(0.,-1.,0.));
#10008=DIRECTION('',(1.,0.,0.));
#10009=DIRECTION('',(0.,-1.,0.));
#10010=DIRECTION('',(0.,0.,-1.));
#10011=DIRECTION('',(0.866025403784438,0.,0.5));
#10012=DIRECTION('',(0.,-1.,0.));
#10013=DIRECTION('',(0.,0.,-1.));
#10014=DIRECTION('',(-0.86602540378444,0.,-0.5));
#10015=DIRECTION('',(0.,-1.,0.));
#10016=DIRECTION('',(0.,0.,-1.));
#10017=DIRECTION('',(0.866025403784437,0.,0.5));
#10018=DIRECTION('',(0.,-1.,0.));
#10019=DIRECTION('',(0.,0.,-1.));
#10020=DIRECTION('',(-0.866025403784439,0.,-0.5));
#10021=DIRECTION('',(0.,-1.,0.));
#10022=DIRECTION('',(0.,0.,-1.));
#10023=DIRECTION('',(0.866025403784439,0.,-0.5));
#10024=DIRECTION('',(0.,-1.,0.));
#10025=DIRECTION('',(0.,0.,-1.));
#10026=DIRECTION('',(-0.866025403784439,0.,0.5));
#10027=DIRECTION('',(0.,-1.,0.));
#10028=DIRECTION('',(0.,0.,-1.));
#10029=DIRECTION('',(0.866025403784437,0.,0.5));
#10030=DIRECTION('',(0.,-1.,0.));
#10031=DIRECTION('',(0.,0.,-1.));
#10032=DIRECTION('',(-0.866025403784437,0.,-0.5));
#10033=DIRECTION('',(0.,-1.,0.));
#10034=DIRECTION('',(0.,0.,-1.));
#10035=DIRECTION('',(0.866025403784438,0.,0.5));
#10036=DIRECTION('',(0.,-1.,0.));
#10037=DIRECTION('',(0.,0.,-1.));
#10038=DIRECTION('',(-0.866025403784439,0.,-0.5));
#10039=DIRECTION('',(0.,-1.,0.));
#10040=DIRECTION('',(0.,0.,-1.));
#10041=DIRECTION('',(0.866025403784439,0.,-0.5));
#10042=DIRECTION('',(0.,-1.,0.));
#10043=DIRECTION('',(0.,0.,-1.));
#10044=DIRECTION('',(-0.866025403784439,0.,0.5));
#10045=DIRECTION('',(0.,-1.,0.));
#10046=DIRECTION('',(0.,0.,-1.));
#10047=DIRECTION('',(0.866025403784439,0.,-0.5));
#10048=DIRECTION('',(0.,-1.,0.));
#10049=DIRECTION('',(0.,0.,-1.));
#10050=DIRECTION('',(-0.866025403784439,0.,0.5));
#10051=DIRECTION('',(0.,-1.,0.));
#10052=DIRECTION('',(0.,0.,-1.));
#10053=DIRECTION('',(0.865808614152186,0.,0.500375302807674));
#10054=DIRECTION('',(0.,-1.,0.));
#10055=DIRECTION('',(0.,0.,-1.));
#10056=DIRECTION('',(-0.86602540378444,0.,-0.5));
#10057=DIRECTION('',(0.,-1.,0.));
#10058=DIRECTION('',(0.,0.,-1.));
#10059=DIRECTION('',(0.866995241857406,0.,-0.498316416142012));
#10060=DIRECTION('',(0.,-1.,0.));
#10061=DIRECTION('',(0.,0.,-1.));
#10062=DIRECTION('',(-0.866025403784439,0.,0.5));
#10063=DIRECTION('',(0.,-1.,0.));
#10064=DIRECTION('',(0.,0.,-1.));
#10065=DIRECTION('',(0.866025403784438,0.,-0.5));
#10066=DIRECTION('',(0.,-1.,0.));
#10067=DIRECTION('',(0.,0.,-1.));
#10068=DIRECTION('',(-0.86602540378444,0.,0.5));
#10069=DIRECTION('',(0.,-1.,0.));
#10070=DIRECTION('',(0.,0.,-1.));
#10071=DIRECTION('',(0.866025403784438,0.,-0.5));
#10072=DIRECTION('',(0.,-1.,0.));
#10073=DIRECTION('',(0.,0.,-1.));
#10074=DIRECTION('',(-0.86602540378444,0.,0.5));
#10075=DIRECTION('',(0.,-1.,0.));
#10076=DIRECTION('',(0.,0.,-1.));
#10077=DIRECTION('',(0.865808614152186,0.,-0.500375302807674));
#10078=DIRECTION('',(0.,-1.,0.));
#10079=DIRECTION('',(0.,0.,-1.));
#10080=DIRECTION('',(-0.86602540378444,0.,0.5));
#10081=DIRECTION('',(0.866025403784437,0.,-0.5));
#10082=DIRECTION('',(0.,-1.,0.));
#10083=DIRECTION('',(0.,0.,-1.));
#10084=DIRECTION('',(-0.866025403784439,0.,0.5));
#10085=DIRECTION('',(0.,-1.,0.));
#10086=DIRECTION('',(0.,0.,-1.));
#10087=DIRECTION('',(0.866025403784437,0.,-0.5));
#10088=DIRECTION('',(0.,-1.,0.));
#10089=DIRECTION('',(0.,0.,-1.));
#10090=DIRECTION('',(-0.866025403784437,0.,0.5));
#10091=DIRECTION('',(0.,-1.,0.));
#10092=DIRECTION('',(0.,0.,-1.));
#10093=DIRECTION('',(0.866025403784439,0.,-0.5));
#10094=DIRECTION('',(0.,-1.,0.));
#10095=DIRECTION('',(0.,0.,-1.));
#10096=DIRECTION('',(-0.866025403784439,0.,0.5));
#10097=DIRECTION('',(0.,-1.,0.));
#10098=DIRECTION('',(0.,0.,-1.));
#10099=DIRECTION('',(0.,-1.,0.));
#10100=DIRECTION('',(0.,0.,-1.));
#10101=DIRECTION('',(0.866025403784439,0.,0.5));
#10102=DIRECTION('',(0.,-1.,0.));
#10103=DIRECTION('',(0.,0.,-1.));
#10104=DIRECTION('',(-0.866025403784439,0.,-0.5));
#10105=DIRECTION('',(0.,-1.,0.));
#10106=DIRECTION('',(0.,0.,-1.));
#10107=DIRECTION('',(0.866025403784439,0.,0.5));
#10108=DIRECTION('',(0.,-1.,0.));
#10109=DIRECTION('',(0.,0.,-1.));
#10110=DIRECTION('',(-0.866025403784439,0.,-0.5));
#10111=DIRECTION('',(0.,-1.,0.));
#10112=DIRECTION('',(0.,0.,-1.));
#10113=DIRECTION('',(0.866025403784439,0.,0.5));
#10114=DIRECTION('',(0.,-1.,0.));
#10115=DIRECTION('',(0.,0.,-1.));
#10116=DIRECTION('',(-0.866025403784439,0.,-0.5));
#10117=DIRECTION('',(0.,-1.,0.));
#10118=DIRECTION('',(0.,0.,-1.));
#10119=DIRECTION('',(0.866025403784438,0.,0.5));
#10120=DIRECTION('',(0.,-1.,0.));
#10121=DIRECTION('',(0.,0.,-1.));
#10122=DIRECTION('',(-0.86602540378444,0.,-0.5));
#10123=DIRECTION('',(0.,-1.,0.));
#10124=DIRECTION('',(0.,0.,-1.));
#10125=DIRECTION('',(0.866995241857406,0.,0.498316416142012));
#10126=DIRECTION('',(0.,-1.,0.));
#10127=DIRECTION('',(0.,0.,-1.));
#10128=DIRECTION('',(-0.866025403784439,0.,-0.5));
#10129=DIRECTION('',(0.,-1.,0.));
#10130=DIRECTION('',(0.,0.,-1.));
#10131=DIRECTION('',(0.,-1.,0.));
#10132=DIRECTION('',(0.,0.,-1.));
#10133=DIRECTION('',(1.,0.,0.));
#10134=DIRECTION('',(0.,-1.,0.));
#10135=DIRECTION('',(0.,0.,-1.));
#10136=DIRECTION('',(0.,0.,1.));
#10137=DIRECTION('',(0.,-1.,0.));
#10138=DIRECTION('',(0.,0.,-1.));
#10139=DIRECTION('',(0.,-1.,0.));
#10140=DIRECTION('',(0.,0.,-1.));
#10141=DIRECTION('',(0.,-1.,0.));
#10142=DIRECTION('',(0.,0.,-1.));
#10143=DIRECTION('',(0.,0.,1.));
#10144=DIRECTION('',(0.,-1.,0.));
#10145=DIRECTION('',(0.,0.,-1.));
#10146=DIRECTION('',(1.,0.,0.));
#10147=DIRECTION('',(0.,-1.,0.));
#10148=DIRECTION('',(0.,0.,-1.));
#10149=DIRECTION('',(0.,-1.,0.));
#10150=DIRECTION('',(0.,0.,-1.));
#10151=DIRECTION('',(0.,-1.,0.));
#10152=DIRECTION('',(0.,0.,-1.));
#10153=DIRECTION('',(1.,0.,0.));
#10154=DIRECTION('',(0.,-1.,0.));
#10155=DIRECTION('',(0.,0.,-1.));
#10156=DIRECTION('',(0.,-1.,0.));
#10157=DIRECTION('',(0.,0.,-1.));
#10158=DIRECTION('',(0.,-1.,0.));
#10159=DIRECTION('',(0.,0.,-1.));
#10160=DIRECTION('',(0.,-1.,0.));
#10161=DIRECTION('',(0.,0.,-1.));
#10162=DIRECTION('',(0.,0.,1.));
#10163=DIRECTION('',(0.,-1.,0.));
#10164=DIRECTION('',(0.,0.,-1.));
#10165=DIRECTION('',(0.,-1.,0.));
#10166=DIRECTION('',(0.,0.,-1.));
#10167=DIRECTION('',(9.25185853854297E-17,0.,-1.));
#10168=DIRECTION('',(-1.,0.,-9.25185853854297E-17));
#10169=DIRECTION('',(0.,1.,0.));
#10170=DIRECTION('',(-1.,0.,-9.25185853854297E-17));
#10171=DIRECTION('',(0.,1.,0.));
#10172=DIRECTION('',(-1.,-3.65204942310906E-16,-9.25185853854297E-17));
#10173=DIRECTION('',(-1.,0.,-9.25185853854297E-17));
#10174=DIRECTION('',(0.,1.,0.));
#10175=DIRECTION('',(-1.,0.,-9.25185853854297E-17));
#10176=DIRECTION('',(0.,1.,0.));
#10177=DIRECTION('',(-1.,0.,-9.25185853854297E-17));
#10178=DIRECTION('',(9.25185853854297E-17,0.,-1.));
#10179=DIRECTION('',(-1.,0.,-9.25185853854297E-17));
#10180=DIRECTION('',(-1.,0.,-2.04085114820801E-16));
#10181=DIRECTION('',(-2.04085114820801E-16,0.,1.));
#10182=DIRECTION('',(0.,1.,0.));
#10183=DIRECTION('',(-2.04085114820801E-16,0.,1.));
#10184=DIRECTION('',(0.,1.,0.));
#10185=DIRECTION('',(-2.04085114820801E-16,0.,1.));
#10186=DIRECTION('',(9.25185853854297E-17,0.,-1.));
#10187=DIRECTION('',(-1.,0.,-9.25185853854297E-17));
#10188=DIRECTION('',(0.,1.,0.));
#10189=DIRECTION('',(-1.,0.,-9.25185853854297E-17));
#10190=DIRECTION('',(0.,1.,0.));
#10191=DIRECTION('',(-1.,0.,-9.25185853854297E-17));
#10192=DIRECTION('',(-1.,0.,-2.04085114820801E-16));
#10193=DIRECTION('',(-2.04085114820801E-16,0.,1.));
#10194=DIRECTION('',(-2.04085114820801E-16,0.,1.));
#10195=DIRECTION('',(0.,1.,0.));
#10196=DIRECTION('',(-2.04085114820801E-16,0.,1.));
#10197=DIRECTION('',(0.,1.,0.));
#10198=DIRECTION('',(-1.,0.,-9.25185853854297E-17));
#10199=DIRECTION('',(-9.25185853854297E-17,0.,1.));
#10200=DIRECTION('',(-1.,0.,0.));
#10201=DIRECTION('',(0.,0.,1.));
#10202=DIRECTION('',(1.,0.,-1.22464679914735E-16));
#10203=DIRECTION('',(-1.22464679914735E-16,0.,-1.));
#10204=DIRECTION('',(-2.04085114820801E-16,0.,1.));
#10205=DIRECTION('',(1.,0.,2.04085114820801E-16));
#10206=DIRECTION('',(0.,0.,-1.));
#10207=DIRECTION('',(-1.,0.,0.));
#10208=DIRECTION('',(-2.04085114820801E-16,0.,1.));
#10209=DIRECTION('',(-2.04085114820801E-16,0.,1.));
#10210=DIRECTION('',(1.,0.,2.04085114820801E-16));
#10211=DIRECTION('',(2.04085114820801E-16,0.,-1.));
#10212=DIRECTION('',(-1.,0.,-2.04085114820801E-16));
#10213=DIRECTION('',(0.,2.31296463463575E-15,-1.));
#10214=DIRECTION('',(0.,1.,2.31296463463575E-15));
#10215=DIRECTION('',(-2.04085114820801E-16,0.,1.));
#10216=DIRECTION('',(0.,0.,-1.));
#10217=DIRECTION('',(-1.,0.,0.));
#10218=DIRECTION('',(2.04085114820801E-16,0.,-1.));
#10219=DIRECTION('',(-1.,0.,-2.04085114820801E-16));
#10220=DIRECTION('',(0.,0.,1.));
#10221=DIRECTION('',(1.,0.,0.));
#10222=DIRECTION('',(-7.04481399828022E-16,0.,1.));
#10223=DIRECTION('',(1.,0.,7.04481399828022E-16));
#10224=DIRECTION('',(1.,0.,9.25185853854297E-17));
#10225=DIRECTION('',(9.25185853854297E-17,0.,-1.));
#10226=DIRECTION('',(1.,0.,0.));
#10227=DIRECTION('',(0.,0.,-1.));
#10228=DIRECTION('',(-1.,0.,-9.25185853854297E-17));
#10229=DIRECTION('',(1.,0.,0.));
#10230=DIRECTION('',(0.,0.,-1.));
#10231=DIRECTION('',(1.,0.,9.25185853854297E-17));
#10232=DIRECTION('',(9.25185853854297E-17,0.,-1.));
#10233=DIRECTION('',(-1.,0.,0.));
#10234=DIRECTION('',(0.,0.,1.));
#10235=DIRECTION('',(-1.,0.,0.));
#10236=DIRECTION('',(0.,0.,1.));
#10237=DIRECTION('',(9.25185853854297E-17,0.,-1.));
#10238=DIRECTION('',(-1.,0.,-9.25185853854297E-17));
#10239=DIRECTION('',(1.,3.65204942310906E-16,9.25185853854297E-17));
#10240=DIRECTION('',(0.,-1.,0.));
#10241=DIRECTION('',(1.,0.,9.25185853854297E-17));
#10242=DIRECTION('',(0.,-1.,0.));
#10243=DIRECTION('',(0.,1.,0.));
#10244=DIRECTION('',(9.25185853854297E-17,0.,-1.));
#10245=DIRECTION('',(-1.,0.,-9.25185853854297E-17));
#10246=DIRECTION('',(-1.,1.39897054514259E-16,-9.25185853854297E-17));
#10247=DIRECTION('',(9.25185853854297E-17,0.,-1.));
#10248=DIRECTION('',(-1.,0.,-9.25185853854297E-17));
#10249=DIRECTION('',(0.,1.,0.));
#10250=DIRECTION('',(9.25185853854297E-17,0.,-1.));
#10251=DIRECTION('',(-1.,0.,-9.25185853854297E-17));
#10252=DIRECTION('',(-1.,0.,-9.25185853854297E-17));
#10253=DIRECTION('',(9.25185853854297E-17,0.,-1.));
#10254=DIRECTION('',(-1.,0.,-9.25185853854297E-17));
#10255=DIRECTION('',(9.25185853854297E-17,0.,-1.));
#10256=DIRECTION('',(-1.,0.,-9.25185853854297E-17));
#10257=DIRECTION('',(-1.,0.,-9.25185853854297E-17));
#10258=DIRECTION('',(-0.520480651505751,0.85387346334697,-4.81541335977989E-17));
#10259=DIRECTION('',(0.,-1.,0.));
#10260=DIRECTION('',(-1.,0.,-9.25185853854297E-17));
#10261=DIRECTION('',(0.,1.,0.));
#10262=DIRECTION('',(1.,0.,9.25185853854297E-17));
#10263=DIRECTION('',(0.520344225857439,-0.853956606987043,4.81415116898068E-17));
#10264=DIRECTION('',(0.,1.,0.));
#10265=DIRECTION('',(1.,0.,9.25185853854297E-17));
#10266=DIRECTION('',(0.,-1.,0.));
#10267=DIRECTION('',(-9.25185853854297E-17,0.,1.));
#10268=DIRECTION('',(1.,0.,9.25185853854297E-17));
#10269=DIRECTION('',(-9.25185853854297E-17,0.,1.));
#10270=DIRECTION('',(1.,0.,9.25185853854297E-17));
#10271=DIRECTION('',(-9.25185853854297E-17,0.,1.));
#10272=DIRECTION('',(1.,0.,9.25185853854297E-17));
#10273=DIRECTION('',(-9.25185853854297E-17,0.,1.));
#10274=DIRECTION('',(1.,0.,9.25185853854297E-17));
#10275=DIRECTION('',(-9.25185853854297E-17,0.,1.));
#10276=DIRECTION('',(1.,0.,9.25185853854297E-17));
#10277=DIRECTION('',(0.,1.,0.));
#10278=DIRECTION('',(-9.25185853854297E-17,0.,1.));
#10279=DIRECTION('',(1.,0.,9.25185853854297E-17));
#10280=DIRECTION('',(-9.25185853854297E-17,0.,1.));
#10281=DIRECTION('',(1.,0.,9.25185853854297E-17));
#10282=DIRECTION('',(-9.25185853854297E-17,0.,1.));
#10283=DIRECTION('',(1.,0.,9.25185853854297E-17));
#10284=DIRECTION('',(-9.25185853854297E-17,0.,1.));
#10285=DIRECTION('',(1.,0.,9.25185853854297E-17));
#10286=DIRECTION('',(0.,-1.,0.));
#10287=DIRECTION('',(-1.,0.,-9.25185853854297E-17));
#10288=DIRECTION('',(9.25185853854297E-17,0.,-1.));
#10289=DIRECTION('',(-1.,0.,-9.25185853854297E-17));
#10290=DIRECTION('',(-1.,0.,-9.25185853854297E-17));
#10291=DIRECTION('',(0.,1.,0.));
#10292=DIRECTION('',(-1.,0.,-9.25185853854297E-17));
#10293=DIRECTION('',(0.,1.,0.));
#10294=DIRECTION('',(-1.,0.,-9.25185853854297E-17));
#10295=DIRECTION('',(0.,-1.,0.));
#10296=DIRECTION('',(-1.,0.,-9.25185853854297E-17));
#10297=DIRECTION('',(0.,1.,0.));
#10298=DIRECTION('',(1.,0.,9.25185853854297E-17));
#10299=DIRECTION('',(0.,-1.,0.));
#10300=DIRECTION('',(-1.,0.,-9.25185853854297E-17));
#10301=DIRECTION('',(0.,-1.,0.));
#10302=DIRECTION('',(1.,0.,9.25185853854297E-17));
#10303=DIRECTION('',(0.,-1.,0.));
#10304=DIRECTION('',(-9.25185853854297E-17,0.,1.));
#10305=DIRECTION('',(1.,0.,9.25185853854297E-17));
#10306=DIRECTION('',(-9.25185853854297E-17,0.,1.));
#10307=DIRECTION('',(1.,0.,9.25185853854297E-17));
#10308=DIRECTION('',(-9.25185853854297E-17,0.,1.));
#10309=DIRECTION('',(1.,0.,9.25185853854297E-17));
#10310=DIRECTION('',(-9.25185853854297E-17,0.,1.));
#10311=DIRECTION('',(1.,0.,9.25185853854297E-17));
#10312=DIRECTION('',(-9.25185853854297E-17,0.,1.));
#10313=DIRECTION('',(1.,0.,9.25185853854297E-17));
#10314=DIRECTION('',(0.,1.,0.));
#10315=DIRECTION('',(-9.25185853854297E-17,0.,1.));
#10316=DIRECTION('',(1.,0.,9.25185853854297E-17));
#10317=DIRECTION('',(-9.25185853854297E-17,0.,1.));
#10318=DIRECTION('',(1.,0.,9.25185853854297E-17));
#10319=DIRECTION('',(-9.25185853854297E-17,0.,1.));
#10320=DIRECTION('',(1.,0.,9.25185853854297E-17));
#10321=DIRECTION('',(-9.25185853854297E-17,0.,1.));
#10322=DIRECTION('',(1.,0.,9.25185853854297E-17));
#10323=DIRECTION('',(0.,-1.,0.));
#10324=DIRECTION('',(-1.,0.,-9.25185853854297E-17));
#10325=DIRECTION('',(0.,-1.,0.));
#10326=DIRECTION('',(-1.,0.,-9.25185853854297E-17));
#10327=DIRECTION('',(0.,1.,0.));
#10328=DIRECTION('',(1.,0.,9.25185853854297E-17));
#10329=DIRECTION('',(0.,-1.,0.));
#10330=DIRECTION('',(-1.,0.,-9.25185853854297E-17));
#10331=DIRECTION('',(0.,-1.,0.));
#10332=DIRECTION('',(1.,0.,9.25185853854297E-17));
#10333=DIRECTION('',(0.,-1.,0.));
#10334=DIRECTION('',(9.25185853854297E-17,0.,-1.));
#10335=DIRECTION('',(-1.,0.,-9.25185853854297E-17));
#10336=DIRECTION('',(0.,1.,0.));
#10337=DIRECTION('',(1.,0.,9.25185853854297E-17));
#10338=DIRECTION('',(0.,1.,0.));
#10339=DIRECTION('',(1.,0.,9.25185853854297E-17));
#10340=DIRECTION('',(-1.,-3.85494105772623E-15,-9.25185853854297E-17));
#10341=DIRECTION('',(-4.08170229641602E-15,1.,-3.7763332242887E-31));
#10342=DIRECTION('',(-1.,-3.85494105772623E-15,-9.25185853854297E-17));
#10343=DIRECTION('',(-4.08170229641602E-15,1.,-3.7763332242887E-31));
#10344=DIRECTION('',(9.25185853854297E-17,0.,-1.));
#10345=DIRECTION('',(-1.,0.,-9.25185853854297E-17));
#10346=DIRECTION('',(0.,1.,0.));
#10347=DIRECTION('',(-1.,0.,-9.25185853854297E-17));
#10348=DIRECTION('',(0.,1.,0.));
#10349=DIRECTION('',(-1.,0.,-9.25185853854297E-17));
#10350=DIRECTION('',(1.,0.,9.25185853854297E-17));
#10351=DIRECTION('',(9.25185853854297E-17,0.,-1.));
#10352=DIRECTION('',(-1.,0.,-9.25185853854297E-17));
#10353=DIRECTION('',(0.,-1.,0.));
#10354=DIRECTION('',(9.25185853854297E-17,0.,-1.));
#10355=DIRECTION('',(-1.,0.,-9.25185853854297E-17));
#10356=DIRECTION('',(1.,-1.39897054514259E-16,9.25185853854297E-17));
#10357=DIRECTION('',(9.25185853854297E-17,0.,-1.));
#10358=DIRECTION('',(-1.,0.,-9.25185853854297E-17));
#10359=DIRECTION('',(0.,-1.,0.));
#10360=DIRECTION('',(9.25185853854297E-17,0.,-1.));
#10361=DIRECTION('',(-1.,0.,-9.25185853854297E-17));
#10362=DIRECTION('',(0.,-1.,0.));
#10363=DIRECTION('',(1.,0.,0.));
#10364=DIRECTION('',(-9.25185853854297E-17,0.,1.));
#10365=DIRECTION('',(0.,-1.,0.));
#10366=DIRECTION('',(0.,0.,-1.));
#10367=DIRECTION('',(0.,-1.,0.));
#10368=DIRECTION('',(0.,0.,-1.));
#10369=DIRECTION('',(-2.04085114820801E-16,0.,1.));
#10370=DIRECTION('',(0.,-1.,0.));
#10371=DIRECTION('',(0.,0.,-1.));
#10372=DIRECTION('',(-1.,0.,-9.25185853854297E-17));
#10373=DIRECTION('',(0.,-1.,0.));
#10374=DIRECTION('',(0.,0.,-1.));
#10375=DIRECTION('',(-2.04085114820801E-16,0.,1.));
#10376=DIRECTION('',(0.,-1.,0.));
#10377=DIRECTION('',(0.,0.,-1.));
#10378=DIRECTION('',(0.,-1.,0.));
#10379=DIRECTION('',(0.,0.,-1.));
#10380=DIRECTION('',(-9.25185853854297E-17,0.,1.));
#10381=DIRECTION('',(0.,-1.,0.));
#10382=DIRECTION('',(0.,0.,-1.));
#10383=DIRECTION('',(-2.04085114820801E-16,0.,1.));
#10384=DIRECTION('',(0.,-1.,0.));
#10385=DIRECTION('',(0.,0.,-1.));
#10386=DIRECTION('',(0.,-1.,0.));
#10387=DIRECTION('',(0.,0.,-1.));
#10388=DIRECTION('',(0.,-1.,0.));
#10389=DIRECTION('',(0.,0.,-1.));
#10390=DIRECTION('',(0.,-1.,0.));
#10391=DIRECTION('',(0.,0.,-1.));
#10392=DIRECTION('',(0.,-1.,0.));
#10393=DIRECTION('',(0.,0.,-1.));
#10394=DIRECTION('',(0.,-1.,0.));
#10395=DIRECTION('',(0.,0.,-1.));
#10396=DIRECTION('',(0.,-1.,0.));
#10397=DIRECTION('',(0.,0.,-1.));
#10398=DIRECTION('',(-1.,0.,-9.25185853854297E-17));
#10399=DIRECTION('',(0.,-1.,0.));
#10400=DIRECTION('',(0.,0.,-1.));
#10401=DIRECTION('',(0.,-1.,0.));
#10402=DIRECTION('',(0.,0.,-1.));
#10403=DIRECTION('',(0.,-1.,0.));
#10404=DIRECTION('',(0.,0.,-1.));
#10405=DIRECTION('',(0.,-1.,0.));
#10406=DIRECTION('',(0.,0.,-1.));
#10407=DIRECTION('',(-2.04085114820801E-16,0.,1.));
#10408=DIRECTION('',(0.,-1.,0.));
#10409=DIRECTION('',(0.,0.,-1.));
#10410=DIRECTION('',(0.,-1.,0.));
#10411=DIRECTION('',(0.,0.,-1.));
#10412=DIRECTION('',(0.,-1.,0.));
#10413=DIRECTION('',(0.,0.,-1.));
#10414=DIRECTION('',(0.,-1.,0.));
#10415=DIRECTION('',(0.,0.,-1.));
#10416=DIRECTION('',(0.,1.,0.));
#10417=DIRECTION('',(0.,0.,1.));
#10418=DIRECTION('',(0.,-1.,0.));
#10419=DIRECTION('',(0.,0.,-1.));
#10420=DIRECTION('',(0.,1.,0.));
#10421=DIRECTION('',(-1.,0.,-2.04085114820801E-16));
#10422=DIRECTION('',(-2.04085114820801E-16,0.,1.));
#10423=DIRECTION('',(0.,1.,0.));
#10424=DIRECTION('',(0.,1.,0.));
#10425=DIRECTION('',(0.,0.,1.));
#10426=DIRECTION('',(0.,-1.,0.));
#10427=DIRECTION('',(0.,0.,-1.));
#10428=DIRECTION('',(0.,1.,0.));
#10429=DIRECTION('',(9.25185853854297E-17,0.,-1.));
#10430=DIRECTION('',(-1.,0.,-9.25185853854297E-17));
#10431=DIRECTION('',(0.,1.,0.));
#10432=DIRECTION('',(0.,1.,0.));
#10433=DIRECTION('',(0.,0.,1.));
#10434=DIRECTION('',(0.,-1.,0.));
#10435=DIRECTION('',(0.,0.,-1.));
#10436=DIRECTION('',(0.,1.,0.));
#10437=DIRECTION('',(-1.,0.,-2.04085114820801E-16));
#10438=DIRECTION('',(-2.04085114820801E-16,0.,1.));
#10439=DIRECTION('',(-2.04085114820801E-16,0.,1.));
#10440=DIRECTION('',(0.,1.,0.));
#10441=DIRECTION('',(0.,1.,0.));
#10442=DIRECTION('',(0.,0.,1.));
#10443=DIRECTION('',(0.,-1.,0.));
#10444=DIRECTION('',(0.,0.,-1.));
#10445=DIRECTION('',(0.,-1.,0.));
#10446=DIRECTION('',(0.,0.,-1.));
#10447=DIRECTION('',(1.,0.,0.));
#10448=DIRECTION('',(0.,0.,-1.));
#10449=DIRECTION('',(-1.,0.,-9.25185853854297E-17));
#10450=DIRECTION('',(-9.25185853854297E-17,0.,1.));
#10451=DIRECTION('',(1.,0.,0.));
#10452=DIRECTION('',(0.,0.,-1.));
#10453=DIRECTION('',(0.,-1.,0.));
#10454=DIRECTION('',(0.,0.,-1.));
#10455=DIRECTION('',(0.,-1.,0.));
#10456=DIRECTION('',(0.,0.,-1.));
#10457=DIRECTION('',(2.31296463463574E-15,0.,-1.));
#10458=DIRECTION('',(-1.,0.,-2.31296463463574E-15));
#10459=DIRECTION('',(-2.04085114820801E-16,0.,1.));
#10460=DIRECTION('',(1.,0.,2.04085114820801E-16));
#10461=DIRECTION('',(-2.31296463463574E-15,0.,-1.));
#10462=DIRECTION('',(-1.,0.,2.31296463463574E-15));
#10463=DIRECTION('',(0.,-1.,0.));
#10464=DIRECTION('',(0.,0.,-1.));
#10465=DIRECTION('',(0.,1.,0.));
#10466=DIRECTION('',(0.,0.,1.));
#10467=DIRECTION('',(0.,1.,0.));
#10468=DIRECTION('',(0.,1.,0.));
#10469=DIRECTION('',(0.,0.,1.));
#10470=DIRECTION('',(-1.,0.,-2.04085114820801E-16));
#10471=DIRECTION('',(-2.04085114820801E-16,0.,1.));
#10472=DIRECTION('',(0.,1.,0.));
#10473=DIRECTION('',(0.,1.,0.));
#10474=DIRECTION('',(0.,0.,1.));
#10475=DIRECTION('',(0.,1.,0.));
#10476=DIRECTION('',(0.,1.,0.));
#10477=DIRECTION('',(0.,0.,1.));
#10478=DIRECTION('',(9.25185853854297E-17,0.,-1.));
#10479=DIRECTION('',(-1.,0.,-9.25185853854297E-17));
#10480=DIRECTION('',(0.,1.,0.));
#10481=DIRECTION('',(0.,1.,0.));
#10482=DIRECTION('',(0.,0.,1.));
#10483=DIRECTION('',(0.,1.,0.));
#10484=DIRECTION('',(0.,0.,1.));
#10485=DIRECTION('',(-1.,0.,-2.04085114820801E-16));
#10486=DIRECTION('',(-2.04085114820801E-16,0.,1.));
#10487=DIRECTION('',(0.,1.,0.));
#10488=DIRECTION('',(0.,1.,0.));
#10489=DIRECTION('',(0.,1.,0.));
#10490=DIRECTION('',(0.,0.,1.));
#10491=DIRECTION('',(0.,1.,0.));
#10492=DIRECTION('',(0.,0.,1.));
#10493=DIRECTION('',(0.,-1.,0.));
#10494=DIRECTION('',(0.,0.,-1.));
#10495=DIRECTION('',(-1.,0.,-9.25185853854297E-17));
#10496=DIRECTION('',(-9.25185853854297E-17,0.,1.));
#10497=DIRECTION('',(-1.,0.,-9.25185853854297E-17));
#10498=DIRECTION('',(-9.25185853854297E-17,0.,1.));
#10499=DIRECTION('',(1.,0.,0.));
#10500=DIRECTION('',(0.,0.,-1.));
#10501=DIRECTION('',(0.,-1.,0.));
#10502=DIRECTION('',(0.,0.,-1.));
#10503=DIRECTION('',(0.,-1.,0.));
#10504=DIRECTION('',(0.,0.,-1.));
#10505=DIRECTION('',(-2.04085114820801E-16,0.,1.));
#10506=DIRECTION('',(1.,0.,2.04085114820801E-16));
#10507=DIRECTION('',(0.,0.,1.));
#10508=DIRECTION('',(1.,0.,0.));
#10509=DIRECTION('',(-1.39349996950756E-15,0.,-1.));
#10510=DIRECTION('',(-1.,0.,1.39349996950756E-15));
#10511=DIRECTION('',(0.,-1.,0.));
#10512=DIRECTION('',(0.,0.,-1.));
#10513=DIRECTION('',(-9.25185853854297E-17,0.,1.));
#10514=DIRECTION('',(1.,0.,9.25185853854297E-17));
#10515=DIRECTION('',(9.25185853854297E-17,0.,-1.));
#10516=DIRECTION('',(-1.,0.,-9.25185853854297E-17));
#10517=DIRECTION('',(0.,-1.,0.));
#10518=DIRECTION('',(0.,0.,-1.));
#10519=DIRECTION('',(-9.25185853854297E-17,0.,1.));
#10520=DIRECTION('',(1.,0.,9.25185853854297E-17));
#10521=DIRECTION('',(-9.25185853854297E-17,0.,1.));
#10522=DIRECTION('',(-1.,0.,-9.25185853854297E-17));
#10523=DIRECTION('',(-9.25185853854297E-17,0.,1.));
#10524=DIRECTION('',(0.,-1.,0.));
#10525=DIRECTION('',(-9.25185853854297E-17,0.,1.));
#10526=DIRECTION('',(3.65204942310906E-16,-1.,3.37882446383726E-32));
#10527=DIRECTION('',(1.,3.65204942310906E-16,0.));
#10528=DIRECTION('',(1.,3.65204942310906E-16,9.25185853854297E-17));
#10529=DIRECTION('',(-9.25185853854297E-17,0.,1.));
#10530=DIRECTION('',(-1.,0.,-9.25185853854297E-17));
#10531=DIRECTION('',(-9.25185853854297E-17,0.,1.));
#10532=DIRECTION('',(0.,-1.,0.));
#10533=DIRECTION('',(-0.5,0.,0.866025403784439));
#10534=DIRECTION('',(0.866025403784439,0.,0.5));
#10535=DIRECTION('',(0.,1.,0.));
#10536=DIRECTION('',(0.866025403784439,0.,0.5));
#10537=DIRECTION('',(0.,1.,0.));
#10538=DIRECTION('',(-0.866025403784439,0.,-0.5));
#10539=DIRECTION('',(0.,1.,0.));
#10540=DIRECTION('',(0.,0.,1.));
#10541=DIRECTION('',(0.,1.,0.));
#10542=DIRECTION('',(0.,-1.,0.));
#10543=DIRECTION('',(0.,0.,-1.));
#10544=DIRECTION('',(0.,-1.,0.));
#10545=DIRECTION('',(0.,0.,-1.));
#10546=DIRECTION('',(-0.498316416142012,0.,0.866995241857406));
#10547=DIRECTION('',(0.866995241857406,0.,0.498316416142012));
#10548=DIRECTION('',(0.,1.,0.));
#10549=DIRECTION('',(-0.866995241857406,0.,-0.498316416142012));
#10550=DIRECTION('',(0.866995241857406,0.,0.498316416142012));
#10551=DIRECTION('',(0.,1.,0.));
#10552=DIRECTION('',(0.,0.,1.));
#10553=DIRECTION('',(0.,-1.,0.));
#10554=DIRECTION('',(0.,0.,-1.));
#10555=DIRECTION('',(0.,-1.,0.));
#10556=DIRECTION('',(0.,0.,-1.));
#10557=DIRECTION('',(0.,1.,0.));
#10558=DIRECTION('',(0.,0.,1.));
#10559=DIRECTION('',(0.,1.,0.));
#10560=DIRECTION('',(0.,-1.,0.));
#10561=DIRECTION('',(0.,0.,-1.));
#10562=DIRECTION('',(0.,1.,0.));
#10563=DIRECTION('',(0.,-1.,0.));
#10564=DIRECTION('',(0.,0.,-1.));
#10565=DIRECTION('',(-0.5,0.,-0.866025403784439));
#10566=DIRECTION('',(-0.866025403784439,0.,0.5));
#10567=DIRECTION('',(0.,1.,0.));
#10568=DIRECTION('',(0.866025403784439,0.,-0.5));
#10569=DIRECTION('',(-0.866025403784439,0.,0.5));
#10570=DIRECTION('',(0.,1.,0.));
#10571=DIRECTION('',(0.,0.,1.));
#10572=DIRECTION('',(0.,1.,0.));
#10573=DIRECTION('',(0.,-1.,0.));
#10574=DIRECTION('',(0.,0.,-1.));
#10575=DIRECTION('',(0.,-1.,0.));
#10576=DIRECTION('',(0.,0.,-1.));
#10577=DIRECTION('',(-0.5,0.,-0.866025403784439));
#10578=DIRECTION('',(-0.866025403784439,0.,0.5));
#10579=DIRECTION('',(-0.866025403784439,0.,0.5));
#10580=DIRECTION('',(0.866025403784439,0.,-0.5));
#10581=DIRECTION('',(-0.5,0.,0.866025403784439));
#10582=DIRECTION('',(0.866025403784439,0.,0.5));
#10583=DIRECTION('',(0.,1.,0.));
#10584=DIRECTION('',(0.866025403784439,0.,0.5));
#10585=DIRECTION('',(0.,1.,0.));
#10586=DIRECTION('',(-0.866025403784439,0.,-0.5));
#10587=DIRECTION('',(0.,1.,0.));
#10588=DIRECTION('',(0.,0.,1.));
#10589=DIRECTION('',(0.,1.,0.));
#10590=DIRECTION('',(0.,-1.,0.));
#10591=DIRECTION('',(0.,0.,-1.));
#10592=DIRECTION('',(0.,-1.,0.));
#10593=DIRECTION('',(0.,0.,-1.));
#10594=DIRECTION('',(-0.5,0.,0.866025403784437));
#10595=DIRECTION('',(0.866025403784437,0.,0.5));
#10596=DIRECTION('',(0.,1.,0.));
#10597=DIRECTION('',(-0.866025403784437,0.,-0.5));
#10598=DIRECTION('',(0.866025403784437,0.,0.5));
#10599=DIRECTION('',(0.,1.,0.));
#10600=DIRECTION('',(0.,0.,1.));
#10601=DIRECTION('',(0.,-1.,0.));
#10602=DIRECTION('',(0.,0.,-1.));
#10603=DIRECTION('',(0.,-1.,0.));
#10604=DIRECTION('',(0.,0.,-1.));
#10605=DIRECTION('',(-0.5,0.,0.86602540378444));
#10606=DIRECTION('',(0.86602540378444,0.,0.5));
#10607=DIRECTION('',(0.,1.,0.));
#10608=DIRECTION('',(0.86602540378444,0.,0.5));
#10609=DIRECTION('',(0.,1.,0.));
#10610=DIRECTION('',(-0.86602540378444,0.,-0.5));
#10611=DIRECTION('',(0.,1.,0.));
#10612=DIRECTION('',(0.,0.,1.));
#10613=DIRECTION('',(0.,1.,0.));
#10614=DIRECTION('',(0.,-1.,0.));
#10615=DIRECTION('',(0.,0.,-1.));
#10616=DIRECTION('',(0.,-1.,0.));
#10617=DIRECTION('',(0.,0.,-1.));
#10618=DIRECTION('',(-0.5,0.,0.866025403784438));
#10619=DIRECTION('',(0.866025403784438,0.,0.5));
#10620=DIRECTION('',(0.,1.,0.));
#10621=DIRECTION('',(-0.866025403784438,0.,-0.5));
#10622=DIRECTION('',(0.866025403784438,0.,0.5));
#10623=DIRECTION('',(0.,1.,0.));
#10624=DIRECTION('',(0.,0.,1.));
#10625=DIRECTION('',(0.,-1.,0.));
#10626=DIRECTION('',(0.,0.,-1.));
#10627=DIRECTION('',(0.,-1.,0.));
#10628=DIRECTION('',(0.,0.,-1.));
#10629=DIRECTION('',(0.,1.,0.));
#10630=DIRECTION('',(0.,0.,1.));
#10631=DIRECTION('',(0.,1.,0.));
#10632=DIRECTION('',(0.,-1.,0.));
#10633=DIRECTION('',(0.,0.,-1.));
#10634=DIRECTION('',(0.,1.,0.));
#10635=DIRECTION('',(0.,-1.,0.));
#10636=DIRECTION('',(0.,0.,-1.));
#10637=DIRECTION('',(-0.5,0.,0.866025403784439));
#10638=DIRECTION('',(0.866025403784439,0.,0.5));
#10639=DIRECTION('',(0.,1.,0.));
#10640=DIRECTION('',(-0.866025403784439,0.,-0.5));
#10641=DIRECTION('',(0.866025403784439,0.,0.5));
#10642=DIRECTION('',(0.,1.,0.));
#10643=DIRECTION('',(0.,0.,1.));
#10644=DIRECTION('',(0.,1.,0.));
#10645=DIRECTION('',(0.,-1.,0.));
#10646=DIRECTION('',(0.,0.,-1.));
#10647=DIRECTION('',(0.,-1.,0.));
#10648=DIRECTION('',(0.,0.,-1.));
#10649=DIRECTION('',(-0.5,0.,0.866025403784439));
#10650=DIRECTION('',(0.866025403784439,0.,0.5));
#10651=DIRECTION('',(0.866025403784439,0.,0.5));
#10652=DIRECTION('',(-0.866025403784439,0.,-0.5));
#10653=DIRECTION('',(0.,1.,0.));
#10654=DIRECTION('',(0.,0.,1.));
#10655=DIRECTION('',(0.,1.,0.));
#10656=DIRECTION('',(0.,-1.,0.));
#10657=DIRECTION('',(0.,0.,-1.));
#10658=DIRECTION('',(0.,1.,0.));
#10659=DIRECTION('',(0.,-1.,0.));
#10660=DIRECTION('',(0.,0.,-1.));
#10661=DIRECTION('',(-0.5,0.,0.866025403784439));
#10662=DIRECTION('',(0.866025403784439,0.,0.5));
#10663=DIRECTION('',(0.,1.,0.));
#10664=DIRECTION('',(-0.866025403784439,0.,-0.5));
#10665=DIRECTION('',(0.866025403784439,0.,0.5));
#10666=DIRECTION('',(0.,1.,0.));
#10667=DIRECTION('',(0.,0.,1.));
#10668=DIRECTION('',(0.,1.,0.));
#10669=DIRECTION('',(0.,-1.,0.));
#10670=DIRECTION('',(0.,0.,-1.));
#10671=DIRECTION('',(0.,-1.,0.));
#10672=DIRECTION('',(0.,0.,-1.));
#10673=DIRECTION('',(-0.5,0.,0.866025403784439));
#10674=DIRECTION('',(0.866025403784439,0.,0.5));
#10675=DIRECTION('',(0.866025403784439,0.,0.5));
#10676=DIRECTION('',(-0.866025403784439,0.,-0.5));
#10677=DIRECTION('',(0.,1.,0.));
#10678=DIRECTION('',(0.,0.,1.));
#10679=DIRECTION('',(0.,1.,0.));
#10680=DIRECTION('',(0.,-1.,0.));
#10681=DIRECTION('',(0.,0.,-1.));
#10682=DIRECTION('',(0.,1.,0.));
#10683=DIRECTION('',(0.,-1.,0.));
#10684=DIRECTION('',(0.,0.,-1.));
#10685=DIRECTION('',(-0.5,0.,0.866025403784438));
#10686=DIRECTION('',(0.866025403784438,0.,0.5));
#10687=DIRECTION('',(0.,1.,0.));
#10688=DIRECTION('',(-0.866025403784438,0.,-0.5));
#10689=DIRECTION('',(0.866025403784438,0.,0.5));
#10690=DIRECTION('',(0.,1.,0.));
#10691=DIRECTION('',(0.,0.,1.));
#10692=DIRECTION('',(0.,1.,0.));
#10693=DIRECTION('',(0.,-1.,0.));
#10694=DIRECTION('',(0.,0.,-1.));
#10695=DIRECTION('',(0.,-1.,0.));
#10696=DIRECTION('',(0.,0.,-1.));
#10697=DIRECTION('',(-0.5,0.,0.86602540378444));
#10698=DIRECTION('',(0.86602540378444,0.,0.5));
#10699=DIRECTION('',(0.86602540378444,0.,0.5));
#10700=DIRECTION('',(-0.86602540378444,0.,-0.5));
#10701=DIRECTION('',(0.,1.,0.));
#10702=DIRECTION('',(0.,0.,1.));
#10703=DIRECTION('',(0.,1.,0.));
#10704=DIRECTION('',(0.,-1.,0.));
#10705=DIRECTION('',(0.,0.,-1.));
#10706=DIRECTION('',(0.,1.,0.));
#10707=DIRECTION('',(0.,-1.,0.));
#10708=DIRECTION('',(0.,0.,-1.));
#10709=DIRECTION('',(-0.5,0.,0.866025403784439));
#10710=DIRECTION('',(0.866025403784439,0.,0.5));
#10711=DIRECTION('',(0.,1.,0.));
#10712=DIRECTION('',(-0.866025403784439,0.,-0.5));
#10713=DIRECTION('',(0.866025403784439,0.,0.5));
#10714=DIRECTION('',(0.,1.,0.));
#10715=DIRECTION('',(0.,0.,1.));
#10716=DIRECTION('',(0.,1.,0.));
#10717=DIRECTION('',(0.,-1.,0.));
#10718=DIRECTION('',(0.,0.,-1.));
#10719=DIRECTION('',(0.,-1.,0.));
#10720=DIRECTION('',(0.,0.,-1.));
#10721=DIRECTION('',(-0.5,0.,0.866025403784439));
#10722=DIRECTION('',(0.866025403784439,0.,0.5));
#10723=DIRECTION('',(0.866025403784439,0.,0.5));
#10724=DIRECTION('',(-0.866025403784439,0.,-0.5));
#10725=DIRECTION('',(-0.5,0.,-0.866025403784437));
#10726=DIRECTION('',(-0.866025403784437,0.,0.5));
#10727=DIRECTION('',(0.,1.,0.));
#10728=DIRECTION('',(-0.866025403784437,0.,0.5));
#10729=DIRECTION('',(0.,1.,0.));
#10730=DIRECTION('',(0.866025403784437,0.,-0.5));
#10731=DIRECTION('',(0.,1.,0.));
#10732=DIRECTION('',(0.,0.,1.));
#10733=DIRECTION('',(0.,1.,0.));
#10734=DIRECTION('',(0.,-1.,0.));
#10735=DIRECTION('',(0.,0.,-1.));
#10736=DIRECTION('',(0.,-1.,0.));
#10737=DIRECTION('',(0.,0.,-1.));
#10738=DIRECTION('',(-0.5,0.,-0.866025403784439));
#10739=DIRECTION('',(-0.866025403784439,0.,0.5));
#10740=DIRECTION('',(0.,1.,0.));
#10741=DIRECTION('',(0.866025403784439,0.,-0.5));
#10742=DIRECTION('',(-0.866025403784439,0.,0.5));
#10743=DIRECTION('',(0.,1.,0.));
#10744=DIRECTION('',(0.,0.,1.));
#10745=DIRECTION('',(0.,-1.,0.));
#10746=DIRECTION('',(0.,0.,-1.));
#10747=DIRECTION('',(0.,-1.,0.));
#10748=DIRECTION('',(0.,0.,-1.));
#10749=DIRECTION('',(-0.5,0.,-0.86602540378444));
#10750=DIRECTION('',(-0.86602540378444,0.,0.5));
#10751=DIRECTION('',(0.,1.,0.));
#10752=DIRECTION('',(0.86602540378444,0.,-0.5));
#10753=DIRECTION('',(0.,1.,0.));
#10754=DIRECTION('',(-0.86602540378444,0.,0.5));
#10755=DIRECTION('',(0.,1.,0.));
#10756=DIRECTION('',(0.,0.,1.));
#10757=DIRECTION('',(0.,1.,0.));
#10758=DIRECTION('',(0.,-1.,0.));
#10759=DIRECTION('',(0.,0.,-1.));
#10760=DIRECTION('',(0.,-1.,0.));
#10761=DIRECTION('',(0.,0.,-1.));
#10762=DIRECTION('',(-0.500375302807674,0.,-0.865808614152186));
#10763=DIRECTION('',(-0.865808614152186,0.,0.500375302807674));
#10764=DIRECTION('',(0.,1.,0.));
#10765=DIRECTION('',(-0.865808614152186,0.,0.500375302807674));
#10766=DIRECTION('',(0.865808614152186,0.,-0.500375302807674));
#10767=DIRECTION('',(0.,1.,0.));
#10768=DIRECTION('',(0.,0.,1.));
#10769=DIRECTION('',(0.,-1.,0.));
#10770=DIRECTION('',(0.,0.,-1.));
#10771=DIRECTION('',(0.,-1.,0.));
#10772=DIRECTION('',(0.,0.,-1.));
#10773=DIRECTION('',(-0.5,0.,-0.866025403784439));
#10774=DIRECTION('',(-0.866025403784439,0.,0.5));
#10775=DIRECTION('',(0.,1.,0.));
#10776=DIRECTION('',(-0.866025403784439,0.,0.5));
#10777=DIRECTION('',(0.,1.,0.));
#10778=DIRECTION('',(0.866025403784439,0.,-0.5));
#10779=DIRECTION('',(0.,1.,0.));
#10780=DIRECTION('',(0.,0.,1.));
#10781=DIRECTION('',(0.,1.,0.));
#10782=DIRECTION('',(0.,-1.,0.));
#10783=DIRECTION('',(0.,0.,-1.));
#10784=DIRECTION('',(0.,-1.,0.));
#10785=DIRECTION('',(0.,0.,-1.));
#10786=DIRECTION('',(-0.5,0.,-0.866025403784439));
#10787=DIRECTION('',(-0.866025403784439,0.,0.5));
#10788=DIRECTION('',(0.,1.,0.));
#10789=DIRECTION('',(0.866025403784439,0.,-0.5));
#10790=DIRECTION('',(-0.866025403784439,0.,0.5));
#10791=DIRECTION('',(0.,1.,0.));
#10792=DIRECTION('',(0.,0.,1.));
#10793=DIRECTION('',(0.,-1.,0.));
#10794=DIRECTION('',(0.,0.,-1.));
#10795=DIRECTION('',(0.,-1.,0.));
#10796=DIRECTION('',(0.,0.,-1.));
#10797=DIRECTION('',(-0.5,0.,-0.866025403784437));
#10798=DIRECTION('',(-0.866025403784438,0.,0.5));
#10799=DIRECTION('',(0.,1.,0.));
#10800=DIRECTION('',(0.866025403784438,0.,-0.5));
#10801=DIRECTION('',(0.,1.,0.));
#10802=DIRECTION('',(-0.866025403784438,0.,0.5));
#10803=DIRECTION('',(0.,1.,0.));
#10804=DIRECTION('',(0.,0.,1.));
#10805=DIRECTION('',(0.,1.,0.));
#10806=DIRECTION('',(0.,-1.,0.));
#10807=DIRECTION('',(0.,0.,-1.));
#10808=DIRECTION('',(0.,-1.,0.));
#10809=DIRECTION('',(0.,0.,-1.));
#10810=DIRECTION('',(-0.5,0.,-0.866025403784437));
#10811=DIRECTION('',(-0.866025403784437,0.,0.5));
#10812=DIRECTION('',(0.,1.,0.));
#10813=DIRECTION('',(-0.866025403784437,0.,0.5));
#10814=DIRECTION('',(0.866025403784437,0.,-0.5));
#10815=DIRECTION('',(0.,1.,0.));
#10816=DIRECTION('',(0.,0.,1.));
#10817=DIRECTION('',(0.,-1.,0.));
#10818=DIRECTION('',(0.,0.,-1.));
#10819=DIRECTION('',(0.,-1.,0.));
#10820=DIRECTION('',(0.,0.,-1.));
#10821=DIRECTION('',(0.,1.,0.));
#10822=DIRECTION('',(0.,0.,1.));
#10823=DIRECTION('',(0.,1.,0.));
#10824=DIRECTION('',(0.,-1.,0.));
#10825=DIRECTION('',(0.,0.,-1.));
#10826=DIRECTION('',(0.,1.,0.));
#10827=DIRECTION('',(0.,-1.,0.));
#10828=DIRECTION('',(0.,0.,-1.));
#10829=DIRECTION('',(-0.5,0.,0.866025403784438));
#10830=DIRECTION('',(0.866025403784438,0.,0.5));
#10831=DIRECTION('',(0.,1.,0.));
#10832=DIRECTION('',(-0.866025403784438,0.,-0.5));
#10833=DIRECTION('',(0.866025403784438,0.,0.5));
#10834=DIRECTION('',(0.,1.,0.));
#10835=DIRECTION('',(0.,0.,1.));
#10836=DIRECTION('',(0.,1.,0.));
#10837=DIRECTION('',(0.,-1.,0.));
#10838=DIRECTION('',(0.,0.,-1.));
#10839=DIRECTION('',(0.,-1.,0.));
#10840=DIRECTION('',(0.,0.,-1.));
#10841=DIRECTION('',(-0.5,0.,0.866025403784439));
#10842=DIRECTION('',(0.866025403784439,0.,0.5));
#10843=DIRECTION('',(0.866025403784439,0.,0.5));
#10844=DIRECTION('',(-0.866025403784439,0.,-0.5));
#10845=DIRECTION('',(-0.5,0.,0.866025403784437));
#10846=DIRECTION('',(0.866025403784437,0.,0.5));
#10847=DIRECTION('',(0.,1.,0.));
#10848=DIRECTION('',(0.866025403784437,0.,0.5));
#10849=DIRECTION('',(0.,1.,0.));
#10850=DIRECTION('',(-0.866025403784437,0.,-0.5));
#10851=DIRECTION('',(0.,1.,0.));
#10852=DIRECTION('',(0.,0.,1.));
#10853=DIRECTION('',(0.,1.,0.));
#10854=DIRECTION('',(0.,-1.,0.));
#10855=DIRECTION('',(0.,0.,-1.));
#10856=DIRECTION('',(0.,-1.,0.));
#10857=DIRECTION('',(0.,0.,-1.));
#10858=DIRECTION('',(-0.5,0.,0.866025403784437));
#10859=DIRECTION('',(0.866025403784437,0.,0.5));
#10860=DIRECTION('',(0.,1.,0.));
#10861=DIRECTION('',(-0.866025403784437,0.,-0.5));
#10862=DIRECTION('',(0.866025403784437,0.,0.5));
#10863=DIRECTION('',(0.,1.,0.));
#10864=DIRECTION('',(0.,0.,1.));
#10865=DIRECTION('',(0.,-1.,0.));
#10866=DIRECTION('',(0.,0.,-1.));
#10867=DIRECTION('',(0.,-1.,0.));
#10868=DIRECTION('',(0.,0.,-1.));
#10869=DIRECTION('',(0.,1.,0.));
#10870=DIRECTION('',(0.,0.,1.));
#10871=DIRECTION('',(0.,1.,0.));
#10872=DIRECTION('',(0.,-1.,0.));
#10873=DIRECTION('',(0.,0.,-1.));
#10874=DIRECTION('',(0.,1.,0.));
#10875=DIRECTION('',(0.,-1.,0.));
#10876=DIRECTION('',(0.,0.,-1.));
#10877=DIRECTION('',(-0.5,0.,-0.866025403784439));
#10878=DIRECTION('',(-0.866025403784439,0.,0.5));
#10879=DIRECTION('',(0.,1.,0.));
#10880=DIRECTION('',(0.866025403784439,0.,-0.5));
#10881=DIRECTION('',(-0.866025403784439,0.,0.5));
#10882=DIRECTION('',(0.,1.,0.));
#10883=DIRECTION('',(0.,0.,1.));
#10884=DIRECTION('',(0.,1.,0.));
#10885=DIRECTION('',(0.,-1.,0.));
#10886=DIRECTION('',(0.,0.,-1.));
#10887=DIRECTION('',(0.,-1.,0.));
#10888=DIRECTION('',(0.,0.,-1.));
#10889=DIRECTION('',(-0.5,0.,-0.866025403784439));
#10890=DIRECTION('',(-0.866025403784439,0.,0.5));
#10891=DIRECTION('',(-0.866025403784439,0.,0.5));
#10892=DIRECTION('',(0.866025403784439,0.,-0.5));
#10893=DIRECTION('',(-0.5,0.,-0.866025403784439));
#10894=DIRECTION('',(-0.866025403784439,0.,0.5));
#10895=DIRECTION('',(0.,1.,0.));
#10896=DIRECTION('',(-0.866025403784439,0.,0.5));
#10897=DIRECTION('',(0.,1.,0.));
#10898=DIRECTION('',(0.866025403784439,0.,-0.5));
#10899=DIRECTION('',(0.,1.,0.));
#10900=DIRECTION('',(0.,0.,1.));
#10901=DIRECTION('',(0.,1.,0.));
#10902=DIRECTION('',(0.,-1.,0.));
#10903=DIRECTION('',(0.,0.,-1.));
#10904=DIRECTION('',(0.,-1.,0.));
#10905=DIRECTION('',(0.,0.,-1.));
#10906=DIRECTION('',(-0.5,0.,-0.866025403784439));
#10907=DIRECTION('',(-0.866025403784439,0.,0.5));
#10908=DIRECTION('',(0.,1.,0.));
#10909=DIRECTION('',(0.866025403784439,0.,-0.5));
#10910=DIRECTION('',(-0.866025403784439,0.,0.5));
#10911=DIRECTION('',(0.,1.,0.));
#10912=DIRECTION('',(0.,0.,1.));
#10913=DIRECTION('',(0.,-1.,0.));
#10914=DIRECTION('',(0.,0.,-1.));
#10915=DIRECTION('',(0.,-1.,0.));
#10916=DIRECTION('',(0.,0.,-1.));
#10917=DIRECTION('',(-0.5,0.,-0.866025403784438));
#10918=DIRECTION('',(-0.866025403784438,0.,0.5));
#10919=DIRECTION('',(0.,1.,0.));
#10920=DIRECTION('',(-0.866025403784438,0.,0.5));
#10921=DIRECTION('',(0.,1.,0.));
#10922=DIRECTION('',(0.866025403784438,0.,-0.5));
#10923=DIRECTION('',(0.,1.,0.));
#10924=DIRECTION('',(0.,0.,1.));
#10925=DIRECTION('',(0.,1.,0.));
#10926=DIRECTION('',(0.,-1.,0.));
#10927=DIRECTION('',(0.,0.,-1.));
#10928=DIRECTION('',(0.,-1.,0.));
#10929=DIRECTION('',(0.,0.,-1.));
#10930=DIRECTION('',(-0.5,0.,-0.86602540378444));
#10931=DIRECTION('',(-0.86602540378444,0.,0.5));
#10932=DIRECTION('',(0.,1.,0.));
#10933=DIRECTION('',(0.86602540378444,0.,-0.5));
#10934=DIRECTION('',(-0.86602540378444,0.,0.5));
#10935=DIRECTION('',(0.,1.,0.));
#10936=DIRECTION('',(0.,0.,1.));
#10937=DIRECTION('',(0.,-1.,0.));
#10938=DIRECTION('',(0.,0.,-1.));
#10939=DIRECTION('',(0.,-1.,0.));
#10940=DIRECTION('',(0.,0.,-1.));
#10941=DIRECTION('',(0.,1.,0.));
#10942=DIRECTION('',(0.,0.,1.));
#10943=DIRECTION('',(0.,1.,0.));
#10944=DIRECTION('',(0.,-1.,0.));
#10945=DIRECTION('',(0.,0.,-1.));
#10946=DIRECTION('',(0.,1.,0.));
#10947=DIRECTION('',(0.,-1.,0.));
#10948=DIRECTION('',(0.,0.,-1.));
#10949=DIRECTION('',(-0.5,0.,-0.86602540378444));
#10950=DIRECTION('',(-0.86602540378444,0.,0.5));
#10951=DIRECTION('',(0.,1.,0.));
#10952=DIRECTION('',(0.86602540378444,0.,-0.5));
#10953=DIRECTION('',(-0.86602540378444,0.,0.5));
#10954=DIRECTION('',(0.,1.,0.));
#10955=DIRECTION('',(0.,0.,1.));
#10956=DIRECTION('',(0.,1.,0.));
#10957=DIRECTION('',(0.,-1.,0.));
#10958=DIRECTION('',(0.,0.,-1.));
#10959=DIRECTION('',(0.,-1.,0.));
#10960=DIRECTION('',(0.,0.,-1.));
#10961=DIRECTION('',(-0.5,0.,-0.866025403784438));
#10962=DIRECTION('',(-0.866025403784438,0.,0.5));
#10963=DIRECTION('',(-0.866025403784438,0.,0.5));
#10964=DIRECTION('',(0.866025403784438,0.,-0.5));
#10965=DIRECTION('',(-0.498316416142012,0.,-0.866995241857406));
#10966=DIRECTION('',(-0.866995241857406,0.,0.498316416142012));
#10967=DIRECTION('',(0.,1.,0.));
#10968=DIRECTION('',(-0.866995241857406,0.,0.498316416142012));
#10969=DIRECTION('',(0.,1.,0.));
#10970=DIRECTION('',(0.866995241857406,0.,-0.498316416142012));
#10971=DIRECTION('',(0.,1.,0.));
#10972=DIRECTION('',(0.,0.,1.));
#10973=DIRECTION('',(0.,1.,0.));
#10974=DIRECTION('',(0.,-1.,0.));
#10975=DIRECTION('',(0.,0.,-1.));
#10976=DIRECTION('',(0.,-1.,0.));
#10977=DIRECTION('',(0.,0.,-1.));
#10978=DIRECTION('',(-0.5,0.,-0.866025403784439));
#10979=DIRECTION('',(-0.866025403784439,0.,0.5));
#10980=DIRECTION('',(0.,1.,0.));
#10981=DIRECTION('',(0.866025403784439,0.,-0.5));
#10982=DIRECTION('',(-0.866025403784439,0.,0.5));
#10983=DIRECTION('',(0.,1.,0.));
#10984=DIRECTION('',(0.,0.,1.));
#10985=DIRECTION('',(0.,-1.,0.));
#10986=DIRECTION('',(0.,0.,-1.));
#10987=DIRECTION('',(0.,-1.,0.));
#10988=DIRECTION('',(0.,0.,-1.));
#10989=DIRECTION('',(0.,1.,0.));
#10990=DIRECTION('',(0.,0.,1.));
#10991=DIRECTION('',(0.,1.,0.));
#10992=DIRECTION('',(0.,-1.,0.));
#10993=DIRECTION('',(0.,0.,-1.));
#10994=DIRECTION('',(0.,1.,0.));
#10995=DIRECTION('',(0.,-1.,0.));
#10996=DIRECTION('',(0.,0.,-1.));
#10997=DIRECTION('',(-0.500375302807674,0.,0.865808614152186));
#10998=DIRECTION('',(0.865808614152186,0.,0.500375302807674));
#10999=DIRECTION('',(0.,1.,0.));
#11000=DIRECTION('',(-0.865808614152186,0.,-0.500375302807674));
#11001=DIRECTION('',(0.865808614152186,0.,0.500375302807674));
#11002=DIRECTION('',(0.,1.,0.));
#11003=DIRECTION('',(0.,0.,1.));
#11004=DIRECTION('',(0.,1.,0.));
#11005=DIRECTION('',(0.,-1.,0.));
#11006=DIRECTION('',(0.,0.,-1.));
#11007=DIRECTION('',(0.,-1.,0.));
#11008=DIRECTION('',(0.,0.,-1.));
#11009=DIRECTION('',(-0.5,0.,0.86602540378444));
#11010=DIRECTION('',(0.86602540378444,0.,0.5));
#11011=DIRECTION('',(0.86602540378444,0.,0.5));
#11012=DIRECTION('',(-0.86602540378444,0.,-0.5));
#11013=DIRECTION('',(0.,1.,0.));
#11014=DIRECTION('',(0.,1.,0.));
#11015=DIRECTION('',(-1.,0.,0.));
#11016=DIRECTION('',(0.,0.,1.));
#11017=DIRECTION('',(0.,0.,1.));
#11018=DIRECTION('',(0.,1.,0.));
#11019=DIRECTION('',(0.,0.,1.));
#11020=DIRECTION('',(0.,1.,0.));
#11021=DIRECTION('',(0.,1.,0.));
#11022=DIRECTION('',(0.,1.,0.));
#11023=DIRECTION('',(0.,1.,0.));
#11024=DIRECTION('',(1.,0.,0.));
#11025=DIRECTION('',(0.,0.,-1.));
#11026=DIRECTION('',(0.,0.,-1.));
#11027=DIRECTION('',(0.,1.,0.));
#11028=DIRECTION('',(0.,0.,-1.));
#11029=DIRECTION('',(0.,1.,0.));
#11030=DIRECTION('',(0.,1.,0.));
#11031=DIRECTION('',(0.,1.,0.));
#11032=DIRECTION('',(0.,1.,0.));
#11033=DIRECTION('',(1.,0.,0.));
#11034=DIRECTION('',(0.,0.,-1.));
#11035=DIRECTION('',(0.,1.,0.));
#11036=DIRECTION('',(0.,0.,-1.));
#11037=DIRECTION('',(0.,1.,0.));
#11038=DIRECTION('',(0.,1.,0.));
#11039=DIRECTION('',(0.,1.,0.));
#11040=DIRECTION('',(0.,1.,0.));
#11041=DIRECTION('',(0.,1.,0.));
#11042=DIRECTION('',(0.,1.,0.));
#11043=DIRECTION('',(-1.,0.,0.));
#11044=DIRECTION('',(0.,0.,1.));
#11045=DIRECTION('',(0.,1.,0.));
#11046=DIRECTION('',(0.,0.,1.));
#11047=DIRECTION('',(0.,1.,0.));
#11048=DIRECTION('',(0.,1.,0.));
#11049=DIRECTION('',(0.,1.,0.));
#11050=DIRECTION('',(0.,1.,0.));
#11051=DIRECTION('',(0.,1.,0.));
#11052=DIRECTION('',(-1.,0.,0.));
#11053=DIRECTION('',(1.,0.,0.));
#11054=DIRECTION('',(0.,0.,-1.));
#11055=DIRECTION('',(0.,1.,0.));
#11056=DIRECTION('',(0.,0.,-1.));
#11057=DIRECTION('',(0.,1.,0.));
#11058=DIRECTION('',(0.,0.,-1.));
#11059=DIRECTION('',(-1.,0.,0.));
#11060=DIRECTION('',(0.,1.,0.));
#11061=DIRECTION('',(-1.,0.,0.));
#11062=DIRECTION('',(-1.,0.,0.));
#11063=DIRECTION('',(0.,0.,1.));
#11064=DIRECTION('',(0.,1.,0.));
#11065=DIRECTION('',(0.,0.,1.));
#11066=DIRECTION('',(0.,1.,0.));
#11067=DIRECTION('',(0.,1.,0.));
#11068=DIRECTION('',(0.,1.,0.));
#11069=DIRECTION('',(1.,0.,0.));
#11070=DIRECTION('',(0.,0.,-1.));
#11071=DIRECTION('',(0.,1.,0.));
#11072=DIRECTION('',(0.,0.,-1.));
#11073=DIRECTION('',(0.,0.,-1.));
#11074=DIRECTION('',(-1.,0.,0.));
#11075=DIRECTION('',(0.,1.,0.));
#11076=DIRECTION('',(-1.,0.,0.));
#11077=DIRECTION('',(-1.,0.,0.));
#11078=DIRECTION('',(0.,0.,1.));
#11079=DIRECTION('',(0.,1.,0.));
#11080=DIRECTION('',(0.,0.,1.));
#11081=DIRECTION('',(0.,1.,0.));
#11082=DIRECTION('',(0.,1.,0.));
#11083=DIRECTION('',(0.,1.,0.));
#11084=DIRECTION('',(0.,1.,0.));
#11085=DIRECTION('',(-1.,0.,0.));
#11086=DIRECTION('',(0.,0.,1.));
#11087=DIRECTION('',(1.,0.,0.));
#11088=DIRECTION('',(0.,1.,0.));
#11089=DIRECTION('',(1.,0.,0.));
#11090=DIRECTION('',(0.,1.,0.));
#11091=DIRECTION('',(1.,0.,-2.75775875757235E-16));
#11092=DIRECTION('',(-2.75775875757235E-16,0.,-1.));
#11093=DIRECTION('',(0.,1.,0.));
#11094=DIRECTION('',(-2.75775875757235E-16,0.,-1.));
#11095=DIRECTION('',(0.,0.,-1.));
#11096=DIRECTION('',(-1.,0.,0.));
#11097=DIRECTION('',(0.,1.,0.));
#11098=DIRECTION('',(-1.,0.,0.));
#11099=DIRECTION('',(-1.,0.,0.));
#11100=DIRECTION('',(0.,0.,1.));
#11101=DIRECTION('',(0.,1.,0.));
#11102=DIRECTION('',(0.,0.,1.));
#11103=DIRECTION('',(0.853956606987043,0.,-0.520344225857438));
#11104=DIRECTION('',(-0.520344225857438,0.,-0.853956606987043));
#11105=DIRECTION('',(0.,1.,0.));
#11106=DIRECTION('',(-0.520344225857438,0.,-0.853956606987043));
#11107=DIRECTION('',(0.,0.,-1.));
#11108=DIRECTION('',(-1.,0.,0.));
#11109=DIRECTION('',(0.,1.,0.));
#11110=DIRECTION('',(-1.,0.,0.));
#11111=DIRECTION('',(-1.,0.,1.37887937878618E-16));
#11112=DIRECTION('',(1.37887937878618E-16,0.,1.));
#11113=DIRECTION('',(0.,1.,0.));
#11114=DIRECTION('',(1.37887937878618E-16,0.,1.));
#11115=DIRECTION('',(0.,0.,1.));
#11116=DIRECTION('',(1.,0.,0.));
#11117=DIRECTION('',(0.,1.,0.));
#11118=DIRECTION('',(1.,0.,0.));
#11119=DIRECTION('',(1.,0.,-2.09549137390684E-16));
#11120=DIRECTION('',(-2.09549137390684E-16,0.,-1.));
#11121=DIRECTION('',(0.,1.,0.));
#11122=DIRECTION('',(-2.09549137390684E-16,0.,-1.));
#11123=DIRECTION('',(-0.85387346334697,0.,0.520480651505752));
#11124=DIRECTION('',(0.520480651505752,0.,0.85387346334697));
#11125=DIRECTION('',(0.520480651505752,0.,0.85387346334697));
#11126=DIRECTION('',(0.,1.,0.));
#11127=DIRECTION('',(-1.,0.,0.));
#11128=DIRECTION('',(0.,0.,1.));
#11129=DIRECTION('',(1.,0.,0.));
#11130=DIRECTION('',(0.,1.,0.));
#11131=DIRECTION('',(1.,0.,0.));
#11132=DIRECTION('',(0.,1.,0.));
#11133=DIRECTION('',(1.,0.,-2.75775875757235E-16));
#11134=DIRECTION('',(-2.75775875757235E-16,0.,-1.));
#11135=DIRECTION('',(0.,1.,0.));
#11136=DIRECTION('',(-2.75775875757235E-16,0.,-1.));
#11137=DIRECTION('',(0.,0.,-1.));
#11138=DIRECTION('',(-1.,0.,0.));
#11139=DIRECTION('',(0.,1.,0.));
#11140=DIRECTION('',(-1.,0.,0.));
#11141=DIRECTION('',(-1.,0.,0.));
#11142=DIRECTION('',(0.,0.,1.));
#11143=DIRECTION('',(0.,1.,0.));
#11144=DIRECTION('',(0.,0.,1.));
#11145=DIRECTION('',(0.853956606987043,0.,-0.520344225857438));
#11146=DIRECTION('',(-0.520344225857438,0.,-0.853956606987044));
#11147=DIRECTION('',(0.,1.,0.));
#11148=DIRECTION('',(-0.520344225857438,0.,-0.853956606987043));
#11149=DIRECTION('',(0.,0.,-1.));
#11150=DIRECTION('',(-1.,0.,0.));
#11151=DIRECTION('',(0.,1.,0.));
#11152=DIRECTION('',(-1.,0.,0.));
#11153=DIRECTION('',(-1.,0.,0.));
#11154=DIRECTION('',(0.,0.,1.));
#11155=DIRECTION('',(0.,1.,0.));
#11156=DIRECTION('',(0.,0.,1.));
#11157=DIRECTION('',(0.,0.,1.));
#11158=DIRECTION('',(1.,0.,0.));
#11159=DIRECTION('',(0.,1.,0.));
#11160=DIRECTION('',(1.,0.,0.));
#11161=DIRECTION('',(1.,0.,0.));
#11162=DIRECTION('',(0.,0.,-1.));
#11163=DIRECTION('',(0.,1.,0.));
#11164=DIRECTION('',(0.,0.,-1.));
#11165=DIRECTION('',(-0.85387346334697,0.,0.520480651505752));
#11166=DIRECTION('',(0.520480651505752,0.,0.85387346334697));
#11167=DIRECTION('',(0.520480651505752,0.,0.85387346334697));
#11168=DIRECTION('',(0.,1.,0.));
#11169=DIRECTION('',(-1.,0.,0.));
#11170=DIRECTION('',(0.,-1.,0.));
#11171=DIRECTION('',(1.,0.,0.));
#11172=DIRECTION('',(0.,1.,0.));
#11173=DIRECTION('',(0.,0.,1.));
#11174=DIRECTION('',(-9.25185853854297E-17,0.,1.));
#11175=DIRECTION('',(-1.,0.,-9.25185853854297E-17));
#11176=DIRECTION('',(-9.25185853854297E-17,0.,1.));
#11177=DIRECTION('',(-9.25185853854297E-17,0.,1.));
#11178=DIRECTION('',(1.,0.,9.25185853854297E-17));
#11179=DIRECTION('',(9.25185853854297E-17,0.,-1.));
#11180=DIRECTION('',(-1.,0.,-9.25185853854297E-17));
#11181=DIRECTION('',(-9.25185853854297E-17,0.,1.));
#11182=DIRECTION('',(1.,0.,9.25185853854297E-17));
#11183=DIRECTION('',(9.25185853854297E-17,0.,-1.));
#11184=DIRECTION('',(0.,1.,0.));
#11185=DIRECTION('',(-9.25185853854297E-17,0.,1.));
#11186=DIRECTION('',(-9.25185853854297E-17,0.,1.));
#11187=DIRECTION('',(1.,0.,9.25185853854297E-17));
#11188=DIRECTION('',(9.25185853854297E-17,0.,-1.));
#11189=DIRECTION('',(-1.,0.,-9.25185853854297E-17));
#11190=DIRECTION('',(-9.25185853854297E-17,0.,1.));
#11191=DIRECTION('',(1.39897054514259E-16,1.,1.29430775832475E-32));
#11192=DIRECTION('',(-1.,1.39897054514259E-16,0.));
#11193=DIRECTION('',(-1.,1.39897054514259E-16,-9.25185853854297E-17));
#11194=DIRECTION('',(-9.25185853854297E-17,0.,1.));
#11195=DIRECTION('',(-9.25185853854297E-17,0.,1.));
#11196=DIRECTION('',(1.,0.,9.25185853854297E-17));
#11197=DIRECTION('',(9.25185853854297E-17,0.,-1.));
#11198=DIRECTION('',(-1.,0.,-9.25185853854297E-17));
#11199=DIRECTION('',(-9.25185853854297E-17,0.,1.));
#11200=DIRECTION('',(1.,0.,9.25185853854297E-17));
#11201=DIRECTION('',(9.25185853854297E-17,0.,-1.));
#11202=DIRECTION('',(0.,1.,0.));
#11203=DIRECTION('',(-9.25185853854297E-17,0.,1.));
#11204=DIRECTION('',(-9.25185853854297E-17,0.,1.));
#11205=DIRECTION('',(1.,0.,9.25185853854297E-17));
#11206=DIRECTION('',(9.25185853854297E-17,0.,-1.));
#11207=DIRECTION('',(-1.,0.,-9.25185853854297E-17));
#11208=DIRECTION('',(0.,1.,0.));
#11209=DIRECTION('',(0.,0.,1.));
#11210=DIRECTION('',(-9.25185853854297E-17,0.,1.));
#11211=DIRECTION('',(-1.,0.,-9.25185853854297E-17));
#11212=DIRECTION('',(-9.25185853854297E-17,0.,1.));
#11213=DIRECTION('',(-1.,0.,-9.25185853854297E-17));
#11214=DIRECTION('',(-9.25185853854297E-17,0.,1.));
#11215=DIRECTION('',(-9.25185853854297E-17,0.,1.));
#11216=DIRECTION('',(0.,-1.,0.));
#11217=DIRECTION('',(0.,-1.,0.));
#11218=DIRECTION('',(0.,0.,-1.));
#11219=DIRECTION('',(-9.25185853854297E-17,0.,1.));
#11220=DIRECTION('',(1.,0.,9.25185853854297E-17));
#11221=DIRECTION('',(-1.,0.,-9.25185853854297E-17));
#11222=DIRECTION('',(-9.25185853854297E-17,0.,1.));
#11223=DIRECTION('',(-9.25185853854297E-17,0.,1.));
#11224=DIRECTION('',(0.,-1.,0.));
#11225=DIRECTION('',(0.,1.,0.));
#11226=DIRECTION('',(0.,0.,1.));
#11227=DIRECTION('',(-9.25185853854297E-17,0.,1.));
#11228=DIRECTION('',(-1.,0.,-9.25185853854297E-17));
#11229=DIRECTION('',(-1.,0.,-9.25185853854297E-17));
#11230=DIRECTION('',(-9.25185853854297E-17,0.,1.));
#11231=DIRECTION('',(-9.25185853854297E-17,0.,1.));
#11232=DIRECTION('',(0.,-1.,0.));
#11233=DIRECTION('',(0.,-1.,0.));
#11234=DIRECTION('',(0.,0.,-1.));
#11235=DIRECTION('',(-9.25185853854297E-17,0.,1.));
#11236=DIRECTION('',(1.,0.,9.25185853854297E-17));
#11237=DIRECTION('',(1.,0.,9.25185853854297E-17));
#11238=DIRECTION('',(9.25185853854297E-17,0.,-1.));
#11239=DIRECTION('',(-9.25185853854297E-17,0.,1.));
#11240=DIRECTION('',(0.,1.,0.));
#11241=DIRECTION('',(0.,1.,0.));
#11242=DIRECTION('',(0.,0.,1.));
#11243=DIRECTION('',(-9.25185853854297E-17,0.,1.));
#11244=DIRECTION('',(-1.,0.,-9.25185853854297E-17));
#11245=DIRECTION('',(-1.,0.,-9.25185853854297E-17));
#11246=DIRECTION('',(-9.25185853854297E-17,0.,1.));
#11247=DIRECTION('',(0.,-1.,0.));
#11248=DIRECTION('',(-9.25185853854297E-17,0.,1.));
#11249=DIRECTION('',(1.,0.,9.25185853854297E-17));
#11250=DIRECTION('',(-9.25185853854297E-17,0.,1.));
#11251=DIRECTION('',(-9.25185853854297E-17,0.,1.));
#11252=DIRECTION('',(1.,0.,9.25185853854297E-17));
#11253=DIRECTION('',(9.25185853854297E-17,0.,-1.));
#11254=DIRECTION('',(0.,1.,0.));
#11255=DIRECTION('',(-9.25185853854297E-17,0.,1.));
#11256=DIRECTION('',(0.,1.,0.));
#11257=DIRECTION('',(-9.25185853854297E-17,0.,1.));
#11258=DIRECTION('',(-9.25185853854297E-17,0.,1.));
#11259=DIRECTION('',(-9.25185853854297E-17,0.,1.));
#11260=DIRECTION('',(-9.25185853854297E-17,0.,1.));
#11261=DIRECTION('',(-1.,0.,-9.25185853854297E-17));
#11262=DIRECTION('',(-9.25185853854297E-17,0.,1.));
#11263=DIRECTION('',(0.,-1.,0.));
#11264=DIRECTION('',(-9.25185853854297E-17,0.,1.));
#11265=DIRECTION('',(0.,-1.,0.));
#11266=DIRECTION('',(-9.25185853854297E-17,0.,1.));
#11267=DIRECTION('',(-9.25185853854297E-17,0.,1.));
#11268=DIRECTION('',(-9.25185853854297E-17,0.,1.));
#11269=DIRECTION('',(-9.25185853854297E-17,0.,1.));
#11270=DIRECTION('',(-1.,0.,-9.25185853854297E-17));
#11271=DIRECTION('',(-9.25185853854297E-17,0.,1.));
#11272=DIRECTION('',(-9.25185853854297E-17,0.,1.));
#11273=DIRECTION('',(0.,-1.,0.));
#11274=DIRECTION('',(-9.25185853854297E-17,0.,1.));
#11275=DIRECTION('',(-9.25185853854297E-17,0.,1.));
#11276=DIRECTION('',(0.750615419052202,0.660739353059198,0.));
#11277=DIRECTION('',(-9.25185853854297E-17,0.,1.));
#11278=DIRECTION('',(-9.25185853854297E-17,0.,1.));
#11279=DIRECTION('',(1.,0.,9.25185853854297E-17));
#11280=DIRECTION('',(-9.25185853854297E-17,0.,1.));
#11281=DIRECTION('',(0.265550839218376,0.964096858095916,0.));
#11282=DIRECTION('',(-9.25185853854297E-17,0.,1.));
#11283=DIRECTION('',(-9.25185853854297E-17,0.,1.));
#11284=DIRECTION('',(1.,0.,9.25185853854297E-17));
#11285=DIRECTION('',(-9.25185853854297E-17,0.,1.));
#11286=DIRECTION('',(-0.265387157709594,0.964141927582668,0.));
#11287=DIRECTION('',(-9.25185853854297E-17,0.,1.));
#11288=DIRECTION('',(-9.25185853854297E-17,0.,1.));
#11289=DIRECTION('',(1.,0.,9.25185853854297E-17));
#11290=DIRECTION('',(-9.25185853854297E-17,0.,1.));
#11291=DIRECTION('',(-0.750648410365965,0.660701872265435,0.));
#11292=DIRECTION('',(-9.25185853854297E-17,0.,1.));
#11293=DIRECTION('',(-9.25185853854297E-17,0.,1.));
#11294=DIRECTION('',(1.,0.,9.25185853854297E-17));
#11295=DIRECTION('',(-9.25185853854297E-17,0.,1.));
#11296=DIRECTION('',(1.,0.,9.25185853854297E-17));
#11297=DIRECTION('',(9.25185853854297E-17,0.,-1.));
#11298=DIRECTION('',(-9.25185853854297E-17,0.,1.));
#11299=DIRECTION('',(0.,1.,0.));
#11300=DIRECTION('',(-9.25185853854297E-17,0.,1.));
#11301=DIRECTION('',(-0.976924454931651,-0.213585133744128,0.));
#11302=DIRECTION('',(-9.25185853854297E-17,0.,1.));
#11303=DIRECTION('',(-9.25185853854297E-17,0.,1.));
#11304=DIRECTION('',(1.,0.,9.25185853854297E-17));
#11305=DIRECTION('',(-9.25185853854297E-17,0.,1.));
#11306=DIRECTION('',(-0.746390087685985,-0.665508705430746,0.));
#11307=DIRECTION('',(-9.25185853854297E-17,0.,1.));
#11308=DIRECTION('',(-9.25185853854297E-17,0.,1.));
#11309=DIRECTION('',(1.,0.,9.25185853854297E-17));
#11310=DIRECTION('',(-9.25185853854297E-17,0.,1.));
#11311=DIRECTION('',(-0.264005122007095,-0.964521277916677,0.));
#11312=DIRECTION('',(-9.25185853854297E-17,0.,1.));
#11313=DIRECTION('',(-9.25185853854297E-17,0.,1.));
#11314=DIRECTION('',(1.,0.,9.25185853854297E-17));
#11315=DIRECTION('',(-9.25185853854297E-17,0.,1.));
#11316=DIRECTION('',(0.266702238439548,-0.963778976742767,0.));
#11317=DIRECTION('',(-9.25185853854297E-17,0.,1.));
#11318=DIRECTION('',(-9.25185853854297E-17,0.,1.));
#11319=DIRECTION('',(1.,0.,9.25185853854297E-17));
#11320=DIRECTION('',(-9.25185853854297E-17,0.,1.));
#11321=DIRECTION('',(0.752010625774785,-0.659150983251801,0.));
#11322=DIRECTION('',(-9.25185853854297E-17,0.,1.));
#11323=DIRECTION('',(1.,0.,9.25185853854297E-17));
#11324=DIRECTION('',(-9.25185853854297E-17,0.,1.));
#11325=DIRECTION('',(1.,0.,9.25185853854297E-17));
#11326=DIRECTION('',(-9.25185853854297E-17,0.,1.));
#11327=DIRECTION('',(-9.25185853854297E-17,0.,1.));
#11328=DIRECTION('',(1.,0.,9.25185853854297E-17));
#11329=DIRECTION('',(9.25185853854297E-17,0.,-1.));
#11330=DIRECTION('',(0.,1.,0.));
#11331=DIRECTION('',(-9.25185853854297E-17,0.,1.));
#11332=DIRECTION('',(0.,1.,0.));
#11333=DIRECTION('',(-9.25185853854297E-17,0.,1.));
#11334=DIRECTION('',(-9.25185853854297E-17,0.,1.));
#11335=DIRECTION('',(-9.25185853854297E-17,0.,1.));
#11336=DIRECTION('',(-9.25185853854297E-17,0.,1.));
#11337=DIRECTION('',(-1.,0.,-9.25185853854297E-17));
#11338=DIRECTION('',(-9.25185853854297E-17,0.,1.));
#11339=DIRECTION('',(0.,-1.,0.));
#11340=DIRECTION('',(-9.25185853854297E-17,0.,1.));
#11341=DIRECTION('',(0.,-1.,0.));
#11342=DIRECTION('',(-9.25185853854297E-17,0.,1.));
#11343=DIRECTION('',(-9.25185853854297E-17,0.,1.));
#11344=DIRECTION('',(-9.25185853854297E-17,0.,1.));
#11345=DIRECTION('',(-9.25185853854297E-17,0.,1.));
#11346=DIRECTION('',(-1.,0.,-9.25185853854297E-17));
#11347=DIRECTION('',(-9.25185853854297E-17,0.,1.));
#11348=DIRECTION('',(-9.25185853854297E-17,0.,1.));
#11349=DIRECTION('',(0.,-1.,0.));
#11350=DIRECTION('',(-9.25185853854297E-17,0.,1.));
#11351=DIRECTION('',(-9.25185853854297E-17,0.,1.));
#11352=DIRECTION('',(0.750615419053535,0.660739353057684,0.));
#11353=DIRECTION('',(-9.25185853854297E-17,0.,1.));
#11354=DIRECTION('',(-9.25185853854297E-17,0.,1.));
#11355=DIRECTION('',(1.,0.,9.25185853854297E-17));
#11356=DIRECTION('',(-9.25185853854297E-17,0.,1.));
#11357=DIRECTION('',(0.265550839218331,0.964096858095928,0.));
#11358=DIRECTION('',(-9.25185853854297E-17,0.,1.));
#11359=DIRECTION('',(-9.25185853854297E-17,0.,1.));
#11360=DIRECTION('',(1.,0.,9.25185853854297E-17));
#11361=DIRECTION('',(-9.25185853854297E-17,0.,1.));
#11362=DIRECTION('',(-0.265387157709547,0.964141927582681,0.));
#11363=DIRECTION('',(-9.25185853854297E-17,0.,1.));
#11364=DIRECTION('',(-9.25185853854297E-17,0.,1.));
#11365=DIRECTION('',(1.,0.,9.25185853854297E-17));
#11366=DIRECTION('',(-9.25185853854297E-17,0.,1.));
#11367=DIRECTION('',(-0.750648410366054,0.660701872265332,0.));
#11368=DIRECTION('',(-9.25185853854297E-17,0.,1.));
#11369=DIRECTION('',(-9.25185853854297E-17,0.,1.));
#11370=DIRECTION('',(1.,0.,9.25185853854297E-17));
#11371=DIRECTION('',(-9.25185853854297E-17,0.,1.));
#11372=DIRECTION('',(1.,0.,9.25185853854297E-17));
#11373=DIRECTION('',(9.25185853854297E-17,0.,-1.));
#11374=DIRECTION('',(-9.25185853854297E-17,0.,1.));
#11375=DIRECTION('',(0.,1.,0.));
#11376=DIRECTION('',(-9.25185853854297E-17,0.,1.));
#11377=DIRECTION('',(-0.976924454931645,-0.213585133744152,0.));
#11378=DIRECTION('',(-9.25185853854297E-17,0.,1.));
#11379=DIRECTION('',(-9.25185853854297E-17,0.,1.));
#11380=DIRECTION('',(1.,0.,9.25185853854297E-17));
#11381=DIRECTION('',(-9.25185853854297E-17,0.,1.));
#11382=DIRECTION('',(-0.746390087685898,-0.665508705430844,0.));
#11383=DIRECTION('',(-9.25185853854297E-17,0.,1.));
#11384=DIRECTION('',(-9.25185853854297E-17,0.,1.));
#11385=DIRECTION('',(1.,0.,9.25185853854297E-17));
#11386=DIRECTION('',(-9.25185853854297E-17,0.,1.));
#11387=DIRECTION('',(-0.264005122007093,-0.964521277916677,0.));
#11388=DIRECTION('',(-9.25185853854297E-17,0.,1.));
#11389=DIRECTION('',(-9.25185853854297E-17,0.,1.));
#11390=DIRECTION('',(1.,0.,9.25185853854297E-17));
#11391=DIRECTION('',(-9.25185853854297E-17,0.,1.));
#11392=DIRECTION('',(0.266702238439566,-0.963778976742762,0.));
#11393=DIRECTION('',(-9.25185853854297E-17,0.,1.));
#11394=DIRECTION('',(-9.25185853854297E-17,0.,1.));
#11395=DIRECTION('',(1.,0.,9.25185853854297E-17));
#11396=DIRECTION('',(-9.25185853854297E-17,0.,1.));
#11397=DIRECTION('',(0.752010625774662,-0.659150983251941,0.));
#11398=DIRECTION('',(-9.25185853854297E-17,0.,1.));
#11399=DIRECTION('',(1.,0.,9.25185853854297E-17));
#11400=DIRECTION('',(-9.25185853854297E-17,0.,1.));
#11401=DIRECTION('',(1.,0.,9.25185853854297E-17));
#11402=DIRECTION('',(0.,1.,0.));
#11403=DIRECTION('',(0.,0.,1.));
#11404=DIRECTION('',(-9.25185853854297E-17,0.,1.));
#11405=DIRECTION('',(-1.,0.,-9.25185853854297E-17));
#11406=DIRECTION('',(-9.25185853854297E-17,0.,1.));
#11407=DIRECTION('',(-1.,0.,-9.25185853854297E-17));
#11408=DIRECTION('',(-9.25185853854297E-17,0.,1.));
#11409=DIRECTION('',(-9.25185853854297E-17,0.,1.));
#11410=DIRECTION('',(0.,-1.,0.));
#11411=DIRECTION('',(0.,-1.,0.));
#11412=DIRECTION('',(0.,0.,-1.));
#11413=DIRECTION('',(-9.25185853854297E-17,0.,1.));
#11414=DIRECTION('',(1.,0.,9.25185853854297E-17));
#11415=DIRECTION('',(1.,0.,9.25185853854297E-17));
#11416=DIRECTION('',(9.25185853854297E-17,0.,-1.));
#11417=DIRECTION('',(-9.25185853854297E-17,0.,1.));
#11418=DIRECTION('',(0.,1.,0.));
#11419=DIRECTION('',(-0.853956606987043,-0.520344225857439,-7.90068572589826E-17));
#11420=DIRECTION('',(0.520344225857439,-0.853956606987043,0.));
#11421=DIRECTION('',(-9.25185853854297E-17,0.,1.));
#11422=DIRECTION('',(0.520344225857439,-0.853956606987043,4.81415116898068E-17));
#11423=DIRECTION('',(0.,-1.,0.));
#11424=DIRECTION('',(0.,0.,-1.));
#11425=DIRECTION('',(-9.25185853854297E-17,0.,1.));
#11426=DIRECTION('',(1.,0.,9.25185853854297E-17));
#11427=DIRECTION('',(1.,0.,9.25185853854297E-17));
#11428=DIRECTION('',(9.25185853854297E-17,0.,-1.));
#11429=DIRECTION('',(-9.25185853854297E-17,0.,1.));
#11430=DIRECTION('',(0.,1.,0.));
#11431=DIRECTION('',(0.,1.,0.));
#11432=DIRECTION('',(0.,0.,1.));
#11433=DIRECTION('',(-9.25185853854297E-17,0.,1.));
#11434=DIRECTION('',(-1.,0.,-9.25185853854297E-17));
#11435=DIRECTION('',(-1.,0.,-9.25185853854297E-17));
#11436=DIRECTION('',(-9.25185853854297E-17,0.,1.));
#11437=DIRECTION('',(-9.25185853854297E-17,0.,1.));
#11438=DIRECTION('',(0.,-1.,0.));
#11439=DIRECTION('',(0.85387346334697,0.520480651505751,7.89991649270192E-17));
#11440=DIRECTION('',(-0.520480651505751,0.85387346334697,0.));
#11441=DIRECTION('',(-0.520480651505751,0.85387346334697,-4.81541335977989E-17));
#11442=DIRECTION('',(-9.25185853854297E-17,0.,1.));
#11443=DIRECTION('',(1.,0.,9.25185853854297E-17));
#11444=DIRECTION('',(0.,1.,0.));
#11445=DIRECTION('',(0.,0.,1.));
#11446=DIRECTION('',(-9.25185853854297E-17,0.,1.));
#11447=DIRECTION('',(-1.,0.,-9.25185853854297E-17));
#11448=DIRECTION('',(-9.25185853854297E-17,0.,1.));
#11449=DIRECTION('',(-1.,0.,-9.25185853854297E-17));
#11450=DIRECTION('',(-9.25185853854297E-17,0.,1.));
#11451=DIRECTION('',(-9.25185853854297E-17,0.,1.));
#11452=DIRECTION('',(0.,-1.,0.));
#11453=DIRECTION('',(0.,-1.,0.));
#11454=DIRECTION('',(0.,0.,-1.));
#11455=DIRECTION('',(-9.25185853854297E-17,0.,1.));
#11456=DIRECTION('',(1.,0.,9.25185853854297E-17));
#11457=DIRECTION('',(-1.,0.,-9.25185853854297E-17));
#11458=DIRECTION('',(-9.25185853854297E-17,0.,1.));
#11459=DIRECTION('',(-9.25185853854297E-17,0.,1.));
#11460=DIRECTION('',(0.,-1.,0.));
#11461=DIRECTION('',(0.,1.,0.));
#11462=DIRECTION('',(0.,0.,1.));
#11463=DIRECTION('',(-9.25185853854297E-17,0.,1.));
#11464=DIRECTION('',(-1.,0.,-9.25185853854297E-17));
#11465=DIRECTION('',(-1.,0.,-9.25185853854297E-17));
#11466=DIRECTION('',(-9.25185853854297E-17,0.,1.));
#11467=DIRECTION('',(-9.25185853854297E-17,0.,1.));
#11468=DIRECTION('',(0.,-1.,0.));
#11469=DIRECTION('',(0.,-1.,0.));
#11470=DIRECTION('',(0.,0.,-1.));
#11471=DIRECTION('',(-9.25185853854297E-17,0.,1.));
#11472=DIRECTION('',(1.,0.,9.25185853854297E-17));
#11473=DIRECTION('',(1.,0.,9.25185853854297E-17));
#11474=DIRECTION('',(9.25185853854297E-17,0.,-1.));
#11475=DIRECTION('',(-9.25185853854297E-17,0.,1.));
#11476=DIRECTION('',(0.,1.,0.));
#11477=DIRECTION('',(0.,1.,0.));
#11478=DIRECTION('',(0.,0.,1.));
#11479=DIRECTION('',(-9.25185853854297E-17,0.,1.));
#11480=DIRECTION('',(-1.,0.,-9.25185853854297E-17));
#11481=DIRECTION('',(-1.,0.,-9.25185853854297E-17));
#11482=DIRECTION('',(-9.25185853854297E-17,0.,1.));
#11483=DIRECTION('',(0.,-1.,0.));
#11484=DIRECTION('',(-9.25185853854297E-17,0.,1.));
#11485=DIRECTION('',(1.,0.,9.25185853854297E-17));
#11486=DIRECTION('',(9.25185853854297E-17,0.,-1.));
#11487=DIRECTION('',(-1.,0.,-9.25185853854297E-17));
#11488=DIRECTION('',(9.25185853854297E-17,0.,-1.));
#11489=DIRECTION('',(-1.,0.,-9.25185853854297E-17));
#11490=DIRECTION('',(-9.25185853854297E-17,0.,1.));
#11491=DIRECTION('',(1.,0.,9.25185853854297E-17));
#11492=DIRECTION('',(9.25185853854297E-17,0.,-1.));
#11493=DIRECTION('',(-1.,0.,-9.25185853854297E-17));
#11494=DIRECTION('',(9.25185853854297E-17,0.,-1.));
#11495=DIRECTION('',(-1.,0.,-9.25185853854297E-17));
#11496=DIRECTION('',(0.,1.,0.));
#11497=DIRECTION('',(0.,0.,1.));
#11498=DIRECTION('',(0.,1.,0.));
#11499=DIRECTION('',(0.,-1.,0.));
#11500=DIRECTION('',(0.,0.,-1.));
#11501=DIRECTION('',(0.,1.,0.));
#11502=DIRECTION('',(0.,0.,1.));
#11503=DIRECTION('',(0.,-1.,0.));
#11504=DIRECTION('',(0.,0.,-1.));
#11505=DIRECTION('',(0.,1.,0.));
#11506=DIRECTION('',(0.,1.,0.));
#11507=DIRECTION('',(0.,0.,1.));
#11508=DIRECTION('',(0.,-1.,0.));
#11509=DIRECTION('',(0.,0.,-1.));
#11510=DIRECTION('',(0.,1.,0.));
#11511=DIRECTION('',(0.,0.,1.));
#11512=DIRECTION('',(0.,-1.,0.));
#11513=DIRECTION('',(0.,0.,-1.));
#11514=DIRECTION('',(0.,1.,0.));
#11515=DIRECTION('',(0.,1.,0.));
#11516=DIRECTION('',(0.,0.,1.));
#11517=DIRECTION('',(0.,1.,0.));
#11518=DIRECTION('',(0.,-1.,0.));
#11519=DIRECTION('',(0.,0.,-1.));
#11520=DIRECTION('',(0.,1.,0.));
#11521=DIRECTION('',(0.,0.,1.));
#11522=DIRECTION('',(0.,-1.,0.));
#11523=DIRECTION('',(0.,0.,-1.));
#11524=DIRECTION('',(0.,1.,0.));
#11525=DIRECTION('',(0.,0.,1.));
#11526=DIRECTION('',(0.,1.,0.));
#11527=DIRECTION('',(0.,-1.,0.));
#11528=DIRECTION('',(0.,0.,-1.));
#11529=DIRECTION('',(0.,1.,0.));
#11530=DIRECTION('',(0.,0.,1.));
#11531=DIRECTION('',(0.,-1.,0.));
#11532=DIRECTION('',(0.,0.,-1.));
#11533=DIRECTION('',(0.,1.,0.));
#11534=DIRECTION('',(0.,1.,0.));
#11535=DIRECTION('',(0.,0.,1.));
#11536=DIRECTION('',(0.,-1.,0.));
#11537=DIRECTION('',(0.,0.,-1.));
#11538=DIRECTION('',(0.,1.,0.));
#11539=DIRECTION('',(0.,0.,1.));
#11540=DIRECTION('',(0.,1.,0.));
#11541=DIRECTION('',(0.,-1.,0.));
#11542=DIRECTION('',(0.,0.,-1.));
#11543=DIRECTION('',(0.,1.,0.));
#11544=DIRECTION('',(0.,0.,1.));
#11545=DIRECTION('',(0.,-1.,0.));
#11546=DIRECTION('',(0.,0.,-1.));
#11547=DIRECTION('',(0.,1.,0.));
#11548=DIRECTION('',(0.,1.,0.));
#11549=DIRECTION('',(0.,0.,1.));
#11550=DIRECTION('',(0.,-1.,0.));
#11551=DIRECTION('',(0.,0.,-1.));
#11552=DIRECTION('',(0.,-1.,0.));
#11553=DIRECTION('',(0.,0.,-1.));
#11554=DIRECTION('',(-0.988038084009805,0.,-0.15421006629346));
#11555=DIRECTION('',(-0.15421006629346,0.,0.988038084009805));
#11556=DIRECTION('',(0.,-1.,0.));
#11557=DIRECTION('',(0.,0.,-1.));
#11558=DIRECTION('',(0.98803808400981,0.,-0.154210066293431));
#11559=DIRECTION('',(-0.154210066293431,0.,-0.98803808400981));
#11560=DIRECTION('',(0.,-1.,0.));
#11561=DIRECTION('',(0.,0.,-1.));
#11562=DIRECTION('',(0.,-1.,0.));
#11563=DIRECTION('',(0.,0.,-1.));
#11564=DIRECTION('',(0.315080975376253,0.,-0.949064791758681));
#11565=DIRECTION('',(-0.949064791758682,0.,-0.315080975376253));
#11566=DIRECTION('',(0.,-1.,0.));
#11567=DIRECTION('',(0.,0.,-1.));
#11568=DIRECTION('',(0.31508097537624,0.,0.949064791758686));
#11569=DIRECTION('',(0.949064791758686,0.,-0.31508097537624));
#11570=DIRECTION('',(0.,-1.,0.));
#11571=DIRECTION('',(0.,0.,-1.));
#11572=DIRECTION('',(0.,-1.,0.));
#11573=DIRECTION('',(0.,0.,-1.));
#11574=DIRECTION('',(0.985061158343392,0.,0.172204861496925));
#11575=DIRECTION('',(0.172204861496925,0.,-0.985061158343392));
#11576=DIRECTION('',(0.,-1.,0.));
#11577=DIRECTION('',(0.,0.,-1.));
#11578=DIRECTION('',(-0.985061158343392,0.,0.172204861496925));
#11579=DIRECTION('',(0.172204861496925,0.,0.985061158343392));
#11580=DIRECTION('',(0.,-1.,0.));
#11581=DIRECTION('',(0.,0.,-1.));
#11582=DIRECTION('',(0.,-1.,0.));
#11583=DIRECTION('',(0.,0.,-1.));
#11584=DIRECTION('',(-0.151543185523818,0.,0.988450637574428));
#11585=DIRECTION('',(0.988450637574428,0.,0.151543185523818));
#11586=DIRECTION('',(0.,-1.,0.));
#11587=DIRECTION('',(0.,0.,-1.));
#11588=DIRECTION('',(-0.151543185523821,0.,-0.988450637574428));
#11589=DIRECTION('',(-0.988450637574428,0.,0.151543185523821));
#11590=DIRECTION('',(0.,-1.,0.));
#11591=DIRECTION('',(0.,0.,-1.));
#11592=DIRECTION('',(0.,1.,0.));
#11593=DIRECTION('',(0.,0.,1.));
#11594=DIRECTION('',(0.,1.,0.));
#11595=DIRECTION('',(0.,0.,1.));
#11596=DIRECTION('',(0.,-1.,0.));
#11597=DIRECTION('',(0.,0.,-1.));
#11598=DIRECTION('',(0.,1.,0.));
#11599=DIRECTION('',(-1.,0.,0.));
#11600=DIRECTION('',(0.,1.,0.));
#11601=DIRECTION('',(0.,0.,1.));
#11602=DIRECTION('',(0.,1.,0.));
#11603=DIRECTION('',(0.,0.,1.));
#11604=DIRECTION('',(0.,1.,0.));
#11605=DIRECTION('',(0.,0.,1.));
#11606=DIRECTION('',(0.,-1.,0.));
#11607=DIRECTION('',(0.,0.,-1.));
#11608=DIRECTION('',(0.,1.,0.));
#11609=DIRECTION('',(-1.,0.,0.));
#11610=DIRECTION('',(0.,1.,0.));
#11611=DIRECTION('',(0.,0.,1.));
#11612=DIRECTION('',(0.,1.,0.));
#11613=DIRECTION('',(0.,0.,1.));
#11614=DIRECTION('',(0.,1.,0.));
#11615=DIRECTION('',(0.,0.,1.));
#11616=DIRECTION('',(0.,-1.,0.));
#11617=DIRECTION('',(0.,0.,-1.));
#11618=DIRECTION('',(0.,1.,0.));
#11619=DIRECTION('',(-1.,0.,0.));
#11620=DIRECTION('',(0.,1.,0.));
#11621=DIRECTION('',(0.,0.,1.));
#11622=DIRECTION('',(0.,1.,0.));
#11623=DIRECTION('',(0.,0.,1.));
#11624=DIRECTION('',(0.,1.,0.));
#11625=DIRECTION('',(0.,0.,1.));
#11626=DIRECTION('',(0.,-1.,0.));
#11627=DIRECTION('',(0.,0.,-1.));
#11628=DIRECTION('',(0.,1.,0.));
#11629=DIRECTION('',(-1.,0.,0.));
#11630=DIRECTION('',(0.,1.,0.));
#11631=DIRECTION('',(0.,0.,1.));
#11632=DIRECTION('',(0.,-1.,0.));
#11633=DIRECTION('',(0.,0.,-1.));
#11634=DIRECTION('',(0.,-1.,0.));
#11635=DIRECTION('',(0.,0.,-1.));
#11636=DIRECTION('',(0.,-1.,0.));
#11637=DIRECTION('',(0.,0.,-1.));
#11638=DIRECTION('',(0.,-1.,0.));
#11639=DIRECTION('',(0.,0.,-1.));
#11640=DIRECTION('',(0.,1.,0.));
#11641=DIRECTION('',(0.,0.,1.));
#11642=DIRECTION('',(0.,1.,0.));
#11643=DIRECTION('',(0.,0.,1.));
#11644=DIRECTION('',(0.,1.,0.));
#11645=DIRECTION('',(0.,0.,1.));
#11646=DIRECTION('',(0.,1.,0.));
#11647=DIRECTION('',(0.,0.,1.));
#11648=DIRECTION('',(0.353553390593275,-0.707106781186546,0.612372435695796));
#11649=DIRECTION('',(-0.866025403784439,0.,0.5));
#11650=DIRECTION('',(-0.353553390593286,-0.707106781186552,-0.612372435695782));
#11651=DIRECTION('',(0.35355339059327,0.707106781186551,0.612372435695793));
#11652=DIRECTION('',(0.,-1.,0.));
#11653=DIRECTION('',(0.,0.,-1.));
#11654=DIRECTION('',(-0.353553390593267,0.707106781186546,-0.612372435695801));
#11655=DIRECTION('',(0.,-1.,0.));
#11656=DIRECTION('',(0.,0.,-1.));
#11657=DIRECTION('',(0.353553390593283,-0.707106781186545,0.612372435695792));
#11658=DIRECTION('',(0.353553390593267,0.707106781186562,0.612372435695782));
#11659=DIRECTION('',(0.866025403784439,0.,-0.5));
#11660=DIRECTION('',(0.353553390593275,0.707106781186549,-0.612372435695792));
#11661=DIRECTION('',(-0.866025403784437,0.,-0.5));
#11662=DIRECTION('',(-0.353553390593284,0.707106781186551,0.612372435695785));
#11663=DIRECTION('',(0.353553390593284,-0.707106781186551,-0.612372435695785));
#11664=DIRECTION('',(0.,-1.,0.));
#11665=DIRECTION('',(0.,0.,-1.));
#11666=DIRECTION('',(-0.353553390593284,-0.707106781186547,0.61237243569579));
#11667=DIRECTION('',(0.,-1.,0.));
#11668=DIRECTION('',(0.,0.,-1.));
#11669=DIRECTION('',(0.353553390593283,0.707106781186545,-0.612372435695792));
#11670=DIRECTION('',(0.353553390593273,-0.707106781186554,-0.612372435695788));
#11671=DIRECTION('',(0.866025403784437,0.,0.5));
#11672=DIRECTION('',(0.353553390593277,0.707106781186541,-0.6123724356958));
#11673=DIRECTION('',(-0.866025403784439,0.,-0.5));
#11674=DIRECTION('',(-0.353553390593283,0.707106781186553,0.612372435695784));
#11675=DIRECTION('',(0.353553390593267,-0.707106781186553,-0.612372435695792));
#11676=DIRECTION('',(0.,-1.,0.));
#11677=DIRECTION('',(0.,0.,-1.));
#11678=DIRECTION('',(-0.353553390593269,-0.707106781186549,0.612372435695796));
#11679=DIRECTION('',(0.,-1.,0.));
#11680=DIRECTION('',(0.,0.,-1.));
#11681=DIRECTION('',(0.353553390593269,0.707106781186549,-0.612372435695796));
#11682=DIRECTION('',(0.353553390593278,-0.707106781186541,-0.6123724356958));
#11683=DIRECTION('',(0.866025403784438,0.,0.5));
#11684=DIRECTION('',(0.353553390593275,0.707106781186546,-0.612372435695796));
#11685=DIRECTION('',(-0.866025403784439,0.,-0.5));
#11686=DIRECTION('',(-0.353553390593285,0.707106781186549,0.612372435695787));
#11687=DIRECTION('',(0.353553390593269,-0.707106781186549,-0.612372435695796));
#11688=DIRECTION('',(0.,-1.,0.));
#11689=DIRECTION('',(0.,0.,-1.));
#11690=DIRECTION('',(-0.353553390593283,-0.707106781186545,0.612372435695792));
#11691=DIRECTION('',(0.,-1.,0.));
#11692=DIRECTION('',(0.,0.,-1.));
#11693=DIRECTION('',(0.353553390593269,0.707106781186549,-0.612372435695796));
#11694=DIRECTION('',(0.353553390593273,-0.707106781186554,-0.612372435695788));
#11695=DIRECTION('',(0.866025403784437,0.,0.5));
#11696=DIRECTION('',(0.353553390593279,-0.707106781186537,0.612372435695804));
#11697=DIRECTION('',(-0.866025403784439,0.,0.5));
#11698=DIRECTION('',(-0.353553390593272,-0.707106781186556,-0.612372435695786));
#11699=DIRECTION('',(0.353553390593271,0.707106781186555,0.612372435695788));
#11700=DIRECTION('',(0.,-1.,0.));
#11701=DIRECTION('',(0.,0.,-1.));
#11702=DIRECTION('',(-0.353553390593269,0.707106781186549,-0.612372435695796));
#11703=DIRECTION('',(0.,-1.,0.));
#11704=DIRECTION('',(0.,0.,-1.));
#11705=DIRECTION('',(0.353553390593267,-0.707106781186546,0.612372435695801));
#11706=DIRECTION('',(0.353553390593271,0.707106781186554,0.612372435695789));
#11707=DIRECTION('',(0.866025403784439,0.,-0.5));
#11708=DIRECTION('',(0.353553390593273,0.707106781186546,-0.612372435695797));
#11709=DIRECTION('',(-0.86602540378444,0.,-0.5));
#11710=DIRECTION('',(-0.353553390593285,0.707106781186549,0.612372435695787));
#11711=DIRECTION('',(0.353553390593271,-0.707106781186553,-0.612372435695791));
#11712=DIRECTION('',(0.,-1.,0.));
#11713=DIRECTION('',(0.,0.,-1.));
#11714=DIRECTION('',(-0.353553390593285,-0.707106781186549,0.612372435695787));
#11715=DIRECTION('',(0.,-1.,0.));
#11716=DIRECTION('',(0.,0.,-1.));
#11717=DIRECTION('',(0.353553390593283,0.707106781186545,-0.612372435695792));
#11718=DIRECTION('',(0.35355339059327,-0.707106781186558,-0.612372435695785));
#11719=DIRECTION('',(0.866025403784438,0.,0.5));
#11720=DIRECTION('',(0.353553390593271,-0.70710678118655,0.612372435695794));
#11721=DIRECTION('',(-0.86602540378444,0.,0.5));
#11722=DIRECTION('',(-0.353553390593271,-0.707106781186553,-0.612372435695791));
#11723=DIRECTION('',(0.353553390593269,0.707106781186549,0.612372435695796));
#11724=DIRECTION('',(0.,-1.,0.));
#11725=DIRECTION('',(0.,0.,-1.));
#11726=DIRECTION('',(-0.353553390593269,0.707106781186549,-0.612372435695796));
#11727=DIRECTION('',(0.,-1.,0.));
#11728=DIRECTION('',(0.,0.,-1.));
#11729=DIRECTION('',(0.353553390593299,-0.707106781186545,0.612372435695784));
#11730=DIRECTION('',(0.353553390593273,0.707106781186549,0.612372435695793));
#11731=DIRECTION('',(0.866025403784438,0.,-0.5));
#11732=DIRECTION('',(0.353553390593273,-0.707106781186549,0.612372435695793));
#11733=DIRECTION('',(-0.866025403784439,0.,0.5));
#11734=DIRECTION('',(-0.353553390593284,-0.707106781186547,-0.61237243569579));
#11735=DIRECTION('',(0.353553390593268,0.707106781186548,0.612372435695797));
#11736=DIRECTION('',(0.,-1.,0.));
#11737=DIRECTION('',(0.,0.,-1.));
#11738=DIRECTION('',(-0.353553390593268,0.707106781186548,-0.612372435695797));
#11739=DIRECTION('',(0.,-1.,0.));
#11740=DIRECTION('',(0.,0.,-1.));
#11741=DIRECTION('',(0.353553390593268,-0.707106781186547,0.612372435695798));
#11742=DIRECTION('',(0.353553390593277,0.707106781186541,0.6123724356958));
#11743=DIRECTION('',(0.866025403784439,0.,-0.5));
#11744=DIRECTION('',(0.353553390593274,0.707106781186546,-0.612372435695797));
#11745=DIRECTION('',(-0.86602540378444,0.,-0.5));
#11746=DIRECTION('',(-0.353553390593318,0.707106781186553,0.612372435695763));
#11747=DIRECTION('',(0.353553390593268,-0.707106781186551,-0.612372435695794));
#11748=DIRECTION('',(0.,-1.,0.));
#11749=DIRECTION('',(0.,0.,-1.));
#11750=DIRECTION('',(-0.353818769753588,-0.707106781186545,0.612219142276735));
#11751=DIRECTION('',(0.,-1.,0.));
#11752=DIRECTION('',(0.,0.,-1.));
#11753=DIRECTION('',(0.353818769753571,0.707106781186546,-0.612219142276744));
#11754=DIRECTION('',(0.353818769753581,-0.707106781186541,-0.612219142276743));
#11755=DIRECTION('',(0.865808614152186,0.,0.500375302807674));
#11756=DIRECTION('',(0.353553390593279,-0.707106781186537,0.612372435695804));
#11757=DIRECTION('',(-0.866025403784439,0.,0.5));
#11758=DIRECTION('',(-0.353553390593276,-0.707106781186563,-0.612372435695775));
#11759=DIRECTION('',(0.353553390593272,0.707106781186556,0.612372435695786));
#11760=DIRECTION('',(0.,-1.,0.));
#11761=DIRECTION('',(0.,0.,-1.));
#11762=DIRECTION('',(-0.352362917030597,0.707106781186544,-0.613058214773845));
#11763=DIRECTION('',(0.,-1.,0.));
#11764=DIRECTION('',(0.,0.,-1.));
#11765=DIRECTION('',(0.3523629170306,-0.707106781186551,0.613058214773835));
#11766=DIRECTION('',(0.352362917030595,0.707106781186546,0.613058214773844));
#11767=DIRECTION('',(0.866995241857406,0.,-0.498316416142012));
#11768=DIRECTION('',(0.353553390593273,-0.707106781186546,0.612372435695797));
#11769=DIRECTION('',(-0.86602540378444,0.,0.5));
#11770=DIRECTION('',(-0.353553390593285,-0.707106781186549,-0.612372435695787));
#11771=DIRECTION('',(0.353553390593269,0.707106781186549,0.612372435695796));
#11772=DIRECTION('',(0.,-1.,0.));
#11773=DIRECTION('',(0.,0.,-1.));
#11774=DIRECTION('',(-0.353553390593269,0.707106781186549,-0.612372435695796));
#11775=DIRECTION('',(0.,-1.,0.));
#11776=DIRECTION('',(0.,0.,-1.));
#11777=DIRECTION('',(0.353553390593265,-0.707106781186542,0.612372435695806));
#11778=DIRECTION('',(0.353553390593274,0.707106781186549,0.612372435695792));
#11779=DIRECTION('',(0.866025403784438,0.,-0.5));
#11780=DIRECTION('',(0.353553390593274,-0.707106781186546,0.612372435695797));
#11781=DIRECTION('',(-0.86602540378444,0.,0.5));
#11782=DIRECTION('',(-0.353553390593512,-0.707106781186545,-0.612372435695661));
#11783=DIRECTION('',(0.353553390593269,0.707106781186549,0.612372435695796));
#11784=DIRECTION('',(0.,-1.,0.));
#11785=DIRECTION('',(0.,0.,-1.));
#11786=DIRECTION('',(-0.353818769753573,0.707106781186549,-0.612219142276739));
#11787=DIRECTION('',(0.,-1.,0.));
#11788=DIRECTION('',(0.,0.,-1.));
#11789=DIRECTION('',(0.353818769753586,-0.707106781186542,0.612219142276741));
#11790=DIRECTION('',(0.353818769753579,0.707106781186545,0.61221914227674));
#11791=DIRECTION('',(0.865808614152186,0.,-0.500375302807674));
#11792=DIRECTION('',(0.,-1.,0.));
#11793=DIRECTION('',(0.,0.,-1.));
#11794=DIRECTION('',(-0.353553390593282,0.707106781186543,-0.612372435695795));
#11795=DIRECTION('',(-0.353553390593282,-0.707106781186543,-0.612372435695795));
#11796=DIRECTION('',(0.353553390593271,-0.707106781186554,0.612372435695789));
#11797=DIRECTION('',(-0.866025403784439,0.,0.5));
#11798=DIRECTION('',(-0.353553390593281,-0.707106781186542,-0.612372435695797));
#11799=DIRECTION('',(0.353553390593273,0.707106781186554,0.612372435695788));
#11800=DIRECTION('',(0.866025403784437,0.,-0.5));
#11801=DIRECTION('',(-0.353553390593288,0.707106781186537,-0.612372435695799));
#11802=DIRECTION('',(0.,-1.,0.));
#11803=DIRECTION('',(0.,0.,-1.));
#11804=DIRECTION('',(0.,-1.,0.));
#11805=DIRECTION('',(0.,0.,-1.));
#11806=DIRECTION('',(-0.35355339059327,0.707106781186551,-0.612372435695793));
#11807=DIRECTION('',(-0.353553390593271,-0.707106781186553,-0.612372435695791));
#11808=DIRECTION('',(0.353553390593279,-0.707106781186541,0.612372435695799));
#11809=DIRECTION('',(-0.866025403784438,0.,0.5));
#11810=DIRECTION('',(-0.353553390593269,-0.707106781186549,-0.612372435695796));
#11811=DIRECTION('',(0.353553390593279,0.707106781186541,0.612372435695799));
#11812=DIRECTION('',(0.866025403784437,0.,-0.5));
#11813=DIRECTION('',(-0.353553390593271,0.707106781186558,-0.612372435695784));
#11814=DIRECTION('',(0.,-1.,0.));
#11815=DIRECTION('',(0.,0.,-1.));
#11816=DIRECTION('',(0.,-1.,0.));
#11817=DIRECTION('',(0.,0.,-1.));
#11818=DIRECTION('',(-0.353553390593268,0.707106781186548,-0.612372435695798));
#11819=DIRECTION('',(-0.353553390593268,-0.707106781186547,-0.612372435695798));
#11820=DIRECTION('',(0.353553390593275,-0.707106781186546,0.612372435695796));
#11821=DIRECTION('',(-0.866025403784439,0.,0.5));
#11822=DIRECTION('',(-0.353553390593254,-0.707106781186552,-0.612372435695802));
#11823=DIRECTION('',(0.353553390593273,0.70710678118655,0.612372435695793));
#11824=DIRECTION('',(0.866025403784439,0.,-0.5));
#11825=DIRECTION('',(-0.353553390593258,0.707106781186549,-0.612372435695802));
#11826=DIRECTION('',(0.,-1.,0.));
#11827=DIRECTION('',(0.,0.,-1.));
#11828=DIRECTION('',(0.353553390593275,0.707106781186546,-0.612372435695796));
#11829=DIRECTION('',(-0.866025403784439,0.,-0.5));
#11830=DIRECTION('',(-0.353553390593289,0.70710678118655,0.612372435695783));
#11831=DIRECTION('',(0.353553390593273,-0.70710678118655,-0.612372435695792));
#11832=DIRECTION('',(0.,-1.,0.));
#11833=DIRECTION('',(0.,0.,-1.));
#11834=DIRECTION('',(-0.353553390593271,-0.707106781186553,0.61237243569579));
#11835=DIRECTION('',(0.,-1.,0.));
#11836=DIRECTION('',(0.,0.,-1.));
#11837=DIRECTION('',(0.35355339059327,0.707106781186551,-0.612372435695793));
#11838=DIRECTION('',(0.353553390593275,-0.707106781186546,-0.612372435695796));
#11839=DIRECTION('',(0.866025403784439,0.,0.5));
#11840=DIRECTION('',(0.353553390593281,0.707106781186533,-0.612372435695807));
#11841=DIRECTION('',(-0.866025403784439,0.,-0.5));
#11842=DIRECTION('',(-0.353553390593253,0.707106781186555,0.612372435695798));
#11843=DIRECTION('',(0.353553390593269,-0.707106781186553,-0.612372435695792));
#11844=DIRECTION('',(0.,-1.,0.));
#11845=DIRECTION('',(0.,0.,-1.));
#11846=DIRECTION('',(-0.353553390593265,-0.707106781186542,0.612372435695806));
#11847=DIRECTION('',(0.,-1.,0.));
#11848=DIRECTION('',(0.,0.,-1.));
#11849=DIRECTION('',(0.353553390593265,0.707106781186542,-0.612372435695806));
#11850=DIRECTION('',(0.353553390593271,-0.707106781186554,-0.612372435695789));
#11851=DIRECTION('',(0.866025403784439,0.,0.5));
#11852=DIRECTION('',(0.353553390593283,0.707106781186529,-0.612372435695811));
#11853=DIRECTION('',(-0.866025403784439,0.,-0.5));
#11854=DIRECTION('',(-0.353553390593272,0.707106781186564,0.612372435695777));
#11855=DIRECTION('',(0.35355339059327,-0.70710678118656,-0.612372435695782));
#11856=DIRECTION('',(0.,-1.,0.));
#11857=DIRECTION('',(0.,0.,-1.));
#11858=DIRECTION('',(-0.353553390593242,-0.707106781186561,0.612372435695798));
#11859=DIRECTION('',(0.,-1.,0.));
#11860=DIRECTION('',(0.,0.,-1.));
#11861=DIRECTION('',(0.353553390593272,0.707106781186556,-0.612372435695786));
#11862=DIRECTION('',(0.353553390593267,-0.707106781186562,-0.612372435695782));
#11863=DIRECTION('',(0.866025403784439,0.,0.5));
#11864=DIRECTION('',(0.353553390593279,0.707106781186533,-0.612372435695808));
#11865=DIRECTION('',(-0.86602540378444,0.,-0.5));
#11866=DIRECTION('',(-0.353553390593262,0.70710678118656,0.612372435695788));
#11867=DIRECTION('',(0.353553390593278,-0.707106781186559,-0.612372435695779));
#11868=DIRECTION('',(0.,-1.,0.));
#11869=DIRECTION('',(0.,0.,-1.));
#11870=DIRECTION('',(-0.353553390593272,-0.707106781186556,0.612372435695786));
#11871=DIRECTION('',(0.,-1.,0.));
#11872=DIRECTION('',(0.,0.,-1.));
#11873=DIRECTION('',(0.353553390593271,0.707106781186553,-0.612372435695791));
#11874=DIRECTION('',(0.353553390593288,-0.707106781186521,-0.612372435695817));
#11875=DIRECTION('',(0.866025403784438,0.,0.5));
#11876=DIRECTION('',(0.353553390593275,0.707106781186546,-0.612372435695796));
#11877=DIRECTION('',(-0.866025403784439,0.,-0.5));
#11878=DIRECTION('',(-0.353553390593287,0.707106781186537,0.612372435695799));
#11879=DIRECTION('',(0.353553390593273,-0.707106781186541,-0.612372435695803));
#11880=DIRECTION('',(0.,-1.,0.));
#11881=DIRECTION('',(0.,0.,-1.));
#11882=DIRECTION('',(-0.352362917030599,-0.707106781186548,0.61305821477384));
#11883=DIRECTION('',(0.,-1.,0.));
#11884=DIRECTION('',(0.,0.,-1.));
#11885=DIRECTION('',(0.352362917030597,0.707106781186544,-0.613058214773845));
#11886=DIRECTION('',(0.3523629170306,-0.707106781186537,-0.613058214773851));
#11887=DIRECTION('',(0.866995241857406,0.,0.498316416142012));
#11888=DIRECTION('',(-0.353553390593276,-0.707106781186543,-0.612372435695798));
#11889=DIRECTION('',(-0.866025403784439,0.,0.5));
#11890=DIRECTION('',(-0.353553390593266,0.707106781186548,-0.612372435695799));
#11891=DIRECTION('',(0.353553390593268,-0.707106781186551,0.612372435695794));
#11892=DIRECTION('',(0.,1.,0.));
#11893=DIRECTION('',(0.,0.,1.));
#11894=DIRECTION('',(-0.353553390593266,-0.707106781186548,-0.612372435695799));
#11895=DIRECTION('',(0.,1.,0.));
#11896=DIRECTION('',(0.,0.,1.));
#11897=DIRECTION('',(0.353553390593267,0.707106781186549,0.612372435695797));
#11898=DIRECTION('',(-0.353553390593274,0.707106781186548,-0.612372435695795));
#11899=DIRECTION('',(0.866025403784439,0.,-0.5));
#11900=DIRECTION('',(-0.353553390593276,0.707106781186548,0.612372435695794));
#11901=DIRECTION('',(-0.866025403784437,0.,-0.5));
#11902=DIRECTION('',(-0.353553390593265,-0.707106781186546,0.612372435695802));
#11903=DIRECTION('',(0.35355339059328,0.707106781186544,-0.612372435695796));
#11904=DIRECTION('',(0.,1.,0.));
#11905=DIRECTION('',(0.,0.,1.));
#11906=DIRECTION('',(-0.353553390593268,0.707106781186551,0.612372435695794));
#11907=DIRECTION('',(0.,1.,0.));
#11908=DIRECTION('',(0.,0.,1.));
#11909=DIRECTION('',(0.353553390593283,-0.707106781186549,-0.612372435695788));
#11910=DIRECTION('',(-0.353553390593274,-0.707106781186552,0.61237243569579));
#11911=DIRECTION('',(0.866025403784437,0.,0.5));
#11912=DIRECTION('',(-0.353553390593278,0.707106781186539,0.612372435695801));
#11913=DIRECTION('',(-0.866025403784439,0.,-0.5));
#11914=DIRECTION('',(-0.353553390593268,-0.707106781186551,0.612372435695794));
#11915=DIRECTION('',(0.353553390593268,0.707106781186551,-0.612372435695794));
#11916=DIRECTION('',(0.,1.,0.));
#11917=DIRECTION('',(0.,0.,1.));
#11918=DIRECTION('',(-0.353553390593268,0.707106781186551,0.612372435695794));
#11919=DIRECTION('',(0.,1.,0.));
#11920=DIRECTION('',(0.,0.,1.));
#11921=DIRECTION('',(0.353553390593268,-0.707106781186551,-0.612372435695794));
#11922=DIRECTION('',(-0.353553390593279,-0.707106781186539,0.612372435695801));
#11923=DIRECTION('',(0.866025403784438,0.,0.5));
#11924=DIRECTION('',(-0.353553390593276,0.707106781186543,0.612372435695798));
#11925=DIRECTION('',(-0.866025403784439,0.,-0.5));
#11926=DIRECTION('',(-0.35355339059328,-0.707106781186559,0.612372435695778));
#11927=DIRECTION('',(0.353553390593264,0.707106781186559,-0.612372435695787));
#11928=DIRECTION('',(0.,1.,0.));
#11929=DIRECTION('',(0.,0.,1.));
#11930=DIRECTION('',(-0.353553390593284,0.707106781186551,0.612372435695785));
#11931=DIRECTION('',(0.,1.,0.));
#11932=DIRECTION('',(0.,0.,1.));
#11933=DIRECTION('',(0.353553390593296,-0.707106781186543,-0.612372435695787));
#11934=DIRECTION('',(-0.353553390593276,-0.707106781186548,0.612372435695793));
#11935=DIRECTION('',(0.866025403784437,0.,0.5));
#11936=DIRECTION('',(-0.35355339059328,-0.707106781186535,-0.612372435695805));
#11937=DIRECTION('',(-0.866025403784439,0.,0.5));
#11938=DIRECTION('',(-0.35355339059327,0.707106781186557,-0.612372435695786));
#11939=DIRECTION('',(0.353553390593271,-0.707106781186558,0.612372435695784));
#11940=DIRECTION('',(0.,1.,0.));
#11941=DIRECTION('',(0.,0.,1.));
#11942=DIRECTION('',(-0.353553390593266,-0.707106781186548,-0.612372435695799));
#11943=DIRECTION('',(0.,1.,0.));
#11944=DIRECTION('',(0.,0.,1.));
#11945=DIRECTION('',(0.353553390593268,0.707106781186551,0.612372435695794));
#11946=DIRECTION('',(-0.353553390593272,0.707106781186552,-0.612372435695791));
#11947=DIRECTION('',(0.866025403784439,0.,-0.5));
#11948=DIRECTION('',(-0.353553390593274,0.707106781186543,0.612372435695799));
#11949=DIRECTION('',(-0.86602540378444,0.,-0.5));
#11950=DIRECTION('',(-0.35355339059327,-0.707106781186547,0.612372435695798));
#11951=DIRECTION('',(0.353553390593268,0.707106781186544,-0.612372435695803));
#11952=DIRECTION('',(0.,1.,0.));
#11953=DIRECTION('',(0.,0.,1.));
#11954=DIRECTION('',(-0.353553390593266,0.707106781186548,0.612372435695799));
#11955=DIRECTION('',(0.,1.,0.));
#11956=DIRECTION('',(0.,0.,1.));
#11957=DIRECTION('',(0.353553390593268,-0.707106781186551,-0.612372435695794));
#11958=DIRECTION('',(-0.353553390593275,-0.707106781186548,0.612372435695794));
#11959=DIRECTION('',(0.866025403784438,0.,0.5));
#11960=DIRECTION('',(-0.353553390593272,-0.707106781186548,-0.612372435695796));
#11961=DIRECTION('',(-0.86602540378444,0.,0.5));
#11962=DIRECTION('',(-0.353553390593266,0.707106781186548,-0.612372435695799));
#11963=DIRECTION('',(0.353553390593268,-0.707106781186551,0.612372435695794));
#11964=DIRECTION('',(0.,1.,0.));
#11965=DIRECTION('',(0.,0.,1.));
#11966=DIRECTION('',(-0.353553390593282,-0.707106781186547,-0.612372435695791));
#11967=DIRECTION('',(0.,1.,0.));
#11968=DIRECTION('',(0.,0.,1.));
#11969=DIRECTION('',(0.353553390593268,0.707106781186551,0.612372435695794));
#11970=DIRECTION('',(-0.353553390593275,0.707106781186548,-0.612372435695794));
#11971=DIRECTION('',(0.866025403784438,0.,-0.5));
#11972=DIRECTION('',(-0.353553390593274,-0.707106781186548,-0.612372435695795));
#11973=DIRECTION('',(-0.866025403784439,0.,0.5));
#11974=DIRECTION('',(-0.353553390593266,0.707106781186549,-0.612372435695798));
#11975=DIRECTION('',(0.353553390593267,-0.707106781186549,0.612372435695797));
#11976=DIRECTION('',(0.,1.,0.));
#11977=DIRECTION('',(0.,0.,1.));
#11978=DIRECTION('',(-0.353553390593267,-0.707106781186549,-0.612372435695797));
#11979=DIRECTION('',(0.,1.,0.));
#11980=DIRECTION('',(0.,0.,1.));
#11981=DIRECTION('',(0.353553390593268,0.707106781186551,0.612372435695794));
#11982=DIRECTION('',(-0.353553390593278,0.707106781186539,-0.612372435695802));
#11983=DIRECTION('',(0.866025403784439,0.,-0.5));
#11984=DIRECTION('',(-0.353553390593275,0.707106781186543,0.612372435695799));
#11985=DIRECTION('',(-0.86602540378444,0.,-0.5));
#11986=DIRECTION('',(-0.353553390593268,-0.707106781186544,0.612372435695803));
#11987=DIRECTION('',(0.35355339059327,0.707106781186547,-0.612372435695798));
#11988=DIRECTION('',(0.,1.,0.));
#11989=DIRECTION('',(0.,0.,1.));
#11990=DIRECTION('',(-0.35381876975357,0.707106781186548,0.612219142276742));
#11991=DIRECTION('',(0.,1.,0.));
#11992=DIRECTION('',(0.,0.,1.));
#11993=DIRECTION('',(0.353818769753584,-0.707106781186544,-0.612219142276739));
#11994=DIRECTION('',(-0.353818769753574,-0.707106781186556,0.612219142276731));
#11995=DIRECTION('',(0.865808614152186,0.,0.500375302807674));
#11996=DIRECTION('',(-0.35355339059328,-0.707106781186535,-0.612372435695805));
#11997=DIRECTION('',(-0.866025403784439,0.,0.5));
#11998=DIRECTION('',(-0.353553390593209,0.707106781186564,-0.612372435695813));
#11999=DIRECTION('',(0.353553390593257,-0.707106781186562,0.612372435695787));
#12000=DIRECTION('',(0.,1.,0.));
#12001=DIRECTION('',(0.,0.,1.));
#12002=DIRECTION('',(-0.352362917030599,-0.707106781186553,-0.613058214773833));
#12003=DIRECTION('',(0.,1.,0.));
#12004=DIRECTION('',(0.,0.,1.));
#12005=DIRECTION('',(0.352362917030596,0.707106781186546,0.613058214773843));
#12006=DIRECTION('',(-0.352362917030596,0.707106781186543,-0.613058214773846));
#12007=DIRECTION('',(0.866995241857406,0.,-0.498316416142012));
#12008=DIRECTION('',(-0.353553390593274,-0.707106781186543,-0.612372435695799));
#12009=DIRECTION('',(-0.86602540378444,0.,0.5));
#12010=DIRECTION('',(-0.353553390593268,0.707106781186551,-0.612372435695794));
#12011=DIRECTION('',(0.353553390593268,-0.707106781186551,0.612372435695794));
#12012=DIRECTION('',(0.,1.,0.));
#12013=DIRECTION('',(0.,0.,1.));
#12014=DIRECTION('',(-0.353553390593266,-0.707106781186548,-0.612372435695799));
#12015=DIRECTION('',(0.,1.,0.));
#12016=DIRECTION('',(0.,0.,1.));
#12017=DIRECTION('',(0.353553390593268,0.707106781186551,0.612372435695794));
#12018=DIRECTION('',(-0.353553390593275,0.707106781186548,-0.612372435695794));
#12019=DIRECTION('',(0.866025403784438,0.,-0.5));
#12020=DIRECTION('',(-0.353553390593275,-0.707106781186543,-0.612372435695799));
#12021=DIRECTION('',(-0.86602540378444,0.,0.5));
#12022=DIRECTION('',(-0.353553390593269,0.707106781186555,-0.612372435695789));
#12023=DIRECTION('',(0.353553390593268,-0.707106781186551,0.612372435695794));
#12024=DIRECTION('',(0.,1.,0.));
#12025=DIRECTION('',(0.,0.,1.));
#12026=DIRECTION('',(-0.353818769753588,-0.707106781186551,-0.612219142276729));
#12027=DIRECTION('',(0.,1.,0.));
#12028=DIRECTION('',(0.,0.,1.));
#12029=DIRECTION('',(0.353818769753572,0.707106781186551,0.612219142276737));
#12030=DIRECTION('',(-0.353818769753578,0.707106781186548,-0.612219142276738));
#12031=DIRECTION('',(0.865808614152186,0.,-0.500375302807674));
#12032=DIRECTION('',(0.,1.,0.));
#12033=DIRECTION('',(0.,0.,1.));
#12034=DIRECTION('',(-0.353553390593284,-0.707106781186551,-0.612372435695785));
#12035=DIRECTION('',(-0.353553390593266,0.707106781186548,-0.612372435695799));
#12036=DIRECTION('',(-0.353553390593276,-0.707106781186543,-0.612372435695798));
#12037=DIRECTION('',(-0.866025403784439,0.,0.5));
#12038=DIRECTION('',(-0.353553390593283,0.707106781186549,-0.612372435695788));
#12039=DIRECTION('',(-0.353553390593276,0.707106781186548,-0.612372435695793));
#12040=DIRECTION('',(0.866025403784437,0.,-0.5));
#12041=DIRECTION('',(-0.353553390593277,-0.707106781186554,-0.612372435695786));
#12042=DIRECTION('',(0.,1.,0.));
#12043=DIRECTION('',(0.,0.,1.));
#12044=DIRECTION('',(0.,1.,0.));
#12045=DIRECTION('',(0.,0.,1.));
#12046=DIRECTION('',(-0.353553390593268,-0.707106781186551,-0.612372435695794));
#12047=DIRECTION('',(-0.353553390593268,0.707106781186551,-0.612372435695794));
#12048=DIRECTION('',(-0.35355339059328,-0.707106781186539,-0.612372435695801));
#12049=DIRECTION('',(-0.866025403784438,0.,0.5));
#12050=DIRECTION('',(-0.353553390593255,0.707106781186559,-0.612372435695793));
#12051=DIRECTION('',(-0.353553390593278,0.707106781186543,-0.612372435695797));
#12052=DIRECTION('',(0.866025403784437,0.,-0.5));
#12053=DIRECTION('',(-0.353553390593255,-0.707106781186559,-0.612372435695793));
#12054=DIRECTION('',(0.,1.,0.));
#12055=DIRECTION('',(0.,0.,1.));
#12056=DIRECTION('',(0.,1.,0.));
#12057=DIRECTION('',(0.,0.,1.));
#12058=DIRECTION('',(-0.353553390593266,-0.707106781186548,-0.612372435695799));
#12059=DIRECTION('',(-0.353553390593282,0.707106781186547,-0.612372435695791));
#12060=DIRECTION('',(-0.353553390593276,-0.707106781186543,-0.612372435695798));
#12061=DIRECTION('',(-0.866025403784439,0.,0.5));
#12062=DIRECTION('',(-0.353553390593284,0.707106781186551,-0.612372435695785));
#12063=DIRECTION('',(-0.353553390593274,0.707106781186548,-0.612372435695795));
#12064=DIRECTION('',(0.866025403784439,0.,-0.5));
#12065=DIRECTION('',(-0.353553390593269,-0.707106781186546,-0.612372435695799));
#12066=DIRECTION('',(0.,1.,0.));
#12067=DIRECTION('',(0.,0.,1.));
#12068=DIRECTION('',(-0.353553390593276,0.707106781186543,0.612372435695798));
#12069=DIRECTION('',(-0.866025403784439,0.,-0.5));
#12070=DIRECTION('',(-0.353553390593272,-0.707106781186551,0.612372435695793));
#12071=DIRECTION('',(0.353553390593272,0.707106781186551,-0.612372435695793));
#12072=DIRECTION('',(0.,1.,0.));
#12073=DIRECTION('',(0.,0.,1.));
#12074=DIRECTION('',(-0.353553390593268,0.707106781186551,0.612372435695794));
#12075=DIRECTION('',(0.,1.,0.));
#12076=DIRECTION('',(0.,0.,1.));
#12077=DIRECTION('',(0.353553390593269,-0.707106781186553,-0.612372435695792));
#12078=DIRECTION('',(-0.353553390593276,-0.707106781186543,0.612372435695798));
#12079=DIRECTION('',(0.866025403784439,0.,0.5));
#12080=DIRECTION('',(-0.353553390593282,0.707106781186531,0.612372435695809));
#12081=DIRECTION('',(-0.866025403784439,0.,-0.5));
#12082=DIRECTION('',(-0.353553390593243,-0.707106781186568,0.612372435695788));
#12083=DIRECTION('',(0.353553390593257,0.707106781186562,-0.612372435695787));
#12084=DIRECTION('',(0.,1.,0.));
#12085=DIRECTION('',(0.,0.,1.));
#12086=DIRECTION('',(-0.353553390593268,0.707106781186551,0.612372435695794));
#12087=DIRECTION('',(0.,1.,0.));
#12088=DIRECTION('',(0.,0.,1.));
#12089=DIRECTION('',(0.353553390593268,-0.707106781186551,-0.612372435695794));
#12090=DIRECTION('',(-0.353553390593276,-0.707106781186543,0.612372435695798));
#12091=DIRECTION('',(0.866025403784439,0.,0.5));
#12092=DIRECTION('',(-0.353553390593284,0.707106781186527,0.612372435695812));
#12093=DIRECTION('',(-0.866025403784439,0.,-0.5));
#12094=DIRECTION('',(-0.353553390593269,-0.707106781186562,0.61237243569578));
#12095=DIRECTION('',(0.353553390593271,0.707106781186566,-0.612372435695775));
#12096=DIRECTION('',(0.,1.,0.));
#12097=DIRECTION('',(0.,0.,1.));
#12098=DIRECTION('',(-0.353553390593269,0.707106781186555,0.612372435695789));
#12099=DIRECTION('',(0.,1.,0.));
#12100=DIRECTION('',(0.,0.,1.));
#12101=DIRECTION('',(0.353553390593268,-0.707106781186551,-0.612372435695794));
#12102=DIRECTION('',(-0.353553390593268,-0.70710678118656,0.612372435695784));
#12103=DIRECTION('',(0.866025403784439,0.,0.5));
#12104=DIRECTION('',(-0.353553390593276,0.707106781186539,0.612372435695803));
#12105=DIRECTION('',(-0.86602540378444,0.,-0.5));
#12106=DIRECTION('',(-0.353553390593269,-0.707106781186555,0.612372435695789));
#12107=DIRECTION('',(0.353553390593268,0.707106781186551,-0.612372435695794));
#12108=DIRECTION('',(0.,1.,0.));
#12109=DIRECTION('',(0.,0.,1.));
#12110=DIRECTION('',(-0.353553390593284,0.707106781186551,0.612372435695785));
#12111=DIRECTION('',(0.,1.,0.));
#12112=DIRECTION('',(0.,0.,1.));
#12113=DIRECTION('',(0.353553390593269,-0.707106781186555,-0.612372435695789));
#12114=DIRECTION('',(-0.353553390593279,-0.707106781186539,0.612372435695801));
#12115=DIRECTION('',(0.866025403784438,0.,0.5));
#12116=DIRECTION('',(-0.353553390593276,0.707106781186543,0.612372435695798));
#12117=DIRECTION('',(-0.866025403784439,0.,-0.5));
#12118=DIRECTION('',(-0.3535533905933,-0.70710678118655,0.612372435695777));
#12119=DIRECTION('',(0.353553390593268,0.707106781186551,-0.612372435695794));
#12120=DIRECTION('',(0.,1.,0.));
#12121=DIRECTION('',(0.,0.,1.));
#12122=DIRECTION('',(-0.352362917030596,0.707106781186546,0.613058214773843));
#12123=DIRECTION('',(0.,1.,0.));
#12124=DIRECTION('',(0.,0.,1.));
#12125=DIRECTION('',(0.352362917030596,-0.707106781186546,-0.613058214773843));
#12126=DIRECTION('',(-0.352362917030595,-0.707106781186548,0.613058214773842));
#12127=DIRECTION('',(0.866995241857406,0.,0.498316416142012));
#12128=DIRECTION('',(9.25185853854297E-17,0.,-1.));
#12129=DIRECTION('',(-1.,0.,-9.25185853854297E-17));
#12130=DIRECTION('',(0.,1.,0.));
#12131=DIRECTION('',(0.,0.,1.));
#12132=DIRECTION('',(0.707106781186547,0.707106781186548,6.5420519111824E-17));
#12133=DIRECTION('',(-0.707106781186548,0.707106781186547,-6.5420519111824E-17));
#12134=DIRECTION('',(-0.707106781186548,0.707106781186548,-6.5420519111824E-17));
#12135=DIRECTION('',(-0.707106781186548,-0.707106781186548,-6.5420519111824E-17));
#12136=DIRECTION('',(-1.,0.,-9.25185853854297E-17));
#12137=DIRECTION('',(-9.25185853854297E-17,0.,1.));
#12138=DIRECTION('',(-0.707106781186548,-0.707106781186548,-6.5420519111824E-17));
#12139=DIRECTION('',(0.707106781186548,-0.707106781186548,6.5420519111824E-17));
#12140=DIRECTION('',(1.,3.65204942310906E-16,9.25185853854297E-17));
#12141=DIRECTION('',(-3.65204942310906E-16,1.,0.));
#12142=DIRECTION('',(0.707106781186548,-0.707106781186547,6.5420519111824E-17));
#12143=DIRECTION('',(-0.707106781186547,-0.707106781186548,-6.5420519111824E-17));
#12144=DIRECTION('',(0.,-1.,0.));
#12145=DIRECTION('',(0.,0.,-1.));
#12146=DIRECTION('',(9.25185853854297E-17,0.,-1.));
#12147=DIRECTION('',(-1.,0.,-9.25185853854297E-17));
#12148=DIRECTION('',(1.,0.,0.));
#12149=DIRECTION('',(0.,0.,-1.));
#12150=DIRECTION('',(0.,-1.,0.));
#12151=DIRECTION('',(0.,0.,-1.));
#12152=DIRECTION('',(0.,-1.,0.));
#12153=DIRECTION('',(0.,0.,-1.));
#12154=DIRECTION('',(0.,-1.,0.));
#12155=DIRECTION('',(0.,0.,-1.));
#12156=DIRECTION('',(-1.,0.,-9.25185853854297E-17));
#12157=DIRECTION('',(-9.25185853854297E-17,0.,1.));
#12158=DIRECTION('',(1.,0.,0.));
#12159=DIRECTION('',(0.,0.,-1.));
#12160=DIRECTION('',(9.25185853854297E-17,0.,-1.));
#12161=DIRECTION('',(-1.,0.,-9.25185853854297E-17));
#12162=DIRECTION('',(1.,0.,0.));
#12163=DIRECTION('',(0.,0.,-1.));
#12164=DIRECTION('',(9.25185853854297E-17,0.,-1.));
#12165=DIRECTION('',(-1.,0.,-9.25185853854297E-17));
#12166=DIRECTION('',(0.,-1.,0.));
#12167=DIRECTION('',(0.,0.,-1.));
#12168=DIRECTION('',(1.,-1.39897054514259E-16,9.25185853854297E-17));
#12169=DIRECTION('',(1.39897054514259E-16,1.,0.));
#12170=DIRECTION('',(1.,0.,0.));
#12171=DIRECTION('',(0.,0.,-1.));
#12172=DIRECTION('',(0.,1.,0.));
#12173=DIRECTION('',(0.,0.,1.));
#12174=DIRECTION('',(0.,-1.,0.));
#12175=DIRECTION('',(0.,0.,-1.));
#12176=DIRECTION('',(9.25185853854297E-17,0.,-1.));
#12177=DIRECTION('',(-1.,0.,-9.25185853854297E-17));
#12178=DIRECTION('',(9.25185853854297E-17,0.,-1.));
#12179=DIRECTION('',(-1.,0.,-9.25185853854297E-17));
#12180=DIRECTION('',(9.25185853854297E-17,0.,-1.));
#12181=DIRECTION('',(-1.,0.,-9.25185853854297E-17));
#12182=DIRECTION('',(3.85494105772623E-15,-1.,3.56653693405043E-31));
#12183=DIRECTION('',(1.,3.85494105772623E-15,0.));
#12184=DIRECTION('',(3.85494105772623E-15,-1.,3.56653693405043E-31));
#12185=DIRECTION('',(1.,3.85494105772623E-15,0.));
#12186=DIRECTION('',(-1.,-3.85494105772623E-15,-9.25185853854297E-17));
#12187=DIRECTION('',(9.25185853854297E-17,0.,-1.));
#12188=DIRECTION('',(3.85494105772623E-15,-1.,3.56653693405043E-31));
#12189=DIRECTION('',(1.,3.85494105772623E-15,0.));
#12190=DIRECTION('',(9.25185853854297E-17,0.,-1.));
#12191=DIRECTION('',(-1.,-3.85494105772623E-15,-9.25185853854297E-17));
#12192=DIRECTION('',(3.85494105772623E-15,-1.,3.56653693405043E-31));
#12193=DIRECTION('',(1.,3.85494105772623E-15,0.));
#12194=DIRECTION('',(-1.,-4.08170229641602E-15,-9.25185853854297E-17));
#12195=DIRECTION('',(4.08170229641602E-15,-1.,0.));
#12196=DIRECTION('',(-4.08170229641602E-15,1.,-3.7763332242887E-31));
#12197=DIRECTION('',(9.25185853854297E-17,0.,-1.));
#12198=DIRECTION('',(1.,0.,9.25185853854297E-17));
#12199=DIRECTION('',(-4.08170229641602E-15,1.,-3.7763332242887E-31));
#12200=DIRECTION('',(-1.,0.,-9.25185853854297E-17));
#12201=DIRECTION('',(-9.25185853854297E-17,0.,1.));
#12202=DIRECTION('',(9.25185853854297E-17,0.,-1.));
#12203=DIRECTION('',(0.,1.,0.));
#12204=DIRECTION('',(9.25185853854297E-17,0.,-1.));
#12205=DIRECTION('',(0.,1.,0.));
#12206=DIRECTION('',(0.,0.,1.));
#12207=DIRECTION('',(0.,1.,0.));
#12208=DIRECTION('',(0.,0.,1.));
#12209=DIRECTION('',(1.,0.,9.25185853854297E-17));
#12210=DIRECTION('',(0.,1.,0.));
#12211=DIRECTION('',(0.,0.,1.));
#12212=DIRECTION('',(1.,0.,9.25185853854297E-17));
#12213=DIRECTION('',(0.,1.,0.));
#12214=DIRECTION('',(0.,0.,1.));
#12215=DIRECTION('',(9.25185853854297E-17,0.,-1.));
#12216=DIRECTION('',(1.,0.,9.25185853854297E-17));
#12217=DIRECTION('',(0.,1.,0.));
#12218=DIRECTION('',(4.08170229641602E-15,-1.,3.7763332242887E-31));
#12219=DIRECTION('',(1.,4.08170229641602E-15,0.));
#12220=DIRECTION('',(0.,1.,0.));
#12221=DIRECTION('',(0.,0.,1.));
#12222=CARTESIAN_POINT('',(0.,0.,0.));
#12223=CARTESIAN_POINT('',(0.,0.0175,-1.38777878078145E-17));
#12224=CARTESIAN_POINT('',(-0.0403792720632128,0.0175,-0.0192465876083742));
#12225=CARTESIAN_POINT('',(-0.0398542720632128,0.0175,-0.0201559142823479));
#12226=CARTESIAN_POINT('',(-0.0409042720632128,0.0175,-0.0183372609344006));
#12227=CARTESIAN_POINT('',(-0.00228580111329582,0.0175,0.00395912366422584));
#12228=CARTESIAN_POINT('',(-0.0560597166294404,0.0175,-0.0270872609344005));
#12229=CARTESIAN_POINT('',(-0.0555347166294404,0.0175,-0.0279965876083742));
#12230=CARTESIAN_POINT('',(-0.0550097166294404,0.0175,-0.0289059142823479));
#12231=CARTESIAN_POINT('',(-0.0398542720632128,0.0175,-0.0201559142823479));
#12232=CARTESIAN_POINT('',(-0.0415094551371812,0.0175,-0.0142855373311198));
#12233=CARTESIAN_POINT('',(-0.0409853766644748,0.0175,-0.0151932678730005));
#12234=CARTESIAN_POINT('',(-0.0420335336098876,0.0175,-0.0133778067892392));
#12235=CARTESIAN_POINT('',(-0.00471562313927147,0.0175,0.00816769886656555));
#12236=CARTESIAN_POINT('',(-0.0571246611311695,0.0175,-0.0220906733260263));
#12237=CARTESIAN_POINT('',(-0.056600582658463,0.0175,-0.0229984038679069));
#12238=CARTESIAN_POINT('',(-0.0560765041857567,0.0175,-0.0239061344097875));
#12239=CARTESIAN_POINT('',(-0.0409853766644748,0.0175,-0.0151932678730005));
#12240=CARTESIAN_POINT('',(-0.0605219055283548,0.0175,-0.018));
#12241=CARTESIAN_POINT('',(-0.0610469055283548,0.0175,-0.0189093266739737));
#12242=CARTESIAN_POINT('',(-0.0599969055283548,0.0175,-0.0170906733260263));
#12243=CARTESIAN_POINT('',(-0.0751523500945825,0.0175,-0.00834067332602635));
#12244=CARTESIAN_POINT('',(-0.0751523500945825,0.0175,-0.00834067332602635));
#12245=CARTESIAN_POINT('',(-0.0756773500945825,0.0175,-0.00925));
#12246=CARTESIAN_POINT('',(-0.0762023500945825,0.0175,-0.0101593266739737));
#12247=CARTESIAN_POINT('',(-0.0234497050161486,0.0175,-0.0406160805104722));
#12248=CARTESIAN_POINT('',(-0.0413817425745832,0.0175,-0.00920967427260086));
#12249=CARTESIAN_POINT('',(-0.0408567425745832,0.0175,-0.0101190009465745));
#12250=CARTESIAN_POINT('',(-0.0419067425745831,0.0175,-0.0083003475986272));
#12251=CARTESIAN_POINT('',(-0.00688252970331975,0.0175,0.0119208911307517));
#12252=CARTESIAN_POINT('',(-0.0571265041857566,0.0175,-0.0170874810618402));
#12253=CARTESIAN_POINT('',(-0.0566015041857566,0.0175,-0.0179968077358139));
#12254=CARTESIAN_POINT('',(-0.0560765041857566,0.0175,-0.0189061344097875));
#12255=CARTESIAN_POINT('',(-0.0408567425745832,0.0175,-0.0101190009465745));
#12256=CARTESIAN_POINT('',(-0.0413798995199959,0.0175,-0.00421286653678702));
#12257=CARTESIAN_POINT('',(-0.0408567425745832,0.0175,-0.00511900094657453));
#12258=CARTESIAN_POINT('',(-0.0419030564654087,0.0175,-0.00330673212699952));
#12259=CARTESIAN_POINT('',(-0.00904390710360635,0.0175,0.0156645066023792));
#12260=CARTESIAN_POINT('',(-0.0571228180765822,0.0175,-0.0120938655902125));
#12261=CARTESIAN_POINT('',(-0.0565996611311695,0.0175,-0.013));
#12262=CARTESIAN_POINT('',(-0.0560765041857567,0.0175,-0.0139061344097875));
#12263=CARTESIAN_POINT('',(-0.0408567425745832,0.0175,-0.00511900094657453));
#12264=CARTESIAN_POINT('',(-0.0605219055283548,0.0175,-0.013));
#12265=CARTESIAN_POINT('',(-0.0610469055283548,0.0175,-0.0139093266739737));
#12266=CARTESIAN_POINT('',(-0.0599969055283548,0.0175,-0.0120906733260263));
#12267=CARTESIAN_POINT('',(-0.0751523500945825,0.0175,-0.00334067332602635));
#12268=CARTESIAN_POINT('',(-0.0751523500945825,0.0175,-0.00334067332602634));
#12269=CARTESIAN_POINT('',(-0.0756773500945825,0.0175,-0.00425));
#12270=CARTESIAN_POINT('',(-0.0762023500945825,0.0175,-0.00515932667397366));
#12271=CARTESIAN_POINT('',(-0.0212846415066875,0.0175,-0.0368660805104723));
#12272=CARTESIAN_POINT('',(-0.0605219055283548,0.0175,-0.023));
#12273=CARTESIAN_POINT('',(-0.0610469055283548,0.0175,-0.0239093266739736));
#12274=CARTESIAN_POINT('',(-0.0599969055283548,0.0175,-0.0220906733260263));
#12275=CARTESIAN_POINT('',(-0.0751523500945825,0.0175,-0.0133406733260263));
#12276=CARTESIAN_POINT('',(-0.0751523500945825,0.0175,-0.0133406733260263));
#12277=CARTESIAN_POINT('',(-0.0756773500945825,0.0175,-0.01425));
#12278=CARTESIAN_POINT('',(-0.0762023500945825,0.0175,-0.0151593266739737));
#12279=CARTESIAN_POINT('',(-0.0256147685256097,0.0175,-0.0443660805104722));
#12280=CARTESIAN_POINT('',(-0.040334355582701,0.0175,-0.0242313412219365));
#12281=CARTESIAN_POINT('',(-0.0398074593850671,0.0175,-0.0251439522065534));
#12282=CARTESIAN_POINT('',(-0.0408616472715795,0.0175,-0.0233189586885856));
#12283=CARTESIAN_POINT('',(-0.000128298139624276,0.0175,0.000221996637010454));
#12284=CARTESIAN_POINT('',(-0.0560132980193655,0.0175,-0.0320755264875075));
#12285=CARTESIAN_POINT('',(-0.0554879039514174,0.0175,-0.0329846255323673));
#12286=CARTESIAN_POINT('',(-0.0549629039514173,0.0175,-0.0338939522063409));
#12287=CARTESIAN_POINT('',(-0.0398074593850671,0.0175,-0.0251439522065534));
#12288=CARTESIAN_POINT('',(-0.0604879039512947,0.0175,-0.033));
#12289=CARTESIAN_POINT('',(-0.0610129039512947,0.0175,-0.0339093266739736));
#12290=CARTESIAN_POINT('',(-0.0599646717143456,0.0175,-0.0320896549960498));
#12291=CARTESIAN_POINT('',(-0.0751370884468502,0.0175,-0.0233691177135645));
#12292=CARTESIAN_POINT('',(-0.0751370884468274,0.0175,-0.0233691177135249));
#12293=CARTESIAN_POINT('',(-0.0756518489117646,0.0175,-0.0242647231147117));
#12294=CARTESIAN_POINT('',(-0.0761683485175223,0.0175,-0.0251593266739737));
#12295=CARTESIAN_POINT('',(-0.0299363951502669,0.0175,-0.0518513573957208));
#12296=CARTESIAN_POINT('',(-0.0605199353831311,0.0175,-0.0279965876083742));
#12297=CARTESIAN_POINT('',(-0.0610449353831311,0.0175,-0.0289059142823478));
#12298=CARTESIAN_POINT('',(-0.0599949353831311,0.0175,-0.0270872609344005));
#12299=CARTESIAN_POINT('',(-0.0751503799493588,0.0175,-0.0183372609344005));
#12300=CARTESIAN_POINT('',(-0.0751503799493588,0.0175,-0.0183372609344006));
#12301=CARTESIAN_POINT('',(-0.0756753799493588,0.0175,-0.0192465876083742));
#12302=CARTESIAN_POINT('',(-0.0762003799493588,0.0175,-0.0201559142823479));
#12303=CARTESIAN_POINT('',(-0.0277778618898468,0.0175,-0.0481126681188464));
#12304=CARTESIAN_POINT('',(0.0555347166294404,0.0175,-0.0279965876083742));
#12305=CARTESIAN_POINT('',(0.0550097166294404,0.0175,-0.0289059142823479));
#12306=CARTESIAN_POINT('',(0.0560597166294404,0.0175,-0.0270872609344005));
#12307=CARTESIAN_POINT('',(0.0409042720632128,0.0175,-0.0183372609344005));
#12308=CARTESIAN_POINT('',(0.0409042720632128,0.0175,-0.0183372609344006));
#12309=CARTESIAN_POINT('',(0.0403792720632128,0.0175,-0.0192465876083742));
#12310=CARTESIAN_POINT('',(0.0398542720632128,0.0175,-0.0201559142823479));
#12311=CARTESIAN_POINT('',(0.00123580111329568,0.0175,0.0021404703162783));
#12312=CARTESIAN_POINT('',(0.0554879039519836,0.0175,-0.0329846255313871));
#12313=CARTESIAN_POINT('',(0.0549629039519834,0.0175,-0.0338939522053606));
#12314=CARTESIAN_POINT('',(0.056013298019932,0.0175,-0.0320755264865274));
#12315=CARTESIAN_POINT('',(0.0408616472715795,0.0175,-0.0233189586885855));
#12316=CARTESIAN_POINT('',(0.0408616472715795,0.0175,-0.0233189586885856));
#12317=CARTESIAN_POINT('',(0.040334355582701,0.0175,-0.0242313412219365));
#12318=CARTESIAN_POINT('',(0.0398074593850671,0.0175,-0.0251439522065534));
#12319=CARTESIAN_POINT('',(-0.000935785834941777,0.0175,-0.00162082861112245));
#12320=CARTESIAN_POINT('',(0.0420335336098877,0.0175,-0.0133778067892392));
#12321=CARTESIAN_POINT('',(0.0571246611311695,0.0175,-0.0220906733260263));
#12322=CARTESIAN_POINT('',(0.0420335336098877,0.0175,-0.0133778067892392));
#12323=CARTESIAN_POINT('',(0.0415094551371812,0.0175,-0.0142855373311198));
#12324=CARTESIAN_POINT('',(0.0409853766644748,0.0175,-0.0151932678730005));
#12325=CARTESIAN_POINT('',(0.00366746619385854,0.0175,0.00635223778280422));
#12326=CARTESIAN_POINT('',(0.0560765041857567,0.0175,-0.0239061344097875));
#12327=CARTESIAN_POINT('',(0.056600582658463,0.0175,-0.0229984038679069));
#12328=CARTESIAN_POINT('',(0.0419067425745831,0.0175,-0.00830034759862718));
#12329=CARTESIAN_POINT('',(0.0571265041857566,0.0175,-0.0170874810618402));
#12330=CARTESIAN_POINT('',(0.0419067425745831,0.0175,-0.00830034759862718));
#12331=CARTESIAN_POINT('',(0.0413817425745832,0.0175,-0.00920967427260086));
#12332=CARTESIAN_POINT('',(0.0408567425745832,0.0175,-0.0101190009465745));
#12333=CARTESIAN_POINT('',(0.00583252970331973,0.0175,0.0101022377828043));
#12334=CARTESIAN_POINT('',(0.0560765041857566,0.0175,-0.0189061344097875));
#12335=CARTESIAN_POINT('',(0.0566015041857566,0.0175,-0.0179968077358139));
#12336=CARTESIAN_POINT('',(0.0419030564654087,0.0175,-0.00330673212699951));
#12337=CARTESIAN_POINT('',(0.0571228180765822,0.0175,-0.0120938655902125));
#12338=CARTESIAN_POINT('',(0.0419030564654087,0.0175,-0.00330673212699951));
#12339=CARTESIAN_POINT('',(0.0413798995199959,0.0175,-0.00421286653678702));
#12340=CARTESIAN_POINT('',(0.0408567425745832,0.0175,-0.00511900094657452));
#12341=CARTESIAN_POINT('',(0.00799759321278075,0.0175,0.0138522377828042));
#12342=CARTESIAN_POINT('',(0.0560765041857566,0.0175,-0.0139061344097875));
#12343=CARTESIAN_POINT('',(0.0565996611311695,0.0175,-0.013));
#12344=CARTESIAN_POINT('',(0.0756773500945825,0.0175,-0.00425));
#12345=CARTESIAN_POINT('',(0.0762023500945825,0.0175,-0.00515932667397365));
#12346=CARTESIAN_POINT('',(0.0751523500945825,0.0175,-0.00334067332602634));
#12347=CARTESIAN_POINT('',(0.0202346415066876,0.0175,-0.0350474271625249));
#12348=CARTESIAN_POINT('',(0.0599969055283548,0.0175,-0.0120906733260263));
#12349=CARTESIAN_POINT('',(0.0605219055283548,0.0175,-0.013));
#12350=CARTESIAN_POINT('',(0.0610469055283548,0.0175,-0.0139093266739737));
#12351=CARTESIAN_POINT('',(0.0762023500945825,0.0175,-0.00515932667397365));
#12352=CARTESIAN_POINT('',(0.0756773500945825,0.0175,-0.00925));
#12353=CARTESIAN_POINT('',(0.0762023500945825,0.0175,-0.0101593266739736));
#12354=CARTESIAN_POINT('',(0.0751523500945825,0.0175,-0.00834067332602634));
#12355=CARTESIAN_POINT('',(0.0223997050161486,0.0175,-0.0387974271625249));
#12356=CARTESIAN_POINT('',(0.0599969055283548,0.0175,-0.0170906733260263));
#12357=CARTESIAN_POINT('',(0.0605219055283549,0.0175,-0.018));
#12358=CARTESIAN_POINT('',(0.0610469055283548,0.0175,-0.0189093266739737));
#12359=CARTESIAN_POINT('',(0.0762023500945825,0.0175,-0.0101593266739736));
#12360=CARTESIAN_POINT('',(0.0756773500945825,0.0175,-0.01425));
#12361=CARTESIAN_POINT('',(0.0762023500945825,0.0175,-0.0151593266739737));
#12362=CARTESIAN_POINT('',(0.0751523500945825,0.0175,-0.0133406733260263));
#12363=CARTESIAN_POINT('',(0.0245647685256098,0.0175,-0.0425474271625249));
#12364=CARTESIAN_POINT('',(0.0599969055283548,0.0175,-0.0220906733260263));
#12365=CARTESIAN_POINT('',(0.0605219055283548,0.0175,-0.023));
#12366=CARTESIAN_POINT('',(0.0610469055283548,0.0175,-0.0239093266739736));
#12367=CARTESIAN_POINT('',(0.0762023500945825,0.0175,-0.0151593266739737));
#12368=CARTESIAN_POINT('',(0.0756753799493588,0.0175,-0.0192465876083742));
#12369=CARTESIAN_POINT('',(0.0762003799493588,0.0175,-0.0201559142823479));
#12370=CARTESIAN_POINT('',(0.0751503799493588,0.0175,-0.0183372609344006));
#12371=CARTESIAN_POINT('',(0.0267278618898472,0.0175,-0.0462940147708991));
#12372=CARTESIAN_POINT('',(0.0599949353831311,0.0175,-0.0270872609344005));
#12373=CARTESIAN_POINT('',(0.0605199353831311,0.0175,-0.0279965876083742));
#12374=CARTESIAN_POINT('',(0.0610449353831311,0.0175,-0.0289059142823479));
#12375=CARTESIAN_POINT('',(0.0762003799493588,0.0175,-0.0201559142823479));
#12376=CARTESIAN_POINT('',(0.075651848911794,0.0175,-0.0242647231147628));
#12377=CARTESIAN_POINT('',(0.0761683485175224,0.0175,-0.0251593266739737));
#12378=CARTESIAN_POINT('',(0.0751370884468567,0.0175,-0.0233691177135759));
#12379=CARTESIAN_POINT('',(0.0287543314796371,0.0175,-0.0500281904590745));
#12380=CARTESIAN_POINT('',(0.0599646717143456,0.0175,-0.0320896549960497));
#12381=CARTESIAN_POINT('',(0.0604879039512947,0.0175,-0.033));
#12382=CARTESIAN_POINT('',(0.0610129039512947,0.0175,-0.0339093266739736));
#12383=CARTESIAN_POINT('',(0.0761683485175224,0.0175,-0.0251593266739737));
#12384=CARTESIAN_POINT('',(-0.0102940344810728,0.0175,0.0195822206034486));
#12385=CARTESIAN_POINT('',(-0.0115894293654087,0.0175,0.0195822206034486));
#12386=CARTESIAN_POINT('',(-0.00899863959673689,0.0175,0.0195822206034486));
#12387=CARTESIAN_POINT('',(-0.00647559192980728,0.0175,0.0237214012690855));
#12388=CARTESIAN_POINT('',(-0.00395254426287767,0.0175,0.0278605819347224));
#12389=CARTESIAN_POINT('',(-0.00395254426287766,0.0175,0.0237214012690855));
#12390=CARTESIAN_POINT('',(-0.00395254426287766,0.0175,0.0195822206034486));
#12391=CARTESIAN_POINT('',(-0.00265576688666945,0.0175,0.0195822206034486));
#12392=CARTESIAN_POINT('',(-0.00135898951046124,0.0175,0.0195822206034486));
#12393=CARTESIAN_POINT('',(-0.00135898951046124,0.0175,0.0258725586223691));
#12394=CARTESIAN_POINT('',(-0.00135898951046124,0.0175,0.0321628966412894));
#12395=CARTESIAN_POINT('',(-0.00265576688666945,0.0175,0.0321628966412894));
#12396=CARTESIAN_POINT('',(-0.00395254426287766,0.0175,0.0321628966412894));
#12397=CARTESIAN_POINT('',(-0.00647973940542414,0.0175,0.0280154210244188));
#12398=CARTESIAN_POINT('',(-0.00900693454797063,0.0175,0.0238679454075483));
#12399=CARTESIAN_POINT('',(-0.00900693454797063,0.0175,0.0280154210244188));
#12400=CARTESIAN_POINT('',(-0.00900693454797063,0.0175,0.0321628966412894));
#12401=CARTESIAN_POINT('',(-0.0102981819566897,0.0175,0.0321628966412894));
#12402=CARTESIAN_POINT('',(-0.0115894293654087,0.0175,0.0321628966412895));
#12403=CARTESIAN_POINT('',(-0.0115894293654087,0.0175,0.0258725586223691));
#12404=CARTESIAN_POINT('',(0.000523964419598007,0.0175,0.0255877652966773));
#12405=CARTESIAN_POINT('',(0.000523964419598007,0.0175,0.0237296962203193));
#12406=CARTESIAN_POINT('',(0.00118064805893585,0.0175,0.0223306144455616));
#12407=CARTESIAN_POINT('',(0.000523964419598007,0.0175,0.0255877652966773));
#12408=CARTESIAN_POINT('',(0.00118064805893585,0.0175,0.0223306144455616));
#12409=CARTESIAN_POINT('',(0.00118064805893585,0.0175,0.0223306144455616));
#12410=CARTESIAN_POINT('',(0.00183733169827369,0.0175,0.0209315326708039));
#12411=CARTESIAN_POINT('',(0.00306083700525052,0.0175,0.020169779649172));
#12412=CARTESIAN_POINT('',(0.00306083700525052,0.0175,0.020169779649172));
#12413=CARTESIAN_POINT('',(0.00306083700525052,0.0175,0.020169779649172));
#12414=CARTESIAN_POINT('',(0.00428434231222735,0.0175,0.0194080266275401));
#12415=CARTESIAN_POINT('',(0.00586314803038276,0.0175,0.0194080266275401));
#12416=CARTESIAN_POINT('',(0.00586314803038276,0.0175,0.0194080266275401));
#12417=CARTESIAN_POINT('',(0.00586314803038276,0.0175,0.0194080266275401));
#12418=CARTESIAN_POINT('',(0.00742812882981526,0.0175,0.0194080266275401));
#12419=CARTESIAN_POINT('',(0.00865578161240896,0.0175,0.0201601022060659));
#12420=CARTESIAN_POINT('',(0.00865578161240896,0.0175,0.0201601022060659));
#12421=CARTESIAN_POINT('',(0.00865578161240896,0.0175,0.0201601022060659));
#12422=CARTESIAN_POINT('',(0.00988343439500266,0.0175,0.0209121777845918));
#12423=CARTESIAN_POINT('',(0.010556707936808,0.0175,0.0223084945756049));
#12424=CARTESIAN_POINT('',(0.010556707936808,0.0175,0.0223084945756049));
#12425=CARTESIAN_POINT('',(0.010556707936808,0.0175,0.0223084945756049));
#12426=CARTESIAN_POINT('',(0.0112299814786133,0.0175,0.0237048113666181));
#12427=CARTESIAN_POINT('',(0.0112382764298471,0.0175,0.0255186407030628));
#12428=CARTESIAN_POINT('',(0.0112382764298471,0.0175,0.0255186407030628));
#12429=CARTESIAN_POINT('',(0.0112382764298471,0.0175,0.0258297013743281));
#12430=CARTESIAN_POINT('',(0.0112382764298471,0.0175,0.0261407620455933));
#12431=CARTESIAN_POINT('',(0.0112382764298471,0.0175,0.0261407620455933));
#12432=CARTESIAN_POINT('',(0.0112382764298471,0.0175,0.0279988311219514));
#12433=CARTESIAN_POINT('',(0.0105691503636586,0.0175,0.029411737815432));
#12434=CARTESIAN_POINT('',(0.0105691503636586,0.0175,0.029411737815432));
#12435=CARTESIAN_POINT('',(0.0105691503636586,0.0175,0.029411737815432));
#12436=CARTESIAN_POINT('',(0.00990002429747014,0.0175,0.0308246445089126));
#12437=CARTESIAN_POINT('',(0.00867651899049332,0.0175,0.0315808675630553));
#12438=CARTESIAN_POINT('',(0.00867651899049332,0.0175,0.0315808675630553));
#12439=CARTESIAN_POINT('',(0.00867651899049332,0.0175,0.0315808675630553));
#12440=CARTESIAN_POINT('',(0.00745301368351649,0.0175,0.032337090617198));
#12441=CARTESIAN_POINT('',(0.00588112042472254,0.0175,0.032337090617198));
#12442=CARTESIAN_POINT('',(0.00588112042472254,0.0175,0.032337090617198));
#12443=CARTESIAN_POINT('',(0.00588112042472254,0.0175,0.032337090617198));
#12444=CARTESIAN_POINT('',(0.00430922716592858,0.0175,0.032337090617198));
#12445=CARTESIAN_POINT('',(0.00308710435082403,0.0175,0.0315808675630553));
#12446=CARTESIAN_POINT('',(0.00308710435082403,0.0175,0.0315808675630553));
#12447=CARTESIAN_POINT('',(0.00308710435082403,0.0175,0.0315808675630553));
#12448=CARTESIAN_POINT('',(0.0018649815357195,0.0175,0.0308246445089126));
#12449=CARTESIAN_POINT('',(0.00119447297765875,0.0175,0.029411737815432));
#12450=CARTESIAN_POINT('',(0.00119447297765875,0.0175,0.029411737815432));
#12451=CARTESIAN_POINT('',(0.00119447297765875,0.0175,0.029411737815432));
#12452=CARTESIAN_POINT('',(0.000523964419598007,0.0175,0.0279988311219514));
#12453=CARTESIAN_POINT('',(0.000523964419598007,0.0175,0.0261490569968271));
#12454=CARTESIAN_POINT('',(0.000523964419598007,0.0175,0.0261490569968271));
#12455=CARTESIAN_POINT('',(0.000523964419598007,0.0175,0.0258684111467522));
#12456=CARTESIAN_POINT('',(-0.023376555068555,0.0175,0.0280195685000358));
#12457=CARTESIAN_POINT('',(-0.023376555068555,0.0175,0.0321628966412895));
#12458=CARTESIAN_POINT('',(-0.023376555068555,0.0175,0.023876240358782));
#12459=CARTESIAN_POINT('',(-0.023376555068555,0.0175,0.023876240358782));
#12460=CARTESIAN_POINT('',(-0.023376555068555,0.0175,0.0218107975015805));
#12461=CARTESIAN_POINT('',(-0.0220853076598359,0.0175,0.0206094120645603));
#12462=CARTESIAN_POINT('',(-0.0220853076598359,0.0175,0.0206094120645603));
#12463=CARTESIAN_POINT('',(-0.0220853076598359,0.0175,0.0206094120645603));
#12464=CARTESIAN_POINT('',(-0.0207940602511168,0.0175,0.0194080266275401));
#12465=CARTESIAN_POINT('',(-0.0185544234180068,0.0175,0.0194080266275401));
#12466=CARTESIAN_POINT('',(-0.0185544234180068,0.0175,0.0194080266275401));
#12467=CARTESIAN_POINT('',(-0.0185544234180068,0.0175,0.0194080266275401));
#12468=CARTESIAN_POINT('',(-0.0163507313735761,0.0175,0.0194080266275401));
#12469=CARTESIAN_POINT('',(-0.0150553364892402,0.0175,0.020574849767753));
#12470=CARTESIAN_POINT('',(-0.0150553364892402,0.0175,0.020574849767753));
#12471=CARTESIAN_POINT('',(-0.0150553364892402,0.0175,0.020574849767753));
#12472=CARTESIAN_POINT('',(-0.0137599416049043,0.0175,0.021741672907966));
#12473=CARTESIAN_POINT('',(-0.0137350567512031,0.0175,0.0237822309114663));
#12474=CARTESIAN_POINT('',(-0.0137350567512031,0.0175,0.0237822309114663));
#12475=CARTESIAN_POINT('',(-0.0137350567512031,0.0175,0.0279725637763779));
#12476=CARTESIAN_POINT('',(-0.0137350567512031,0.0175,0.0321628966412894));
#12477=CARTESIAN_POINT('',(-0.0150304516355391,0.0175,0.0321628966412894));
#12478=CARTESIAN_POINT('',(-0.016325846519875,0.0175,0.0321628966412894));
#12479=CARTESIAN_POINT('',(-0.016325846519875,0.0175,0.028011273548802));
#12480=CARTESIAN_POINT('',(-0.016325846519875,0.0175,0.0238596504563146));
#12481=CARTESIAN_POINT('',(-0.016325846519875,0.0175,0.0238596504563146));
#12482=CARTESIAN_POINT('',(-0.016325846519875,0.0175,0.0226237027224871));
#12483=CARTESIAN_POINT('',(-0.0169175530412152,0.0175,0.0220582635467204));
#12484=CARTESIAN_POINT('',(-0.0169175530412152,0.0175,0.0220582635467204));
#12485=CARTESIAN_POINT('',(-0.0169175530412152,0.0175,0.0220582635467204));
#12486=CARTESIAN_POINT('',(-0.0175092595625553,0.0175,0.0214928243709537));
#12487=CARTESIAN_POINT('',(-0.0185544234180068,0.0175,0.0214928243709537));
#12488=CARTESIAN_POINT('',(-0.0185544234180068,0.0175,0.0214928243709537));
#12489=CARTESIAN_POINT('',(-0.0185544234180068,0.0175,0.0214928243709537));
#12490=CARTESIAN_POINT('',(-0.0207415255599699,0.0175,0.0214928243709537));
#12491=CARTESIAN_POINT('',(-0.0207747053649048,0.0175,0.0237905258627));
#12492=CARTESIAN_POINT('',(-0.0207747053649048,0.0175,0.0237905258627));
#12493=CARTESIAN_POINT('',(-0.0207747053649048,0.0175,0.0279767112519947));
#12494=CARTESIAN_POINT('',(-0.0207747053649048,0.0175,0.0321628966412895));
#12495=CARTESIAN_POINT('',(-0.0220756302167299,0.0175,0.0321628966412895));
#12496=CARTESIAN_POINT('',(0.0144193902279868,0.0175,0.0195822206034486));
#12497=CARTESIAN_POINT('',(0.0131239953436509,0.0175,0.0195822206034486));
#12498=CARTESIAN_POINT('',(0.0157147851123227,0.0175,0.0195822206034486));
#12499=CARTESIAN_POINT('',(0.0182378327792523,0.0175,0.0237214012690855));
#12500=CARTESIAN_POINT('',(0.020760880446182,0.0175,0.0278605819347224));
#12501=CARTESIAN_POINT('',(0.020760880446182,0.0175,0.0237214012690855));
#12502=CARTESIAN_POINT('',(0.020760880446182,0.0175,0.0195822206034486));
#12503=CARTESIAN_POINT('',(0.0220576578223902,0.0175,0.0195822206034486));
#12504=CARTESIAN_POINT('',(0.0233544351985984,0.0175,0.0195822206034486));
#12505=CARTESIAN_POINT('',(0.0233544351985984,0.0175,0.0258725586223691));
#12506=CARTESIAN_POINT('',(0.0233544351985984,0.0175,0.0321628966412894));
#12507=CARTESIAN_POINT('',(0.0220576578223902,0.0175,0.0321628966412894));
#12508=CARTESIAN_POINT('',(0.020760880446182,0.0175,0.0321628966412894));
#12509=CARTESIAN_POINT('',(0.0182336853036354,0.0175,0.0280154210244188));
#12510=CARTESIAN_POINT('',(0.015706490161089,0.0175,0.0238679454075483));
#12511=CARTESIAN_POINT('',(0.015706490161089,0.0175,0.0280154210244188));
#12512=CARTESIAN_POINT('',(0.015706490161089,0.0175,0.0321628966412894));
#12513=CARTESIAN_POINT('',(0.0144152427523699,0.0175,0.0321628966412894));
#12514=CARTESIAN_POINT('',(0.0131239953436509,0.0175,0.0321628966412894));
#12515=CARTESIAN_POINT('',(0.0131239953436509,0.0175,0.0258725586223691));
#12516=CARTESIAN_POINT('',(-0.087,0.0175,0.034));
#12517=CARTESIAN_POINT('',(-0.087,0.0175,-0.034));
#12518=CARTESIAN_POINT('',(-0.087,0.0175,-0.00891824550052467));
#12519=CARTESIAN_POINT('',(-0.0857702203296423,0.0175,-0.00526993877515537));
#12520=CARTESIAN_POINT('',(-0.087,0.0175,-0.00162163204978606));
#12521=CARTESIAN_POINT('',(-0.087,0.0175,0.034));
#12522=CARTESIAN_POINT('',(-0.087,0.0175,0.034));
#12523=CARTESIAN_POINT('',(-0.075,0.0175,0.034));
#12524=CARTESIAN_POINT('',(-0.075,0.0175,0.046));
#12525=CARTESIAN_POINT('',(-4.25585492772976E-18,0.0175,0.046));
#12526=CARTESIAN_POINT('',(-0.0263930431913164,0.0175,0.046));
#12527=CARTESIAN_POINT('',(-0.0228835949452831,0.0175,0.0445426829416994));
#12528=CARTESIAN_POINT('',(-0.0193741466992498,0.0175,0.046));
#12529=CARTESIAN_POINT('',(-4.25585492772976E-18,0.0175,0.046));
#12530=CARTESIAN_POINT('',(0.075,0.0175,0.046));
#12531=CARTESIAN_POINT('',(0.075,0.0175,0.034));
#12532=CARTESIAN_POINT('',(0.087,0.0175,0.034));
#12533=CARTESIAN_POINT('',(0.087,0.0175,3.87761718159522E-18));
#12534=CARTESIAN_POINT('',(0.087,0.0175,0.00321830543262671));
#12535=CARTESIAN_POINT('',(0.0848869429391696,0.0175,3.0310008278897E-19));
#12536=CARTESIAN_POINT('',(0.087,0.0175,-0.00321830543262671));
#12537=CARTESIAN_POINT('',(0.087,0.0175,3.87761718159522E-18));
#12538=CARTESIAN_POINT('',(0.087,0.0175,-0.034));
#12539=CARTESIAN_POINT('',(0.075,0.0175,-0.034));
#12540=CARTESIAN_POINT('',(0.075,0.0175,-0.046));
#12541=CARTESIAN_POINT('',(-0.075,0.0175,-0.046));
#12542=CARTESIAN_POINT('',(0.0393076483185731,0.0175,-0.046));
#12543=CARTESIAN_POINT('',(0.0356641737622136,0.0175,-0.0447559770270767));
#12544=CARTESIAN_POINT('',(0.0320206992058541,0.0175,-0.046));
#12545=CARTESIAN_POINT('',(-0.075,0.0175,-0.046));
#12546=CARTESIAN_POINT('',(-0.075,0.0175,-0.046));
#12547=CARTESIAN_POINT('',(-0.075,0.0175,-0.034));
#12548=CARTESIAN_POINT('',(0.0848869429391696,0.209370806432938,8.57252759403147E-20));
#12549=CARTESIAN_POINT('',(0.0848869429391696,0.,8.57252759403147E-20));
#12550=CARTESIAN_POINT('',(0.0848869429391696,0.,-0.0014));
#12551=CARTESIAN_POINT('',(0.0848869429391696,0.0149,8.57252759403147E-20));
#12552=CARTESIAN_POINT('',(0.0848869429391696,0.0149,0.0014));
#12553=CARTESIAN_POINT('',(0.0356641737622136,0.209370806432938,-0.0447559770270767));
#12554=CARTESIAN_POINT('',(0.0356641737622136,0.,-0.0447559770270767));
#12555=CARTESIAN_POINT('',(0.0356641737622136,0.,-0.0461559770270767));
#12556=CARTESIAN_POINT('',(0.0356641737622136,0.0149,-0.0447559770270767));
#12557=CARTESIAN_POINT('',(0.0356641737622136,0.0149,-0.0433559770270767));
#12558=CARTESIAN_POINT('',(-0.0857702203296423,0.209370806432938,-0.00526993877515537));
#12559=CARTESIAN_POINT('',(-0.0857702203296423,0.,-0.00526993877515537));
#12560=CARTESIAN_POINT('',(-0.0857702203296423,0.,-0.00666993877515537));
#12561=CARTESIAN_POINT('',(-0.0857702203296423,0.0149,-0.00526993877515537));
#12562=CARTESIAN_POINT('',(-0.0857702203296423,0.0149,-0.00386993877515537));
#12563=CARTESIAN_POINT('',(-0.0228835949452831,0.209370806432938,0.0445426829416994));
#12564=CARTESIAN_POINT('',(-0.0228835949452831,0.,0.0445426829416994));
#12565=CARTESIAN_POINT('',(-0.0228835949452831,0.,0.0431426829416994));
#12566=CARTESIAN_POINT('',(-0.0228835949452831,0.0149,0.0445426829416994));
#12567=CARTESIAN_POINT('',(-0.0228835949452831,0.0149,0.0459426829416994));
#12568=CARTESIAN_POINT('',(-0.087,0.0145,-3.16331927972241E-17));
#12569=CARTESIAN_POINT('',(-0.0875,0.0145,-1.6837021972716E-17));
#12570=CARTESIAN_POINT('',(-0.0875,0.0145,0.034));
#12571=CARTESIAN_POINT('',(-0.0875,0.0145,8.2316655140996E-6));
#12572=CARTESIAN_POINT('',(-0.087,0.0145,8.23166551409886E-6));
#12573=CARTESIAN_POINT('',(-0.087,0.015,8.23166551409886E-6));
#12574=CARTESIAN_POINT('',(-0.087,0.015,-1.38777878078145E-17));
#12575=CARTESIAN_POINT('',(-0.087,0.015,0.034));
#12576=CARTESIAN_POINT('',(-0.087,0.0145,0.034));
#12577=CARTESIAN_POINT('',(4.25585492772976E-18,0.0145,-0.046));
#12578=CARTESIAN_POINT('',(-2.31296463463575E-19,0.0145,-0.0465));
#12579=CARTESIAN_POINT('',(-0.075,0.0145,-0.0465));
#12580=CARTESIAN_POINT('',(0.0303862941537275,0.0145,-0.0465));
#12581=CARTESIAN_POINT('',(0.0303862941537275,0.0145,-0.046));
#12582=CARTESIAN_POINT('',(0.0303862941537275,0.015,-0.046));
#12583=CARTESIAN_POINT('',(0.,0.015,-0.046));
#12584=CARTESIAN_POINT('',(-0.075,0.015,-0.046));
#12585=CARTESIAN_POINT('',(-0.075,0.0145,-0.046));
#12586=CARTESIAN_POINT('',(0.,0.015,-1.38777878078145E-17));
#12587=CARTESIAN_POINT('',(-0.0555347166294404,0.015,-0.0279965876083742));
#12588=CARTESIAN_POINT('',(-0.0550097166294404,0.015,-0.0289059142823479));
#12589=CARTESIAN_POINT('',(-0.0560597166294405,0.015,-0.0270872609344005));
#12590=CARTESIAN_POINT('',(-0.0409042720632128,0.015,-0.0183372609344005));
#12591=CARTESIAN_POINT('',(-0.0409042720632128,0.015,-0.0183372609344006));
#12592=CARTESIAN_POINT('',(-0.0403792720632128,0.015,-0.0192465876083742));
#12593=CARTESIAN_POINT('',(-0.0398542720632128,0.015,-0.0201559142823479));
#12594=CARTESIAN_POINT('',(-0.00123580111329568,0.015,0.0021404703162783));
#12595=CARTESIAN_POINT('',(-0.056600582658463,0.015,-0.0229984038679069));
#12596=CARTESIAN_POINT('',(-0.0560765041857566,0.015,-0.0239061344097875));
#12597=CARTESIAN_POINT('',(-0.0571246611311694,0.015,-0.0220906733260263));
#12598=CARTESIAN_POINT('',(-0.0420335336098877,0.015,-0.0133778067892392));
#12599=CARTESIAN_POINT('',(-0.0420335336098876,0.015,-0.0133778067892392));
#12600=CARTESIAN_POINT('',(-0.0415094551371812,0.015,-0.0142855373311198));
#12601=CARTESIAN_POINT('',(-0.0409853766644748,0.015,-0.0151932678730004));
#12602=CARTESIAN_POINT('',(-0.00366746619385853,0.015,0.00635223778280422));
#12603=CARTESIAN_POINT('',(-0.0756773500945825,0.015,-0.00925));
#12604=CARTESIAN_POINT('',(-0.0762023500945825,0.015,-0.0101593266739737));
#12605=CARTESIAN_POINT('',(-0.0751523500945825,0.015,-0.00834067332602635));
#12606=CARTESIAN_POINT('',(-0.0223997050161486,0.015,-0.0387974271625249));
#12607=CARTESIAN_POINT('',(-0.0599969055283548,0.015,-0.0170906733260263));
#12608=CARTESIAN_POINT('',(-0.0605219055283548,0.015,-0.018));
#12609=CARTESIAN_POINT('',(-0.0610469055283548,0.015,-0.0189093266739737));
#12610=CARTESIAN_POINT('',(-0.0762023500945825,0.015,-0.0101593266739736));
#12611=CARTESIAN_POINT('',(-0.0566015041857566,0.015,-0.0179968077358139));
#12612=CARTESIAN_POINT('',(-0.0560765041857566,0.015,-0.0189061344097875));
#12613=CARTESIAN_POINT('',(-0.0571265041857567,0.015,-0.0170874810618402));
#12614=CARTESIAN_POINT('',(-0.0419067425745831,0.015,-0.00830034759862717));
#12615=CARTESIAN_POINT('',(-0.0419067425745831,0.015,-0.0083003475986272));
#12616=CARTESIAN_POINT('',(-0.0413817425745832,0.015,-0.00920967427260086));
#12617=CARTESIAN_POINT('',(-0.0408567425745832,0.015,-0.0101190009465745));
#12618=CARTESIAN_POINT('',(-0.00583252970331973,0.015,0.0101022377828043));
#12619=CARTESIAN_POINT('',(-0.0565996611311695,0.015,-0.013));
#12620=CARTESIAN_POINT('',(-0.0560765041857566,0.015,-0.0139061344097875));
#12621=CARTESIAN_POINT('',(-0.0571228180765822,0.015,-0.0120938655902125));
#12622=CARTESIAN_POINT('',(-0.0419030564654087,0.015,-0.00330673212699952));
#12623=CARTESIAN_POINT('',(-0.0419030564654087,0.015,-0.00330673212699952));
#12624=CARTESIAN_POINT('',(-0.0413798995199959,0.015,-0.00421286653678702));
#12625=CARTESIAN_POINT('',(-0.0408567425745832,0.015,-0.00511900094657454));
#12626=CARTESIAN_POINT('',(-0.00799759321278074,0.015,0.0138522377828042));
#12627=CARTESIAN_POINT('',(-0.0756773500945825,0.015,-0.00425));
#12628=CARTESIAN_POINT('',(-0.0762023500945825,0.015,-0.00515932667397367));
#12629=CARTESIAN_POINT('',(-0.0751523500945825,0.015,-0.00334067332602634));
#12630=CARTESIAN_POINT('',(-0.0202346415066876,0.015,-0.0350474271625249));
#12631=CARTESIAN_POINT('',(-0.0599969055283548,0.015,-0.0120906733260263));
#12632=CARTESIAN_POINT('',(-0.0605219055283548,0.015,-0.013));
#12633=CARTESIAN_POINT('',(-0.0610469055283548,0.015,-0.0139093266739736));
#12634=CARTESIAN_POINT('',(-0.0762023500945825,0.015,-0.00515932667397366));
#12635=CARTESIAN_POINT('',(-0.0756773500945825,0.015,-0.01425));
#12636=CARTESIAN_POINT('',(-0.0762023500945825,0.015,-0.0151593266739737));
#12637=CARTESIAN_POINT('',(-0.0751523500945825,0.015,-0.0133406733260263));
#12638=CARTESIAN_POINT('',(-0.0245647685256098,0.015,-0.0425474271625249));
#12639=CARTESIAN_POINT('',(-0.0599969055283548,0.015,-0.0220906733260263));
#12640=CARTESIAN_POINT('',(-0.0605219055283548,0.015,-0.023));
#12641=CARTESIAN_POINT('',(-0.0610469055283548,0.015,-0.0239093266739736));
#12642=CARTESIAN_POINT('',(-0.0762023500945825,0.015,-0.0151593266739737));
#12643=CARTESIAN_POINT('',(-0.0554879039514174,0.015,-0.0329846255323673));
#12644=CARTESIAN_POINT('',(-0.0549629039512947,0.015,-0.0338939522065533));
#12645=CARTESIAN_POINT('',(-0.0560132980193655,0.015,-0.0320755264875075));
#12646=CARTESIAN_POINT('',(-0.0408616472715795,0.015,-0.0233189586885855));
#12647=CARTESIAN_POINT('',(-0.0408616472715795,0.015,-0.0233189586885856));
#12648=CARTESIAN_POINT('',(-0.040334355582701,0.015,-0.0242313412219365));
#12649=CARTESIAN_POINT('',(-0.0398074593850671,0.015,-0.0251439522065534));
#12650=CARTESIAN_POINT('',(0.000935785834941777,0.015,-0.00162082861112244));
#12651=CARTESIAN_POINT('',(-0.0756518489117646,0.015,-0.0242647231147117));
#12652=CARTESIAN_POINT('',(-0.0761683485174995,0.015,-0.025159326673934));
#12653=CARTESIAN_POINT('',(-0.0751370884468274,0.015,-0.0233691177135249));
#12654=CARTESIAN_POINT('',(-0.0287543314796371,0.015,-0.0500281904590745));
#12655=CARTESIAN_POINT('',(-0.0599646717143456,0.015,-0.0320896549960498));
#12656=CARTESIAN_POINT('',(-0.0604879039512947,0.015,-0.033));
#12657=CARTESIAN_POINT('',(-0.0610129039512947,0.015,-0.0339093266739736));
#12658=CARTESIAN_POINT('',(-0.0761683485175224,0.015,-0.0251593266739737));
#12659=CARTESIAN_POINT('',(-0.0756753799493588,0.015,-0.0192465876083742));
#12660=CARTESIAN_POINT('',(-0.0762003799493588,0.015,-0.0201559142823479));
#12661=CARTESIAN_POINT('',(-0.0751503799493588,0.015,-0.0183372609344006));
#12662=CARTESIAN_POINT('',(-0.0267278618898471,0.015,-0.0462940147708991));
#12663=CARTESIAN_POINT('',(-0.0599949353831311,0.015,-0.0270872609344005));
#12664=CARTESIAN_POINT('',(-0.0605199353831311,0.015,-0.0279965876083742));
#12665=CARTESIAN_POINT('',(-0.0610449353831311,0.015,-0.0289059142823479));
#12666=CARTESIAN_POINT('',(-0.0762003799493588,0.015,-0.0201559142823479));
#12667=CARTESIAN_POINT('',(0.0403792720632128,0.015,-0.0192465876083742));
#12668=CARTESIAN_POINT('',(0.0398542720632128,0.015,-0.0201559142823479));
#12669=CARTESIAN_POINT('',(0.0409042720632128,0.015,-0.0183372609344006));
#12670=CARTESIAN_POINT('',(0.00228580111329582,0.015,0.00395912366422584));
#12671=CARTESIAN_POINT('',(0.0560597166294404,0.015,-0.0270872609344005));
#12672=CARTESIAN_POINT('',(0.0555347166294404,0.015,-0.0279965876083742));
#12673=CARTESIAN_POINT('',(0.0550097166294404,0.015,-0.0289059142823479));
#12674=CARTESIAN_POINT('',(0.0398542720632128,0.015,-0.0201559142823479));
#12675=CARTESIAN_POINT('',(0.040334355582701,0.015,-0.0242313412219365));
#12676=CARTESIAN_POINT('',(0.0398074593850671,0.015,-0.0251439522065534));
#12677=CARTESIAN_POINT('',(0.0408616472715795,0.015,-0.0233189586885856));
#12678=CARTESIAN_POINT('',(0.000128298139624274,0.015,0.000221996637010451));
#12679=CARTESIAN_POINT('',(0.056013298019932,0.015,-0.0320755264865274));
#12680=CARTESIAN_POINT('',(0.0554879039519836,0.015,-0.0329846255313871));
#12681=CARTESIAN_POINT('',(0.0549629039512946,0.015,-0.0338939522065533));
#12682=CARTESIAN_POINT('',(0.0398074593850671,0.015,-0.0251439522065534));
#12683=CARTESIAN_POINT('',(0.00471562313927148,0.015,0.00816769886656557));
#12684=CARTESIAN_POINT('',(0.0420335336098877,0.015,-0.0133778067892392));
#12685=CARTESIAN_POINT('',(0.0571246611311695,0.015,-0.0220906733260263));
#12686=CARTESIAN_POINT('',(0.056600582658463,0.015,-0.0229984038679069));
#12687=CARTESIAN_POINT('',(0.0560765041857566,0.015,-0.0239061344097875));
#12688=CARTESIAN_POINT('',(0.0409853766644748,0.015,-0.0151932678730005));
#12689=CARTESIAN_POINT('',(0.0409853766644748,0.015,-0.0151932678730004));
#12690=CARTESIAN_POINT('',(0.0415094551371812,0.015,-0.0142855373311198));
#12691=CARTESIAN_POINT('',(0.00688252970331975,0.015,0.0119208911307516));
#12692=CARTESIAN_POINT('',(0.0419067425745831,0.015,-0.00830034759862718));
#12693=CARTESIAN_POINT('',(0.0571265041857566,0.015,-0.0170874810618402));
#12694=CARTESIAN_POINT('',(0.0566015041857566,0.015,-0.0179968077358139));
#12695=CARTESIAN_POINT('',(0.0560765041857566,0.015,-0.0189061344097875));
#12696=CARTESIAN_POINT('',(0.0408567425745832,0.015,-0.0101190009465745));
#12697=CARTESIAN_POINT('',(0.0408567425745832,0.015,-0.0101190009465745));
#12698=CARTESIAN_POINT('',(0.0413817425745832,0.015,-0.00920967427260086));
#12699=CARTESIAN_POINT('',(0.00904390710360635,0.015,0.0156645066023792));
#12700=CARTESIAN_POINT('',(0.0419030564654087,0.015,-0.00330673212699952));
#12701=CARTESIAN_POINT('',(0.0571228180765822,0.015,-0.0120938655902125));
#12702=CARTESIAN_POINT('',(0.0565996611311695,0.015,-0.013));
#12703=CARTESIAN_POINT('',(0.0560765041857567,0.015,-0.0139061344097875));
#12704=CARTESIAN_POINT('',(0.0408567425745832,0.015,-0.00511900094657452));
#12705=CARTESIAN_POINT('',(0.0408567425745832,0.015,-0.00511900094657453));
#12706=CARTESIAN_POINT('',(0.0413798995199959,0.015,-0.00421286653678702));
#12707=CARTESIAN_POINT('',(0.0605219055283548,0.015,-0.013));
#12708=CARTESIAN_POINT('',(0.0610469055283548,0.015,-0.0139093266739736));
#12709=CARTESIAN_POINT('',(0.0599969055283548,0.015,-0.0120906733260263));
#12710=CARTESIAN_POINT('',(0.0751523500945825,0.015,-0.00334067332602634));
#12711=CARTESIAN_POINT('',(0.0751523500945825,0.015,-0.00334067332602634));
#12712=CARTESIAN_POINT('',(0.0756773500945825,0.015,-0.00425));
#12713=CARTESIAN_POINT('',(0.0762023500945825,0.015,-0.00515932667397365));
#12714=CARTESIAN_POINT('',(0.0212846415066875,0.015,-0.0368660805104722));
#12715=CARTESIAN_POINT('',(0.0605219055283549,0.015,-0.018));
#12716=CARTESIAN_POINT('',(0.0610469055283548,0.015,-0.0189093266739737));
#12717=CARTESIAN_POINT('',(0.0599969055283548,0.015,-0.0170906733260263));
#12718=CARTESIAN_POINT('',(0.0751523500945825,0.015,-0.00834067332602633));
#12719=CARTESIAN_POINT('',(0.0751523500945825,0.015,-0.00834067332602633));
#12720=CARTESIAN_POINT('',(0.0756773500945825,0.015,-0.00925));
#12721=CARTESIAN_POINT('',(0.0762023500945825,0.015,-0.0101593266739737));
#12722=CARTESIAN_POINT('',(0.0234497050161486,0.015,-0.0406160805104722));
#12723=CARTESIAN_POINT('',(0.0605219055283548,0.015,-0.023));
#12724=CARTESIAN_POINT('',(0.0610469055283548,0.015,-0.0239093266739736));
#12725=CARTESIAN_POINT('',(0.0599969055283548,0.015,-0.0220906733260263));
#12726=CARTESIAN_POINT('',(0.0751523500945825,0.015,-0.0133406733260263));
#12727=CARTESIAN_POINT('',(0.0751523500945825,0.015,-0.0133406733260263));
#12728=CARTESIAN_POINT('',(0.0756773500945825,0.015,-0.01425));
#12729=CARTESIAN_POINT('',(0.0762023500945825,0.015,-0.0151593266739737));
#12730=CARTESIAN_POINT('',(0.0256147685256097,0.015,-0.0443660805104722));
#12731=CARTESIAN_POINT('',(0.0605199353831311,0.015,-0.0279965876083742));
#12732=CARTESIAN_POINT('',(0.0610449353831311,0.015,-0.0289059142823479));
#12733=CARTESIAN_POINT('',(0.0599949353831311,0.015,-0.0270872609344005));
#12734=CARTESIAN_POINT('',(0.0751503799493588,0.015,-0.0183372609344006));
#12735=CARTESIAN_POINT('',(0.0751503799493588,0.015,-0.0183372609344006));
#12736=CARTESIAN_POINT('',(0.0756753799493588,0.015,-0.0192465876083742));
#12737=CARTESIAN_POINT('',(0.0762003799493588,0.015,-0.0201559142823479));
#12738=CARTESIAN_POINT('',(0.0277778618898469,0.015,-0.0481126681188464));
#12739=CARTESIAN_POINT('',(0.0604879039512947,0.015,-0.033));
#12740=CARTESIAN_POINT('',(0.0610129039512947,0.015,-0.0339093266739736));
#12741=CARTESIAN_POINT('',(0.0599646717143456,0.015,-0.0320896549960497));
#12742=CARTESIAN_POINT('',(0.0751370884468502,0.015,-0.0233691177135645));
#12743=CARTESIAN_POINT('',(0.0751370884468567,0.015,-0.023369117713576));
#12744=CARTESIAN_POINT('',(0.075651848911794,0.015,-0.0242647231147628));
#12745=CARTESIAN_POINT('',(0.076168348517529,0.015,-0.0251593266739851));
#12746=CARTESIAN_POINT('',(0.0299363951502669,0.015,-0.0518513573957208));
#12747=CARTESIAN_POINT('',(0.0356641737622136,0.015,-0.0447559770270767));
#12748=CARTESIAN_POINT('',(0.0305604173658814,0.015,-0.045986493441798));
#12749=CARTESIAN_POINT('',(0.0407679301585458,0.015,-0.045986493441798));
#12750=CARTESIAN_POINT('',(0.0409420533706997,0.015,-0.04487087));
#12751=CARTESIAN_POINT('',(0.0409420533706997,0.015,-0.046));
#12752=CARTESIAN_POINT('',(0.,0.015,-0.046));
#12753=CARTESIAN_POINT('',(0.075,0.015,-0.046));
#12754=CARTESIAN_POINT('',(0.075,0.015,-0.034));
#12755=CARTESIAN_POINT('',(0.087,0.015,-0.034));
#12756=CARTESIAN_POINT('',(0.087,0.015,-1.38777878078145E-17));
#12757=CARTESIAN_POINT('',(0.087,0.015,-0.00518663150844189));
#12758=CARTESIAN_POINT('',(0.0858708663828769,0.015,-0.00518663150844189));
#12759=CARTESIAN_POINT('',(0.0869424873440796,0.015,-0.00483086298702863));
#12760=CARTESIAN_POINT('',(0.0848869429391696,0.015,8.16480432537774E-19));
#12761=CARTESIAN_POINT('',(0.0869424873440796,0.015,0.00483086298702864));
#12762=CARTESIAN_POINT('',(0.0858708663828769,0.015,0.00518663150844189));
#12763=CARTESIAN_POINT('',(0.087,0.015,0.00518663150844189));
#12764=CARTESIAN_POINT('',(0.087,0.015,-1.38777878078145E-17));
#12765=CARTESIAN_POINT('',(0.087,0.015,0.034));
#12766=CARTESIAN_POINT('',(0.075,0.015,0.034));
#12767=CARTESIAN_POINT('',(0.075,0.015,0.046));
#12768=CARTESIAN_POINT('',(0.,0.015,0.046));
#12769=CARTESIAN_POINT('',(-0.0176457686289714,0.015,0.046));
#12770=CARTESIAN_POINT('',(-0.0176457686289714,0.015,0.0449));
#12771=CARTESIAN_POINT('',(-0.017835193976618,0.015,0.0459835672741777));
#12772=CARTESIAN_POINT('',(-0.0228835949452831,0.015,0.0445426829416994));
#12773=CARTESIAN_POINT('',(-0.0279319959139482,0.015,0.0459835672741777));
#12774=CARTESIAN_POINT('',(-0.0281214212615948,0.015,0.0449));
#12775=CARTESIAN_POINT('',(-0.0281214212615948,0.015,0.046));
#12776=CARTESIAN_POINT('',(0.,0.015,0.046));
#12777=CARTESIAN_POINT('',(-0.075,0.015,0.046));
#12778=CARTESIAN_POINT('',(-0.075,0.015,0.034));
#12779=CARTESIAN_POINT('',(-0.08587087,0.015,8.23166551409909E-6));
#12780=CARTESIAN_POINT('',(-0.0869869592684044,0.015,-0.000162880291556411));
#12781=CARTESIAN_POINT('',(-0.0857702203296423,0.015,-0.00526993877515537));
#12782=CARTESIAN_POINT('',(-0.0869869592684044,0.015,-0.0103769972587543));
#12783=CARTESIAN_POINT('',(-0.08587087,0.015,-0.0105481092158248));
#12784=CARTESIAN_POINT('',(-0.087,0.015,-0.0105481092158248));
#12785=CARTESIAN_POINT('',(-0.087,0.015,-1.38777878078145E-17));
#12786=CARTESIAN_POINT('',(-0.087,0.015,-0.034));
#12787=CARTESIAN_POINT('',(-0.075,0.015,-0.034));
#12788=CARTESIAN_POINT('',(0.0303862941537275,0.015,-0.04487087));
#12789=CARTESIAN_POINT('',(-1.36464913443509E-17,-0.0175,0.0465));
#12790=CARTESIAN_POINT('',(0.0498383152735721,-0.0175,0.0465));
#12791=CARTESIAN_POINT('',(0.0498383152735721,0.0042,0.0465));
#12792=CARTESIAN_POINT('',(0.0498383152735721,0.0082,0.0465));
#12793=CARTESIAN_POINT('',(-1.36464913443509E-17,0.0082,0.0465));
#12794=CARTESIAN_POINT('',(0.0403383152735721,0.0082,0.0465));
#12795=CARTESIAN_POINT('',(0.0403383152735721,-0.0175,0.0465));
#12796=CARTESIAN_POINT('',(0.0403383152735721,0.0042,0.0465));
#12797=CARTESIAN_POINT('',(-2.15714385924975E-17,0.0042,0.0465));
#12798=CARTESIAN_POINT('',(-1.36464913443509E-17,0.,0.0465));
#12799=CARTESIAN_POINT('',(-0.0035,0.,0.0465));
#12800=CARTESIAN_POINT('',(-0.0176457686289714,0.,0.0465));
#12801=CARTESIAN_POINT('',(-0.0176457686289714,-2.00000000000027E-6,0.0465));
#12802=CARTESIAN_POINT('',(-0.0176457686289714,0.0145,0.0465));
#12803=CARTESIAN_POINT('',(-1.36464913443509E-17,0.0145,0.0465));
#12804=CARTESIAN_POINT('',(0.075,0.0145,0.0465));
#12805=CARTESIAN_POINT('',(0.075,-0.0175,0.0465));
#12806=CARTESIAN_POINT('',(0.075,0.,0.0465));
#12807=CARTESIAN_POINT('',(-1.36464913443509E-17,0.,0.0465));
#12808=CARTESIAN_POINT('',(0.0035,0.,0.0465));
#12809=CARTESIAN_POINT('',(-1.10444061303857E-17,2.14313189850787E-19,0.0465));
#12810=CARTESIAN_POINT('',(-0.0875,-0.0175,-1.6837021972716E-17));
#12811=CARTESIAN_POINT('',(-0.0875,-2.00000000000027E-6,-0.0105481092158248));
#12812=CARTESIAN_POINT('',(-0.0875,0.,-0.0105481092158248));
#12813=CARTESIAN_POINT('',(-0.0875,0.0145,-0.0105481092158248));
#12814=CARTESIAN_POINT('',(-0.0875,0.,-1.6837021972716E-17));
#12815=CARTESIAN_POINT('',(-0.0875,0.,-0.034));
#12816=CARTESIAN_POINT('',(-0.0875,-0.0175,-0.034));
#12817=CARTESIAN_POINT('',(-0.0875,0.0145,-0.034));
#12818=CARTESIAN_POINT('',(-0.0875,0.0145,-1.6837021972716E-17));
#12819=CARTESIAN_POINT('',(-2.31296463463575E-19,-0.0175,-0.0465));
#12820=CARTESIAN_POINT('',(0.0409420533706997,-2.00000000000027E-6,-0.0465));
#12821=CARTESIAN_POINT('',(0.0409420533706997,0.,-0.0465));
#12822=CARTESIAN_POINT('',(0.0409420533706997,0.0145,-0.0465));
#12823=CARTESIAN_POINT('',(-2.31296463463575E-19,0.,-0.0465));
#12824=CARTESIAN_POINT('',(0.075,0.,-0.0465));
#12825=CARTESIAN_POINT('',(0.075,-0.0175,-0.0465));
#12826=CARTESIAN_POINT('',(0.075,0.0145,-0.0465));
#12827=CARTESIAN_POINT('',(-2.31296463463575E-19,0.0145,-0.0465));
#12828=CARTESIAN_POINT('',(0.0875,-0.0175,-3.97965973900562E-18));
#12829=CARTESIAN_POINT('',(0.0875,0.,-3.97965973900562E-18));
#12830=CARTESIAN_POINT('',(0.0875,0.,-0.034));
#12831=CARTESIAN_POINT('',(0.0875,0.,-0.00518663150844189));
#12832=CARTESIAN_POINT('',(0.0875,-2.00000000000027E-6,-0.00518663150844189));
#12833=CARTESIAN_POINT('',(0.0875,0.0145,-0.00518663150844189));
#12834=CARTESIAN_POINT('',(0.0875,0.0145,-3.97965973900562E-18));
#12835=CARTESIAN_POINT('',(0.0875,0.0145,-0.034));
#12836=CARTESIAN_POINT('',(0.0875,-0.0175,-0.034));
#12837=CARTESIAN_POINT('',(-1.36002320516582E-17,0.0145,0.046));
#12838=CARTESIAN_POINT('',(-0.0176457686289714,0.0145,0.046));
#12839=CARTESIAN_POINT('',(0.075,0.0145,0.046));
#12840=CARTESIAN_POINT('',(0.087,0.0145,-4.08170229641602E-18));
#12841=CARTESIAN_POINT('',(0.087,0.0145,0.00518663150844189));
#12842=CARTESIAN_POINT('',(0.0875,0.0145,0.00518663150844189));
#12843=CARTESIAN_POINT('',(0.0875,0.0145,-3.97965973900562E-18));
#12844=CARTESIAN_POINT('',(0.0875,0.0145,0.034));
#12845=CARTESIAN_POINT('',(0.087,0.0145,0.034));
#12846=CARTESIAN_POINT('',(-0.087,0.0145,-3.16331927972241E-17));
#12847=CARTESIAN_POINT('',(-0.0883076696830621,0.0172,-0.00775264914465669));
#12848=CARTESIAN_POINT('',(-0.088625358110336,0.0170461364722201,-0.00742795629917705));
#12849=CARTESIAN_POINT('',(-0.0891216334787074,0.0166618795424061,-0.00668596652389504));
#12850=CARTESIAN_POINT('',(-0.0894203378816509,0.0162710051892535,-0.00526616615483604));
#12851=CARTESIAN_POINT('',(-0.0891183281265609,0.016664491485456,-0.00384958917276454));
#12852=CARTESIAN_POINT('',(-0.0886278137483898,0.0170449471524292,-0.00311443103127893));
#12853=CARTESIAN_POINT('',(-0.0883076696830622,0.0172,-0.00278722840565413));
#12854=CARTESIAN_POINT('',(-0.0883076696830621,0.0172,-0.0077526491446567));
#12855=CARTESIAN_POINT('',(-0.0883076696830622,0.0172,-0.00278722840565414));
#12856=CARTESIAN_POINT('',(-0.0883076696830621,0.0172,-0.0077526491446567));
#12857=CARTESIAN_POINT('',(-0.0879123692347577,0.0173914527451661,-0.00815666520681143));
#12858=CARTESIAN_POINT('',(-0.0874944400040698,0.0175,-0.00858570585445538));
#12859=CARTESIAN_POINT('',(-0.087,0.0175,-0.00891824550052467));
#12860=CARTESIAN_POINT('',(-0.087,0.0145,-0.034));
#12861=CARTESIAN_POINT('',(-0.09,0.0145,-0.034));
#12862=CARTESIAN_POINT('',(-0.09,0.0145,-0.034));
#12863=CARTESIAN_POINT('',(-0.09,0.0145,0.034));
#12864=CARTESIAN_POINT('',(-0.087,0.0145,0.034));
#12865=CARTESIAN_POINT('',(-0.0883076696830622,0.0172,-0.00278722840565414));
#12866=CARTESIAN_POINT('',(-0.0879123692347577,0.0173914527451662,-0.00238321234349937));
#12867=CARTESIAN_POINT('',(-0.0874944400040699,0.0175,-0.00195417169585518));
#12868=CARTESIAN_POINT('',(-0.087,0.0175,-0.00162163204978607));
#12869=CARTESIAN_POINT('',(-0.087,0.0145,-3.16331927972241E-17));
#12870=CARTESIAN_POINT('',(-0.087,0.0145,-0.0105481092158248));
#12871=CARTESIAN_POINT('',(-0.087,0.0145,-0.034));
#12872=CARTESIAN_POINT('',(4.25585492772976E-18,0.0145,-0.046));
#12873=CARTESIAN_POINT('',(0.038132242762341,0.0172,-0.0473076696830621));
#12874=CARTESIAN_POINT('',(0.0378083161582923,0.0170482565888927,-0.0476209806172351));
#12875=CARTESIAN_POINT('',(0.0370694076904395,0.0166710535965671,-0.0481106559487908));
#12876=CARTESIAN_POINT('',(0.0356597248803987,0.0162922953372213,-0.0484044452353469));
#12877=CARTESIAN_POINT('',(0.034254946512314,0.0166736361067939,-0.0481074141278202));
#12878=CARTESIAN_POINT('',(0.0335223033110476,0.0170471922963442,-0.0476231781063396));
#12879=CARTESIAN_POINT('',(0.0331961047620861,0.0172,-0.0473076696830622));
#12880=CARTESIAN_POINT('',(0.038132242762341,0.0172,-0.0473076696830621));
#12881=CARTESIAN_POINT('',(0.0331961047620861,0.0172,-0.0473076696830622));
#12882=CARTESIAN_POINT('',(0.038132242762341,0.0172,-0.0473076696830621));
#12883=CARTESIAN_POINT('',(0.0385402340634989,0.0173911235167659,-0.0469130490063331));
#12884=CARTESIAN_POINT('',(0.038972262794615,0.0175,-0.0464951318523787));
#12885=CARTESIAN_POINT('',(0.0393076483185731,0.0175,-0.046));
#12886=CARTESIAN_POINT('',(0.075,0.0145,-0.046));
#12887=CARTESIAN_POINT('',(0.075,0.0145,-0.049));
#12888=CARTESIAN_POINT('',(0.075,0.0145,-0.049));
#12889=CARTESIAN_POINT('',(-0.075,0.0145,-0.049));
#12890=CARTESIAN_POINT('',(-0.075,0.0145,-0.046));
#12891=CARTESIAN_POINT('',(0.0331961047620863,0.0172,-0.0473076696830621));
#12892=CARTESIAN_POINT('',(0.0327881134609283,0.0173911235167659,-0.0469130490063331));
#12893=CARTESIAN_POINT('',(0.0323560847298119,0.0175,-0.0464951318523789));
#12894=CARTESIAN_POINT('',(0.0320206992058541,0.0175,-0.046));
#12895=CARTESIAN_POINT('',(4.25585492772976E-18,0.0145,-0.046));
#12896=CARTESIAN_POINT('',(0.0409420533706997,0.0145,-0.046));
#12897=CARTESIAN_POINT('',(0.075,0.0145,-0.046));
#12898=CARTESIAN_POINT('',(-1.38777878078145E-17,-0.0175,0.049));
#12899=CARTESIAN_POINT('',(-2.15382302385293E-17,0.00347573593128806,0.049));
#12900=CARTESIAN_POINT('',(0.050562579342284,0.00347573593128808,0.049));
#12901=CARTESIAN_POINT('',(0.0396140512048601,0.00347573593128807,0.049));
#12902=CARTESIAN_POINT('',(0.0396140512048601,-0.0175,0.049));
#12903=CARTESIAN_POINT('',(0.0396140512048601,0.00892426406871193,0.049));
#12904=CARTESIAN_POINT('',(0.0498383152735721,0.00892426406871193,0.049));
#12905=CARTESIAN_POINT('',(0.050562579342284,0.00892426406871193,0.049));
#12906=CARTESIAN_POINT('',(0.050562579342284,0.0042,0.049));
#12907=CARTESIAN_POINT('',(-0.0550757359312882,-0.0175,0.049));
#12908=CARTESIAN_POINT('',(-0.0550757359312881,0.00782795912503066,0.049));
#12909=CARTESIAN_POINT('',(-0.0550757359312882,0.00732795912503066,0.049));
#12910=CARTESIAN_POINT('',(-0.0573,0.00732795912503066,0.049));
#12911=CARTESIAN_POINT('',(-0.0573,0.00510369505631873,0.049));
#12912=CARTESIAN_POINT('',(-0.0635,0.00510369505631874,0.049));
#12913=CARTESIAN_POINT('',(-0.0635,0.00510369505631874,0.049));
#12914=CARTESIAN_POINT('',(-0.0635,0.00732795912503066,0.049));
#12915=CARTESIAN_POINT('',(-0.065724264068712,0.00732795912503066,0.049));
#12916=CARTESIAN_POINT('',(-0.065724264068712,0.00782795912503066,0.049));
#12917=CARTESIAN_POINT('',(-0.065724264068712,0.00782795912503066,0.049));
#12918=CARTESIAN_POINT('',(-0.0635,0.00782795912503066,0.049));
#12919=CARTESIAN_POINT('',(-0.0635,0.0100522231937426,0.049));
#12920=CARTESIAN_POINT('',(-1.38777878078145E-17,0.0100522231937426,0.049));
#12921=CARTESIAN_POINT('',(-0.0573,0.0100522231937426,0.049));
#12922=CARTESIAN_POINT('',(-0.0573,0.00782795912503066,0.049));
#12923=CARTESIAN_POINT('',(-0.0423314524236486,0.00725,0.049));
#12924=CARTESIAN_POINT('',(-0.0458057164923606,0.00725,0.049));
#12925=CARTESIAN_POINT('',(0.0373248005284596,0.0054,0.049));
#12926=CARTESIAN_POINT('',(0.037559938799663,0.0054,0.049));
#12927=CARTESIAN_POINT('',(0.0370896622572564,0.0054,0.049));
#12928=CARTESIAN_POINT('',(0.0366316821665991,0.00615133829667298,0.049));
#12929=CARTESIAN_POINT('',(0.0361737020759417,0.00690267659334596,0.049));
#12930=CARTESIAN_POINT('',(0.0361737020759417,0.00615133829667298,0.049));
#12931=CARTESIAN_POINT('',(0.0361737020759417,0.0054,0.049));
#12932=CARTESIAN_POINT('',(0.0359383128567435,0.0054,0.049));
#12933=CARTESIAN_POINT('',(0.0357029236375453,0.0054,0.049));
#12934=CARTESIAN_POINT('',(0.0357029236375453,0.00654181337670743,0.049));
#12935=CARTESIAN_POINT('',(0.0357029236375453,0.00768362675341486,0.049));
#12936=CARTESIAN_POINT('',(0.0359383128567435,0.00768362675341486,0.049));
#12937=CARTESIAN_POINT('',(0.0361737020759417,0.00768362675341486,0.049));
#12938=CARTESIAN_POINT('',(0.0366324350105836,0.0069307827687726,0.049));
#12939=CARTESIAN_POINT('',(0.0370911679452257,0.00617793878413034,0.049));
#12940=CARTESIAN_POINT('',(0.0370911679452257,0.0069307827687726,0.049));
#12941=CARTESIAN_POINT('',(0.0370911679452257,0.00768362675341486,0.049));
#12942=CARTESIAN_POINT('',(0.0373255533724443,0.00768362675341486,0.049));
#12943=CARTESIAN_POINT('',(0.037559938799663,0.00768362675341486,0.049));
#12944=CARTESIAN_POINT('',(0.037559938799663,0.00654181337670743,0.049));
#12945=CARTESIAN_POINT('',(0.0353611324685178,0.006490118089762,0.049));
#12946=CARTESIAN_POINT('',(0.0353611324685178,0.00615284398464226,0.049));
#12947=CARTESIAN_POINT('',(0.0352419321709494,0.00589888461382294,0.049));
#12948=CARTESIAN_POINT('',(0.0353611324685178,0.006490118089762,0.049));
#12949=CARTESIAN_POINT('',(0.0352419321709494,0.00589888461382294,0.049));
#12950=CARTESIAN_POINT('',(0.0344213378133909,0.0062660856935539,0.049));
#12951=CARTESIAN_POINT('',(0.0349007748889493,0.00550643697746292,0.049));
#12952=CARTESIAN_POINT('',(0.034411155818459,0.0063109772709685,0.049));
#12953=CARTESIAN_POINT('',(0.0343919670318385,0.00536874387362487,0.049));
#12954=CARTESIAN_POINT('',(0.0343741201476068,0.00631920391009044,0.049));
#12955=CARTESIAN_POINT('',(0.0338849392781602,0.00550470605630642,0.049));
#12956=CARTESIAN_POINT('',(0.034362962592441,0.00627302862704572,0.049));
#12957=CARTESIAN_POINT('',(0.0335398881731417,0.00589481720236103,0.049));
#12958=CARTESIAN_POINT('',(0.034760206203865,0.00645416838834865,0.049));
#12959=CARTESIAN_POINT('',(0.0334167660319674,0.00647756232243914,0.049));
#12960=CARTESIAN_POINT('',(0.0334162855081919,0.00653403398886613,0.049));
#12961=CARTESIAN_POINT('',(0.0334162855081919,0.0065904972877143,0.049));
#12962=CARTESIAN_POINT('',(0.0334162855081919,0.0065904972877143,0.049));
#12963=CARTESIAN_POINT('',(0.0334162855081919,0.00692777139283403,0.049));
#12964=CARTESIAN_POINT('',(0.0335377443377142,0.00718424024360216,0.049));
#12965=CARTESIAN_POINT('',(0.0335377443377142,0.00718424024360216,0.049));
#12966=CARTESIAN_POINT('',(0.0343628617717267,0.00681370942590275,0.049));
#12967=CARTESIAN_POINT('',(0.0338811660389,0.00757818541372179,0.049));
#12968=CARTESIAN_POINT('',(0.0343699842684531,0.00676980563119995,0.049));
#12969=CARTESIAN_POINT('',(0.0343888564922104,0.00771454058431054,0.049));
#12970=CARTESIAN_POINT('',(0.034407552610623,0.00677106925036658,0.049));
#12971=CARTESIAN_POINT('',(0.0348960055438838,0.00757818602740708,0.049));
#12972=CARTESIAN_POINT('',(0.0344126016572949,0.00681226013125534,0.049));
#12973=CARTESIAN_POINT('',(0.0352394226910006,0.00718424024360216,0.049));
#12974=CARTESIAN_POINT('',(0.0352394226910006,0.00718424024360216,0.049));
#12975=CARTESIAN_POINT('',(0.0353611324685178,0.00692777139283403,0.049));
#12976=CARTESIAN_POINT('',(0.0353611324685178,0.00659200297568358,0.049));
#12977=CARTESIAN_POINT('',(0.0353611324685178,0.00659200297568358,0.049));
#12978=CARTESIAN_POINT('',(0.0353611324685178,0.00654106053272279,0.049));
#12979=CARTESIAN_POINT('',(-1.38777878078145E-17,0.,0.049));
#12980=CARTESIAN_POINT('',(-0.00422426406871194,0.,0.049));
#12981=CARTESIAN_POINT('',(-0.075,0.,0.049));
#12982=CARTESIAN_POINT('',(-1.12757025938492E-17,2.14313189850787E-19,0.049));
#12983=CARTESIAN_POINT('',(0.00422426406871192,0.,0.049));
#12984=CARTESIAN_POINT('',(-1.38777878078145E-17,0.,0.049));
#12985=CARTESIAN_POINT('',(0.075,0.,0.049));
#12986=CARTESIAN_POINT('',(0.075,-0.0175,0.049));
#12987=CARTESIAN_POINT('',(0.075,0.0145,0.049));
#12988=CARTESIAN_POINT('',(-1.38777878078145E-17,0.0145,0.049));
#12989=CARTESIAN_POINT('',(-0.075,0.0145,0.049));
#12990=CARTESIAN_POINT('',(-0.075,-0.0175,0.049));
#12991=CARTESIAN_POINT('',(0.0554128108212906,0.00610440773107477,0.049));
#12992=CARTESIAN_POINT('',(0.0558645171211053,0.00610440773107477,0.049));
#12993=CARTESIAN_POINT('',(0.054961104521476,0.00610440773107477,0.049));
#12994=CARTESIAN_POINT('',(0.054961104521476,0.00563789550254396,0.049));
#12995=CARTESIAN_POINT('',(0.054961104521476,0.00517138327401315,0.049));
#12996=CARTESIAN_POINT('',(0.0547257153496837,0.00517138327401315,0.049));
#12997=CARTESIAN_POINT('',(0.0544903261778914,0.00517138327401315,0.049));
#12998=CARTESIAN_POINT('',(0.0544903261778914,0.00631319642076688,0.049));
#12999=CARTESIAN_POINT('',(0.0544903261778914,0.00745500956752061,0.049));
#13000=CARTESIAN_POINT('',(0.0552338849369752,0.00745500956752061,0.049));
#13001=CARTESIAN_POINT('',(0.055977443696059,0.00745500956752061,0.049));
#13002=CARTESIAN_POINT('',(0.055977443696059,0.00726454007776543,0.049));
#13003=CARTESIAN_POINT('',(0.055977443696059,0.00707407058801025,0.049));
#13004=CARTESIAN_POINT('',(0.0554692741087675,0.00707407058801025,0.049));
#13005=CARTESIAN_POINT('',(0.054961104521476,0.00707407058801025,0.049));
#13006=CARTESIAN_POINT('',(0.054961104521476,0.00677920675340901,0.049));
#13007=CARTESIAN_POINT('',(0.054961104521476,0.00648434291880777,0.049));
#13008=CARTESIAN_POINT('',(0.0554128108212906,0.00648434291880777,0.049));
#13009=CARTESIAN_POINT('',(0.0558645171211053,0.00648434291880777,0.049));
#13010=CARTESIAN_POINT('',(0.0558645171211053,0.00629437532494127,0.049));
#13011=CARTESIAN_POINT('',(0.0541485350776983,0.00626150114423254,0.049));
#13012=CARTESIAN_POINT('',(0.0541485350776983,0.00592422710703759,0.049));
#13013=CARTESIAN_POINT('',(0.0540293348041361,0.00567026778736401,0.049));
#13014=CARTESIAN_POINT('',(0.0541485350776983,0.00626150114423254,0.049));
#13015=CARTESIAN_POINT('',(0.0540293348041361,0.00567026778736401,0.049));
#13016=CARTESIAN_POINT('',(0.0532087406118469,0.00603746879313714,0.049));
#13017=CARTESIAN_POINT('',(0.0536881775908427,0.00527782023004036,0.049));
#13018=CARTESIAN_POINT('',(0.0531985586189585,0.00608236036151665,0.049));
#13019=CARTESIAN_POINT('',(0.0531793698362026,0.00514012715393278,0.049));
#13020=CARTESIAN_POINT('',(0.0531615229555651,0.00609058699898197,0.049));
#13021=CARTESIAN_POINT('',(0.0526723421846362,0.00527608930923244,0.049));
#13022=CARTESIAN_POINT('',(0.053150365402639,0.00604441172523035,0.049));
#13023=CARTESIAN_POINT('',(0.052327291149109,0.00566620037672136,0.049));
#13024=CARTESIAN_POINT('',(0.0535476089340487,0.00622555145005501,0.049));
#13025=CARTESIAN_POINT('',(0.0522041690327307,0.00624894537943832,0.049));
#13026=CARTESIAN_POINT('',(0.0522036885090518,0.00630541703449229,0.049));
#13027=CARTESIAN_POINT('',(0.0522036885090518,0.00636188032196913,0.049));
#13028=CARTESIAN_POINT('',(0.0522036885090518,0.00636188032196913,0.049));
#13029=CARTESIAN_POINT('',(0.0522036885090518,0.00669915435916408,0.049));
#13030=CARTESIAN_POINT('',(0.0523251473141131,0.00695562315828107,0.049));
#13031=CARTESIAN_POINT('',(0.0523251473141131,0.00695562315828107,0.049));
#13032=CARTESIAN_POINT('',(0.0531502645819519,0.0065850924152046,0.049));
#13033=CARTESIAN_POINT('',(0.0526685689461359,0.00734956824906274,0.049));
#13034=CARTESIAN_POINT('',(0.0531573870772443,0.00654118862934298,0.049));
#13035=CARTESIAN_POINT('',(0.0531762592972009,0.00748592339219045,0.049));
#13036=CARTESIAN_POINT('',(0.0531949554118482,0.00654245224825514,0.049));
#13037=CARTESIAN_POINT('',(0.0536834082467378,0.0073495688627479,0.049));
#13038=CARTESIAN_POINT('',(0.0532000044575159,0.00658364312086225,0.049));
#13039=CARTESIAN_POINT('',(0.0540268253246926,0.00695562315828107,0.049));
#13040=CARTESIAN_POINT('',(0.0540268253246926,0.00695562315828107,0.049));
#13041=CARTESIAN_POINT('',(0.0541485350776983,0.00669915435916408,0.049));
#13042=CARTESIAN_POINT('',(0.0541485350776983,0.00636338600963518,0.049));
#13043=CARTESIAN_POINT('',(0.0541485350776983,0.00636338600963518,0.049));
#13044=CARTESIAN_POINT('',(0.0541485350776983,0.00631244357693386,0.049));
#13045=CARTESIAN_POINT('',(0.0571724578070131,0.00610440773107477,0.049));
#13046=CARTESIAN_POINT('',(0.0576241641068278,0.00610440773107477,0.049));
#13047=CARTESIAN_POINT('',(0.0567207515071984,0.00610440773107477,0.049));
#13048=CARTESIAN_POINT('',(0.0567207515071984,0.00563789550254396,0.049));
#13049=CARTESIAN_POINT('',(0.0567207515071984,0.00517138327401315,0.049));
#13050=CARTESIAN_POINT('',(0.0564853623354061,0.00517138327401315,0.049));
#13051=CARTESIAN_POINT('',(0.0562499731636138,0.00517138327401315,0.049));
#13052=CARTESIAN_POINT('',(0.0562499731636138,0.00631319642076688,0.049));
#13053=CARTESIAN_POINT('',(0.0562499731636138,0.00745500956752061,0.049));
#13054=CARTESIAN_POINT('',(0.0569935319226976,0.00745500956752061,0.049));
#13055=CARTESIAN_POINT('',(0.0577370906817814,0.00745500956752061,0.049));
#13056=CARTESIAN_POINT('',(0.0577370906817814,0.00726454007776543,0.049));
#13057=CARTESIAN_POINT('',(0.0577370906817814,0.00707407058801025,0.049));
#13058=CARTESIAN_POINT('',(0.0572289210944899,0.00707407058801025,0.049));
#13059=CARTESIAN_POINT('',(0.0567207515071984,0.00707407058801025,0.049));
#13060=CARTESIAN_POINT('',(0.0567207515071984,0.00677920675340901,0.049));
#13061=CARTESIAN_POINT('',(0.0567207515071984,0.00648434291880777,0.049));
#13062=CARTESIAN_POINT('',(0.0571724578070131,0.00648434291880777,0.049));
#13063=CARTESIAN_POINT('',(0.0576241641068278,0.00648434291880777,0.049));
#13064=CARTESIAN_POINT('',(0.0576241641068278,0.00629437532494127,0.049));
#13065=CARTESIAN_POINT('',(-1.36464913443509E-17,-0.0175,0.0465));
#13066=CARTESIAN_POINT('',(-0.066,-0.0175,0.0465));
#13067=CARTESIAN_POINT('',(-0.066,0.00876795912503066,0.0465));
#13068=CARTESIAN_POINT('',(-0.066,0.0104679591250307,0.0465));
#13069=CARTESIAN_POINT('',(-0.06785,0.0104679591250307,0.0465));
#13070=CARTESIAN_POINT('',(-0.0692,0.0104679591250307,0.0465));
#13071=CARTESIAN_POINT('',(-0.0692,0.00961795912503066,0.0465));
#13072=CARTESIAN_POINT('',(-0.0692,0.00876795912503066,0.0465));
#13073=CARTESIAN_POINT('',(-0.06785,0.00876795912503066,0.0465));
#13074=CARTESIAN_POINT('',(-0.05295,0.0104679591250307,0.0465));
#13075=CARTESIAN_POINT('',(-0.0516,0.0104679591250307,0.0465));
#13076=CARTESIAN_POINT('',(-0.0548,0.0104679591250307,0.0465));
#13077=CARTESIAN_POINT('',(-0.0548,0.00876795912503068,0.0465));
#13078=CARTESIAN_POINT('',(-0.0548,0.00876795912503068,0.0465));
#13079=CARTESIAN_POINT('',(-0.05295,0.00876795912503069,0.0465));
#13080=CARTESIAN_POINT('',(-0.0516,0.0087679591250307,0.0465));
#13081=CARTESIAN_POINT('',(-0.0516,0.0096179591250307,0.0465));
#13082=CARTESIAN_POINT('',(-0.0423314524236486,0.00725,0.0465));
#13083=CARTESIAN_POINT('',(-0.0458057164923606,0.00725,0.0465));
#13084=CARTESIAN_POINT('',(-0.0281214212615948,-2.00000000000027E-6,0.0465));
#13085=CARTESIAN_POINT('',(-0.0281214212615948,0.,0.0465));
#13086=CARTESIAN_POINT('',(-0.0281214212615948,0.0145,0.0465));
#13087=CARTESIAN_POINT('',(-1.36464913443509E-17,0.,0.0465));
#13088=CARTESIAN_POINT('',(-0.075,0.,0.0465));
#13089=CARTESIAN_POINT('',(-0.075,-0.0175,0.0465));
#13090=CARTESIAN_POINT('',(-0.075,0.0145,0.0465));
#13091=CARTESIAN_POINT('',(-1.36464913443509E-17,0.0145,0.0465));
#13092=CARTESIAN_POINT('',(-1.36464913443509E-17,0.00932795912503066,0.0465));
#13093=CARTESIAN_POINT('',(-0.0635,0.00932795912503066,0.0465));
#13094=CARTESIAN_POINT('',(-0.0573,0.00932795912503066,0.0465));
#13095=CARTESIAN_POINT('',(-0.0635,0.00782795912503066,0.0465));
#13096=CARTESIAN_POINT('',(-0.065,0.00782795912503066,0.0465));
#13097=CARTESIAN_POINT('',(-0.065,-0.0175,0.0465));
#13098=CARTESIAN_POINT('',(-0.065,0.00732795912503066,0.0465));
#13099=CARTESIAN_POINT('',(-0.0635,0.00732795912503066,0.0465));
#13100=CARTESIAN_POINT('',(-0.0635,0.00582795912503066,0.0465));
#13101=CARTESIAN_POINT('',(-1.03829785749301E-17,0.00582795912503065,0.0465));
#13102=CARTESIAN_POINT('',(-0.0573,0.00582795912503066,0.0465));
#13103=CARTESIAN_POINT('',(-0.0573,0.00732795912503066,0.0465));
#13104=CARTESIAN_POINT('',(-0.0558,0.00732795912503066,0.0465));
#13105=CARTESIAN_POINT('',(-0.0558,-0.0175,0.0465));
#13106=CARTESIAN_POINT('',(-0.0558,0.00782795912503066,0.0465));
#13107=CARTESIAN_POINT('',(-0.0573,0.00782795912503066,0.0465));
#13108=CARTESIAN_POINT('',(0.,0.,0.));
#13109=CARTESIAN_POINT('',(-0.0035,0.,0.044));
#13110=CARTESIAN_POINT('',(-0.0035,0.,0.0482757359312881));
#13111=CARTESIAN_POINT('',(-0.00422426406871194,2.14313189850787E-19,0.0482757359312881));
#13112=CARTESIAN_POINT('',(-0.075,0.,0.034));
#13113=CARTESIAN_POINT('',(-0.09,0.,0.034));
#13114=CARTESIAN_POINT('',(-0.09,0.,-1.7347234759768E-17));
#13115=CARTESIAN_POINT('',(-0.09,0.,-0.034));
#13116=CARTESIAN_POINT('',(-0.075,0.,-0.034));
#13117=CARTESIAN_POINT('',(-0.075,0.,-0.049));
#13118=CARTESIAN_POINT('',(0.,0.,-0.049));
#13119=CARTESIAN_POINT('',(0.075,0.,-0.049));
#13120=CARTESIAN_POINT('',(0.075,0.,-0.034));
#13121=CARTESIAN_POINT('',(0.09,0.,-0.034));
#13122=CARTESIAN_POINT('',(0.09,0.,-3.46944695195361E-18));
#13123=CARTESIAN_POINT('',(0.09,0.,0.034));
#13124=CARTESIAN_POINT('',(0.075,0.,0.034));
#13125=CARTESIAN_POINT('',(0.00422426406871192,2.14313189850787E-19,0.0482757359312881));
#13126=CARTESIAN_POINT('',(0.0035,0.,0.0482757359312881));
#13127=CARTESIAN_POINT('',(0.0035,0.,0.044));
#13128=CARTESIAN_POINT('',(0.075,0.,0.034));
#13129=CARTESIAN_POINT('',(0.0875,0.,0.034));
#13130=CARTESIAN_POINT('',(0.0875,0.,-3.97965973900562E-18));
#13131=CARTESIAN_POINT('',(0.0875,0.,0.00518663150844189));
#13132=CARTESIAN_POINT('',(0.0858708663828769,0.,0.00518663150844189));
#13133=CARTESIAN_POINT('',(0.0855672289159979,0.,0.00358604391910232));
#13134=CARTESIAN_POINT('',(0.0848869429391696,0.,8.16480432537774E-19));
#13135=CARTESIAN_POINT('',(0.0855672289159979,0.,-0.00358604391910232));
#13136=CARTESIAN_POINT('',(0.0858708663828769,0.,-0.00518663150844189));
#13137=CARTESIAN_POINT('',(0.075,0.,-0.034));
#13138=CARTESIAN_POINT('',(0.0409420533706997,0.,-0.04487087));
#13139=CARTESIAN_POINT('',(0.0393133092392665,0.,-0.044835414235702));
#13140=CARTESIAN_POINT('',(0.0356641737622136,0.,-0.0447559770270767));
#13141=CARTESIAN_POINT('',(0.0320150382851607,0.,-0.044835414235702));
#13142=CARTESIAN_POINT('',(0.0303862941537275,0.,-0.04487087));
#13143=CARTESIAN_POINT('',(0.0303862941537275,0.,-0.0465));
#13144=CARTESIAN_POINT('',(-2.31296463463575E-19,0.,-0.0465));
#13145=CARTESIAN_POINT('',(-0.075,0.,-0.0465));
#13146=CARTESIAN_POINT('',(-0.075,0.,-0.034));
#13147=CARTESIAN_POINT('',(-0.08587087,0.,-0.0105481092158248));
#13148=CARTESIAN_POINT('',(-0.0858398096931938,0.,-0.0089192753341042));
#13149=CARTESIAN_POINT('',(-0.0857702203296423,0.,-0.00526993877515537));
#13150=CARTESIAN_POINT('',(-0.0858398096931938,0.,-0.00162060221620654));
#13151=CARTESIAN_POINT('',(-0.08587087,0.,8.23166551409909E-6));
#13152=CARTESIAN_POINT('',(-0.0875,0.,8.2316655140996E-6));
#13153=CARTESIAN_POINT('',(-0.0875,0.,-1.6837021972716E-17));
#13154=CARTESIAN_POINT('',(-0.0875,0.,0.034));
#13155=CARTESIAN_POINT('',(-0.075,0.,0.034));
#13156=CARTESIAN_POINT('',(-0.0281214212615948,0.,0.0449));
#13157=CARTESIAN_POINT('',(-0.0265251313366236,0.,0.0447911033727084));
#13158=CARTESIAN_POINT('',(-0.0228835949452831,0.,0.0445426829416994));
#13159=CARTESIAN_POINT('',(-0.0192420585539426,0.,0.0447911033727084));
#13160=CARTESIAN_POINT('',(-0.0176457686289714,0.,0.0449));
#13161=CARTESIAN_POINT('',(-0.075,-0.0175,0.034));
#13162=CARTESIAN_POINT('',(-0.075,0.0145,0.034));
#13163=CARTESIAN_POINT('',(-0.09,-0.0175,0.034));
#13164=CARTESIAN_POINT('',(-0.09,-0.0175,-1.7347234759768E-17));
#13165=CARTESIAN_POINT('',(-0.09,-0.0175,-0.034));
#13166=CARTESIAN_POINT('',(-0.075,-0.0175,-0.034));
#13167=CARTESIAN_POINT('',(-0.075,0.0145,-0.034));
#13168=CARTESIAN_POINT('',(-0.075,-0.0175,-0.049));
#13169=CARTESIAN_POINT('',(0.,-0.0175,-0.049));
#13170=CARTESIAN_POINT('',(0.075,-0.0175,-0.049));
#13171=CARTESIAN_POINT('',(0.075,-0.0175,-0.034));
#13172=CARTESIAN_POINT('',(0.075,0.0145,-0.034));
#13173=CARTESIAN_POINT('',(0.09,0.0145,-0.034));
#13174=CARTESIAN_POINT('',(0.09,-0.0175,-0.034));
#13175=CARTESIAN_POINT('',(0.09,-0.0175,-3.46944695195361E-18));
#13176=CARTESIAN_POINT('',(0.09,0.0145,-3.46944695195361E-18));
#13177=CARTESIAN_POINT('',(0.09,0.0145,0.034));
#13178=CARTESIAN_POINT('',(0.09,-0.0175,0.034));
#13179=CARTESIAN_POINT('',(0.075,-0.0175,0.034));
#13180=CARTESIAN_POINT('',(0.075,0.0145,0.034));
#13181=CARTESIAN_POINT('',(-0.075,0.0145,0.034));
#13182=CARTESIAN_POINT('',(-0.075,0.0145,0.046));
#13183=CARTESIAN_POINT('',(-1.36002320516582E-17,0.0145,0.046));
#13184=CARTESIAN_POINT('',(-0.0250294859770198,0.0172,0.0473076696830622));
#13185=CARTESIAN_POINT('',(-0.0247301705085439,0.0170874933834504,0.0475399667750714));
#13186=CARTESIAN_POINT('',(-0.0240663221932181,0.0168345837251806,0.0479041287232195));
#13187=CARTESIAN_POINT('',(-0.0228851423210047,0.0166284421137055,0.0481119437007369));
#13188=CARTESIAN_POINT('',(-0.0217002451821705,0.0168345188455417,0.0479041933861401));
#13189=CARTESIAN_POINT('',(-0.0210371641578759,0.0170874389651421,0.0475400791348167));
#13190=CARTESIAN_POINT('',(-0.0207377039135464,0.0172,0.0473076696830622));
#13191=CARTESIAN_POINT('',(-0.0250294859770198,0.0172,0.0473076696830622));
#13192=CARTESIAN_POINT('',(-0.0207377039135463,0.0172,0.0473076696830622));
#13193=CARTESIAN_POINT('',(-0.0250294859770198,0.0172,0.0473076696830622));
#13194=CARTESIAN_POINT('',(-0.0255157841429804,0.0173827896218164,0.0469302563459659));
#13195=CARTESIAN_POINT('',(-0.0260049726852869,0.0175,0.0465108648581505));
#13196=CARTESIAN_POINT('',(-0.0263930431913164,0.0175,0.046));
#13197=CARTESIAN_POINT('',(0.075,0.0145,0.046));
#13198=CARTESIAN_POINT('',(-0.0207377039135463,0.0172,0.0473076696830622));
#13199=CARTESIAN_POINT('',(-0.0202514057475858,0.0173827896218164,0.0469302563459659));
#13200=CARTESIAN_POINT('',(-0.0197622172052795,0.0175,0.0465108648581504));
#13201=CARTESIAN_POINT('',(-0.0193741466992498,0.0175,0.046));
#13202=CARTESIAN_POINT('',(-0.075,0.0145,-0.034));
#13203=CARTESIAN_POINT('',(0.075,0.0145,0.034));
#13204=CARTESIAN_POINT('',(0.087,0.0145,0.034));
#13205=CARTESIAN_POINT('',(0.087,0.0145,-4.08170229641602E-18));
#13206=CARTESIAN_POINT('',(0.0883076696830622,0.0172,0.000949277906420317));
#13207=CARTESIAN_POINT('',(0.0884788890024879,0.0171170746988268,0.000332288402009334));
#13208=CARTESIAN_POINT('',(0.0884784154157391,0.0171173040673578,-0.000333994973758518));
#13209=CARTESIAN_POINT('',(0.0883076696830622,0.0172,-0.000949277906420325));
#13210=CARTESIAN_POINT('',(0.0883076696830622,0.0172,0.000949277906420313));
#13211=CARTESIAN_POINT('',(0.0883076696830622,0.0172,-0.000949277906420319));
#13212=CARTESIAN_POINT('',(0.0883076696830622,0.0172,0.000949277906420313));
#13213=CARTESIAN_POINT('',(0.0880717456977413,0.0173142632011523,0.00179943093395262));
#13214=CARTESIAN_POINT('',(0.0876161011399944,0.0175,0.00257902579008151));
#13215=CARTESIAN_POINT('',(0.087,0.0175,0.00321830543262672));
#13216=CARTESIAN_POINT('',(0.087,0.0145,-0.034));
#13217=CARTESIAN_POINT('',(0.0883076696830622,0.0172,-0.000949277906420319));
#13218=CARTESIAN_POINT('',(0.0880717456977413,0.0173142632011523,-0.00179943093395262));
#13219=CARTESIAN_POINT('',(0.0876161011399943,0.0175,-0.00257902579008135));
#13220=CARTESIAN_POINT('',(0.087,0.0175,-0.00321830543262672));
#13221=CARTESIAN_POINT('',(0.075,0.0145,-0.034));
#13222=CARTESIAN_POINT('',(-0.075,-0.0175,0.034));
#13223=CARTESIAN_POINT('',(-0.0875,-0.0175,0.034));
#13224=CARTESIAN_POINT('',(-0.075,0.0145,0.034));
#13225=CARTESIAN_POINT('',(-0.0875,-0.0175,-1.6837021972716E-17));
#13226=CARTESIAN_POINT('',(-0.0875,-2.00000000000027E-6,8.2316655140996E-6));
#13227=CARTESIAN_POINT('',(-0.075,-0.0175,-0.034));
#13228=CARTESIAN_POINT('',(-0.075,-0.0175,-0.0465));
#13229=CARTESIAN_POINT('',(-0.075,0.0145,-0.034));
#13230=CARTESIAN_POINT('',(-2.31296463463575E-19,-0.0175,-0.0465));
#13231=CARTESIAN_POINT('',(0.0303862941537275,-2.00000000000027E-6,-0.0465));
#13232=CARTESIAN_POINT('',(0.075,-0.0175,-0.034));
#13233=CARTESIAN_POINT('',(0.075,0.0145,-0.034));
#13234=CARTESIAN_POINT('',(0.0875,-0.0175,-3.97965973900562E-18));
#13235=CARTESIAN_POINT('',(0.0875,-2.00000000000027E-6,0.00518663150844189));
#13236=CARTESIAN_POINT('',(0.0875,-0.0175,0.034));
#13237=CARTESIAN_POINT('',(0.075,-0.0175,0.034));
#13238=CARTESIAN_POINT('',(0.075,0.0145,0.034));
#13239=CARTESIAN_POINT('',(-0.075,0.0145,0.034));
#13240=CARTESIAN_POINT('',(-0.075,0.0145,0.046));
#13241=CARTESIAN_POINT('',(-1.36002320516582E-17,0.0145,0.046));
#13242=CARTESIAN_POINT('',(-0.0281214212615948,0.0145,0.046));
#13243=CARTESIAN_POINT('',(-0.075,0.0145,-0.034));
#13244=CARTESIAN_POINT('',(0.075,0.0145,0.034));
#13245=CARTESIAN_POINT('',(0.087,0.0145,-4.08170229641602E-18));
#13246=CARTESIAN_POINT('',(0.087,0.0145,-0.00518663150844189));
#13247=CARTESIAN_POINT('',(0.087,0.0145,-0.034));
#13248=CARTESIAN_POINT('',(0.075,0.0145,-0.034));
#13249=CARTESIAN_POINT('',(-1.08131096669221E-17,2.14313189850787E-19,0.044));
#13250=CARTESIAN_POINT('',(-1.12086947067665E-17,2.14313189850787E-19,0.0482757359312881));
#13251=CARTESIAN_POINT('',(0.0450883152735721,0.0082,0.044));
#13252=CARTESIAN_POINT('',(0.0498383152735721,0.0082,0.044));
#13253=CARTESIAN_POINT('',(0.0498383152735721,0.0082,0.0482757359312881));
#13254=CARTESIAN_POINT('',(0.0403383152735721,0.0082,0.0482757359312881));
#13255=CARTESIAN_POINT('',(0.0403383152735721,0.0082,0.0482757359312881));
#13256=CARTESIAN_POINT('',(0.0403383152735721,0.0082,0.044));
#13257=CARTESIAN_POINT('',(0.0403383152735721,0.0062,0.044));
#13258=CARTESIAN_POINT('',(0.0403383152735721,0.0062,0.0482757359312881));
#13259=CARTESIAN_POINT('',(0.0403383152735721,0.0042,0.0482757359312881));
#13260=CARTESIAN_POINT('',(0.0403383152735721,0.0042,0.044));
#13261=CARTESIAN_POINT('',(0.0450883152735721,0.0042,0.044));
#13262=CARTESIAN_POINT('',(0.0450883152735721,0.0042,0.0482757359312881));
#13263=CARTESIAN_POINT('',(0.0498383152735721,0.0042,0.0482757359312881));
#13264=CARTESIAN_POINT('',(0.0498383152735721,0.0042,0.044));
#13265=CARTESIAN_POINT('',(0.0498383152735721,0.0062,0.044));
#13266=CARTESIAN_POINT('',(0.0498383152735721,0.0082,0.0482757359312881));
#13267=CARTESIAN_POINT('',(0.0684406262344085,0.0125,-0.0292745190528383));
#13268=CARTESIAN_POINT('',(0.0608629039512947,0.0125,-0.0336495190528383));
#13269=CARTESIAN_POINT('',(0.0608629039512947,0.0153,-0.0336495190528383));
#13270=CARTESIAN_POINT('',(0.0608629039512947,0.0172,-0.0336495190528383));
#13271=CARTESIAN_POINT('',(0.0684406262344085,0.0153,-0.0292745190528383));
#13272=CARTESIAN_POINT('',(0.0760183485175224,0.0153,-0.0248995190528383));
#13273=CARTESIAN_POINT('',(0.0760183485175224,0.0125,-0.0248995190528383));
#13274=CARTESIAN_POINT('',(0.0760183485175224,0.0172,-0.0248995190528383));
#13275=CARTESIAN_POINT('',(0.0608629039512947,0.0172,-0.0336495190528383));
#13276=CARTESIAN_POINT('',(0.0604879039512947,0.0125,-0.033));
#13277=CARTESIAN_POINT('',(0.0601141666391882,0.0125,-0.032349753568607));
#13278=CARTESIAN_POINT('',(0.0601141666391882,0.0153,-0.032349753568607));
#13279=CARTESIAN_POINT('',(0.0601141666391882,0.0172,-0.032349753568607));
#13280=CARTESIAN_POINT('',(0.0604879039512947,0.0153,-0.033));
#13281=CARTESIAN_POINT('',(0.0604879039512947,0.0172,-0.033));
#13282=CARTESIAN_POINT('',(0.0677003750054405,0.0125,-0.0279894849273644));
#13283=CARTESIAN_POINT('',(0.0752865833716928,0.0125,-0.0236292162861217));
#13284=CARTESIAN_POINT('',(0.0752865833716928,0.0153,-0.0236292162861217));
#13285=CARTESIAN_POINT('',(0.0752865833716928,0.0172,-0.0236292162861217));
#13286=CARTESIAN_POINT('',(0.0601141666391882,0.0153,-0.032349753568607));
#13287=CARTESIAN_POINT('',(0.0677003750054405,0.0172,-0.0279894849273644));
#13288=CARTESIAN_POINT('',(0.075651848911794,0.0125,-0.0242647231147628));
#13289=CARTESIAN_POINT('',(0.075651848911794,0.0153,-0.0242647231147628));
#13290=CARTESIAN_POINT('',(0.075651848911794,0.0172,-0.0242647231147628));
#13291=CARTESIAN_POINT('',(-0.0605219055283548,0.0125,-0.018));
#13292=CARTESIAN_POINT('',(-0.0608969055283548,0.0125,-0.0186495190528383));
#13293=CARTESIAN_POINT('',(-0.0608969055283548,0.0153,-0.0186495190528383));
#13294=CARTESIAN_POINT('',(-0.0608969055283548,0.0172,-0.0186495190528383));
#13295=CARTESIAN_POINT('',(-0.0605219055283548,0.0153,-0.018));
#13296=CARTESIAN_POINT('',(-0.0601469055283548,0.0153,-0.0173504809471616));
#13297=CARTESIAN_POINT('',(-0.0601469055283548,0.0125,-0.0173504809471616));
#13298=CARTESIAN_POINT('',(-0.0601469055283548,0.0172,-0.0173504809471616));
#13299=CARTESIAN_POINT('',(-0.0605219055283548,0.0172,-0.018));
#13300=CARTESIAN_POINT('',(-0.0684746278114687,0.0125,-0.0142745190528383));
#13301=CARTESIAN_POINT('',(-0.0760523500945825,0.0125,-0.00989951905283833));
#13302=CARTESIAN_POINT('',(-0.0760523500945825,0.0153,-0.00989951905283833));
#13303=CARTESIAN_POINT('',(-0.0760523500945825,0.0172,-0.00989951905283833));
#13304=CARTESIAN_POINT('',(-0.0608969055283548,0.0153,-0.0186495190528383));
#13305=CARTESIAN_POINT('',(-0.0684746278114687,0.0172,-0.0142745190528383));
#13306=CARTESIAN_POINT('',(-0.0756773500945825,0.0125,-0.00925));
#13307=CARTESIAN_POINT('',(-0.0753023500945825,0.0125,-0.00860048094716168));
#13308=CARTESIAN_POINT('',(-0.0753023500945825,0.0153,-0.00860048094716168));
#13309=CARTESIAN_POINT('',(-0.0753023500945825,0.0172,-0.00860048094716168));
#13310=CARTESIAN_POINT('',(-0.0756773500945825,0.0153,-0.00925));
#13311=CARTESIAN_POINT('',(-0.0756773500945825,0.0172,-0.00925));
#13312=CARTESIAN_POINT('',(-0.0677246278114687,0.0125,-0.0129754809471617));
#13313=CARTESIAN_POINT('',(-0.0677246278114687,0.0153,-0.0129754809471617));
#13314=CARTESIAN_POINT('',(-0.0601469055283548,0.0172,-0.0173504809471616));
#13315=CARTESIAN_POINT('',(-0.0486809404251157,0.0125,-0.0192898935202587));
#13316=CARTESIAN_POINT('',(-0.0562265041857566,0.0125,-0.0236463267886522));
#13317=CARTESIAN_POINT('',(-0.0562265041857566,0.0153,-0.0236463267886522));
#13318=CARTESIAN_POINT('',(-0.0562265041857566,0.0172,-0.0236463267886522));
#13319=CARTESIAN_POINT('',(-0.0486809404251157,0.0153,-0.0192898935202587));
#13320=CARTESIAN_POINT('',(-0.0411353766644748,0.0153,-0.0149334602518651));
#13321=CARTESIAN_POINT('',(-0.0411353766644748,0.0125,-0.0149334602518651));
#13322=CARTESIAN_POINT('',(-0.0411353766644748,0.0172,-0.0149334602518651));
#13323=CARTESIAN_POINT('',(-0.0562265041857566,0.0172,-0.0236463267886522));
#13324=CARTESIAN_POINT('',(-0.056600582658463,0.0125,-0.0229984038679069));
#13325=CARTESIAN_POINT('',(-0.0569746611311695,0.0125,-0.0223504809471617));
#13326=CARTESIAN_POINT('',(-0.0569746611311695,0.0153,-0.0223504809471617));
#13327=CARTESIAN_POINT('',(-0.0569746611311695,0.0172,-0.0223504809471617));
#13328=CARTESIAN_POINT('',(-0.056600582658463,0.0153,-0.0229984038679069));
#13329=CARTESIAN_POINT('',(-0.056600582658463,0.0172,-0.0229984038679069));
#13330=CARTESIAN_POINT('',(-0.0494290973705285,0.0125,-0.0179940476787681));
#13331=CARTESIAN_POINT('',(-0.0418835336098877,0.0125,-0.0136376144103745));
#13332=CARTESIAN_POINT('',(-0.0418835336098877,0.0153,-0.0136376144103745));
#13333=CARTESIAN_POINT('',(-0.0418835336098877,0.0172,-0.0136376144103745));
#13334=CARTESIAN_POINT('',(-0.0569746611311695,0.0153,-0.0223504809471617));
#13335=CARTESIAN_POINT('',(-0.0494290973705285,0.0172,-0.0179940476787681));
#13336=CARTESIAN_POINT('',(-0.0415094551371812,0.0125,-0.0142855373311198));
#13337=CARTESIAN_POINT('',(-0.0415094551371812,0.0153,-0.0142855373311198));
#13338=CARTESIAN_POINT('',(-0.0415094551371812,0.0172,-0.0142855373311198));
#13339=CARTESIAN_POINT('',(-0.0475819943463266,0.0125,-0.0242711066612126));
#13340=CARTESIAN_POINT('',(-0.0551597166294404,0.0125,-0.0286461066612125));
#13341=CARTESIAN_POINT('',(-0.0551597166294404,0.0153,-0.0286461066612125));
#13342=CARTESIAN_POINT('',(-0.0551597166294404,0.0172,-0.0286461066612125));
#13343=CARTESIAN_POINT('',(-0.0475819943463266,0.0153,-0.0242711066612126));
#13344=CARTESIAN_POINT('',(-0.0400042720632128,0.0153,-0.0198961066612126));
#13345=CARTESIAN_POINT('',(-0.0400042720632128,0.0125,-0.0198961066612126));
#13346=CARTESIAN_POINT('',(-0.0400042720632128,0.0172,-0.0198961066612126));
#13347=CARTESIAN_POINT('',(-0.0551597166294404,0.0172,-0.0286461066612125));
#13348=CARTESIAN_POINT('',(-0.0555347166294404,0.0125,-0.0279965876083742));
#13349=CARTESIAN_POINT('',(-0.0559097166294404,0.0125,-0.0273470685555358));
#13350=CARTESIAN_POINT('',(-0.0559097166294404,0.0153,-0.0273470685555358));
#13351=CARTESIAN_POINT('',(-0.0559097166294404,0.0172,-0.0273470685555358));
#13352=CARTESIAN_POINT('',(-0.0555347166294404,0.0153,-0.0279965876083742));
#13353=CARTESIAN_POINT('',(-0.0555347166294404,0.0172,-0.0279965876083742));
#13354=CARTESIAN_POINT('',(-0.0483319943463266,0.0125,-0.0229720685555359));
#13355=CARTESIAN_POINT('',(-0.0407542720632128,0.0125,-0.0185970685555359));
#13356=CARTESIAN_POINT('',(-0.0407542720632128,0.0153,-0.0185970685555359));
#13357=CARTESIAN_POINT('',(-0.0407542720632128,0.0172,-0.0185970685555359));
#13358=CARTESIAN_POINT('',(-0.0559097166294404,0.0153,-0.0273470685555358));
#13359=CARTESIAN_POINT('',(-0.0483319943463266,0.0172,-0.0229720685555359));
#13360=CARTESIAN_POINT('',(-0.0403792720632128,0.0125,-0.0192465876083742));
#13361=CARTESIAN_POINT('',(-0.0403792720632128,0.0153,-0.0192465876083742));
#13362=CARTESIAN_POINT('',(-0.0403792720632128,0.0172,-0.0192465876083742));
#13363=CARTESIAN_POINT('',(0.0605219055283549,0.0125,-0.018));
#13364=CARTESIAN_POINT('',(0.0601469055283548,0.0125,-0.0173504809471616));
#13365=CARTESIAN_POINT('',(0.0601469055283548,0.0153,-0.0173504809471616));
#13366=CARTESIAN_POINT('',(0.0601469055283548,0.0172,-0.0173504809471616));
#13367=CARTESIAN_POINT('',(0.0605219055283549,0.0153,-0.018));
#13368=CARTESIAN_POINT('',(0.0608969055283548,0.0153,-0.0186495190528383));
#13369=CARTESIAN_POINT('',(0.0608969055283548,0.0125,-0.0186495190528383));
#13370=CARTESIAN_POINT('',(0.0608969055283548,0.0172,-0.0186495190528383));
#13371=CARTESIAN_POINT('',(0.0605219055283549,0.0172,-0.018));
#13372=CARTESIAN_POINT('',(0.0677246278114687,0.0125,-0.0129754809471617));
#13373=CARTESIAN_POINT('',(0.0753023500945825,0.0125,-0.00860048094716167));
#13374=CARTESIAN_POINT('',(0.0753023500945825,0.0153,-0.00860048094716167));
#13375=CARTESIAN_POINT('',(0.0753023500945825,0.0172,-0.00860048094716167));
#13376=CARTESIAN_POINT('',(0.0601469055283548,0.0153,-0.0173504809471616));
#13377=CARTESIAN_POINT('',(0.0677246278114687,0.0172,-0.0129754809471617));
#13378=CARTESIAN_POINT('',(0.0756773500945825,0.0125,-0.00925));
#13379=CARTESIAN_POINT('',(0.0760523500945825,0.0125,-0.00989951905283833));
#13380=CARTESIAN_POINT('',(0.0760523500945825,0.0153,-0.00989951905283833));
#13381=CARTESIAN_POINT('',(0.0760523500945825,0.0172,-0.00989951905283833));
#13382=CARTESIAN_POINT('',(0.0756773500945825,0.0153,-0.00925));
#13383=CARTESIAN_POINT('',(0.0756773500945825,0.0172,-0.00925));
#13384=CARTESIAN_POINT('',(0.0684746278114687,0.0125,-0.0142745190528383));
#13385=CARTESIAN_POINT('',(0.0684746278114687,0.0153,-0.0142745190528383));
#13386=CARTESIAN_POINT('',(0.0608969055283548,0.0172,-0.0186495190528383));
#13387=CARTESIAN_POINT('',(0.0605219055283548,0.0125,-0.013));
#13388=CARTESIAN_POINT('',(0.0601469055283548,0.0125,-0.0123504809471617));
#13389=CARTESIAN_POINT('',(0.0601469055283548,0.0153,-0.0123504809471617));
#13390=CARTESIAN_POINT('',(0.0601469055283548,0.0172,-0.0123504809471617));
#13391=CARTESIAN_POINT('',(0.0605219055283548,0.0153,-0.013));
#13392=CARTESIAN_POINT('',(0.0608969055283548,0.0153,-0.0136495190528383));
#13393=CARTESIAN_POINT('',(0.0608969055283548,0.0125,-0.0136495190528383));
#13394=CARTESIAN_POINT('',(0.0608969055283548,0.0172,-0.0136495190528383));
#13395=CARTESIAN_POINT('',(0.0605219055283548,0.0172,-0.013));
#13396=CARTESIAN_POINT('',(0.0677246278114687,0.0125,-0.00797548094716167));
#13397=CARTESIAN_POINT('',(0.0753023500945825,0.0125,-0.00360048094716167));
#13398=CARTESIAN_POINT('',(0.0753023500945825,0.0153,-0.00360048094716167));
#13399=CARTESIAN_POINT('',(0.0753023500945825,0.0172,-0.00360048094716167));
#13400=CARTESIAN_POINT('',(0.0601469055283548,0.0153,-0.0123504809471617));
#13401=CARTESIAN_POINT('',(0.0677246278114687,0.0172,-0.00797548094716167));
#13402=CARTESIAN_POINT('',(0.0756773500945825,0.0125,-0.00425));
#13403=CARTESIAN_POINT('',(0.0760523500945825,0.0125,-0.00489951905283833));
#13404=CARTESIAN_POINT('',(0.0760523500945825,0.0153,-0.00489951905283833));
#13405=CARTESIAN_POINT('',(0.0760523500945825,0.0172,-0.00489951905283833));
#13406=CARTESIAN_POINT('',(0.0756773500945825,0.0153,-0.00425));
#13407=CARTESIAN_POINT('',(0.0756773500945825,0.0172,-0.00425));
#13408=CARTESIAN_POINT('',(0.0684746278114687,0.0125,-0.00927451905283831));
#13409=CARTESIAN_POINT('',(0.0684746278114687,0.0153,-0.00927451905283831));
#13410=CARTESIAN_POINT('',(0.0608969055283548,0.0172,-0.0136495190528383));
#13411=CARTESIAN_POINT('',(0.0605199353831311,0.0125,-0.0279965876083742));
#13412=CARTESIAN_POINT('',(0.0601449353831311,0.0125,-0.0273470685555358));
#13413=CARTESIAN_POINT('',(0.0601449353831311,0.0153,-0.0273470685555358));
#13414=CARTESIAN_POINT('',(0.0601449353831311,0.0172,-0.0273470685555358));
#13415=CARTESIAN_POINT('',(0.0605199353831311,0.0153,-0.0279965876083742));
#13416=CARTESIAN_POINT('',(0.0608949353831311,0.0153,-0.0286461066612125));
#13417=CARTESIAN_POINT('',(0.0608949353831311,0.0125,-0.0286461066612125));
#13418=CARTESIAN_POINT('',(0.0608949353831311,0.0172,-0.0286461066612125));
#13419=CARTESIAN_POINT('',(0.0605199353831311,0.0172,-0.0279965876083742));
#13420=CARTESIAN_POINT('',(0.0677226576662449,0.0125,-0.0229720685555359));
#13421=CARTESIAN_POINT('',(0.0753003799493588,0.0125,-0.0185970685555359));
#13422=CARTESIAN_POINT('',(0.0753003799493588,0.0153,-0.0185970685555359));
#13423=CARTESIAN_POINT('',(0.0753003799493588,0.0172,-0.0185970685555359));
#13424=CARTESIAN_POINT('',(0.0601449353831311,0.0153,-0.0273470685555358));
#13425=CARTESIAN_POINT('',(0.0677226576662449,0.0172,-0.0229720685555359));
#13426=CARTESIAN_POINT('',(0.0756753799493588,0.0125,-0.0192465876083742));
#13427=CARTESIAN_POINT('',(0.0760503799493588,0.0125,-0.0198961066612126));
#13428=CARTESIAN_POINT('',(0.0760503799493588,0.0153,-0.0198961066612126));
#13429=CARTESIAN_POINT('',(0.0760503799493588,0.0172,-0.0198961066612126));
#13430=CARTESIAN_POINT('',(0.0756753799493588,0.0153,-0.0192465876083742));
#13431=CARTESIAN_POINT('',(0.0756753799493588,0.0172,-0.0192465876083742));
#13432=CARTESIAN_POINT('',(0.0684726576662449,0.0125,-0.0242711066612126));
#13433=CARTESIAN_POINT('',(0.0684726576662449,0.0153,-0.0242711066612126));
#13434=CARTESIAN_POINT('',(0.0608949353831311,0.0172,-0.0286461066612125));
#13435=CARTESIAN_POINT('',(0.0605219055283548,0.0125,-0.023));
#13436=CARTESIAN_POINT('',(0.0601469055283548,0.0125,-0.0223504809471617));
#13437=CARTESIAN_POINT('',(0.0601469055283548,0.0153,-0.0223504809471617));
#13438=CARTESIAN_POINT('',(0.0601469055283548,0.0172,-0.0223504809471617));
#13439=CARTESIAN_POINT('',(0.0605219055283548,0.0153,-0.023));
#13440=CARTESIAN_POINT('',(0.0608969055283548,0.0153,-0.0236495190528383));
#13441=CARTESIAN_POINT('',(0.0608969055283548,0.0125,-0.0236495190528383));
#13442=CARTESIAN_POINT('',(0.0608969055283548,0.0172,-0.0236495190528383));
#13443=CARTESIAN_POINT('',(0.0605219055283548,0.0172,-0.023));
#13444=CARTESIAN_POINT('',(0.0677246278114687,0.0125,-0.0179754809471616));
#13445=CARTESIAN_POINT('',(0.0753023500945825,0.0125,-0.0136004809471617));
#13446=CARTESIAN_POINT('',(0.0753023500945825,0.0153,-0.0136004809471617));
#13447=CARTESIAN_POINT('',(0.0753023500945825,0.0172,-0.0136004809471617));
#13448=CARTESIAN_POINT('',(0.0601469055283548,0.0153,-0.0223504809471617));
#13449=CARTESIAN_POINT('',(0.0677246278114687,0.0172,-0.0179754809471616));
#13450=CARTESIAN_POINT('',(0.0756773500945825,0.0125,-0.01425));
#13451=CARTESIAN_POINT('',(0.0760523500945825,0.0125,-0.0148995190528383));
#13452=CARTESIAN_POINT('',(0.0760523500945825,0.0153,-0.0148995190528383));
#13453=CARTESIAN_POINT('',(0.0760523500945825,0.0172,-0.0148995190528383));
#13454=CARTESIAN_POINT('',(0.0756773500945825,0.0153,-0.01425));
#13455=CARTESIAN_POINT('',(0.0756773500945825,0.0172,-0.01425));
#13456=CARTESIAN_POINT('',(0.0684746278114687,0.0125,-0.0192745190528383));
#13457=CARTESIAN_POINT('',(0.0684746278114687,0.0153,-0.0192745190528383));
#13458=CARTESIAN_POINT('',(0.0608969055283548,0.0172,-0.0236495190528383));
#13459=CARTESIAN_POINT('',(0.0494290973705285,0.0125,-0.0179940476787681));
#13460=CARTESIAN_POINT('',(0.0569746611311695,0.0125,-0.0223504809471617));
#13461=CARTESIAN_POINT('',(0.0569746611311695,0.0153,-0.0223504809471617));
#13462=CARTESIAN_POINT('',(0.0569746611311695,0.0172,-0.0223504809471617));
#13463=CARTESIAN_POINT('',(0.0494290973705285,0.0153,-0.0179940476787681));
#13464=CARTESIAN_POINT('',(0.0418835336098876,0.0153,-0.0136376144103746));
#13465=CARTESIAN_POINT('',(0.0418835336098876,0.0125,-0.0136376144103746));
#13466=CARTESIAN_POINT('',(0.0418835336098876,0.0172,-0.0136376144103746));
#13467=CARTESIAN_POINT('',(0.0569746611311695,0.0172,-0.0223504809471617));
#13468=CARTESIAN_POINT('',(0.056600582658463,0.0125,-0.0229984038679069));
#13469=CARTESIAN_POINT('',(0.0562265041857566,0.0125,-0.0236463267886522));
#13470=CARTESIAN_POINT('',(0.0562265041857566,0.0153,-0.0236463267886522));
#13471=CARTESIAN_POINT('',(0.0562265041857566,0.0172,-0.0236463267886522));
#13472=CARTESIAN_POINT('',(0.056600582658463,0.0153,-0.0229984038679069));
#13473=CARTESIAN_POINT('',(0.056600582658463,0.0172,-0.0229984038679069));
#13474=CARTESIAN_POINT('',(0.0486809404251157,0.0125,-0.0192898935202587));
#13475=CARTESIAN_POINT('',(0.0411353766644748,0.0125,-0.0149334602518651));
#13476=CARTESIAN_POINT('',(0.0411353766644748,0.0153,-0.0149334602518651));
#13477=CARTESIAN_POINT('',(0.0411353766644748,0.0172,-0.0149334602518651));
#13478=CARTESIAN_POINT('',(0.0562265041857566,0.0153,-0.0236463267886522));
#13479=CARTESIAN_POINT('',(0.0486809404251157,0.0172,-0.0192898935202587));
#13480=CARTESIAN_POINT('',(0.0415094551371812,0.0125,-0.0142855373311198));
#13481=CARTESIAN_POINT('',(0.0415094551371812,0.0153,-0.0142855373311198));
#13482=CARTESIAN_POINT('',(0.0415094551371812,0.0172,-0.0142855373311198));
#13483=CARTESIAN_POINT('',(0.0475351816681809,0.0125,-0.029259144585418));
#13484=CARTESIAN_POINT('',(0.039957459385067,0.0125,-0.0248841445854181));
#13485=CARTESIAN_POINT('',(0.039957459385067,0.0153,-0.0248841445854181));
#13486=CARTESIAN_POINT('',(0.039957459385067,0.0172,-0.0248841445854181));
#13487=CARTESIAN_POINT('',(0.0551129039512947,0.0153,-0.033634144585418));
#13488=CARTESIAN_POINT('',(0.0551129039512947,0.0153,-0.033634144585418));
#13489=CARTESIAN_POINT('',(0.0551129039512947,0.0125,-0.033634144585418));
#13490=CARTESIAN_POINT('',(0.0551129039512947,0.0172,-0.033634144585418));
#13491=CARTESIAN_POINT('',(0.0475351816681809,0.0172,-0.029259144585418));
#13492=CARTESIAN_POINT('',(0.040334355582701,0.0125,-0.0242313412219365));
#13493=CARTESIAN_POINT('',(0.0407115346807373,0.0125,-0.0235787012728312));
#13494=CARTESIAN_POINT('',(0.0407115346807373,0.0153,-0.0235787012728312));
#13495=CARTESIAN_POINT('',(0.0407115346807373,0.0172,-0.0235787012728312));
#13496=CARTESIAN_POINT('',(0.040334355582701,0.0153,-0.0242313412219365));
#13497=CARTESIAN_POINT('',(0.040334355582701,0.0172,-0.0242313412219365));
#13498=CARTESIAN_POINT('',(0.0482873600545689,0.0125,-0.0279569851723984));
#13499=CARTESIAN_POINT('',(0.0558631854284005,0.0125,-0.0323352690719656));
#13500=CARTESIAN_POINT('',(0.0558631854284005,0.0153,-0.0323352690719656));
#13501=CARTESIAN_POINT('',(0.0558631854284005,0.0172,-0.0323352690719656));
#13502=CARTESIAN_POINT('',(0.0482873600545689,0.0153,-0.0279569851723984));
#13503=CARTESIAN_POINT('',(0.0558631854284005,0.0172,-0.0323352690719655));
#13504=CARTESIAN_POINT('',(0.0554879039519836,0.0125,-0.0329846255313871));
#13505=CARTESIAN_POINT('',(0.0554879039519836,0.0153,-0.0329846255313871));
#13506=CARTESIAN_POINT('',(0.0554879039519836,0.0172,-0.0329846255313871));
#13507=CARTESIAN_POINT('',(0.0493629372709955,0.0125,-0.00796010647974132));
#13508=CARTESIAN_POINT('',(0.0569728180765822,0.0125,-0.0123536732113478));
#13509=CARTESIAN_POINT('',(0.0569728180765822,0.0153,-0.0123536732113478));
#13510=CARTESIAN_POINT('',(0.0569728180765822,0.0172,-0.0123536732113478));
#13511=CARTESIAN_POINT('',(0.0493629372709955,0.0153,-0.00796010647974132));
#13512=CARTESIAN_POINT('',(0.0417530564654087,0.0153,-0.00356653974813484));
#13513=CARTESIAN_POINT('',(0.0417530564654087,0.0125,-0.00356653974813484));
#13514=CARTESIAN_POINT('',(0.0417530564654087,0.0172,-0.00356653974813484));
#13515=CARTESIAN_POINT('',(0.0569728180765823,0.0172,-0.0123536732113478));
#13516=CARTESIAN_POINT('',(0.0565996611311695,0.0125,-0.013));
#13517=CARTESIAN_POINT('',(0.0562265041857566,0.0125,-0.0136463267886522));
#13518=CARTESIAN_POINT('',(0.0562265041857566,0.0153,-0.0136463267886522));
#13519=CARTESIAN_POINT('',(0.0562265041857566,0.0172,-0.0136463267886522));
#13520=CARTESIAN_POINT('',(0.0565996611311695,0.0153,-0.013));
#13521=CARTESIAN_POINT('',(0.0565996611311695,0.0172,-0.013));
#13522=CARTESIAN_POINT('',(0.0486166233801699,0.0125,-0.00925276005704568));
#13523=CARTESIAN_POINT('',(0.0410067425745832,0.0125,-0.0048591933254392));
#13524=CARTESIAN_POINT('',(0.0410067425745832,0.0153,-0.0048591933254392));
#13525=CARTESIAN_POINT('',(0.0410067425745832,0.0172,-0.0048591933254392));
#13526=CARTESIAN_POINT('',(0.0562265041857566,0.0153,-0.0136463267886522));
#13527=CARTESIAN_POINT('',(0.0486166233801699,0.0172,-0.00925276005704568));
#13528=CARTESIAN_POINT('',(0.0413798995199959,0.0125,-0.00421286653678702));
#13529=CARTESIAN_POINT('',(0.0413798995199959,0.0153,-0.00421286653678702));
#13530=CARTESIAN_POINT('',(0.0413798995199959,0.0172,-0.00421286653678702));
#13531=CARTESIAN_POINT('',(0.0486166233801699,0.0125,-0.0142527600570457));
#13532=CARTESIAN_POINT('',(0.0410067425745832,0.0125,-0.00985919332543917));
#13533=CARTESIAN_POINT('',(0.0410067425745832,0.0153,-0.00985919332543917));
#13534=CARTESIAN_POINT('',(0.0410067425745832,0.0172,-0.00985919332543917));
#13535=CARTESIAN_POINT('',(0.0562265041857566,0.0153,-0.0186463267886521));
#13536=CARTESIAN_POINT('',(0.0562265041857566,0.0153,-0.0186463267886521));
#13537=CARTESIAN_POINT('',(0.0562265041857566,0.0125,-0.0186463267886521));
#13538=CARTESIAN_POINT('',(0.0562265041857566,0.0172,-0.0186463267886521));
#13539=CARTESIAN_POINT('',(0.0486166233801699,0.0172,-0.0142527600570457));
#13540=CARTESIAN_POINT('',(0.0413817425745832,0.0125,-0.00920967427260086));
#13541=CARTESIAN_POINT('',(0.0417567425745832,0.0125,-0.00856015521976251));
#13542=CARTESIAN_POINT('',(0.0417567425745832,0.0153,-0.00856015521976251));
#13543=CARTESIAN_POINT('',(0.0417567425745832,0.0172,-0.00856015521976251));
#13544=CARTESIAN_POINT('',(0.0413817425745832,0.0153,-0.00920967427260086));
#13545=CARTESIAN_POINT('',(0.0413817425745832,0.0172,-0.00920967427260086));
#13546=CARTESIAN_POINT('',(0.0493666233801699,0.0125,-0.012953721951369));
#13547=CARTESIAN_POINT('',(0.0569765041857566,0.0125,-0.0173472886829755));
#13548=CARTESIAN_POINT('',(0.0569765041857566,0.0153,-0.0173472886829755));
#13549=CARTESIAN_POINT('',(0.0569765041857566,0.0172,-0.0173472886829755));
#13550=CARTESIAN_POINT('',(0.0493666233801699,0.0153,-0.012953721951369));
#13551=CARTESIAN_POINT('',(0.0569765041857566,0.0172,-0.0173472886829755));
#13552=CARTESIAN_POINT('',(0.0566015041857566,0.0125,-0.0179968077358139));
#13553=CARTESIAN_POINT('',(0.0566015041857566,0.0153,-0.0179968077358139));
#13554=CARTESIAN_POINT('',(0.0566015041857566,0.0172,-0.0179968077358139));
#13555=CARTESIAN_POINT('',(-0.0565996611311695,0.0125,-0.013));
#13556=CARTESIAN_POINT('',(-0.0569728180765822,0.0125,-0.0123536732113478));
#13557=CARTESIAN_POINT('',(-0.0569728180765822,0.0153,-0.0123536732113478));
#13558=CARTESIAN_POINT('',(-0.0569728180765822,0.0172,-0.0123536732113478));
#13559=CARTESIAN_POINT('',(-0.0565996611311695,0.0153,-0.013));
#13560=CARTESIAN_POINT('',(-0.0562265041857566,0.0153,-0.0136463267886522));
#13561=CARTESIAN_POINT('',(-0.0562265041857566,0.0125,-0.0136463267886522));
#13562=CARTESIAN_POINT('',(-0.0562265041857566,0.0172,-0.0136463267886522));
#13563=CARTESIAN_POINT('',(-0.0565996611311695,0.0172,-0.013));
#13564=CARTESIAN_POINT('',(-0.0493629372709955,0.0125,-0.00796010647974133));
#13565=CARTESIAN_POINT('',(-0.0417530564654087,0.0125,-0.00356653974813484));
#13566=CARTESIAN_POINT('',(-0.0417530564654087,0.0153,-0.00356653974813484));
#13567=CARTESIAN_POINT('',(-0.0417530564654087,0.0172,-0.00356653974813484));
#13568=CARTESIAN_POINT('',(-0.0569728180765822,0.0153,-0.0123536732113478));
#13569=CARTESIAN_POINT('',(-0.0493629372709955,0.0172,-0.00796010647974133));
#13570=CARTESIAN_POINT('',(-0.0413798995199959,0.0125,-0.00421286653678702));
#13571=CARTESIAN_POINT('',(-0.0410067425745832,0.0125,-0.0048591933254392));
#13572=CARTESIAN_POINT('',(-0.0410067425745832,0.0153,-0.0048591933254392));
#13573=CARTESIAN_POINT('',(-0.0410067425745832,0.0172,-0.0048591933254392));
#13574=CARTESIAN_POINT('',(-0.0413798995199959,0.0153,-0.00421286653678702));
#13575=CARTESIAN_POINT('',(-0.0413798995199959,0.0172,-0.00421286653678702));
#13576=CARTESIAN_POINT('',(-0.0486166233801699,0.0125,-0.00925276005704568));
#13577=CARTESIAN_POINT('',(-0.0486166233801699,0.0153,-0.00925276005704568));
#13578=CARTESIAN_POINT('',(-0.0562265041857566,0.0172,-0.0136463267886522));
#13579=CARTESIAN_POINT('',(-0.0486166233801699,0.0125,-0.0142527600570457));
#13580=CARTESIAN_POINT('',(-0.0562265041857566,0.0125,-0.0186463267886521));
#13581=CARTESIAN_POINT('',(-0.0562265041857566,0.0153,-0.0186463267886521));
#13582=CARTESIAN_POINT('',(-0.0562265041857566,0.0172,-0.0186463267886521));
#13583=CARTESIAN_POINT('',(-0.0486166233801699,0.0153,-0.0142527600570457));
#13584=CARTESIAN_POINT('',(-0.0410067425745832,0.0153,-0.00985919332543919));
#13585=CARTESIAN_POINT('',(-0.0410067425745832,0.0125,-0.00985919332543919));
#13586=CARTESIAN_POINT('',(-0.0410067425745832,0.0172,-0.00985919332543919));
#13587=CARTESIAN_POINT('',(-0.0562265041857566,0.0172,-0.0186463267886521));
#13588=CARTESIAN_POINT('',(-0.0566015041857566,0.0125,-0.0179968077358139));
#13589=CARTESIAN_POINT('',(-0.0569765041857566,0.0125,-0.0173472886829755));
#13590=CARTESIAN_POINT('',(-0.0569765041857566,0.0153,-0.0173472886829755));
#13591=CARTESIAN_POINT('',(-0.0569765041857566,0.0172,-0.0173472886829755));
#13592=CARTESIAN_POINT('',(-0.0566015041857566,0.0153,-0.0179968077358139));
#13593=CARTESIAN_POINT('',(-0.0566015041857566,0.0172,-0.0179968077358139));
#13594=CARTESIAN_POINT('',(-0.0493666233801699,0.0125,-0.012953721951369));
#13595=CARTESIAN_POINT('',(-0.0417567425745832,0.0125,-0.00856015521976251));
#13596=CARTESIAN_POINT('',(-0.0417567425745832,0.0153,-0.00856015521976251));
#13597=CARTESIAN_POINT('',(-0.0417567425745832,0.0172,-0.00856015521976251));
#13598=CARTESIAN_POINT('',(-0.0569765041857566,0.0153,-0.0173472886829755));
#13599=CARTESIAN_POINT('',(-0.0493666233801699,0.0172,-0.012953721951369));
#13600=CARTESIAN_POINT('',(-0.0413817425745832,0.0125,-0.00920967427260086));
#13601=CARTESIAN_POINT('',(-0.0413817425745832,0.0153,-0.00920967427260086));
#13602=CARTESIAN_POINT('',(-0.0413817425745832,0.0172,-0.00920967427260086));
#13603=CARTESIAN_POINT('',(-0.0605219055283548,0.0125,-0.023));
#13604=CARTESIAN_POINT('',(-0.0608969055283548,0.0125,-0.0236495190528383));
#13605=CARTESIAN_POINT('',(-0.0608969055283548,0.0153,-0.0236495190528383));
#13606=CARTESIAN_POINT('',(-0.0608969055283548,0.0172,-0.0236495190528383));
#13607=CARTESIAN_POINT('',(-0.0605219055283548,0.0153,-0.023));
#13608=CARTESIAN_POINT('',(-0.0601469055283548,0.0153,-0.0223504809471617));
#13609=CARTESIAN_POINT('',(-0.0601469055283548,0.0125,-0.0223504809471617));
#13610=CARTESIAN_POINT('',(-0.0601469055283548,0.0172,-0.0223504809471617));
#13611=CARTESIAN_POINT('',(-0.0605219055283548,0.0172,-0.023));
#13612=CARTESIAN_POINT('',(-0.0684746278114687,0.0125,-0.0192745190528383));
#13613=CARTESIAN_POINT('',(-0.0760523500945825,0.0125,-0.0148995190528383));
#13614=CARTESIAN_POINT('',(-0.0760523500945825,0.0153,-0.0148995190528383));
#13615=CARTESIAN_POINT('',(-0.0760523500945825,0.0172,-0.0148995190528383));
#13616=CARTESIAN_POINT('',(-0.0608969055283548,0.0153,-0.0236495190528383));
#13617=CARTESIAN_POINT('',(-0.0684746278114687,0.0172,-0.0192745190528383));
#13618=CARTESIAN_POINT('',(-0.0756773500945825,0.0125,-0.01425));
#13619=CARTESIAN_POINT('',(-0.0753023500945825,0.0125,-0.0136004809471617));
#13620=CARTESIAN_POINT('',(-0.0753023500945825,0.0153,-0.0136004809471617));
#13621=CARTESIAN_POINT('',(-0.0753023500945825,0.0172,-0.0136004809471617));
#13622=CARTESIAN_POINT('',(-0.0756773500945825,0.0153,-0.01425));
#13623=CARTESIAN_POINT('',(-0.0756773500945825,0.0172,-0.01425));
#13624=CARTESIAN_POINT('',(-0.0677246278114687,0.0125,-0.0179754809471617));
#13625=CARTESIAN_POINT('',(-0.0677246278114687,0.0153,-0.0179754809471617));
#13626=CARTESIAN_POINT('',(-0.0601469055283548,0.0172,-0.0223504809471617));
#13627=CARTESIAN_POINT('',(-0.0677246278114687,0.0125,-0.00797548094716167));
#13628=CARTESIAN_POINT('',(-0.0601469055283548,0.0125,-0.0123504809471617));
#13629=CARTESIAN_POINT('',(-0.0601469055283548,0.0153,-0.0123504809471617));
#13630=CARTESIAN_POINT('',(-0.0601469055283548,0.0172,-0.0123504809471617));
#13631=CARTESIAN_POINT('',(-0.0677246278114687,0.0153,-0.00797548094716167));
#13632=CARTESIAN_POINT('',(-0.0753023500945825,0.0153,-0.00360048094716167));
#13633=CARTESIAN_POINT('',(-0.0753023500945825,0.0125,-0.00360048094716167));
#13634=CARTESIAN_POINT('',(-0.0753023500945825,0.0172,-0.00360048094716167));
#13635=CARTESIAN_POINT('',(-0.0601469055283548,0.0172,-0.0123504809471617));
#13636=CARTESIAN_POINT('',(-0.0605219055283548,0.0125,-0.013));
#13637=CARTESIAN_POINT('',(-0.0608969055283548,0.0125,-0.0136495190528383));
#13638=CARTESIAN_POINT('',(-0.0608969055283548,0.0153,-0.0136495190528383));
#13639=CARTESIAN_POINT('',(-0.0608969055283548,0.0172,-0.0136495190528383));
#13640=CARTESIAN_POINT('',(-0.0605219055283548,0.0153,-0.013));
#13641=CARTESIAN_POINT('',(-0.0605219055283548,0.0172,-0.013));
#13642=CARTESIAN_POINT('',(-0.0684746278114687,0.0125,-0.00927451905283832));
#13643=CARTESIAN_POINT('',(-0.0760523500945825,0.0125,-0.00489951905283833));
#13644=CARTESIAN_POINT('',(-0.0760523500945825,0.0153,-0.00489951905283833));
#13645=CARTESIAN_POINT('',(-0.0760523500945825,0.0172,-0.00489951905283833));
#13646=CARTESIAN_POINT('',(-0.0608969055283548,0.0153,-0.0136495190528383));
#13647=CARTESIAN_POINT('',(-0.0684746278114687,0.0172,-0.00927451905283832));
#13648=CARTESIAN_POINT('',(-0.0756773500945825,0.0125,-0.00425));
#13649=CARTESIAN_POINT('',(-0.0756773500945825,0.0153,-0.00425));
#13650=CARTESIAN_POINT('',(-0.0756773500945825,0.0172,-0.00425));
#13651=CARTESIAN_POINT('',(0.0483319943463266,0.0125,-0.0229720685555359));
#13652=CARTESIAN_POINT('',(0.0559097166294404,0.0125,-0.0273470685555358));
#13653=CARTESIAN_POINT('',(0.0559097166294404,0.0153,-0.0273470685555358));
#13654=CARTESIAN_POINT('',(0.0559097166294404,0.0172,-0.0273470685555358));
#13655=CARTESIAN_POINT('',(0.0483319943463266,0.0153,-0.0229720685555359));
#13656=CARTESIAN_POINT('',(0.0407542720632128,0.0153,-0.0185970685555359));
#13657=CARTESIAN_POINT('',(0.0407542720632128,0.0125,-0.0185970685555359));
#13658=CARTESIAN_POINT('',(0.0407542720632128,0.0172,-0.0185970685555359));
#13659=CARTESIAN_POINT('',(0.0559097166294404,0.0172,-0.0273470685555358));
#13660=CARTESIAN_POINT('',(0.0555347166294404,0.0125,-0.0279965876083742));
#13661=CARTESIAN_POINT('',(0.0551597166294404,0.0125,-0.0286461066612125));
#13662=CARTESIAN_POINT('',(0.0551597166294404,0.0153,-0.0286461066612125));
#13663=CARTESIAN_POINT('',(0.0551597166294404,0.0172,-0.0286461066612125));
#13664=CARTESIAN_POINT('',(0.0555347166294404,0.0153,-0.0279965876083742));
#13665=CARTESIAN_POINT('',(0.0555347166294404,0.0172,-0.0279965876083742));
#13666=CARTESIAN_POINT('',(0.0475819943463266,0.0125,-0.0242711066612126));
#13667=CARTESIAN_POINT('',(0.0400042720632128,0.0125,-0.0198961066612126));
#13668=CARTESIAN_POINT('',(0.0400042720632128,0.0153,-0.0198961066612126));
#13669=CARTESIAN_POINT('',(0.0400042720632128,0.0172,-0.0198961066612126));
#13670=CARTESIAN_POINT('',(0.0551597166294404,0.0153,-0.0286461066612125));
#13671=CARTESIAN_POINT('',(0.0475819943463266,0.0172,-0.0242711066612126));
#13672=CARTESIAN_POINT('',(0.0403792720632128,0.0125,-0.0192465876083742));
#13673=CARTESIAN_POINT('',(0.0403792720632128,0.0153,-0.0192465876083742));
#13674=CARTESIAN_POINT('',(0.0403792720632128,0.0172,-0.0192465876083742));
#13675=CARTESIAN_POINT('',(-0.0605199353831311,0.0125,-0.0279965876083742));
#13676=CARTESIAN_POINT('',(-0.0608949353831311,0.0125,-0.0286461066612125));
#13677=CARTESIAN_POINT('',(-0.0608949353831311,0.0153,-0.0286461066612125));
#13678=CARTESIAN_POINT('',(-0.0608949353831311,0.0172,-0.0286461066612125));
#13679=CARTESIAN_POINT('',(-0.0605199353831311,0.0153,-0.0279965876083742));
#13680=CARTESIAN_POINT('',(-0.0601449353831311,0.0153,-0.0273470685555358));
#13681=CARTESIAN_POINT('',(-0.0601449353831311,0.0125,-0.0273470685555358));
#13682=CARTESIAN_POINT('',(-0.0601449353831311,0.0172,-0.0273470685555358));
#13683=CARTESIAN_POINT('',(-0.0605199353831311,0.0172,-0.0279965876083742));
#13684=CARTESIAN_POINT('',(-0.0684726576662449,0.0125,-0.0242711066612126));
#13685=CARTESIAN_POINT('',(-0.0760503799493588,0.0125,-0.0198961066612126));
#13686=CARTESIAN_POINT('',(-0.0760503799493588,0.0153,-0.0198961066612126));
#13687=CARTESIAN_POINT('',(-0.0760503799493588,0.0172,-0.0198961066612126));
#13688=CARTESIAN_POINT('',(-0.0608949353831311,0.0153,-0.0286461066612125));
#13689=CARTESIAN_POINT('',(-0.0684726576662449,0.0172,-0.0242711066612126));
#13690=CARTESIAN_POINT('',(-0.0756753799493588,0.0125,-0.0192465876083742));
#13691=CARTESIAN_POINT('',(-0.0753003799493588,0.0125,-0.0185970685555359));
#13692=CARTESIAN_POINT('',(-0.0753003799493588,0.0153,-0.0185970685555359));
#13693=CARTESIAN_POINT('',(-0.0753003799493588,0.0172,-0.0185970685555359));
#13694=CARTESIAN_POINT('',(-0.0756753799493588,0.0153,-0.0192465876083742));
#13695=CARTESIAN_POINT('',(-0.0756753799493588,0.0172,-0.0192465876083742));
#13696=CARTESIAN_POINT('',(-0.0677226576662449,0.0125,-0.0229720685555359));
#13697=CARTESIAN_POINT('',(-0.0677226576662449,0.0153,-0.0229720685555359));
#13698=CARTESIAN_POINT('',(-0.0601449353831311,0.0172,-0.0273470685555358));
#13699=CARTESIAN_POINT('',(-0.0677003750054405,0.0125,-0.0279894849273644));
#13700=CARTESIAN_POINT('',(-0.0601141666391882,0.0125,-0.032349753568607));
#13701=CARTESIAN_POINT('',(-0.0601141666391882,0.0153,-0.032349753568607));
#13702=CARTESIAN_POINT('',(-0.0601141666391882,0.0172,-0.032349753568607));
#13703=CARTESIAN_POINT('',(-0.0677003750054405,0.0153,-0.0279894849273644));
#13704=CARTESIAN_POINT('',(-0.0752865833716928,0.0153,-0.0236292162861217));
#13705=CARTESIAN_POINT('',(-0.0752865833716928,0.0125,-0.0236292162861217));
#13706=CARTESIAN_POINT('',(-0.0752865833716928,0.0172,-0.0236292162861217));
#13707=CARTESIAN_POINT('',(-0.0601141666391882,0.0172,-0.032349753568607));
#13708=CARTESIAN_POINT('',(-0.0604879039512947,0.0125,-0.033));
#13709=CARTESIAN_POINT('',(-0.0608629039512947,0.0125,-0.0336495190528383));
#13710=CARTESIAN_POINT('',(-0.0608629039512947,0.0153,-0.0336495190528383));
#13711=CARTESIAN_POINT('',(-0.0608629039512947,0.0172,-0.0336495190528383));
#13712=CARTESIAN_POINT('',(-0.0604879039512947,0.0153,-0.033));
#13713=CARTESIAN_POINT('',(-0.0604879039512947,0.0172,-0.033));
#13714=CARTESIAN_POINT('',(-0.0684406262344085,0.0125,-0.0292745190528383));
#13715=CARTESIAN_POINT('',(-0.0760183485175224,0.0125,-0.0248995190528383));
#13716=CARTESIAN_POINT('',(-0.0760183485175224,0.0153,-0.0248995190528383));
#13717=CARTESIAN_POINT('',(-0.0760183485175224,0.0172,-0.0248995190528383));
#13718=CARTESIAN_POINT('',(-0.0608629039512947,0.0153,-0.0336495190528383));
#13719=CARTESIAN_POINT('',(-0.0684406262344085,0.0172,-0.0292745190528383));
#13720=CARTESIAN_POINT('',(-0.0756518489117646,0.0125,-0.0242647231147117));
#13721=CARTESIAN_POINT('',(-0.0756518489117646,0.0153,-0.0242647231147117));
#13722=CARTESIAN_POINT('',(-0.0756518489117646,0.0172,-0.0242647231147117));
#13723=CARTESIAN_POINT('',(-0.0554879039514174,0.0125,-0.0329846255323673));
#13724=CARTESIAN_POINT('',(-0.0558631854284005,0.0125,-0.0323352690719656));
#13725=CARTESIAN_POINT('',(-0.0558631854284005,0.0153,-0.0323352690719656));
#13726=CARTESIAN_POINT('',(-0.0558631854284005,0.0172,-0.0323352690719656));
#13727=CARTESIAN_POINT('',(-0.0554879039514174,0.0153,-0.0329846255323673));
#13728=CARTESIAN_POINT('',(-0.0551129039512947,0.0153,-0.033634144585418));
#13729=CARTESIAN_POINT('',(-0.0551129039512947,0.0125,-0.033634144585418));
#13730=CARTESIAN_POINT('',(-0.0551129039512947,0.0172,-0.033634144585418));
#13731=CARTESIAN_POINT('',(-0.0554879039514174,0.0172,-0.0329846255323673));
#13732=CARTESIAN_POINT('',(-0.0482873600545689,0.0125,-0.0279569851723984));
#13733=CARTESIAN_POINT('',(-0.0407115346807373,0.0125,-0.0235787012728313));
#13734=CARTESIAN_POINT('',(-0.0407115346807373,0.0153,-0.0235787012728313));
#13735=CARTESIAN_POINT('',(-0.0407115346807373,0.0172,-0.0235787012728313));
#13736=CARTESIAN_POINT('',(-0.0558631854284005,0.0153,-0.0323352690719655));
#13737=CARTESIAN_POINT('',(-0.0482873600545689,0.0172,-0.0279569851723984));
#13738=CARTESIAN_POINT('',(-0.040334355582701,0.0125,-0.0242313412219365));
#13739=CARTESIAN_POINT('',(-0.039957459385067,0.0125,-0.0248841445854181));
#13740=CARTESIAN_POINT('',(-0.039957459385067,0.0153,-0.0248841445854181));
#13741=CARTESIAN_POINT('',(-0.039957459385067,0.0172,-0.0248841445854181));
#13742=CARTESIAN_POINT('',(-0.040334355582701,0.0153,-0.0242313412219365));
#13743=CARTESIAN_POINT('',(-0.040334355582701,0.0172,-0.0242313412219365));
#13744=CARTESIAN_POINT('',(-0.0475351816681809,0.0125,-0.029259144585418));
#13745=CARTESIAN_POINT('',(-0.0475351816681809,0.0153,-0.029259144585418));
#13746=CARTESIAN_POINT('',(-0.0551129039512947,0.0172,-0.033634144585418));
#13747=CARTESIAN_POINT('',(0.00315069897694939,0.0162,0.0261573519480609));
#13748=CARTESIAN_POINT('',(0.00315069897694939,0.0175,0.0261573519480609));
#13749=CARTESIAN_POINT('',(0.00315069897694939,0.0162,0.0274771708554739));
#13750=CARTESIAN_POINT('',(0.00315069897694939,0.0175,0.0274771708554739));
#13751=CARTESIAN_POINT('',(0.00338710508711101,0.0162,0.0284799382935084));
#13752=CARTESIAN_POINT('',(0.00338710508711101,0.0175,0.0284799382935084));
#13753=CARTESIAN_POINT('',(0.00385991730743426,0.0162,0.0291656542621643));
#13754=CARTESIAN_POINT('',(0.00385991730743426,0.0175,0.0291656542621643));
#13755=CARTESIAN_POINT('',(0.00315069897694939,0.0175,0.0261573519480609));
#13756=CARTESIAN_POINT('',(0.00315069897694939,0.0175,0.0281370803091804));
#13757=CARTESIAN_POINT('',(0.00385991730743426,0.0175,0.0291656542621643));
#13758=CARTESIAN_POINT('',(0.00315069897694939,0.0175,0.0261573519480609));
#13759=CARTESIAN_POINT('',(0.00385991730743426,0.0175,0.0291656542621643));
#13760=CARTESIAN_POINT('',(0.00315069897694939,0.0162,0.0261573519480609));
#13761=CARTESIAN_POINT('',(0.00315069897694939,0.0162,0.0261573519480609));
#13762=CARTESIAN_POINT('',(0.00315069897694939,0.0162,0.0261573519480609));
#13763=CARTESIAN_POINT('',(0.00315069897694939,0.0162,0.0281370803091804));
#13764=CARTESIAN_POINT('',(0.00385991730743426,0.0162,0.0291656542621643));
#13765=CARTESIAN_POINT('',(0.00385991730743426,0.0162,0.0291656542621643));
#13766=CARTESIAN_POINT('',(0.00385991730743426,0.0162,0.0291656542621643));
#13767=CARTESIAN_POINT('',(0.00315069897694939,0.0162,0.0258504387524124));
#13768=CARTESIAN_POINT('',(0.00315069897694939,0.0175,0.0258504387524124));
#13769=CARTESIAN_POINT('',(0.00315069897694939,0.0175,0.025543525556764));
#13770=CARTESIAN_POINT('',(0.00315069897694939,0.0162,0.025543525556764));
#13771=CARTESIAN_POINT('',(0.00315069897694939,0.0162,0.025543525556764));
#13772=CARTESIAN_POINT('',(0.00315069897694939,0.0162,0.0258504387524124));
#13773=CARTESIAN_POINT('',(0.00385991730743426,0.0162,0.0225587256044894));
#13774=CARTESIAN_POINT('',(0.00385991730743426,0.0175,0.0225587256044894));
#13775=CARTESIAN_POINT('',(0.00339263505460017,0.0162,0.0232416765894008));
#13776=CARTESIAN_POINT('',(0.00339263505460017,0.0175,0.0232416765894008));
#13777=CARTESIAN_POINT('',(0.00315622894443855,0.0162,0.0242366099068257));
#13778=CARTESIAN_POINT('',(0.00315622894443855,0.0175,0.0242366099068257));
#13779=CARTESIAN_POINT('',(0.00315069897694939,0.0162,0.025543525556764));
#13780=CARTESIAN_POINT('',(0.00315069897694939,0.0175,0.025543525556764));
#13781=CARTESIAN_POINT('',(0.00385991730743426,0.0175,0.0225587256044894));
#13782=CARTESIAN_POINT('',(0.00315899392818313,0.0175,0.0235831520818565));
#13783=CARTESIAN_POINT('',(0.00315069897694939,0.0175,0.025543525556764));
#13784=CARTESIAN_POINT('',(0.00385991730743426,0.0175,0.0225587256044894));
#13785=CARTESIAN_POINT('',(0.00385991730743426,0.0162,0.0225587256044894));
#13786=CARTESIAN_POINT('',(0.00385991730743426,0.0162,0.0225587256044894));
#13787=CARTESIAN_POINT('',(0.00385991730743426,0.0162,0.0225587256044894));
#13788=CARTESIAN_POINT('',(0.00315899392818313,0.0162,0.0235831520818565));
#13789=CARTESIAN_POINT('',(0.00315069897694939,0.0162,0.025543525556764));
#13790=CARTESIAN_POINT('',(0.00586314803038276,0.0162,0.0215342991271224));
#13791=CARTESIAN_POINT('',(0.00586314803038276,0.0175,0.0215342991271224));
#13792=CARTESIAN_POINT('',(0.00499494313458451,0.0162,0.0215342991271224));
#13793=CARTESIAN_POINT('',(0.00499494313458451,0.0175,0.0215342991271224));
#13794=CARTESIAN_POINT('',(0.00432719956026835,0.0162,0.0218757746195781));
#13795=CARTESIAN_POINT('',(0.00432719956026835,0.0175,0.0218757746195781));
#13796=CARTESIAN_POINT('',(0.00385991730743426,0.0162,0.0225587256044894));
#13797=CARTESIAN_POINT('',(0.00385991730743426,0.0175,0.0225587256044894));
#13798=CARTESIAN_POINT('',(0.00586314803038276,0.0175,0.0215342991271224));
#13799=CARTESIAN_POINT('',(0.00456084068668539,0.0175,0.0215342991271224));
#13800=CARTESIAN_POINT('',(0.00385991730743426,0.0175,0.0225587256044894));
#13801=CARTESIAN_POINT('',(0.00586314803038276,0.0175,0.0215342991271224));
#13802=CARTESIAN_POINT('',(0.00586314803038276,0.0162,0.0215342991271224));
#13803=CARTESIAN_POINT('',(0.00586314803038276,0.0162,0.0215342991271224));
#13804=CARTESIAN_POINT('',(0.00586314803038276,0.0162,0.0215342991271224));
#13805=CARTESIAN_POINT('',(0.00456084068668539,0.0162,0.0215342991271224));
#13806=CARTESIAN_POINT('',(0.00385991730743426,0.0162,0.0225587256044894));
#13807=CARTESIAN_POINT('',(0.00790370603388309,0.0162,0.0225974353769136));
#13808=CARTESIAN_POINT('',(0.00790370603388309,0.0175,0.0225974353769136));
#13809=CARTESIAN_POINT('',(0.00743181547480804,0.0162,0.0218886778770528));
#13810=CARTESIAN_POINT('',(0.00743181547480804,0.0175,0.0218886778770528));
#13811=CARTESIAN_POINT('',(0.00675162947364126,0.0162,0.0215342991271224));
#13812=CARTESIAN_POINT('',(0.00675162947364126,0.0175,0.0215342991271224));
#13813=CARTESIAN_POINT('',(0.00586314803038276,0.0162,0.0215342991271224));
#13814=CARTESIAN_POINT('',(0.00586314803038276,0.0175,0.0215342991271224));
#13815=CARTESIAN_POINT('',(0.00790370603388309,0.0175,0.0225974353769136));
#13816=CARTESIAN_POINT('',(0.00719587019527051,0.0175,0.0215342991271224));
#13817=CARTESIAN_POINT('',(0.00586314803038276,0.0175,0.0215342991271224));
#13818=CARTESIAN_POINT('',(0.00790370603388309,0.0175,0.0225974353769136));
#13819=CARTESIAN_POINT('',(0.00790370603388309,0.0162,0.0225974353769136));
#13820=CARTESIAN_POINT('',(0.00790370603388309,0.0162,0.0225974353769136));
#13821=CARTESIAN_POINT('',(0.00790370603388309,0.0162,0.0225974353769136));
#13822=CARTESIAN_POINT('',(0.00719587019527051,0.0162,0.0215342991271224));
#13823=CARTESIAN_POINT('',(0.00586314803038276,0.0162,0.0215342991271224));
#13824=CARTESIAN_POINT('',(0.00861154187249568,0.0162,0.0255877652966773));
#13825=CARTESIAN_POINT('',(0.00861154187249568,0.0175,0.0255877652966773));
#13826=CARTESIAN_POINT('',(0.00861154187249568,0.0162,0.0243029695166956));
#13827=CARTESIAN_POINT('',(0.00861154187249568,0.0175,0.0243029695166956));
#13828=CARTESIAN_POINT('',(0.00837559659295815,0.0162,0.0233061928767744));
#13829=CARTESIAN_POINT('',(0.00837559659295815,0.0175,0.0233061928767744));
#13830=CARTESIAN_POINT('',(0.00790370603388309,0.0162,0.0225974353769136));
#13831=CARTESIAN_POINT('',(0.00790370603388309,0.0175,0.0225974353769136));
#13832=CARTESIAN_POINT('',(0.00861154187249568,0.0175,0.0255877652966773));
#13833=CARTESIAN_POINT('',(0.00861154187249568,0.0175,0.0236605716267047));
#13834=CARTESIAN_POINT('',(0.00790370603388309,0.0175,0.0225974353769136));
#13835=CARTESIAN_POINT('',(0.00861154187249568,0.0175,0.0255877652966773));
#13836=CARTESIAN_POINT('',(0.00861154187249568,0.0162,0.0255877652966773));
#13837=CARTESIAN_POINT('',(0.00861154187249568,0.0162,0.0255877652966773));
#13838=CARTESIAN_POINT('',(0.00861154187249568,0.0162,0.0255877652966773));
#13839=CARTESIAN_POINT('',(0.00861154187249568,0.0162,0.0236605716267047));
#13840=CARTESIAN_POINT('',(0.00790370603388309,0.0162,0.0225974353769136));
#13841=CARTESIAN_POINT('',(0.00861154187249568,0.0162,0.0258946784923257));
#13842=CARTESIAN_POINT('',(0.00861154187249568,0.0175,0.0258946784923257));
#13843=CARTESIAN_POINT('',(0.00861154187249568,0.0175,0.0262015916879741));
#13844=CARTESIAN_POINT('',(0.00861154187249568,0.0162,0.0262015916879741));
#13845=CARTESIAN_POINT('',(0.00861154187249568,0.0162,0.0262015916879741));
#13846=CARTESIAN_POINT('',(0.00861154187249568,0.0162,0.0258946784923257));
#13847=CARTESIAN_POINT('',(0.00789541108264935,0.0162,0.029178096689015));
#13848=CARTESIAN_POINT('',(0.00789541108264935,0.0175,0.029178096689015));
#13849=CARTESIAN_POINT('',(0.00836730164172441,0.0162,0.0285006756715927));
#13850=CARTESIAN_POINT('',(0.00836730164172441,0.0175,0.0285006756715927));
#13851=CARTESIAN_POINT('',(0.00860601190500652,0.0162,0.0275085073379125));
#13852=CARTESIAN_POINT('',(0.00860601190500652,0.0175,0.0275085073379125));
#13853=CARTESIAN_POINT('',(0.00861154187249568,0.0162,0.0262015916879741));
#13854=CARTESIAN_POINT('',(0.00861154187249568,0.0175,0.0262015916879741));
#13855=CARTESIAN_POINT('',(0.00789541108264935,0.0175,0.029178096689015));
#13856=CARTESIAN_POINT('',(0.00860324692126194,0.0175,0.0281619651628816));
#13857=CARTESIAN_POINT('',(0.00861154187249568,0.0175,0.0262015916879741));
#13858=CARTESIAN_POINT('',(0.00789541108264935,0.0175,0.029178096689015));
#13859=CARTESIAN_POINT('',(0.00789541108264935,0.0162,0.029178096689015));
#13860=CARTESIAN_POINT('',(0.00789541108264935,0.0162,0.029178096689015));
#13861=CARTESIAN_POINT('',(0.00789541108264935,0.0162,0.029178096689015));
#13862=CARTESIAN_POINT('',(0.00860324692126194,0.0162,0.0281619651628816));
#13863=CARTESIAN_POINT('',(0.00861154187249568,0.0162,0.0262015916879741));
#13864=CARTESIAN_POINT('',(0.00588250291659482,0.0162,0.0301942282151482));
#13865=CARTESIAN_POINT('',(0.00588250291659482,0.0175,0.0301942282151482));
#13866=CARTESIAN_POINT('',(0.00675255113488945,0.0162,0.0301942282151482));
#13867=CARTESIAN_POINT('',(0.00675255113488945,0.0175,0.0301942282151482));
#13868=CARTESIAN_POINT('',(0.0074235205235743,0.0162,0.0298555177064371));
#13869=CARTESIAN_POINT('',(0.0074235205235743,0.0175,0.0298555177064371));
#13870=CARTESIAN_POINT('',(0.00789541108264935,0.0162,0.029178096689015));
#13871=CARTESIAN_POINT('',(0.00789541108264935,0.0175,0.029178096689015));
#13872=CARTESIAN_POINT('',(0.00588250291659482,0.0175,0.0301942282151482));
#13873=CARTESIAN_POINT('',(0.00718757524403677,0.0175,0.0301942282151482));
#13874=CARTESIAN_POINT('',(0.00789541108264935,0.0175,0.029178096689015));
#13875=CARTESIAN_POINT('',(0.00588250291659482,0.0175,0.0301942282151482));
#13876=CARTESIAN_POINT('',(0.00588250291659482,0.0162,0.0301942282151482));
#13877=CARTESIAN_POINT('',(0.00588250291659482,0.0162,0.0301942282151482));
#13878=CARTESIAN_POINT('',(0.00588250291659482,0.0162,0.0301942282151482));
#13879=CARTESIAN_POINT('',(0.00718757524403677,0.0162,0.0301942282151482));
#13880=CARTESIAN_POINT('',(0.00789541108264935,0.0162,0.029178096689015));
#13881=CARTESIAN_POINT('',(0.000523964419598007,0.0162,0.0255877652966773));
#13882=CARTESIAN_POINT('',(0.000523964419598007,0.0175,0.0255877652966773));
#13883=CARTESIAN_POINT('',(0.000523964419598007,0.0162,0.0243490525791053));
#13884=CARTESIAN_POINT('',(0.000523964419598007,0.0175,0.0243490525791053));
#13885=CARTESIAN_POINT('',(0.000742858966043955,0.0162,0.0232633356287333));
#13886=CARTESIAN_POINT('',(0.000742858966043955,0.0175,0.0232633356287333));
#13887=CARTESIAN_POINT('',(0.00118064805893585,0.0162,0.0223306144455616));
#13888=CARTESIAN_POINT('',(0.00118064805893585,0.0175,0.0223306144455616));
#13889=CARTESIAN_POINT('',(0.000523964419598007,0.0162,0.0255877652966773));
#13890=CARTESIAN_POINT('',(0.000523964419598007,0.0162,0.0255877652966773));
#13891=CARTESIAN_POINT('',(0.000523964419598007,0.0162,0.0255877652966773));
#13892=CARTESIAN_POINT('',(0.000523964419598007,0.0162,0.0237296962203193));
#13893=CARTESIAN_POINT('',(0.00118064805893585,0.0162,0.0223306144455616));
#13894=CARTESIAN_POINT('',(0.00118064805893585,0.0162,0.0223306144455616));
#13895=CARTESIAN_POINT('',(0.00118064805893585,0.0162,0.0223306144455616));
#13896=CARTESIAN_POINT('',(0.000523964419598007,0.0162,0.0258684111467522));
#13897=CARTESIAN_POINT('',(0.000523964419598007,0.0162,0.0261490569968271));
#13898=CARTESIAN_POINT('',(0.000523964419598007,0.0162,0.0261490569968271));
#13899=CARTESIAN_POINT('',(0.000523964419598007,0.0162,0.0258684111467522));
#13900=CARTESIAN_POINT('',(0.00119447297765875,0.0162,0.029411737815432));
#13901=CARTESIAN_POINT('',(0.00119447297765875,0.0175,0.029411737815432));
#13902=CARTESIAN_POINT('',(0.000747467272284923,0.0162,0.0284698000197783));
#13903=CARTESIAN_POINT('',(0.000747467272284923,0.0175,0.0284698000197783));
#13904=CARTESIAN_POINT('',(0.000523964419598007,0.0162,0.02738223974691));
#13905=CARTESIAN_POINT('',(0.000523964419598007,0.0175,0.02738223974691));
#13906=CARTESIAN_POINT('',(0.000523964419598007,0.0162,0.0261490569968271));
#13907=CARTESIAN_POINT('',(0.000523964419598007,0.0175,0.0261490569968271));
#13908=CARTESIAN_POINT('',(0.00119447297765875,0.0162,0.029411737815432));
#13909=CARTESIAN_POINT('',(0.00119447297765875,0.0162,0.029411737815432));
#13910=CARTESIAN_POINT('',(0.00119447297765875,0.0162,0.029411737815432));
#13911=CARTESIAN_POINT('',(0.000523964419598007,0.0162,0.0279988311219514));
#13912=CARTESIAN_POINT('',(0.000523964419598007,0.0162,0.0261490569968271));
#13913=CARTESIAN_POINT('',(0.00308710435082403,0.0162,0.0315808675630553));
#13914=CARTESIAN_POINT('',(0.00308710435082403,0.0175,0.0315808675630553));
#13915=CARTESIAN_POINT('',(0.00227235580742101,0.0162,0.0310767188602935));
#13916=CARTESIAN_POINT('',(0.00227235580742101,0.0175,0.0310767188602935));
#13917=CARTESIAN_POINT('',(0.00164147868303258,0.0162,0.0303536756110857));
#13918=CARTESIAN_POINT('',(0.00164147868303258,0.0175,0.0303536756110857));
#13919=CARTESIAN_POINT('',(0.00119447297765875,0.0162,0.029411737815432));
#13920=CARTESIAN_POINT('',(0.00119447297765875,0.0175,0.029411737815432));
#13921=CARTESIAN_POINT('',(0.00308710435082403,0.0162,0.0315808675630553));
#13922=CARTESIAN_POINT('',(0.00308710435082403,0.0162,0.0315808675630553));
#13923=CARTESIAN_POINT('',(0.00308710435082403,0.0162,0.0315808675630553));
#13924=CARTESIAN_POINT('',(0.0018649815357195,0.0162,0.0308246445089126));
#13925=CARTESIAN_POINT('',(0.00119447297765875,0.0162,0.029411737815432));
#13926=CARTESIAN_POINT('',(0.00588112042472254,0.0162,0.032337090617198));
#13927=CARTESIAN_POINT('',(0.00588112042472254,0.0175,0.032337090617198));
#13928=CARTESIAN_POINT('',(0.00483319158552657,0.0162,0.032337090617198));
#13929=CARTESIAN_POINT('',(0.00483319158552657,0.0175,0.032337090617198));
#13930=CARTESIAN_POINT('',(0.00390185289422706,0.0162,0.0320850162658171));
#13931=CARTESIAN_POINT('',(0.00390185289422706,0.0175,0.0320850162658171));
#13932=CARTESIAN_POINT('',(0.00308710435082403,0.0162,0.0315808675630553));
#13933=CARTESIAN_POINT('',(0.00308710435082403,0.0175,0.0315808675630553));
#13934=CARTESIAN_POINT('',(0.00588112042472254,0.0162,0.032337090617198));
#13935=CARTESIAN_POINT('',(0.00588112042472254,0.0162,0.032337090617198));
#13936=CARTESIAN_POINT('',(0.00588112042472254,0.0162,0.032337090617198));
#13937=CARTESIAN_POINT('',(0.00430922716592858,0.0162,0.032337090617198));
#13938=CARTESIAN_POINT('',(0.00308710435082403,0.0162,0.0315808675630553));
#13939=CARTESIAN_POINT('',(0.00867651899049332,0.0162,0.0315808675630553));
#13940=CARTESIAN_POINT('',(0.00867651899049332,0.0175,0.0315808675630553));
#13941=CARTESIAN_POINT('',(0.0078608487858421,0.0162,0.0320850162658171));
#13942=CARTESIAN_POINT('',(0.0078608487858421,0.0175,0.0320850162658171));
#13943=CARTESIAN_POINT('',(0.00692904926391851,0.0162,0.032337090617198));
#13944=CARTESIAN_POINT('',(0.00692904926391851,0.0175,0.032337090617198));
#13945=CARTESIAN_POINT('',(0.00588112042472254,0.0162,0.032337090617198));
#13946=CARTESIAN_POINT('',(0.00588112042472254,0.0175,0.032337090617198));
#13947=CARTESIAN_POINT('',(0.00867651899049332,0.0162,0.0315808675630553));
#13948=CARTESIAN_POINT('',(0.00867651899049332,0.0162,0.0315808675630553));
#13949=CARTESIAN_POINT('',(0.00867651899049332,0.0162,0.0315808675630553));
#13950=CARTESIAN_POINT('',(0.00745301368351649,0.0162,0.032337090617198));
#13951=CARTESIAN_POINT('',(0.00588112042472254,0.0162,0.032337090617198));
#13952=CARTESIAN_POINT('',(0.0105691503636586,0.0162,0.029411737815432));
#13953=CARTESIAN_POINT('',(0.0105691503636586,0.0175,0.029411737815432));
#13954=CARTESIAN_POINT('',(0.010123066319533,0.0162,0.0303536756110857));
#13955=CARTESIAN_POINT('',(0.010123066319533,0.0175,0.0303536756110857));
#13956=CARTESIAN_POINT('',(0.00949218919514453,0.0162,0.0310767188602935));
#13957=CARTESIAN_POINT('',(0.00949218919514453,0.0175,0.0310767188602935));
#13958=CARTESIAN_POINT('',(0.00867651899049332,0.0162,0.0315808675630553));
#13959=CARTESIAN_POINT('',(0.00867651899049332,0.0175,0.0315808675630553));
#13960=CARTESIAN_POINT('',(0.0105691503636586,0.0162,0.029411737815432));
#13961=CARTESIAN_POINT('',(0.0105691503636586,0.0162,0.029411737815432));
#13962=CARTESIAN_POINT('',(0.0105691503636586,0.0162,0.029411737815432));
#13963=CARTESIAN_POINT('',(0.00990002429747014,0.0162,0.0308246445089126));
#13964=CARTESIAN_POINT('',(0.00867651899049332,0.0162,0.0315808675630553));
#13965=CARTESIAN_POINT('',(0.0112382764298471,0.0162,0.0261407620455933));
#13966=CARTESIAN_POINT('',(0.0112382764298471,0.0175,0.0261407620455933));
#13967=CARTESIAN_POINT('',(0.0112382764298471,0.0162,0.0273794747631654));
#13968=CARTESIAN_POINT('',(0.0112382764298471,0.0175,0.0273794747631654));
#13969=CARTESIAN_POINT('',(0.0110152344077842,0.0162,0.0284698000197783));
#13970=CARTESIAN_POINT('',(0.0110152344077842,0.0175,0.0284698000197783));
#13971=CARTESIAN_POINT('',(0.0105691503636586,0.0162,0.029411737815432));
#13972=CARTESIAN_POINT('',(0.0105691503636586,0.0175,0.029411737815432));
#13973=CARTESIAN_POINT('',(0.0112382764298471,0.0162,0.0261407620455933));
#13974=CARTESIAN_POINT('',(0.0112382764298471,0.0162,0.0261407620455933));
#13975=CARTESIAN_POINT('',(0.0112382764298471,0.0162,0.0261407620455933));
#13976=CARTESIAN_POINT('',(0.0112382764298471,0.0162,0.0279988311219514));
#13977=CARTESIAN_POINT('',(0.0105691503636586,0.0162,0.029411737815432));
#13978=CARTESIAN_POINT('',(0.0112382764298471,0.0162,0.0258297013743281));
#13979=CARTESIAN_POINT('',(0.0112382764298471,0.0162,0.0255186407030628));
#13980=CARTESIAN_POINT('',(0.0112382764298471,0.0162,0.0255186407030628));
#13981=CARTESIAN_POINT('',(0.0112382764298471,0.0162,0.0258297013743281));
#13982=CARTESIAN_POINT('',(0.010556707936808,0.0162,0.0223084945756049));
#13983=CARTESIAN_POINT('',(0.010556707936808,0.0175,0.0223084945756049));
#13984=CARTESIAN_POINT('',(0.0110055569646782,0.0162,0.0232393724362803));
#13985=CARTESIAN_POINT('',(0.0110055569646782,0.0175,0.0232393724362803));
#13986=CARTESIAN_POINT('',(0.0112327464623579,0.0162,0.024309421145433));
#13987=CARTESIAN_POINT('',(0.0112327464623579,0.0175,0.024309421145433));
#13988=CARTESIAN_POINT('',(0.0112382764298471,0.0162,0.0255186407030628));
#13989=CARTESIAN_POINT('',(0.0112382764298471,0.0175,0.0255186407030628));
#13990=CARTESIAN_POINT('',(0.010556707936808,0.0162,0.0223084945756049));
#13991=CARTESIAN_POINT('',(0.010556707936808,0.0162,0.0223084945756049));
#13992=CARTESIAN_POINT('',(0.010556707936808,0.0162,0.0223084945756049));
#13993=CARTESIAN_POINT('',(0.0112299814786133,0.0162,0.0237048113666181));
#13994=CARTESIAN_POINT('',(0.0112382764298471,0.0162,0.0255186407030628));
#13995=CARTESIAN_POINT('',(0.00865578161240896,0.0162,0.0201601022060659));
#13996=CARTESIAN_POINT('',(0.00865578161240896,0.0175,0.0201601022060659));
#13997=CARTESIAN_POINT('',(0.00947421680080476,0.0162,0.0206614859250832));
#13998=CARTESIAN_POINT('',(0.00947421680080476,0.0175,0.0206614859250832));
#13999=CARTESIAN_POINT('',(0.0101078589089378,0.0162,0.0213776167149295));
#14000=CARTESIAN_POINT('',(0.0101078589089378,0.0175,0.0213776167149295));
#14001=CARTESIAN_POINT('',(0.010556707936808,0.0162,0.0223084945756049));
#14002=CARTESIAN_POINT('',(0.010556707936808,0.0175,0.0223084945756049));
#14003=CARTESIAN_POINT('',(0.00865578161240896,0.0162,0.0201601022060659));
#14004=CARTESIAN_POINT('',(0.00865578161240896,0.0162,0.0201601022060659));
#14005=CARTESIAN_POINT('',(0.00865578161240896,0.0162,0.0201601022060659));
#14006=CARTESIAN_POINT('',(0.00988343439500266,0.0162,0.0209121777845918));
#14007=CARTESIAN_POINT('',(0.010556707936808,0.0162,0.0223084945756049));
#14008=CARTESIAN_POINT('',(0.00586314803038276,0.0162,0.0194080266275401));
#14009=CARTESIAN_POINT('',(0.00586314803038276,0.0175,0.0194080266275401));
#14010=CARTESIAN_POINT('',(0.00690646856333776,0.0162,0.0194080266275401));
#14011=CARTESIAN_POINT('',(0.00690646856333776,0.0175,0.0194080266275401));
#14012=CARTESIAN_POINT('',(0.00783734642401316,0.0162,0.0196587184870487));
#14013=CARTESIAN_POINT('',(0.00783734642401316,0.0175,0.0196587184870487));
#14014=CARTESIAN_POINT('',(0.00865578161240896,0.0162,0.0201601022060659));
#14015=CARTESIAN_POINT('',(0.00865578161240896,0.0175,0.0201601022060659));
#14016=CARTESIAN_POINT('',(0.00586314803038276,0.0162,0.0194080266275401));
#14017=CARTESIAN_POINT('',(0.00586314803038276,0.0162,0.0194080266275401));
#14018=CARTESIAN_POINT('',(0.00586314803038276,0.0162,0.0194080266275401));
#14019=CARTESIAN_POINT('',(0.00742812882981526,0.0162,0.0194080266275401));
#14020=CARTESIAN_POINT('',(0.00865578161240896,0.0162,0.0201601022060659));
#14021=CARTESIAN_POINT('',(0.00306083700525052,0.0162,0.020169779649172));
#14022=CARTESIAN_POINT('',(0.00306083700525052,0.0175,0.020169779649172));
#14023=CARTESIAN_POINT('',(0.00387650720990174,0.0162,0.0196619443014174));
#14024=CARTESIAN_POINT('',(0.00387650720990174,0.0175,0.0196619443014174));
#14025=CARTESIAN_POINT('',(0.00481061088494582,0.0162,0.0194080266275401));
#14026=CARTESIAN_POINT('',(0.00481061088494582,0.0175,0.0194080266275401));
#14027=CARTESIAN_POINT('',(0.00586314803038276,0.0162,0.0194080266275401));
#14028=CARTESIAN_POINT('',(0.00586314803038276,0.0175,0.0194080266275401));
#14029=CARTESIAN_POINT('',(0.00306083700525052,0.0162,0.020169779649172));
#14030=CARTESIAN_POINT('',(0.00306083700525052,0.0162,0.020169779649172));
#14031=CARTESIAN_POINT('',(0.00306083700525052,0.0162,0.020169779649172));
#14032=CARTESIAN_POINT('',(0.00428434231222735,0.0162,0.0194080266275401));
#14033=CARTESIAN_POINT('',(0.00586314803038276,0.0162,0.0194080266275401));
#14034=CARTESIAN_POINT('',(0.00118064805893585,0.0162,0.0223306144455616));
#14035=CARTESIAN_POINT('',(0.00118064805893585,0.0175,0.0223306144455616));
#14036=CARTESIAN_POINT('',(0.00161843715182775,0.0162,0.0213978932623898));
#14037=CARTESIAN_POINT('',(0.00161843715182775,0.0175,0.0213978932623898));
#14038=CARTESIAN_POINT('',(0.0022451668005993,0.0162,0.0206776149969266));
#14039=CARTESIAN_POINT('',(0.0022451668005993,0.0175,0.0206776149969266));
#14040=CARTESIAN_POINT('',(0.00306083700525052,0.0162,0.020169779649172));
#14041=CARTESIAN_POINT('',(0.00306083700525052,0.0175,0.020169779649172));
#14042=CARTESIAN_POINT('',(0.00118064805893585,0.0162,0.0223306144455616));
#14043=CARTESIAN_POINT('',(0.00183733169827369,0.0162,0.0209315326708039));
#14044=CARTESIAN_POINT('',(0.00306083700525052,0.0162,0.020169779649172));
#14045=CARTESIAN_POINT('',(0.00385991730743426,0.0162,0.0291656542621643));
#14046=CARTESIAN_POINT('',(0.00385991730743426,0.0175,0.0291656542621643));
#14047=CARTESIAN_POINT('',(0.00433272952775751,0.0162,0.0298513702308202));
#14048=CARTESIAN_POINT('',(0.00433272952775751,0.0175,0.0298513702308202));
#14049=CARTESIAN_POINT('',(0.00500692473081103,0.0162,0.0301942282151482));
#14050=CARTESIAN_POINT('',(0.00500692473081103,0.0175,0.0301942282151482));
#14051=CARTESIAN_POINT('',(0.00588250291659482,0.0162,0.0301942282151482));
#14052=CARTESIAN_POINT('',(0.00588250291659482,0.0175,0.0301942282151482));
#14053=CARTESIAN_POINT('',(0.00385991730743426,0.0175,0.0291656542621643));
#14054=CARTESIAN_POINT('',(0.00456913563791913,0.0175,0.0301942282151482));
#14055=CARTESIAN_POINT('',(0.00588250291659482,0.0175,0.0301942282151482));
#14056=CARTESIAN_POINT('',(0.00385991730743426,0.0162,0.0291656542621643));
#14057=CARTESIAN_POINT('',(0.00456913563791913,0.0162,0.0301942282151482));
#14058=CARTESIAN_POINT('',(0.00588250291659482,0.0162,0.0301942282151482));
#14059=CARTESIAN_POINT('',(0.,0.0162,-6.93889390390723E-18));
#14060=CARTESIAN_POINT('',(-0.023376555068555,0.0162,0.0280195685000358));
#14061=CARTESIAN_POINT('',(-0.023376555068555,0.0162,0.0321628966412895));
#14062=CARTESIAN_POINT('',(-0.023376555068555,0.0162,0.0321628966412895));
#14063=CARTESIAN_POINT('',(-0.023376555068555,0.0162,0.0280195685000358));
#14064=CARTESIAN_POINT('',(-0.023376555068555,0.0162,0.023876240358782));
#14065=CARTESIAN_POINT('',(-0.023376555068555,0.0162,0.023876240358782));
#14066=CARTESIAN_POINT('',(-0.0220756302167299,0.0162,0.0321628966412895));
#14067=CARTESIAN_POINT('',(-0.0207747053649048,0.0162,0.0321628966412895));
#14068=CARTESIAN_POINT('',(-0.0207747053649048,0.0162,0.0321628966412895));
#14069=CARTESIAN_POINT('',(-0.0220756302167299,0.0162,0.0321628966412895));
#14070=CARTESIAN_POINT('',(-0.0207747053649048,0.0162,0.0279767112519947));
#14071=CARTESIAN_POINT('',(-0.0207747053649048,0.0162,0.0237905258627));
#14072=CARTESIAN_POINT('',(-0.0207747053649048,0.0162,0.0237905258627));
#14073=CARTESIAN_POINT('',(-0.0207747053649048,0.0162,0.0279767112519947));
#14074=CARTESIAN_POINT('',(-0.0185544234180068,0.0162,0.0214928243709537));
#14075=CARTESIAN_POINT('',(-0.0185544234180068,0.0175,0.0214928243709537));
#14076=CARTESIAN_POINT('',(-0.0200124915126488,0.0162,0.0214928243709537));
#14077=CARTESIAN_POINT('',(-0.0200124915126488,0.0175,0.0214928243709537));
#14078=CARTESIAN_POINT('',(-0.0207525854949482,0.0162,0.0222587248682025));
#14079=CARTESIAN_POINT('',(-0.0207525854949482,0.0175,0.0222587248682025));
#14080=CARTESIAN_POINT('',(-0.0207747053649048,0.0162,0.0237905258627));
#14081=CARTESIAN_POINT('',(-0.0207747053649048,0.0175,0.0237905258627));
#14082=CARTESIAN_POINT('',(-0.0185544234180068,0.0162,0.0214928243709537));
#14083=CARTESIAN_POINT('',(-0.0185544234180068,0.0162,0.0214928243709537));
#14084=CARTESIAN_POINT('',(-0.0185544234180068,0.0162,0.0214928243709537));
#14085=CARTESIAN_POINT('',(-0.0207415255599699,0.0162,0.0214928243709537));
#14086=CARTESIAN_POINT('',(-0.0207747053649048,0.0162,0.0237905258627));
#14087=CARTESIAN_POINT('',(-0.0169175530412152,0.0162,0.0220582635467204));
#14088=CARTESIAN_POINT('',(-0.0169175530412152,0.0175,0.0220582635467204));
#14089=CARTESIAN_POINT('',(-0.0173120240554419,0.0162,0.0216813040962093));
#14090=CARTESIAN_POINT('',(-0.0173120240554419,0.0175,0.0216813040962093));
#14091=CARTESIAN_POINT('',(-0.0178576475143725,0.0162,0.0214928243709537));
#14092=CARTESIAN_POINT('',(-0.0178576475143725,0.0175,0.0214928243709537));
#14093=CARTESIAN_POINT('',(-0.0185544234180068,0.0162,0.0214928243709537));
#14094=CARTESIAN_POINT('',(-0.0185544234180068,0.0175,0.0214928243709537));
#14095=CARTESIAN_POINT('',(-0.0169175530412152,0.0162,0.0220582635467204));
#14096=CARTESIAN_POINT('',(-0.0169175530412152,0.0162,0.0220582635467204));
#14097=CARTESIAN_POINT('',(-0.0169175530412152,0.0162,0.0220582635467204));
#14098=CARTESIAN_POINT('',(-0.0175092595625553,0.0162,0.0214928243709537));
#14099=CARTESIAN_POINT('',(-0.0185544234180068,0.0162,0.0214928243709537));
#14100=CARTESIAN_POINT('',(-0.016325846519875,0.0162,0.0238596504563146));
#14101=CARTESIAN_POINT('',(-0.016325846519875,0.0175,0.0238596504563146));
#14102=CARTESIAN_POINT('',(-0.016325846519875,0.0162,0.0230356853004296));
#14103=CARTESIAN_POINT('',(-0.016325846519875,0.0175,0.0230356853004296));
#14104=CARTESIAN_POINT('',(-0.0165230820269884,0.0162,0.0224352229972315));
#14105=CARTESIAN_POINT('',(-0.0165230820269884,0.0175,0.0224352229972315));
#14106=CARTESIAN_POINT('',(-0.0169175530412152,0.0162,0.0220582635467204));
#14107=CARTESIAN_POINT('',(-0.0169175530412152,0.0175,0.0220582635467204));
#14108=CARTESIAN_POINT('',(-0.016325846519875,0.0162,0.0238596504563146));
#14109=CARTESIAN_POINT('',(-0.016325846519875,0.0162,0.0238596504563146));
#14110=CARTESIAN_POINT('',(-0.016325846519875,0.0162,0.0238596504563146));
#14111=CARTESIAN_POINT('',(-0.016325846519875,0.0162,0.0226237027224871));
#14112=CARTESIAN_POINT('',(-0.0169175530412152,0.0162,0.0220582635467204));
#14113=CARTESIAN_POINT('',(-0.016325846519875,0.0162,0.028011273548802));
#14114=CARTESIAN_POINT('',(-0.016325846519875,0.0162,0.0321628966412894));
#14115=CARTESIAN_POINT('',(-0.016325846519875,0.0162,0.0321628966412894));
#14116=CARTESIAN_POINT('',(-0.016325846519875,0.0162,0.028011273548802));
#14117=CARTESIAN_POINT('',(-0.0150304516355391,0.0162,0.0321628966412894));
#14118=CARTESIAN_POINT('',(-0.0137350567512031,0.0162,0.0321628966412894));
#14119=CARTESIAN_POINT('',(-0.0137350567512031,0.0162,0.0321628966412894));
#14120=CARTESIAN_POINT('',(-0.0150304516355391,0.0162,0.0321628966412894));
#14121=CARTESIAN_POINT('',(-0.0137350567512031,0.0162,0.0279725637763779));
#14122=CARTESIAN_POINT('',(-0.0137350567512031,0.0162,0.0237822309114663));
#14123=CARTESIAN_POINT('',(-0.0137350567512031,0.0162,0.0237822309114663));
#14124=CARTESIAN_POINT('',(-0.0137350567512031,0.0162,0.0279725637763779));
#14125=CARTESIAN_POINT('',(-0.0150553364892402,0.0162,0.020574849767753));
#14126=CARTESIAN_POINT('',(-0.0150553364892402,0.0175,0.020574849767753));
#14127=CARTESIAN_POINT('',(-0.014191739899683,0.0162,0.0213527318612283));
#14128=CARTESIAN_POINT('',(-0.014191739899683,0.0175,0.0213527318612283));
#14129=CARTESIAN_POINT('',(-0.0137516466536706,0.0162,0.0224218589091327));
#14130=CARTESIAN_POINT('',(-0.0137516466536706,0.0175,0.0224218589091327));
#14131=CARTESIAN_POINT('',(-0.0137350567512031,0.0162,0.0237822309114663));
#14132=CARTESIAN_POINT('',(-0.0137350567512031,0.0175,0.0237822309114663));
#14133=CARTESIAN_POINT('',(-0.0150553364892402,0.0162,0.020574849767753));
#14134=CARTESIAN_POINT('',(-0.0150553364892402,0.0162,0.020574849767753));
#14135=CARTESIAN_POINT('',(-0.0150553364892402,0.0162,0.020574849767753));
#14136=CARTESIAN_POINT('',(-0.0137599416049043,0.0162,0.021741672907966));
#14137=CARTESIAN_POINT('',(-0.0137350567512031,0.0162,0.0237822309114663));
#14138=CARTESIAN_POINT('',(-0.0185544234180068,0.0162,0.0194080266275401));
#14139=CARTESIAN_POINT('',(-0.0185544234180068,0.0175,0.0194080266275401));
#14140=CARTESIAN_POINT('',(-0.0170852953883863,0.0162,0.0194080266275401));
#14141=CARTESIAN_POINT('',(-0.0170852953883863,0.0175,0.0194080266275401));
#14142=CARTESIAN_POINT('',(-0.0159189330787975,0.0162,0.0197969676742777));
#14143=CARTESIAN_POINT('',(-0.0159189330787975,0.0175,0.0197969676742777));
#14144=CARTESIAN_POINT('',(-0.0150553364892402,0.0162,0.020574849767753));
#14145=CARTESIAN_POINT('',(-0.0150553364892402,0.0175,0.020574849767753));
#14146=CARTESIAN_POINT('',(-0.0185544234180068,0.0162,0.0194080266275401));
#14147=CARTESIAN_POINT('',(-0.0185544234180068,0.0162,0.0194080266275401));
#14148=CARTESIAN_POINT('',(-0.0185544234180068,0.0162,0.0194080266275401));
#14149=CARTESIAN_POINT('',(-0.0163507313735761,0.0162,0.0194080266275401));
#14150=CARTESIAN_POINT('',(-0.0150553364892402,0.0162,0.020574849767753));
#14151=CARTESIAN_POINT('',(-0.0220853076598359,0.0162,0.0206094120645603));
#14152=CARTESIAN_POINT('',(-0.0220853076598359,0.0175,0.0206094120645603));
#14153=CARTESIAN_POINT('',(-0.0212244760540232,0.0162,0.0198084884398801));
#14154=CARTESIAN_POINT('',(-0.0212244760540232,0.0175,0.0198084884398801));
#14155=CARTESIAN_POINT('',(-0.0200475146400801,0.0162,0.0194080266275401));
#14156=CARTESIAN_POINT('',(-0.0200475146400801,0.0175,0.0194080266275401));
#14157=CARTESIAN_POINT('',(-0.0185544234180068,0.0162,0.0194080266275401));
#14158=CARTESIAN_POINT('',(-0.0185544234180068,0.0175,0.0194080266275401));
#14159=CARTESIAN_POINT('',(-0.0220853076598359,0.0162,0.0206094120645603));
#14160=CARTESIAN_POINT('',(-0.0220853076598359,0.0162,0.0206094120645603));
#14161=CARTESIAN_POINT('',(-0.0220853076598359,0.0162,0.0206094120645603));
#14162=CARTESIAN_POINT('',(-0.0207940602511168,0.0162,0.0194080266275401));
#14163=CARTESIAN_POINT('',(-0.0185544234180068,0.0162,0.0194080266275401));
#14164=CARTESIAN_POINT('',(-0.023376555068555,0.0162,0.023876240358782));
#14165=CARTESIAN_POINT('',(-0.023376555068555,0.0175,0.023876240358782));
#14166=CARTESIAN_POINT('',(-0.023376555068555,0.0162,0.022499278453981));
#14167=CARTESIAN_POINT('',(-0.023376555068555,0.0175,0.022499278453981));
#14168=CARTESIAN_POINT('',(-0.0229461392656486,0.0162,0.0214103356892404));
#14169=CARTESIAN_POINT('',(-0.0229461392656486,0.0175,0.0214103356892404));
#14170=CARTESIAN_POINT('',(-0.0220853076598359,0.0162,0.0206094120645603));
#14171=CARTESIAN_POINT('',(-0.0220853076598359,0.0175,0.0206094120645603));
#14172=CARTESIAN_POINT('',(-0.023376555068555,0.0162,0.023876240358782));
#14173=CARTESIAN_POINT('',(-0.023376555068555,0.0162,0.0218107975015805));
#14174=CARTESIAN_POINT('',(-0.0220853076598359,0.0162,0.0206094120645603));
#14175=CARTESIAN_POINT('',(0.,0.0162,-6.93889390390723E-18));
#14176=CARTESIAN_POINT('',(-0.0102940344810728,0.0162,0.0195822206034486));
#14177=CARTESIAN_POINT('',(-0.0115894293654087,0.0162,0.0195822206034486));
#14178=CARTESIAN_POINT('',(-0.0115894293654087,0.0162,0.0195822206034486));
#14179=CARTESIAN_POINT('',(-0.0102940344810728,0.0162,0.0195822206034486));
#14180=CARTESIAN_POINT('',(-0.00899863959673689,0.0162,0.0195822206034486));
#14181=CARTESIAN_POINT('',(-0.00899863959673689,0.0162,0.0195822206034486));
#14182=CARTESIAN_POINT('',(-0.0115894293654087,0.0162,0.0258725586223691));
#14183=CARTESIAN_POINT('',(-0.0115894293654087,0.0162,0.0321628966412895));
#14184=CARTESIAN_POINT('',(-0.0115894293654087,0.0162,0.0321628966412895));
#14185=CARTESIAN_POINT('',(-0.0115894293654087,0.0162,0.0258725586223691));
#14186=CARTESIAN_POINT('',(-0.0102981819566897,0.0162,0.0321628966412894));
#14187=CARTESIAN_POINT('',(-0.00900693454797063,0.0162,0.0321628966412894));
#14188=CARTESIAN_POINT('',(-0.00900693454797063,0.0162,0.0321628966412894));
#14189=CARTESIAN_POINT('',(-0.0102981819566897,0.0162,0.0321628966412894));
#14190=CARTESIAN_POINT('',(-0.00900693454797063,0.0162,0.0280154210244188));
#14191=CARTESIAN_POINT('',(-0.00900693454797063,0.0162,0.0238679454075483));
#14192=CARTESIAN_POINT('',(-0.00900693454797063,0.0162,0.0238679454075483));
#14193=CARTESIAN_POINT('',(-0.00900693454797063,0.0162,0.0280154210244188));
#14194=CARTESIAN_POINT('',(-0.00647973940542414,0.0162,0.0280154210244188));
#14195=CARTESIAN_POINT('',(-0.00395254426287766,0.0162,0.0321628966412894));
#14196=CARTESIAN_POINT('',(-0.00395254426287766,0.0162,0.0321628966412894));
#14197=CARTESIAN_POINT('',(-0.00647973940542414,0.0162,0.0280154210244188));
#14198=CARTESIAN_POINT('',(-0.00265576688666945,0.0162,0.0321628966412894));
#14199=CARTESIAN_POINT('',(-0.00135898951046124,0.0162,0.0321628966412894));
#14200=CARTESIAN_POINT('',(-0.00135898951046124,0.0162,0.0321628966412894));
#14201=CARTESIAN_POINT('',(-0.00265576688666945,0.0162,0.0321628966412894));
#14202=CARTESIAN_POINT('',(-0.00135898951046124,0.0162,0.0258725586223691));
#14203=CARTESIAN_POINT('',(-0.00135898951046124,0.0162,0.0195822206034486));
#14204=CARTESIAN_POINT('',(-0.00135898951046124,0.0162,0.0195822206034486));
#14205=CARTESIAN_POINT('',(-0.00135898951046124,0.0162,0.0258725586223691));
#14206=CARTESIAN_POINT('',(-0.00265576688666945,0.0162,0.0195822206034486));
#14207=CARTESIAN_POINT('',(-0.00395254426287766,0.0162,0.0195822206034486));
#14208=CARTESIAN_POINT('',(-0.00395254426287766,0.0162,0.0195822206034486));
#14209=CARTESIAN_POINT('',(-0.00265576688666945,0.0162,0.0195822206034486));
#14210=CARTESIAN_POINT('',(-0.00395254426287766,0.0162,0.0237214012690855));
#14211=CARTESIAN_POINT('',(-0.00395254426287766,0.0162,0.0278605819347224));
#14212=CARTESIAN_POINT('',(-0.00395254426287766,0.0162,0.0278605819347224));
#14213=CARTESIAN_POINT('',(-0.00395254426287766,0.0162,0.0237214012690855));
#14214=CARTESIAN_POINT('',(-0.00647559192980728,0.0162,0.0237214012690855));
#14215=CARTESIAN_POINT('',(-0.00647559192980728,0.0162,0.0237214012690855));
#14216=CARTESIAN_POINT('',(0.,0.0162,-6.93889390390723E-18));
#14217=CARTESIAN_POINT('',(0.0144193902279868,0.0162,0.0195822206034486));
#14218=CARTESIAN_POINT('',(0.0131239953436509,0.0162,0.0195822206034486));
#14219=CARTESIAN_POINT('',(0.0131239953436509,0.0162,0.0195822206034486));
#14220=CARTESIAN_POINT('',(0.0144193902279868,0.0162,0.0195822206034486));
#14221=CARTESIAN_POINT('',(0.0157147851123227,0.0162,0.0195822206034486));
#14222=CARTESIAN_POINT('',(0.0157147851123227,0.0162,0.0195822206034486));
#14223=CARTESIAN_POINT('',(0.0131239953436509,0.0162,0.0258725586223691));
#14224=CARTESIAN_POINT('',(0.0131239953436509,0.0162,0.0321628966412894));
#14225=CARTESIAN_POINT('',(0.0131239953436509,0.0162,0.0321628966412894));
#14226=CARTESIAN_POINT('',(0.0131239953436509,0.0162,0.0258725586223691));
#14227=CARTESIAN_POINT('',(0.0144152427523699,0.0162,0.0321628966412894));
#14228=CARTESIAN_POINT('',(0.015706490161089,0.0162,0.0321628966412894));
#14229=CARTESIAN_POINT('',(0.015706490161089,0.0162,0.0321628966412894));
#14230=CARTESIAN_POINT('',(0.0144152427523699,0.0162,0.0321628966412894));
#14231=CARTESIAN_POINT('',(0.015706490161089,0.0162,0.0280154210244188));
#14232=CARTESIAN_POINT('',(0.015706490161089,0.0162,0.0238679454075483));
#14233=CARTESIAN_POINT('',(0.015706490161089,0.0162,0.0238679454075483));
#14234=CARTESIAN_POINT('',(0.015706490161089,0.0162,0.0280154210244188));
#14235=CARTESIAN_POINT('',(0.0182336853036354,0.0162,0.0280154210244188));
#14236=CARTESIAN_POINT('',(0.020760880446182,0.0162,0.0321628966412894));
#14237=CARTESIAN_POINT('',(0.020760880446182,0.0162,0.0321628966412894));
#14238=CARTESIAN_POINT('',(0.0182336853036354,0.0162,0.0280154210244188));
#14239=CARTESIAN_POINT('',(0.0220576578223902,0.0162,0.0321628966412894));
#14240=CARTESIAN_POINT('',(0.0233544351985984,0.0162,0.0321628966412894));
#14241=CARTESIAN_POINT('',(0.0233544351985984,0.0162,0.0321628966412894));
#14242=CARTESIAN_POINT('',(0.0220576578223902,0.0162,0.0321628966412894));
#14243=CARTESIAN_POINT('',(0.0233544351985984,0.0162,0.0258725586223691));
#14244=CARTESIAN_POINT('',(0.0233544351985984,0.0162,0.0195822206034486));
#14245=CARTESIAN_POINT('',(0.0233544351985984,0.0162,0.0195822206034486));
#14246=CARTESIAN_POINT('',(0.0233544351985984,0.0162,0.0258725586223691));
#14247=CARTESIAN_POINT('',(0.0220576578223902,0.0162,0.0195822206034486));
#14248=CARTESIAN_POINT('',(0.020760880446182,0.0162,0.0195822206034486));
#14249=CARTESIAN_POINT('',(0.020760880446182,0.0162,0.0195822206034486));
#14250=CARTESIAN_POINT('',(0.0220576578223902,0.0162,0.0195822206034486));
#14251=CARTESIAN_POINT('',(0.020760880446182,0.0162,0.0237214012690855));
#14252=CARTESIAN_POINT('',(0.020760880446182,0.0162,0.0278605819347224));
#14253=CARTESIAN_POINT('',(0.020760880446182,0.0162,0.0278605819347224));
#14254=CARTESIAN_POINT('',(0.020760880446182,0.0162,0.0237214012690855));
#14255=CARTESIAN_POINT('',(0.0182378327792523,0.0162,0.0237214012690855));
#14256=CARTESIAN_POINT('',(0.0182378327792523,0.0162,0.0237214012690855));
#14257=CARTESIAN_POINT('',(0.,0.0162,-6.93889390390723E-18));
#14258=CARTESIAN_POINT('',(0.,0.0175,-1.38777878078145E-17));
#14259=CARTESIAN_POINT('',(-0.0604,0.00932795912503066,0.044));
#14260=CARTESIAN_POINT('',(-0.0573,0.00932795912503066,0.044));
#14261=CARTESIAN_POINT('',(-0.0573,0.00932795912503066,0.0482757359312881));
#14262=CARTESIAN_POINT('',(-0.0604,0.00932795912503066,0.0482757359312881));
#14263=CARTESIAN_POINT('',(-0.0635,0.00932795912503066,0.0482757359312881));
#14264=CARTESIAN_POINT('',(-0.0635,0.00932795912503066,0.044));
#14265=CARTESIAN_POINT('',(-0.0635,0.00782795912503066,0.044));
#14266=CARTESIAN_POINT('',(-0.0635,0.00782795912503066,0.0482757359312881));
#14267=CARTESIAN_POINT('',(-0.065,0.00782795912503066,0.0482757359312881));
#14268=CARTESIAN_POINT('',(-0.065,0.00782795912503066,0.044));
#14269=CARTESIAN_POINT('',(-0.065,0.00757795912503066,0.044));
#14270=CARTESIAN_POINT('',(-0.065,0.00732795912503066,0.0482757359312881));
#14271=CARTESIAN_POINT('',(-0.065,0.00732795912503066,0.0482757359312881));
#14272=CARTESIAN_POINT('',(-0.065,0.00732795912503066,0.044));
#14273=CARTESIAN_POINT('',(-0.0635,0.00732795912503066,0.044));
#14274=CARTESIAN_POINT('',(-0.0635,0.00732795912503066,0.0482757359312881));
#14275=CARTESIAN_POINT('',(-0.0635,0.00582795912503066,0.0482757359312881));
#14276=CARTESIAN_POINT('',(-0.0635,0.00582795912503066,0.044));
#14277=CARTESIAN_POINT('',(-0.0604,0.00582795912503066,0.044));
#14278=CARTESIAN_POINT('',(-0.0573,0.00582795912503066,0.0482757359312881));
#14279=CARTESIAN_POINT('',(-0.0573,0.00582795912503066,0.0482757359312881));
#14280=CARTESIAN_POINT('',(-0.0573,0.00582795912503066,0.044));
#14281=CARTESIAN_POINT('',(-0.0573,0.00732795912503066,0.044));
#14282=CARTESIAN_POINT('',(-0.0573,0.00732795912503066,0.0482757359312881));
#14283=CARTESIAN_POINT('',(-0.0558,0.00732795912503066,0.0482757359312881));
#14284=CARTESIAN_POINT('',(-0.0558,0.00732795912503066,0.044));
#14285=CARTESIAN_POINT('',(-0.0558,0.00757795912503066,0.044));
#14286=CARTESIAN_POINT('',(-0.0558,0.00757795912503066,0.0482757359312881));
#14287=CARTESIAN_POINT('',(-0.0558,0.00782795912503066,0.0482757359312881));
#14288=CARTESIAN_POINT('',(-0.0558,0.00782795912503066,0.044));
#14289=CARTESIAN_POINT('',(-0.0573,0.00782795912503066,0.044));
#14290=CARTESIAN_POINT('',(-0.0573,0.00782795912503066,0.0482757359312881));
#14291=CARTESIAN_POINT('',(0.0554128108212906,0.00610440773107477,0.0485));
#14292=CARTESIAN_POINT('',(0.0558645171211053,0.00610440773107477,0.0485));
#14293=CARTESIAN_POINT('',(0.0558645171211053,0.00610440773107477,0.0485));
#14294=CARTESIAN_POINT('',(0.0554128108212906,0.00610440773107477,0.0485));
#14295=CARTESIAN_POINT('',(0.054961104521476,0.00610440773107477,0.0485));
#14296=CARTESIAN_POINT('',(0.054961104521476,0.00610440773107477,0.0485));
#14297=CARTESIAN_POINT('',(0.0558645171211053,0.00629437532494127,0.0485));
#14298=CARTESIAN_POINT('',(0.0558645171211053,0.00648434291880777,0.0485));
#14299=CARTESIAN_POINT('',(0.0558645171211053,0.00648434291880777,0.0485));
#14300=CARTESIAN_POINT('',(0.0558645171211053,0.00629437532494127,0.0485));
#14301=CARTESIAN_POINT('',(0.0554128108212906,0.00648434291880777,0.0485));
#14302=CARTESIAN_POINT('',(0.054961104521476,0.00648434291880777,0.0485));
#14303=CARTESIAN_POINT('',(0.054961104521476,0.00648434291880777,0.0485));
#14304=CARTESIAN_POINT('',(0.0554128108212906,0.00648434291880777,0.0485));
#14305=CARTESIAN_POINT('',(0.054961104521476,0.00677920675340901,0.0485));
#14306=CARTESIAN_POINT('',(0.054961104521476,0.00707407058801025,0.0485));
#14307=CARTESIAN_POINT('',(0.054961104521476,0.00707407058801025,0.0485));
#14308=CARTESIAN_POINT('',(0.054961104521476,0.00677920675340901,0.0485));
#14309=CARTESIAN_POINT('',(0.0554692741087675,0.00707407058801025,0.0485));
#14310=CARTESIAN_POINT('',(0.055977443696059,0.00707407058801025,0.0485));
#14311=CARTESIAN_POINT('',(0.055977443696059,0.00707407058801025,0.0485));
#14312=CARTESIAN_POINT('',(0.0554692741087675,0.00707407058801025,0.0485));
#14313=CARTESIAN_POINT('',(0.055977443696059,0.00726454007776543,0.0485));
#14314=CARTESIAN_POINT('',(0.055977443696059,0.00745500956752061,0.0485));
#14315=CARTESIAN_POINT('',(0.055977443696059,0.00745500956752061,0.0485));
#14316=CARTESIAN_POINT('',(0.055977443696059,0.00726454007776543,0.0485));
#14317=CARTESIAN_POINT('',(0.0552338849369752,0.00745500956752061,0.0485));
#14318=CARTESIAN_POINT('',(0.0544903261778914,0.00745500956752061,0.0485));
#14319=CARTESIAN_POINT('',(0.0544903261778914,0.00745500956752061,0.0485));
#14320=CARTESIAN_POINT('',(0.0552338849369752,0.00745500956752061,0.0485));
#14321=CARTESIAN_POINT('',(0.0544903261778914,0.00631319642076688,0.0485));
#14322=CARTESIAN_POINT('',(0.0544903261778914,0.00517138327401315,0.0485));
#14323=CARTESIAN_POINT('',(0.0544903261778914,0.00517138327401315,0.0485));
#14324=CARTESIAN_POINT('',(0.0544903261778914,0.00631319642076688,0.0485));
#14325=CARTESIAN_POINT('',(0.0547257153496837,0.00517138327401315,0.0485));
#14326=CARTESIAN_POINT('',(0.054961104521476,0.00517138327401315,0.0485));
#14327=CARTESIAN_POINT('',(0.054961104521476,0.00517138327401315,0.0485));
#14328=CARTESIAN_POINT('',(0.0547257153496837,0.00517138327401315,0.0485));
#14329=CARTESIAN_POINT('',(0.054961104521476,0.00563789550254396,0.0485));
#14330=CARTESIAN_POINT('',(0.054961104521476,0.00563789550254396,0.0485));
#14331=CARTESIAN_POINT('',(-1.83649391990078E-17,0.00725,0.0485));
#14332=CARTESIAN_POINT('',(0.0348843312782443,0.00659350866365287,0.0485));
#14333=CARTESIAN_POINT('',(0.0348843312782443,0.00659350866365287,0.049));
#14334=CARTESIAN_POINT('',(0.0348843312782443,0.00683308034943236,0.0485));
#14335=CARTESIAN_POINT('',(0.0348843312782443,0.00683308034943236,0.049));
#14336=CARTESIAN_POINT('',(0.0348414191711197,0.00701510129505254,0.0485));
#14337=CARTESIAN_POINT('',(0.0348414191711197,0.00701510129505254,0.049));
#14338=CARTESIAN_POINT('',(0.0347555949568705,0.00713957150051339,0.0485));
#14339=CARTESIAN_POINT('',(0.0347555949568705,0.00713957150051339,0.049));
#14340=CARTESIAN_POINT('',(0.0348843312782443,0.00659350866365287,0.049));
#14341=CARTESIAN_POINT('',(0.0348843312782443,0.00695286619232211,0.049));
#14342=CARTESIAN_POINT('',(0.0347555949568705,0.00713957150051339,0.049));
#14343=CARTESIAN_POINT('',(0.0348843312782443,0.00659350866365287,0.049));
#14344=CARTESIAN_POINT('',(0.0347555949568705,0.00713957150051339,0.049));
#14345=CARTESIAN_POINT('',(0.0348843312782443,0.00659350866365287,0.0485));
#14346=CARTESIAN_POINT('',(0.0348843312782443,0.00659350866365287,0.0485));
#14347=CARTESIAN_POINT('',(0.0348843312782443,0.00659350866365287,0.0485));
#14348=CARTESIAN_POINT('',(0.0348843312782443,0.00695286619232211,0.0485));
#14349=CARTESIAN_POINT('',(0.0347555949568705,0.00713957150051339,0.0485));
#14350=CARTESIAN_POINT('',(0.0347555949568705,0.00713957150051339,0.0485));
#14351=CARTESIAN_POINT('',(0.0347555949568705,0.00713957150051339,0.0485));
#14352=CARTESIAN_POINT('',(0.0348843312782443,0.00653779820878934,0.0485));
#14353=CARTESIAN_POINT('',(0.0348843312782443,0.00653779820878934,0.049));
#14354=CARTESIAN_POINT('',(0.0348843312782443,0.00648208775392581,0.049));
#14355=CARTESIAN_POINT('',(0.0348843312782443,0.00648208775392581,0.0485));
#14356=CARTESIAN_POINT('',(0.0348843312782443,0.00648208775392581,0.0485));
#14357=CARTESIAN_POINT('',(0.0348843312782443,0.00653779820878934,0.0485));
#14358=CARTESIAN_POINT('',(0.0347555949568705,0.00594029103297827,0.0485));
#14359=CARTESIAN_POINT('',(0.0347555949568705,0.00594029103297827,0.049));
#14360=CARTESIAN_POINT('',(0.0348404153791402,0.00606425934244936,0.0485));
#14361=CARTESIAN_POINT('',(0.0348404153791402,0.00606425934244936,0.049));
#14362=CARTESIAN_POINT('',(0.0348833274862648,0.00624485824943187,0.0485));
#14363=CARTESIAN_POINT('',(0.0348833274862648,0.00624485824943187,0.049));
#14364=CARTESIAN_POINT('',(0.0348843312782443,0.00648208775392581,0.0485));
#14365=CARTESIAN_POINT('',(0.0348843312782443,0.00648208775392581,0.049));
#14366=CARTESIAN_POINT('',(0.0347555949568705,0.00594029103297827,0.049));
#14367=CARTESIAN_POINT('',(0.0348828255902751,0.0061262434971849,0.049));
#14368=CARTESIAN_POINT('',(0.0348843312782443,0.00648208775392581,0.049));
#14369=CARTESIAN_POINT('',(0.0347555949568705,0.00594029103297827,0.049));
#14370=CARTESIAN_POINT('',(0.0347555949568705,0.00594029103297827,0.0485));
#14371=CARTESIAN_POINT('',(0.0347555949568705,0.00594029103297827,0.0485));
#14372=CARTESIAN_POINT('',(0.0347555949568705,0.00594029103297827,0.0485));
#14373=CARTESIAN_POINT('',(0.0348828255902751,0.0061262434971849,0.0485));
#14374=CARTESIAN_POINT('',(0.0348843312782443,0.00648208775392581,0.0485));
#14375=CARTESIAN_POINT('',(0.0343919713122883,0.00575433856877163,0.0485));
#14376=CARTESIAN_POINT('',(0.0343919713122883,0.00575433856877163,0.049));
#14377=CARTESIAN_POINT('',(0.0345495666530734,0.00575433856877163,0.0485));
#14378=CARTESIAN_POINT('',(0.0345495666530734,0.00575433856877163,0.049));
#14379=CARTESIAN_POINT('',(0.0346707745346008,0.00581632272350718,0.0485));
#14380=CARTESIAN_POINT('',(0.0346707745346008,0.00581632272350718,0.049));
#14381=CARTESIAN_POINT('',(0.0347555949568705,0.00594029103297827,0.0485));
#14382=CARTESIAN_POINT('',(0.0347555949568705,0.00594029103297827,0.049));
#14383=CARTESIAN_POINT('',(0.0343919713122883,0.00575433856877163,0.049));
#14384=CARTESIAN_POINT('',(0.034628364323466,0.00575433856877163,0.049));
#14385=CARTESIAN_POINT('',(0.0347555949568705,0.00594029103297827,0.049));
#14386=CARTESIAN_POINT('',(0.0343919713122883,0.00575433856877163,0.049));
#14387=CARTESIAN_POINT('',(0.0343919713122883,0.00575433856877163,0.0485));
#14388=CARTESIAN_POINT('',(0.0343919713122883,0.00575433856877163,0.0485));
#14389=CARTESIAN_POINT('',(0.0343919713122883,0.00575433856877163,0.0485));
#14390=CARTESIAN_POINT('',(0.034628364323466,0.00575433856877163,0.0485));
#14391=CARTESIAN_POINT('',(0.0347555949568705,0.00594029103297827,0.0485));
#14392=CARTESIAN_POINT('',(0.0340215720718443,0.00594731757683493,0.0485));
#14393=CARTESIAN_POINT('',(0.0340215720718443,0.00594731757683493,0.049));
#14394=CARTESIAN_POINT('',(0.0341072289874303,0.00581866490479273,0.0485));
#14395=CARTESIAN_POINT('',(0.0341072289874303,0.00581866490479273,0.049));
#14396=CARTESIAN_POINT('',(0.0342306954009116,0.00575433856877163,0.0485));
#14397=CARTESIAN_POINT('',(0.0342306954009116,0.00575433856877163,0.049));
#14398=CARTESIAN_POINT('',(0.0343919713122883,0.00575433856877163,0.0485));
#14399=CARTESIAN_POINT('',(0.0343919713122883,0.00575433856877163,0.049));
#14400=CARTESIAN_POINT('',(0.0340215720718443,0.00594731757683493,0.049));
#14401=CARTESIAN_POINT('',(0.0341500574452233,0.00575433856877163,0.049));
#14402=CARTESIAN_POINT('',(0.0343919713122883,0.00575433856877163,0.049));
#14403=CARTESIAN_POINT('',(0.0340215720718443,0.00594731757683493,0.049));
#14404=CARTESIAN_POINT('',(0.0340215720718443,0.00594731757683493,0.0485));
#14405=CARTESIAN_POINT('',(0.0340215720718443,0.00594731757683493,0.0485));
#14406=CARTESIAN_POINT('',(0.0340215720718443,0.00594731757683493,0.0485));
#14407=CARTESIAN_POINT('',(0.0341500574452233,0.00575433856877163,0.0485));
#14408=CARTESIAN_POINT('',(0.0343919713122883,0.00575433856877163,0.0485));
#14409=CARTESIAN_POINT('',(0.0338930866984653,0.006490118089762,0.0485));
#14410=CARTESIAN_POINT('',(0.0338930866984653,0.006490118089762,0.049));
#14411=CARTESIAN_POINT('',(0.0338930866984653,0.00625690375318615,0.0485));
#14412=CARTESIAN_POINT('',(0.0338930866984653,0.00625690375318615,0.049));
#14413=CARTESIAN_POINT('',(0.0339359151562583,0.00607597024887713,0.0485));
#14414=CARTESIAN_POINT('',(0.0339359151562583,0.00607597024887713,0.049));
#14415=CARTESIAN_POINT('',(0.0340215720718443,0.00594731757683493,0.0485));
#14416=CARTESIAN_POINT('',(0.0340215720718443,0.00594731757683493,0.049));
#14417=CARTESIAN_POINT('',(0.0338930866984653,0.006490118089762,0.049));
#14418=CARTESIAN_POINT('',(0.0338930866984653,0.00614029658489823,0.049));
#14419=CARTESIAN_POINT('',(0.0340215720718443,0.00594731757683493,0.049));
#14420=CARTESIAN_POINT('',(0.0338930866984653,0.006490118089762,0.049));
#14421=CARTESIAN_POINT('',(0.0338930866984653,0.006490118089762,0.0485));
#14422=CARTESIAN_POINT('',(0.0338930866984653,0.006490118089762,0.0485));
#14423=CARTESIAN_POINT('',(0.0338930866984653,0.006490118089762,0.0485));
#14424=CARTESIAN_POINT('',(0.0338930866984653,0.00614029658489823,0.0485));
#14425=CARTESIAN_POINT('',(0.0340215720718443,0.00594731757683493,0.0485));
#14426=CARTESIAN_POINT('',(0.0338930866984653,0.00654582854462552,0.0485));
#14427=CARTESIAN_POINT('',(0.0338930866984653,0.00654582854462552,0.049));
#14428=CARTESIAN_POINT('',(0.0338930866984653,0.00660153899948905,0.049));
#14429=CARTESIAN_POINT('',(0.0338930866984653,0.00660153899948905,0.0485));
#14430=CARTESIAN_POINT('',(0.0338930866984653,0.00660153899948905,0.0485));
#14431=CARTESIAN_POINT('',(0.0338930866984653,0.00654582854462552,0.0485));
#14432=CARTESIAN_POINT('',(0.0340230777598136,0.00714183003246731,0.0485));
#14433=CARTESIAN_POINT('',(0.0340230777598136,0.00714183003246731,0.049));
#14434=CARTESIAN_POINT('',(0.0339374208442276,0.00701886551497574,0.0485));
#14435=CARTESIAN_POINT('',(0.0339374208442276,0.00701886551497574,0.049));
#14436=CARTESIAN_POINT('',(0.0338940904904449,0.00683876850398299,0.0485));
#14437=CARTESIAN_POINT('',(0.0338940904904449,0.00683876850398299,0.049));
#14438=CARTESIAN_POINT('',(0.0338930866984653,0.00660153899948905,0.0485));
#14439=CARTESIAN_POINT('',(0.0338930866984653,0.00660153899948905,0.049));
#14440=CARTESIAN_POINT('',(0.0340230777598136,0.00714183003246731,0.049));
#14441=CARTESIAN_POINT('',(0.0338945923864346,0.00695738325622996,0.049));
#14442=CARTESIAN_POINT('',(0.0338930866984653,0.00660153899948905,0.049));
#14443=CARTESIAN_POINT('',(0.0340230777598136,0.00714183003246731,0.049));
#14444=CARTESIAN_POINT('',(0.0340230777598136,0.00714183003246731,0.0485));
#14445=CARTESIAN_POINT('',(0.0340230777598136,0.00714183003246731,0.0485));
#14446=CARTESIAN_POINT('',(0.0340230777598136,0.00714183003246731,0.0485));
#14447=CARTESIAN_POINT('',(0.0338945923864346,0.00695738325622996,0.0485));
#14448=CARTESIAN_POINT('',(0.0338930866984653,0.00660153899948905,0.0485));
#14449=CARTESIAN_POINT('',(0.0343884580403599,0.00732627680870467,0.0485));
#14450=CARTESIAN_POINT('',(0.0343884580403599,0.00732627680870467,0.049));
#14451=CARTESIAN_POINT('',(0.0342305281022484,0.00732627680870467,0.0485));
#14452=CARTESIAN_POINT('',(0.0342305281022484,0.00732627680870467,0.049));
#14453=CARTESIAN_POINT('',(0.0341087346753996,0.00726479454995888,0.0485));
#14454=CARTESIAN_POINT('',(0.0341087346753996,0.00726479454995888,0.049));
#14455=CARTESIAN_POINT('',(0.0340230777598136,0.00714183003246731,0.0485));
#14456=CARTESIAN_POINT('',(0.0340230777598136,0.00714183003246731,0.049));
#14457=CARTESIAN_POINT('',(0.0343884580403599,0.00732627680870467,0.049));
#14458=CARTESIAN_POINT('',(0.0341515631331926,0.00732627680870467,0.049));
#14459=CARTESIAN_POINT('',(0.0340230777598136,0.00714183003246731,0.049));
#14460=CARTESIAN_POINT('',(0.0343884580403599,0.00732627680870467,0.049));
#14461=CARTESIAN_POINT('',(0.0343884580403599,0.00732627680870467,0.0485));
#14462=CARTESIAN_POINT('',(0.0343884580403599,0.00732627680870467,0.0485));
#14463=CARTESIAN_POINT('',(0.0343884580403599,0.00732627680870467,0.0485));
#14464=CARTESIAN_POINT('',(0.0341515631331926,0.00732627680870467,0.0485));
#14465=CARTESIAN_POINT('',(0.0340230777598136,0.00714183003246731,0.0485));
#14466=CARTESIAN_POINT('',(0.0353611324685178,0.006490118089762,0.0485));
#14467=CARTESIAN_POINT('',(0.0353611324685178,0.006490118089762,0.049));
#14468=CARTESIAN_POINT('',(0.0353611324685178,0.00626526868634884,0.0485));
#14469=CARTESIAN_POINT('',(0.0353611324685178,0.00626526868634884,0.049));
#14470=CARTESIAN_POINT('',(0.035321399035995,0.00606819086103582,0.0485));
#14471=CARTESIAN_POINT('',(0.035321399035995,0.00606819086103582,0.049));
#14472=CARTESIAN_POINT('',(0.0352419321709494,0.00589888461382294,0.0485));
#14473=CARTESIAN_POINT('',(0.0352419321709494,0.00589888461382294,0.049));
#14474=CARTESIAN_POINT('',(0.0353611324685178,0.006490118089762,0.0485));
#14475=CARTESIAN_POINT('',(0.0353611324685178,0.006490118089762,0.0485));
#14476=CARTESIAN_POINT('',(0.0353611324685178,0.006490118089762,0.0485));
#14477=CARTESIAN_POINT('',(0.0353611324685178,0.00615284398464226,0.0485));
#14478=CARTESIAN_POINT('',(0.0352419321709494,0.00589888461382294,0.0485));
#14479=CARTESIAN_POINT('',(0.0352419321709494,0.00589888461382294,0.0485));
#14480=CARTESIAN_POINT('',(0.0352419321709494,0.00589888461382294,0.0485));
#14481=CARTESIAN_POINT('',(0.0353611324685178,0.00654106053272279,0.0485));
#14482=CARTESIAN_POINT('',(0.0353611324685178,0.00659200297568358,0.0485));
#14483=CARTESIAN_POINT('',(0.0353611324685178,0.00659200297568358,0.0485));
#14484=CARTESIAN_POINT('',(0.0353611324685178,0.00654106053272279,0.0485));
#14485=CARTESIAN_POINT('',(0.0352394226910006,0.00718424024360216,0.0485));
#14486=CARTESIAN_POINT('',(0.0352394226910006,0.00718424024360216,0.049));
#14487=CARTESIAN_POINT('',(0.0353205625426787,0.00701326100975674,0.0485));
#14488=CARTESIAN_POINT('',(0.0353205625426787,0.00701326100975674,0.049));
#14489=CARTESIAN_POINT('',(0.0353611324685178,0.00681584858711721,0.0485));
#14490=CARTESIAN_POINT('',(0.0353611324685178,0.00681584858711721,0.049));
#14491=CARTESIAN_POINT('',(0.0353611324685178,0.00659200297568358,0.0485));
#14492=CARTESIAN_POINT('',(0.0353611324685178,0.00659200297568358,0.049));
#14493=CARTESIAN_POINT('',(0.0352394226910006,0.00718424024360216,0.0485));
#14494=CARTESIAN_POINT('',(0.0352394226910006,0.00718424024360216,0.0485));
#14495=CARTESIAN_POINT('',(0.0352394226910006,0.00718424024360216,0.0485));
#14496=CARTESIAN_POINT('',(0.0353611324685178,0.00692777139283403,0.0485));
#14497=CARTESIAN_POINT('',(0.0353611324685178,0.00659200297568358,0.0485));
#14498=CARTESIAN_POINT('',(0.0344126016572949,0.00681226013125534,0.0485));
#14499=CARTESIAN_POINT('',(0.0348958748860088,0.00757797764757006,0.0485));
#14500=CARTESIAN_POINT('',(0.0348960055438838,0.00757818602740708,0.0485));
#14501=CARTESIAN_POINT('',(0.0344126016572949,0.00681226013125534,0.0485));
#14502=CARTESIAN_POINT('',(0.034407552610623,0.00677106925036658,0.0485));
#14503=CARTESIAN_POINT('',(0.0343888564922104,0.00771454058431054,0.0485));
#14504=CARTESIAN_POINT('',(0.0343888564922104,0.00771454058431054,0.0485));
#14505=CARTESIAN_POINT('',(0.034407552610623,0.00677106925036658,0.0485));
#14506=CARTESIAN_POINT('',(0.0343699842684531,0.00676980563119995,0.0485));
#14507=CARTESIAN_POINT('',(0.033881292142706,0.00757797764757006,0.0485));
#14508=CARTESIAN_POINT('',(0.0338811660389,0.00757818541372179,0.0485));
#14509=CARTESIAN_POINT('',(0.0343699842684531,0.00676980563119995,0.0485));
#14510=CARTESIAN_POINT('',(0.0343628617717267,0.00681370942590275,0.0485));
#14511=CARTESIAN_POINT('',(0.0335377443377142,0.00718424024360216,0.0485));
#14512=CARTESIAN_POINT('',(0.0335377443377142,0.00718424024360216,0.0485));
#14513=CARTESIAN_POINT('',(0.0343628617717267,0.00681370942590275,0.0485));
#14514=CARTESIAN_POINT('',(0.0334162855081919,0.0065904972877143,0.0485));
#14515=CARTESIAN_POINT('',(0.0334162855081919,0.0065904972877143,0.049));
#14516=CARTESIAN_POINT('',(0.0334162855081919,0.00681534669112745,0.0485));
#14517=CARTESIAN_POINT('',(0.0334162855081919,0.00681534669112745,0.049));
#14518=CARTESIAN_POINT('',(0.0334567717846994,0.00701326100975674,0.0485));
#14519=CARTESIAN_POINT('',(0.0334567717846994,0.00701326100975674,0.049));
#14520=CARTESIAN_POINT('',(0.0335377443377142,0.00718424024360216,0.0485));
#14521=CARTESIAN_POINT('',(0.0335377443377142,0.00718424024360216,0.049));
#14522=CARTESIAN_POINT('',(0.0334162855081919,0.0065904972877143,0.0485));
#14523=CARTESIAN_POINT('',(0.0334162855081919,0.0065904972877143,0.0485));
#14524=CARTESIAN_POINT('',(0.0334162855081919,0.0065904972877143,0.0485));
#14525=CARTESIAN_POINT('',(0.0334162855081919,0.00692777139283403,0.0485));
#14526=CARTESIAN_POINT('',(0.0335377443377142,0.00718424024360216,0.0485));
#14527=CARTESIAN_POINT('',(0.0334162855081919,0.00653403398886613,0.0485));
#14528=CARTESIAN_POINT('',(0.0334162855081919,0.00647757069001796,0.0485));
#14529=CARTESIAN_POINT('',(0.0334167660319674,0.00647756232243914,0.0485));
#14530=CARTESIAN_POINT('',(0.0334162855081919,0.00653403398886613,0.0485));
#14531=CARTESIAN_POINT('',(0.034760206203865,0.00645416838834865,0.0485));
#14532=CARTESIAN_POINT('',(0.0335400028696682,0.00589486944590485,0.0485));
#14533=CARTESIAN_POINT('',(0.0335398881731417,0.00589481720236103,0.0485));
#14534=CARTESIAN_POINT('',(0.034760206203865,0.00645416838834865,0.0485));
#14535=CARTESIAN_POINT('',(0.034362962592441,0.00627302862704572,0.0485));
#14536=CARTESIAN_POINT('',(0.0338850563626292,0.00550489626186016,0.0485));
#14537=CARTESIAN_POINT('',(0.0338849392781602,0.00550470605630642,0.0485));
#14538=CARTESIAN_POINT('',(0.034362962592441,0.00627302862704572,0.0485));
#14539=CARTESIAN_POINT('',(0.0343741201476068,0.00631920391009044,0.0485));
#14540=CARTESIAN_POINT('',(0.0343919713122883,0.00536838055264503,0.0485));
#14541=CARTESIAN_POINT('',(0.0343919670318385,0.00536874387362487,0.0485));
#14542=CARTESIAN_POINT('',(0.0343741201476068,0.00631920391009044,0.0485));
#14543=CARTESIAN_POINT('',(0.034411155818459,0.0063109772709685,0.0485));
#14544=CARTESIAN_POINT('',(0.0349006428979116,0.00550665289782432,0.0485));
#14545=CARTESIAN_POINT('',(0.0349007748889493,0.00550643697746292,0.0485));
#14546=CARTESIAN_POINT('',(0.034411155818459,0.0063109772709685,0.0485));
#14547=CARTESIAN_POINT('',(0.0344213378133909,0.0062660856935539,0.0485));
#14548=CARTESIAN_POINT('',(0.0344213378133909,0.0062660856935539,0.0485));
#14549=CARTESIAN_POINT('',(0.0347555949568705,0.00713957150051339,0.0485));
#14550=CARTESIAN_POINT('',(0.0347555949568705,0.00713957150051339,0.049));
#14551=CARTESIAN_POINT('',(0.0346697707426213,0.00726404170597424,0.0485));
#14552=CARTESIAN_POINT('',(0.0346697707426213,0.00726404170597424,0.049));
#14553=CARTESIAN_POINT('',(0.0345473917704511,0.00732627680870467,0.0485));
#14554=CARTESIAN_POINT('',(0.0345473917704511,0.00732627680870467,0.049));
#14555=CARTESIAN_POINT('',(0.0343884580403599,0.00732627680870467,0.0485));
#14556=CARTESIAN_POINT('',(0.0343884580403599,0.00732627680870467,0.049));
#14557=CARTESIAN_POINT('',(0.0347555949568705,0.00713957150051339,0.049));
#14558=CARTESIAN_POINT('',(0.0346268586354967,0.00732627680870467,0.049));
#14559=CARTESIAN_POINT('',(0.0343884580403599,0.00732627680870467,0.049));
#14560=CARTESIAN_POINT('',(0.0347555949568705,0.00713957150051339,0.0485));
#14561=CARTESIAN_POINT('',(0.0346268586354967,0.00732627680870467,0.0485));
#14562=CARTESIAN_POINT('',(0.0343884580403599,0.00732627680870467,0.0485));
#14563=CARTESIAN_POINT('',(-1.83649391990078E-17,0.00725,0.0485));
#14564=CARTESIAN_POINT('',(0.0536717339834494,0.00636489169730123,0.0485));
#14565=CARTESIAN_POINT('',(0.0536717339834494,0.00636489169730123,0.049));
#14566=CARTESIAN_POINT('',(0.0536717339834494,0.00660446333483256,0.0485));
#14567=CARTESIAN_POINT('',(0.0536717339834494,0.00660446333483256,0.049));
#14568=CARTESIAN_POINT('',(0.053628821884967,0.00678648424379491,0.0485));
#14569=CARTESIAN_POINT('',(0.053628821884967,0.00678648424379491,0.049));
#14570=CARTESIAN_POINT('',(0.0535429976880023,0.00691095442418829,0.0485));
#14571=CARTESIAN_POINT('',(0.0535429976880023,0.00691095442418829,0.049));
#14572=CARTESIAN_POINT('',(0.0536717339834494,0.00636489169730123,0.049));
#14573=CARTESIAN_POINT('',(0.0536717339834494,0.00672424915359822,0.049));
#14574=CARTESIAN_POINT('',(0.0535429976880023,0.00691095442418829,0.049));
#14575=CARTESIAN_POINT('',(0.0536717339834494,0.00636489169730123,0.049));
#14576=CARTESIAN_POINT('',(0.0535429976880023,0.00691095442418829,0.049));
#14577=CARTESIAN_POINT('',(0.0536717339834494,0.00636489169730123,0.0485));
#14578=CARTESIAN_POINT('',(0.0536717339834494,0.00636489169730123,0.0485));
#14579=CARTESIAN_POINT('',(0.0536717339834494,0.00636489169730123,0.0485));
#14580=CARTESIAN_POINT('',(0.0536717339834494,0.00672424915359822,0.0485));
#14581=CARTESIAN_POINT('',(0.0535429976880023,0.00691095442418829,0.0485));
#14582=CARTESIAN_POINT('',(0.0535429976880023,0.00691095442418829,0.0485));
#14583=CARTESIAN_POINT('',(0.0535429976880023,0.00691095442418829,0.0485));
#14584=CARTESIAN_POINT('',(0.0536717339834494,0.00630918125365742,0.0485));
#14585=CARTESIAN_POINT('',(0.0536717339834494,0.00630918125365742,0.049));
#14586=CARTESIAN_POINT('',(0.0536717339834494,0.00625347081001361,0.049));
#14587=CARTESIAN_POINT('',(0.0536717339834494,0.00625347081001361,0.0485));
#14588=CARTESIAN_POINT('',(0.0536717339834494,0.00625347081001361,0.0485));
#14589=CARTESIAN_POINT('',(0.0536717339834494,0.00630918125365742,0.0485));
#14590=CARTESIAN_POINT('',(0.0535429976880023,0.00571167419818035,0.0485));
#14591=CARTESIAN_POINT('',(0.0535429976880023,0.00571167419818035,0.049));
#14592=CARTESIAN_POINT('',(0.0536278180931897,0.00583564248268504,0.0485));
#14593=CARTESIAN_POINT('',(0.0536278180931897,0.00583564248268504,0.049));
#14594=CARTESIAN_POINT('',(0.0536707301916721,0.00601624135329613,0.0485));
#14595=CARTESIAN_POINT('',(0.0536707301916721,0.00601624135329613,0.049));
#14596=CARTESIAN_POINT('',(0.0536717339834494,0.00625347081001361,0.0485));
#14597=CARTESIAN_POINT('',(0.0536717339834494,0.00625347081001361,0.049));
#14598=CARTESIAN_POINT('',(0.0535429976880023,0.00571167419818035,0.049));
#14599=CARTESIAN_POINT('',(0.0536702282957834,0.00589762662493739,0.049));
#14600=CARTESIAN_POINT('',(0.0536717339834494,0.00625347081001361,0.049));
#14601=CARTESIAN_POINT('',(0.0535429976880023,0.00571167419818035,0.049));
#14602=CARTESIAN_POINT('',(0.0535429976880023,0.00571167419818035,0.0485));
#14603=CARTESIAN_POINT('',(0.0535429976880023,0.00571167419818035,0.0485));
#14604=CARTESIAN_POINT('',(0.0535429976880023,0.00571167419818035,0.0485));
#14605=CARTESIAN_POINT('',(0.0536702282957834,0.00589762662493739,0.0485));
#14606=CARTESIAN_POINT('',(0.0536717339834494,0.00625347081001361,0.0485));
#14607=CARTESIAN_POINT('',(0.0531793741166515,0.00552572177142332,0.0485));
#14608=CARTESIAN_POINT('',(0.0531793741166515,0.00552572177142332,0.049));
#14609=CARTESIAN_POINT('',(0.0533369694256979,0.00552572177142332,0.0485));
#14610=CARTESIAN_POINT('',(0.0533369694256979,0.00552572177142332,0.049));
#14611=CARTESIAN_POINT('',(0.0534581772828148,0.00558770591367566,0.0485));
#14612=CARTESIAN_POINT('',(0.0534581772828148,0.00558770591367566,0.049));
#14613=CARTESIAN_POINT('',(0.0535429976880023,0.00571167419818035,0.0485));
#14614=CARTESIAN_POINT('',(0.0535429976880023,0.00571167419818035,0.049));
#14615=CARTESIAN_POINT('',(0.0531793741166515,0.00552572177142332,0.049));
#14616=CARTESIAN_POINT('',(0.0534157670802211,0.00552572177142332,0.049));
#14617=CARTESIAN_POINT('',(0.0535429976880023,0.00571167419818035,0.049));
#14618=CARTESIAN_POINT('',(0.0531793741166515,0.00552572177142332,0.049));
#14619=CARTESIAN_POINT('',(0.0531793741166515,0.00552572177142332,0.0485));
#14620=CARTESIAN_POINT('',(0.0531793741166515,0.00552572177142332,0.0485));
#14621=CARTESIAN_POINT('',(0.0531793741166515,0.00552572177142332,0.0485));
#14622=CARTESIAN_POINT('',(0.0534157670802211,0.00552572177142332,0.0485));
#14623=CARTESIAN_POINT('',(0.0535429976880023,0.00571167419818035,0.0485));
#14624=CARTESIAN_POINT('',(0.0528089749508034,0.00571870074062191,0.0485));
#14625=CARTESIAN_POINT('',(0.0528089749508034,0.00571870074062191,0.049));
#14626=CARTESIAN_POINT('',(0.0528946318491387,0.00559004809448952,0.0485));
#14627=CARTESIAN_POINT('',(0.0528946318491387,0.00559004809448952,0.049));
#14628=CARTESIAN_POINT('',(0.0530180982377547,0.00552572177142332,0.0485));
#14629=CARTESIAN_POINT('',(0.0530180982377547,0.00552572177142332,0.049));
#14630=CARTESIAN_POINT('',(0.0531793741166515,0.00552572177142332,0.0485));
#14631=CARTESIAN_POINT('',(0.0531793741166515,0.00552572177142332,0.049));
#14632=CARTESIAN_POINT('',(0.0528089749508034,0.00571870074062191,0.049));
#14633=CARTESIAN_POINT('',(0.0529374602983063,0.00552572177142332,0.049));
#14634=CARTESIAN_POINT('',(0.0531793741166515,0.00552572177142332,0.049));
#14635=CARTESIAN_POINT('',(0.0528089749508034,0.00571870074062191,0.049));
#14636=CARTESIAN_POINT('',(0.0528089749508034,0.00571870074062191,0.0485));
#14637=CARTESIAN_POINT('',(0.0528089749508034,0.00571870074062191,0.0485));
#14638=CARTESIAN_POINT('',(0.0528089749508034,0.00571870074062191,0.0485));
#14639=CARTESIAN_POINT('',(0.0529374602983063,0.00552572177142332,0.0485));
#14640=CARTESIAN_POINT('',(0.0531793741166515,0.00552572177142332,0.0485));
#14641=CARTESIAN_POINT('',(0.0526804896033006,0.00626150114423254,0.0485));
#14642=CARTESIAN_POINT('',(0.0526804896033006,0.00626150114423254,0.049));
#14643=CARTESIAN_POINT('',(0.0526804896033006,0.00602828685462452,0.0485));
#14644=CARTESIAN_POINT('',(0.0526804896033006,0.00602828685462452,0.049));
#14645=CARTESIAN_POINT('',(0.0527233180524682,0.00584735338675431,0.0485));
#14646=CARTESIAN_POINT('',(0.0527233180524682,0.00584735338675431,0.049));
#14647=CARTESIAN_POINT('',(0.0528089749508034,0.00571870074062191,0.0485));
#14648=CARTESIAN_POINT('',(0.0528089749508034,0.00571870074062191,0.049));
#14649=CARTESIAN_POINT('',(0.0526804896033006,0.00626150114423254,0.049));
#14650=CARTESIAN_POINT('',(0.0526804896033006,0.00591167970982051,0.049));
#14651=CARTESIAN_POINT('',(0.0528089749508034,0.00571870074062191,0.049));
#14652=CARTESIAN_POINT('',(0.0526804896033006,0.00626150114423254,0.049));
#14653=CARTESIAN_POINT('',(0.0526804896033006,0.00626150114423254,0.0485));
#14654=CARTESIAN_POINT('',(0.0526804896033006,0.00626150114423254,0.0485));
#14655=CARTESIAN_POINT('',(0.0526804896033006,0.00626150114423254,0.0485));
#14656=CARTESIAN_POINT('',(0.0526804896033006,0.00591167970982051,0.0485));
#14657=CARTESIAN_POINT('',(0.0528089749508034,0.00571870074062191,0.0485));
#14658=CARTESIAN_POINT('',(0.0526804896033006,0.00631721158787634,0.0485));
#14659=CARTESIAN_POINT('',(0.0526804896033006,0.00631721158787634,0.049));
#14660=CARTESIAN_POINT('',(0.0526804896033006,0.00637292203152015,0.049));
#14661=CARTESIAN_POINT('',(0.0526804896033006,0.00637292203152015,0.0485));
#14662=CARTESIAN_POINT('',(0.0526804896033006,0.00637292203152015,0.0485));
#14663=CARTESIAN_POINT('',(0.0526804896033006,0.00631721158787634,0.0485));
#14664=CARTESIAN_POINT('',(0.0528104806384695,0.00691321295568736,0.0485));
#14665=CARTESIAN_POINT('',(0.0528104806384695,0.00691321295568736,0.049));
#14666=CARTESIAN_POINT('',(0.0527248237401342,0.00679024846296003,0.0485));
#14667=CARTESIAN_POINT('',(0.0527248237401342,0.00679024846296003,0.049));
#14668=CARTESIAN_POINT('',(0.0526814933950779,0.00661015148823763,0.0485));
#14669=CARTESIAN_POINT('',(0.0526814933950779,0.00661015148823763,0.049));
#14670=CARTESIAN_POINT('',(0.0526804896033006,0.00637292203152015,0.0485));
#14671=CARTESIAN_POINT('',(0.0526804896033006,0.00637292203152015,0.049));
#14672=CARTESIAN_POINT('',(0.0528104806384695,0.00691321295568736,0.049));
#14673=CARTESIAN_POINT('',(0.0526819952909666,0.00672876621659637,0.049));
#14674=CARTESIAN_POINT('',(0.0526804896033006,0.00637292203152015,0.049));
#14675=CARTESIAN_POINT('',(0.0528104806384695,0.00691321295568736,0.049));
#14676=CARTESIAN_POINT('',(0.0528104806384695,0.00691321295568736,0.0485));
#14677=CARTESIAN_POINT('',(0.0528104806384695,0.00691321295568736,0.0485));
#14678=CARTESIAN_POINT('',(0.0528104806384695,0.00691321295568736,0.0485));
#14679=CARTESIAN_POINT('',(0.0526819952909666,0.00672876621659637,0.0485));
#14680=CARTESIAN_POINT('',(0.0526804896033006,0.00637292203152015,0.0485));
#14681=CARTESIAN_POINT('',(0.0531758608454307,0.00709765969477835,0.0485));
#14682=CARTESIAN_POINT('',(0.0531758608454307,0.00709765969477835,0.049));
#14683=CARTESIAN_POINT('',(0.0530179309391251,0.00709765969477835,0.0485));
#14684=CARTESIAN_POINT('',(0.0530179309391251,0.00709765969477835,0.049));
#14685=CARTESIAN_POINT('',(0.0528961375368047,0.00703617744841469,0.0485));
#14686=CARTESIAN_POINT('',(0.0528961375368047,0.00703617744841469,0.049));
#14687=CARTESIAN_POINT('',(0.0528104806384695,0.00691321295568736,0.0485));
#14688=CARTESIAN_POINT('',(0.0528104806384695,0.00691321295568736,0.049));
#14689=CARTESIAN_POINT('',(0.0531758608454307,0.00709765969477835,0.049));
#14690=CARTESIAN_POINT('',(0.0529389659859723,0.00709765969477835,0.049));
#14691=CARTESIAN_POINT('',(0.0528104806384695,0.00691321295568736,0.049));
#14692=CARTESIAN_POINT('',(0.0531758608454307,0.00709765969477835,0.049));
#14693=CARTESIAN_POINT('',(0.0531758608454307,0.00709765969477835,0.0485));
#14694=CARTESIAN_POINT('',(0.0531758608454307,0.00709765969477835,0.0485));
#14695=CARTESIAN_POINT('',(0.0531758608454307,0.00709765969477835,0.0485));
#14696=CARTESIAN_POINT('',(0.0529389659859723,0.00709765969477835,0.0485));
#14697=CARTESIAN_POINT('',(0.0528104806384695,0.00691321295568736,0.0485));
#14698=CARTESIAN_POINT('',(0.0541485350776983,0.00626150114423254,0.0485));
#14699=CARTESIAN_POINT('',(0.0541485350776983,0.00626150114423254,0.049));
#14700=CARTESIAN_POINT('',(0.0541485350776983,0.00603665178610257,0.0485));
#14701=CARTESIAN_POINT('',(0.0541485350776983,0.00603665178610257,0.049));
#14702=CARTESIAN_POINT('',(0.0541088016531776,0.00583957400047973,0.0485));
#14703=CARTESIAN_POINT('',(0.0541088016531776,0.00583957400047973,0.049));
#14704=CARTESIAN_POINT('',(0.0540293348041361,0.00567026778736401,0.0485));
#14705=CARTESIAN_POINT('',(0.0540293348041361,0.00567026778736401,0.049));
#14706=CARTESIAN_POINT('',(0.0541485350776983,0.00626150114423254,0.0485));
#14707=CARTESIAN_POINT('',(0.0541485350776983,0.00626150114423254,0.0485));
#14708=CARTESIAN_POINT('',(0.0541485350776983,0.00626150114423254,0.0485));
#14709=CARTESIAN_POINT('',(0.0541485350776983,0.00592422710703759,0.0485));
#14710=CARTESIAN_POINT('',(0.0540293348041361,0.00567026778736401,0.0485));
#14711=CARTESIAN_POINT('',(0.0540293348041361,0.00567026778736401,0.0485));
#14712=CARTESIAN_POINT('',(0.0540293348041361,0.00567026778736401,0.0485));
#14713=CARTESIAN_POINT('',(0.0541485350776983,0.00631244357693386,0.0485));
#14714=CARTESIAN_POINT('',(0.0541485350776983,0.00636338600963518,0.0485));
#14715=CARTESIAN_POINT('',(0.0541485350776983,0.00636338600963518,0.0485));
#14716=CARTESIAN_POINT('',(0.0541485350776983,0.00631244357693386,0.0485));
#14717=CARTESIAN_POINT('',(0.0540268253246926,0.00695562315828107,0.0485));
#14718=CARTESIAN_POINT('',(0.0540268253246926,0.00695562315828107,0.049));
#14719=CARTESIAN_POINT('',(0.0541079651600297,0.00678464395886974,0.0485));
#14720=CARTESIAN_POINT('',(0.0541079651600297,0.00678464395886974,0.049));
#14721=CARTESIAN_POINT('',(0.0541485350776983,0.00658723157598778,0.0485));
#14722=CARTESIAN_POINT('',(0.0541485350776983,0.00658723157598778,0.049));
#14723=CARTESIAN_POINT('',(0.0541485350776983,0.00636338600963518,0.0485));
#14724=CARTESIAN_POINT('',(0.0541485350776983,0.00636338600963518,0.049));
#14725=CARTESIAN_POINT('',(0.0540268253246926,0.00695562315828107,0.0485));
#14726=CARTESIAN_POINT('',(0.0540268253246926,0.00695562315828107,0.0485));
#14727=CARTESIAN_POINT('',(0.0540268253246926,0.00695562315828107,0.0485));
#14728=CARTESIAN_POINT('',(0.0541485350776983,0.00669915435916408,0.0485));
#14729=CARTESIAN_POINT('',(0.0541485350776983,0.00636338600963518,0.0485));
#14730=CARTESIAN_POINT('',(0.0532000044575159,0.00658364312086225,0.0485));
#14731=CARTESIAN_POINT('',(0.0536832775888892,0.00734936048295285,0.0485));
#14732=CARTESIAN_POINT('',(0.0536834082467378,0.00734956886274791,0.0485));
#14733=CARTESIAN_POINT('',(0.0532000044575159,0.00658364312086225,0.0485));
#14734=CARTESIAN_POINT('',(0.0531949554118482,0.00654245224825514,0.0485));
#14735=CARTESIAN_POINT('',(0.0531762592972009,0.00748592339219045,0.0485));
#14736=CARTESIAN_POINT('',(0.0531762592972009,0.00748592339219045,0.0485));
#14737=CARTESIAN_POINT('',(0.0531949554118482,0.00654245224825514,0.0485));
#14738=CARTESIAN_POINT('',(0.0531573870772443,0.00654118862934298,0.0485));
#14739=CARTESIAN_POINT('',(0.0526686950499165,0.00734936048295285,0.0485));
#14740=CARTESIAN_POINT('',(0.0526685689461359,0.00734956824906274,0.0485));
#14741=CARTESIAN_POINT('',(0.0531573870772443,0.00654118862934298,0.0485));
#14742=CARTESIAN_POINT('',(0.0531502645819519,0.0065850924152046,0.0485));
#14743=CARTESIAN_POINT('',(0.0523251473141131,0.00695562315828107,0.0485));
#14744=CARTESIAN_POINT('',(0.0523251473141131,0.00695562315828107,0.0485));
#14745=CARTESIAN_POINT('',(0.0531502645819519,0.0065850924152046,0.0485));
#14746=CARTESIAN_POINT('',(0.0522036885090518,0.00636188032196913,0.0485));
#14747=CARTESIAN_POINT('',(0.0522036885090518,0.00636188032196913,0.049));
#14748=CARTESIAN_POINT('',(0.0522036885090518,0.0065867296800991,0.0485));
#14749=CARTESIAN_POINT('',(0.0522036885090518,0.0065867296800991,0.049));
#14750=CARTESIAN_POINT('',(0.0522441747774056,0.00678464395886974,0.0485));
#14751=CARTESIAN_POINT('',(0.0522441747774056,0.00678464395886974,0.049));
#14752=CARTESIAN_POINT('',(0.0523251473141131,0.00695562315828107,0.0485));
#14753=CARTESIAN_POINT('',(0.0523251473141131,0.00695562315828107,0.049));
#14754=CARTESIAN_POINT('',(0.0522036885090518,0.00636188032196913,0.0485));
#14755=CARTESIAN_POINT('',(0.0522036885090518,0.00636188032196913,0.0485));
#14756=CARTESIAN_POINT('',(0.0522036885090518,0.00636188032196913,0.0485));
#14757=CARTESIAN_POINT('',(0.0522036885090518,0.00669915435916408,0.0485));
#14758=CARTESIAN_POINT('',(0.0523251473141131,0.00695562315828107,0.0485));
#14759=CARTESIAN_POINT('',(0.0522036885090518,0.00630541703449229,0.0485));
#14760=CARTESIAN_POINT('',(0.0522036885090518,0.00624895374701546,0.0485));
#14761=CARTESIAN_POINT('',(0.0522041690327307,0.00624894537943832,0.0485));
#14762=CARTESIAN_POINT('',(0.0522036885090518,0.00630541703449229,0.0485));
#14763=CARTESIAN_POINT('',(0.0535476089340487,0.00622555145005501,0.0485));
#14764=CARTESIAN_POINT('',(0.0523274058456121,0.00566625262025454,0.0485));
#14765=CARTESIAN_POINT('',(0.052327291149109,0.00566620037672136,0.0485));
#14766=CARTESIAN_POINT('',(0.0535476089340487,0.00622555145005501,0.0485));
#14767=CARTESIAN_POINT('',(0.053150365402639,0.00604441172523035,0.0485));
#14768=CARTESIAN_POINT('',(0.0526724592690817,0.00527627951474788,0.0485));
#14769=CARTESIAN_POINT('',(0.0526723421846362,0.00527608930923244,0.0485));
#14770=CARTESIAN_POINT('',(0.053150365402639,0.00604441172523035,0.0485));
#14771=CARTESIAN_POINT('',(0.0531615229555651,0.00609058699898197,0.0485));
#14772=CARTESIAN_POINT('',(0.0531793741166515,0.00513976383302612,0.0485));
#14773=CARTESIAN_POINT('',(0.0531793698362026,0.00514012715393278,0.0485));
#14774=CARTESIAN_POINT('',(0.0531615229555651,0.00609058699898197,0.0485));
#14775=CARTESIAN_POINT('',(0.0531985586189585,0.00608236036151665,0.0485));
#14776=CARTESIAN_POINT('',(0.0536880455998316,0.00527803615035827,0.0485));
#14777=CARTESIAN_POINT('',(0.0536881775908427,0.00527782023004036,0.0485));
#14778=CARTESIAN_POINT('',(0.0531985586189585,0.00608236036151665,0.0485));
#14779=CARTESIAN_POINT('',(0.0532087406118469,0.00603746879313714,0.0485));
#14780=CARTESIAN_POINT('',(0.0532087406118469,0.00603746879313714,0.0485));
#14781=CARTESIAN_POINT('',(0.0535429976880023,0.00691095442418829,0.0485));
#14782=CARTESIAN_POINT('',(0.0535429976880023,0.00691095442418829,0.049));
#14783=CARTESIAN_POINT('',(0.0534571734910375,0.00703542460458166,0.0485));
#14784=CARTESIAN_POINT('',(0.0534571734910375,0.00703542460458166,0.049));
#14785=CARTESIAN_POINT('',(0.0533347945435136,0.00709765969477835,0.0485));
#14786=CARTESIAN_POINT('',(0.0533347945435136,0.00709765969477835,0.049));
#14787=CARTESIAN_POINT('',(0.0531758608454307,0.00709765969477835,0.0485));
#14788=CARTESIAN_POINT('',(0.0531758608454307,0.00709765969477835,0.049));
#14789=CARTESIAN_POINT('',(0.0535429976880023,0.00691095442418829,0.049));
#14790=CARTESIAN_POINT('',(0.0534142613925551,0.00709765969477835,0.049));
#14791=CARTESIAN_POINT('',(0.0531758608454307,0.00709765969477835,0.049));
#14792=CARTESIAN_POINT('',(0.0535429976880023,0.00691095442418829,0.0485));
#14793=CARTESIAN_POINT('',(0.0534142613925551,0.00709765969477835,0.0485));
#14794=CARTESIAN_POINT('',(0.0531758608454307,0.00709765969477835,0.0485));
#14795=CARTESIAN_POINT('',(-1.83649391990078E-17,0.00725,0.0485));
#14796=CARTESIAN_POINT('',(0.0373248005284596,0.0054,0.0485));
#14797=CARTESIAN_POINT('',(0.037559938799663,0.0054,0.0485));
#14798=CARTESIAN_POINT('',(0.037559938799663,0.0054,0.0485));
#14799=CARTESIAN_POINT('',(0.0373248005284596,0.0054,0.0485));
#14800=CARTESIAN_POINT('',(0.0370896622572564,0.0054,0.0485));
#14801=CARTESIAN_POINT('',(0.0370896622572564,0.0054,0.0485));
#14802=CARTESIAN_POINT('',(0.037559938799663,0.00654181337670743,0.0485));
#14803=CARTESIAN_POINT('',(0.037559938799663,0.00768362675341486,0.0485));
#14804=CARTESIAN_POINT('',(0.037559938799663,0.00768362675341486,0.0485));
#14805=CARTESIAN_POINT('',(0.037559938799663,0.00654181337670743,0.0485));
#14806=CARTESIAN_POINT('',(0.0373255533724443,0.00768362675341486,0.0485));
#14807=CARTESIAN_POINT('',(0.0370911679452257,0.00768362675341486,0.0485));
#14808=CARTESIAN_POINT('',(0.0370911679452257,0.00768362675341486,0.0485));
#14809=CARTESIAN_POINT('',(0.0373255533724443,0.00768362675341486,0.0485));
#14810=CARTESIAN_POINT('',(0.0370911679452257,0.0069307827687726,0.0485));
#14811=CARTESIAN_POINT('',(0.0370911679452257,0.00617793878413034,0.0485));
#14812=CARTESIAN_POINT('',(0.0370911679452257,0.00617793878413034,0.0485));
#14813=CARTESIAN_POINT('',(0.0370911679452257,0.0069307827687726,0.0485));
#14814=CARTESIAN_POINT('',(0.0366324350105836,0.0069307827687726,0.0485));
#14815=CARTESIAN_POINT('',(0.0361737020759417,0.00768362675341486,0.0485));
#14816=CARTESIAN_POINT('',(0.0361737020759417,0.00768362675341486,0.0485));
#14817=CARTESIAN_POINT('',(0.0366324350105836,0.0069307827687726,0.0485));
#14818=CARTESIAN_POINT('',(0.0359383128567435,0.00768362675341486,0.0485));
#14819=CARTESIAN_POINT('',(0.0357029236375453,0.00768362675341486,0.0485));
#14820=CARTESIAN_POINT('',(0.0357029236375453,0.00768362675341486,0.0485));
#14821=CARTESIAN_POINT('',(0.0359383128567435,0.00768362675341486,0.0485));
#14822=CARTESIAN_POINT('',(0.0357029236375453,0.00654181337670743,0.0485));
#14823=CARTESIAN_POINT('',(0.0357029236375453,0.0054,0.0485));
#14824=CARTESIAN_POINT('',(0.0357029236375453,0.0054,0.0485));
#14825=CARTESIAN_POINT('',(0.0357029236375453,0.00654181337670743,0.0485));
#14826=CARTESIAN_POINT('',(0.0359383128567435,0.0054,0.0485));
#14827=CARTESIAN_POINT('',(0.0361737020759417,0.0054,0.0485));
#14828=CARTESIAN_POINT('',(0.0361737020759417,0.0054,0.0485));
#14829=CARTESIAN_POINT('',(0.0359383128567435,0.0054,0.0485));
#14830=CARTESIAN_POINT('',(0.0361737020759417,0.00615133829667298,0.0485));
#14831=CARTESIAN_POINT('',(0.0361737020759417,0.00690267659334596,0.0485));
#14832=CARTESIAN_POINT('',(0.0361737020759417,0.00690267659334596,0.0485));
#14833=CARTESIAN_POINT('',(0.0361737020759417,0.00615133829667298,0.0485));
#14834=CARTESIAN_POINT('',(0.0366316821665991,0.00615133829667298,0.0485));
#14835=CARTESIAN_POINT('',(0.0366316821665991,0.00615133829667298,0.0485));
#14836=CARTESIAN_POINT('',(-1.83649391990078E-17,0.00725,0.0485));
#14837=CARTESIAN_POINT('',(0.0571724578070131,0.00610440773107477,0.0485));
#14838=CARTESIAN_POINT('',(0.0576241641068278,0.00610440773107477,0.0485));
#14839=CARTESIAN_POINT('',(0.0576241641068278,0.00610440773107477,0.0485));
#14840=CARTESIAN_POINT('',(0.0571724578070131,0.00610440773107477,0.0485));
#14841=CARTESIAN_POINT('',(0.0567207515071984,0.00610440773107477,0.0485));
#14842=CARTESIAN_POINT('',(0.0567207515071984,0.00610440773107477,0.0485));
#14843=CARTESIAN_POINT('',(0.0576241641068278,0.00629437532494127,0.0485));
#14844=CARTESIAN_POINT('',(0.0576241641068278,0.00648434291880777,0.0485));
#14845=CARTESIAN_POINT('',(0.0576241641068278,0.00648434291880777,0.0485));
#14846=CARTESIAN_POINT('',(0.0576241641068278,0.00629437532494127,0.0485));
#14847=CARTESIAN_POINT('',(0.0571724578070131,0.00648434291880777,0.0485));
#14848=CARTESIAN_POINT('',(0.0567207515071984,0.00648434291880777,0.0485));
#14849=CARTESIAN_POINT('',(0.0567207515071984,0.00648434291880777,0.0485));
#14850=CARTESIAN_POINT('',(0.0571724578070131,0.00648434291880777,0.0485));
#14851=CARTESIAN_POINT('',(0.0567207515071984,0.00677920675340901,0.0485));
#14852=CARTESIAN_POINT('',(0.0567207515071984,0.00707407058801025,0.0485));
#14853=CARTESIAN_POINT('',(0.0567207515071984,0.00707407058801025,0.0485));
#14854=CARTESIAN_POINT('',(0.0567207515071984,0.00677920675340901,0.0485));
#14855=CARTESIAN_POINT('',(0.0572289210944899,0.00707407058801025,0.0485));
#14856=CARTESIAN_POINT('',(0.0577370906817814,0.00707407058801025,0.0485));
#14857=CARTESIAN_POINT('',(0.0577370906817814,0.00707407058801025,0.0485));
#14858=CARTESIAN_POINT('',(0.0572289210944899,0.00707407058801025,0.0485));
#14859=CARTESIAN_POINT('',(0.0577370906817814,0.00726454007776543,0.0485));
#14860=CARTESIAN_POINT('',(0.0577370906817814,0.00745500956752061,0.0485));
#14861=CARTESIAN_POINT('',(0.0577370906817814,0.00745500956752061,0.0485));
#14862=CARTESIAN_POINT('',(0.0577370906817814,0.00726454007776543,0.0485));
#14863=CARTESIAN_POINT('',(0.0569935319226976,0.00745500956752061,0.0485));
#14864=CARTESIAN_POINT('',(0.0562499731636138,0.00745500956752061,0.0485));
#14865=CARTESIAN_POINT('',(0.0562499731636138,0.00745500956752061,0.0485));
#14866=CARTESIAN_POINT('',(0.0569935319226976,0.00745500956752061,0.0485));
#14867=CARTESIAN_POINT('',(0.0562499731636138,0.00631319642076688,0.0485));
#14868=CARTESIAN_POINT('',(0.0562499731636138,0.00517138327401315,0.0485));
#14869=CARTESIAN_POINT('',(0.0562499731636138,0.00517138327401315,0.0485));
#14870=CARTESIAN_POINT('',(0.0562499731636138,0.00631319642076688,0.0485));
#14871=CARTESIAN_POINT('',(0.0564853623354061,0.00517138327401315,0.0485));
#14872=CARTESIAN_POINT('',(0.0567207515071984,0.00517138327401315,0.0485));
#14873=CARTESIAN_POINT('',(0.0567207515071984,0.00517138327401315,0.0485));
#14874=CARTESIAN_POINT('',(0.0564853623354061,0.00517138327401315,0.0485));
#14875=CARTESIAN_POINT('',(0.0567207515071984,0.00563789550254396,0.0485));
#14876=CARTESIAN_POINT('',(0.0567207515071984,0.00563789550254396,0.0485));
#14877=CARTESIAN_POINT('',(-1.83649391990078E-17,0.00725,0.0485));
#14878=CARTESIAN_POINT('',(-1.38777878078145E-17,-0.0175,0.049));
#14879=CARTESIAN_POINT('',(-1.38777878078145E-17,-0.0175,0.049));
#14880=CARTESIAN_POINT('',(-0.0423314524236486,0.00725,0.044));
#14881=CARTESIAN_POINT('',(-0.0423314524236486,0.00725,0.0472242640687119));
#14882=CARTESIAN_POINT('',(-0.0450814524236487,0.00725,0.0472242640687119));
#14883=CARTESIAN_POINT('',(-0.0423314524236486,0.00725,0.0482757359312881));
#14884=CARTESIAN_POINT('',(-0.0450814524236487,0.00725,0.0482757359312881));
#14885=CARTESIAN_POINT('',(-0.0176457686289714,-2.00000000000027E-6,0.0449));
#14886=CARTESIAN_POINT('',(-0.0192420585539426,-2.00000000000027E-6,0.0447911033727084));
#14887=CARTESIAN_POINT('',(-0.0192420585539426,0.0134,0.0447911033727084));
#14888=CARTESIAN_POINT('',(-0.0179212964073665,0.0145,0.0464760978533494));
#14889=CARTESIAN_POINT('',(-0.0183596679360824,0.0145,0.0463994633137096));
#14890=CARTESIAN_POINT('',(-0.0191031632681983,0.0142182690548214,0.0458623761854122));
#14891=CARTESIAN_POINT('',(-0.019265722667285,0.0136688584325551,0.045137990017882));
#14892=CARTESIAN_POINT('',(-0.0192420585539426,0.0134,0.0447911033727084));
#14893=CARTESIAN_POINT('',(-0.0179212964073665,0.0145,0.0464760978533494));
#14894=CARTESIAN_POINT('',(-0.0176457686289714,0.0145,0.0449));
#14895=CARTESIAN_POINT('',(-0.0281214212615948,-2.00000000000027E-6,0.0449));
#14896=CARTESIAN_POINT('',(-0.0281214212615948,0.0145,0.0449));
#14897=CARTESIAN_POINT('',(-0.0278458934831997,0.0145,0.0464760978533494));
#14898=CARTESIAN_POINT('',(-0.0278458934831997,0.0145,0.0464760978533494));
#14899=CARTESIAN_POINT('',(-0.0274075219544838,0.0145,0.0463994633137096));
#14900=CARTESIAN_POINT('',(-0.0266640266223679,0.0142182690548213,0.0458623761854122));
#14901=CARTESIAN_POINT('',(-0.0265014672232812,0.0136688584325552,0.0451379900178819));
#14902=CARTESIAN_POINT('',(-0.0265251313366236,0.0134,0.0447911033727084));
#14903=CARTESIAN_POINT('',(-0.0265251313366236,0.0134,0.0447911033727084));
#14904=CARTESIAN_POINT('',(-0.0265251313366236,-2.00000000000027E-6,0.0447911033727084));
#14905=CARTESIAN_POINT('',(-0.0228835949452831,-2.00000000000027E-6,0.0445426829416994));
#14906=CARTESIAN_POINT('',(-0.0228835949452831,0.0134,0.0445426829416994));
#14907=CARTESIAN_POINT('',(0.0858708663828769,-2.00000000000027E-6,0.00518663150844189));
#14908=CARTESIAN_POINT('',(0.0858708663828769,0.0145,0.00518663150844189));
#14909=CARTESIAN_POINT('',(0.0874170197399589,0.0145,0.00467332249934052));
#14910=CARTESIAN_POINT('',(0.0874170197399589,0.0145,0.00467332249934052));
#14911=CARTESIAN_POINT('',(0.0872769603076018,0.0145,0.00425144531096033));
#14912=CARTESIAN_POINT('',(0.0866451296833241,0.0142156280514044,0.00359250596913008));
#14913=CARTESIAN_POINT('',(0.0859087240885168,0.0136681828199396,0.00352126100448668));
#14914=CARTESIAN_POINT('',(0.0855672289159979,0.0134,0.00358604391910232));
#14915=CARTESIAN_POINT('',(0.0855672289159979,0.0134,0.00358604391910232));
#14916=CARTESIAN_POINT('',(0.0855672289159979,-2.00000000000027E-6,0.00358604391910232));
#14917=CARTESIAN_POINT('',(0.0858708663828769,-2.00000000000027E-6,-0.00518663150844189));
#14918=CARTESIAN_POINT('',(0.0855672289159979,-2.00000000000027E-6,-0.00358604391910232));
#14919=CARTESIAN_POINT('',(0.0855672289159979,0.0134,-0.00358604391910232));
#14920=CARTESIAN_POINT('',(0.0874170197399589,0.0145,-0.00467332249934051));
#14921=CARTESIAN_POINT('',(0.0872769603076018,0.0145,-0.00425144531096032));
#14922=CARTESIAN_POINT('',(0.0866451296833398,0.0142156280513837,-0.00359250596912712));
#14923=CARTESIAN_POINT('',(0.0859087240884855,0.0136681828199809,-0.00352126100449261));
#14924=CARTESIAN_POINT('',(0.0855672289159979,0.0134,-0.00358604391910232));
#14925=CARTESIAN_POINT('',(0.0874170197399589,0.0145,-0.00467332249934051));
#14926=CARTESIAN_POINT('',(0.0858708663828769,0.0145,-0.00518663150844189));
#14927=CARTESIAN_POINT('',(0.0848869429391696,-2.00000000000027E-6,8.16480432537774E-19));
#14928=CARTESIAN_POINT('',(0.0848869429391696,0.0134,8.16480432537774E-19));
#14929=CARTESIAN_POINT('',(-0.08587087,-2.00000000000027E-6,8.23166551409909E-6));
#14930=CARTESIAN_POINT('',(-0.0858398096931938,-2.00000000000027E-6,-0.00162060221620654));
#14931=CARTESIAN_POINT('',(-0.0858398096931938,0.0134,-0.00162060221620654));
#14932=CARTESIAN_POINT('',(-0.0874811845871916,0.0145,-0.000238651884318318));
#14933=CARTESIAN_POINT('',(-0.0874138207764723,0.0145,-0.000678036878271144));
#14934=CARTESIAN_POINT('',(-0.0869013780628561,0.0142156283685596,-0.00143355946030871));
#14935=CARTESIAN_POINT('',(-0.0861873321648057,0.0136681829000133,-0.00162722913790276));
#14936=CARTESIAN_POINT('',(-0.0858398096931938,0.0134,-0.00162060221620654));
#14937=CARTESIAN_POINT('',(-0.0874811845871916,0.0145,-0.000238651884318318));
#14938=CARTESIAN_POINT('',(-0.08587087,0.0145,8.23166551409909E-6));
#14939=CARTESIAN_POINT('',(-0.08587087,-2.00000000000027E-6,-0.0105481092158248));
#14940=CARTESIAN_POINT('',(-0.08587087,0.0145,-0.0105481092158248));
#14941=CARTESIAN_POINT('',(-0.0874811845871916,0.0145,-0.0103012256659924));
#14942=CARTESIAN_POINT('',(-0.0874811845871916,0.0145,-0.0103012256659924));
#14943=CARTESIAN_POINT('',(-0.0874138207764723,0.0145,-0.00986184067203958));
#14944=CARTESIAN_POINT('',(-0.0869013780628577,0.0142156283685575,-0.00910631809000198));
#14945=CARTESIAN_POINT('',(-0.0861873321648024,0.0136681829000175,-0.00891264841240804));
#14946=CARTESIAN_POINT('',(-0.0858398096931938,0.0134,-0.0089192753341042));
#14947=CARTESIAN_POINT('',(-0.0858398096931938,0.0134,-0.0089192753341042));
#14948=CARTESIAN_POINT('',(-0.0858398096931938,-2.00000000000027E-6,-0.0089192753341042));
#14949=CARTESIAN_POINT('',(-0.0857702203296423,-2.00000000000027E-6,-0.00526993877515537));
#14950=CARTESIAN_POINT('',(-0.0857702203296423,0.0134,-0.00526993877515537));
#14951=CARTESIAN_POINT('',(0.0303862941537275,-2.00000000000027E-6,-0.04487087));
#14952=CARTESIAN_POINT('',(0.0320150382851607,-2.00000000000027E-6,-0.044835414235702));
#14953=CARTESIAN_POINT('',(0.0320150382851607,0.0134,-0.044835414235702));
#14954=CARTESIAN_POINT('',(0.0306375223990282,0.0145,-0.0464805124838029));
#14955=CARTESIAN_POINT('',(0.0310767240051227,0.0145,-0.0464119631941671));
#14956=CARTESIAN_POINT('',(0.0318308609583908,0.0142156283684508,-0.0458974834935579));
#14957=CARTESIAN_POINT('',(0.0320226030067533,0.0136681829002309,-0.0451829175583291));
#14958=CARTESIAN_POINT('',(0.0320150382851607,0.0134,-0.044835414235702));
#14959=CARTESIAN_POINT('',(0.0306375223990282,0.0145,-0.0464805124838029));
#14960=CARTESIAN_POINT('',(0.0303862941537275,0.0145,-0.04487087));
#14961=CARTESIAN_POINT('',(0.0409420533706997,-2.00000000000027E-6,-0.04487087));
#14962=CARTESIAN_POINT('',(0.0409420533706997,0.0145,-0.04487087));
#14963=CARTESIAN_POINT('',(0.040690825125399,0.0145,-0.0464805124838029));
#14964=CARTESIAN_POINT('',(0.040690825125399,0.0145,-0.0464805124838029));
#14965=CARTESIAN_POINT('',(0.0402516235193045,0.0145,-0.0464119631941671));
#14966=CARTESIAN_POINT('',(0.039497486566038,0.0142156283685454,-0.045897483493485));
#14967=CARTESIAN_POINT('',(0.0393057445176707,0.0136681829000418,-0.0451829175584751));
#14968=CARTESIAN_POINT('',(0.0393133092392665,0.0134,-0.044835414235702));
#14969=CARTESIAN_POINT('',(0.0393133092392665,0.0134,-0.044835414235702));
#14970=CARTESIAN_POINT('',(0.0393133092392665,-2.00000000000027E-6,-0.044835414235702));
#14971=CARTESIAN_POINT('',(0.0356641737622136,-2.00000000000027E-6,-0.0447559770270767));
#14972=CARTESIAN_POINT('',(0.0356641737622136,0.0134,-0.0447559770270767));
#14973=CARTESIAN_POINT('',(0.0303862941537275,0.0145,-0.04487087));
#14974=CARTESIAN_POINT('',(0.0305604173658814,0.0145,-0.045986493441798));
#14975=CARTESIAN_POINT('',(0.0305604173658814,0.015,-0.045986493441798));
#14976=CARTESIAN_POINT('',(0.0306375223990282,0.015,-0.0464805124838029));
#14977=CARTESIAN_POINT('',(0.0306375223990282,0.0145,-0.0464805124838029));
#14978=CARTESIAN_POINT('',(0.0308041858882275,0.015,-0.0459420566505468));
#14979=CARTESIAN_POINT('',(0.0309589583649588,0.0150063537094559,-0.0464303436345038));
#14980=CARTESIAN_POINT('',(0.030880798455057,0.0144999999748677,-0.046442542675417));
#14981=CARTESIAN_POINT('',(0.0312657588376613,0.0148788378255575,-0.0457742711230044));
#14982=CARTESIAN_POINT('',(0.0314923511888574,0.0148313158702013,-0.0461618221076055));
#14983=CARTESIAN_POINT('',(0.0313327466303328,0.0144167010167393,-0.0462533336423546));
#14984=CARTESIAN_POINT('',(0.0317238535711646,0.0144564569953793,-0.0454461038446445));
#14985=CARTESIAN_POINT('',(0.0318471862397028,0.0143470156272559,-0.0456652285187741));
#14986=CARTESIAN_POINT('',(0.0317604293042926,0.0141263141811818,-0.0458035745811885));
#14987=CARTESIAN_POINT('',(0.0319670558052701,0.0139490803198513,-0.0451349437463305));
#14988=CARTESIAN_POINT('',(0.0319934110553679,0.0138734782490122,-0.0452384866285191));
#14989=CARTESIAN_POINT('',(0.0319771204515158,0.0137774927207954,-0.0453257179049133));
#14990=CARTESIAN_POINT('',(0.0320171844287287,0.0135815478789273,-0.044934002400721));
#14991=CARTESIAN_POINT('',(0.0320178287472089,0.0135531810329691,-0.0449655745022873));
#14992=CARTESIAN_POINT('',(0.0320185589593187,0.0135248141667625,-0.0449971447042743));
#14993=CARTESIAN_POINT('',(0.0320150382851607,0.0134,-0.044835414235702));
#14994=CARTESIAN_POINT('',(0.0320150382851607,0.0134,-0.044835414235702));
#14995=CARTESIAN_POINT('',(0.0320150382851607,0.0134,-0.044835414235702));
#14996=CARTESIAN_POINT('',(0.0305604173658814,0.015,-0.045986493441798));
#14997=CARTESIAN_POINT('',(0.0310058285634613,0.015,-0.0459052991091893));
#14998=CARTESIAN_POINT('',(0.0317847173993497,0.014588125734477,-0.0454903396314493));
#14999=CARTESIAN_POINT('',(0.0320196825488298,0.0137928696932405,-0.0450487594376907));
#15000=CARTESIAN_POINT('',(0.0320150382851608,0.0134,-0.044835414235702));
#15001=CARTESIAN_POINT('',(0.0356641737622136,0.0134,-0.0447559770270767));
#15002=CARTESIAN_POINT('',(0.0407679301585458,0.015,-0.045986493441798));
#15003=CARTESIAN_POINT('',(0.0403225189609659,0.015,-0.0459052991091893));
#15004=CARTESIAN_POINT('',(0.0395436301250797,0.014588125734531,-0.0454903396313499));
#15005=CARTESIAN_POINT('',(0.0393086649755931,0.0137928696931324,-0.0450487594378896));
#15006=CARTESIAN_POINT('',(0.0393133092392665,0.0134,-0.044835414235702));
#15007=CARTESIAN_POINT('',(0.040690825125399,0.0145,-0.0464805124838029));
#15008=CARTESIAN_POINT('',(0.040690825125399,0.015,-0.0464805124838029));
#15009=CARTESIAN_POINT('',(0.0407679301585458,0.015,-0.045986493441798));
#15010=CARTESIAN_POINT('',(0.0404475490693749,0.0144999999748677,-0.0464425426754178));
#15011=CARTESIAN_POINT('',(0.0403693891594759,0.0150063537094538,-0.0464303436345087));
#15012=CARTESIAN_POINT('',(0.0405241616362024,0.015,-0.0459420566505486));
#15013=CARTESIAN_POINT('',(0.0399956008940923,0.0144167010167417,-0.0462533336423505));
#15014=CARTESIAN_POINT('',(0.0398359963354735,0.0148313158702012,-0.0461618221076026));
#15015=CARTESIAN_POINT('',(0.0400625886867647,0.014878837825561,-0.0457742711230012));
#15016=CARTESIAN_POINT('',(0.039567918220135,0.0141263141811732,-0.0458035745812021));
#15017=CARTESIAN_POINT('',(0.0394811612849998,0.0143470156272582,-0.0456652285187765));
#15018=CARTESIAN_POINT('',(0.0396044939532627,0.0144564569953669,-0.045446103844653));
#15019=CARTESIAN_POINT('',(0.0393512270729123,0.0137774927208271,-0.0453257179048634));
#15020=CARTESIAN_POINT('',(0.0393349364681367,0.0138734782490039,-0.0452384866285132));
#15021=CARTESIAN_POINT('',(0.0393612917191576,0.0139490803198974,-0.0451349437462996));
#15022=CARTESIAN_POINT('',(0.0393097885651061,0.013524814166694,-0.0449971447043823));
#15023=CARTESIAN_POINT('',(0.0393105187791602,0.0135531810329864,-0.0449655745022996));
#15024=CARTESIAN_POINT('',(0.039311163095697,0.0135815478788278,-0.0449340024007877));
#15025=CARTESIAN_POINT('',(0.0393133092392664,0.0134,-0.044835414235702));
#15026=CARTESIAN_POINT('',(0.0393133092392664,0.0134,-0.044835414235702));
#15027=CARTESIAN_POINT('',(0.0393133092392664,0.0134,-0.044835414235702));
#15028=CARTESIAN_POINT('',(0.0407679301585458,0.0145,-0.045986493441798));
#15029=CARTESIAN_POINT('',(0.0409420533706997,0.0145,-0.04487087));
#15030=CARTESIAN_POINT('',(0.0858708663828769,0.0145,-0.00518663150844189));
#15031=CARTESIAN_POINT('',(0.0869424873440796,0.0145,-0.00483086298702863));
#15032=CARTESIAN_POINT('',(0.0869424873440796,0.015,-0.00483086298702863));
#15033=CARTESIAN_POINT('',(0.0874170197399589,0.015,-0.00467332249934051));
#15034=CARTESIAN_POINT('',(0.0874170197399589,0.0145,-0.00467332249934051));
#15035=CARTESIAN_POINT('',(0.08685844820839,0.015,-0.00459776381662523));
#15036=CARTESIAN_POINT('',(0.0873145151940152,0.0150063534954922,-0.00436456573196401));
#15037=CARTESIAN_POINT('',(0.0873394401175259,0.0144999999748673,-0.00443964260761986));
#15038=CARTESIAN_POINT('',(0.0866168222342632,0.0148788377049146,-0.00417019096623193));
#15039=CARTESIAN_POINT('',(0.0869616862534032,0.0148313153851757,-0.00388277460800849));
#15040=CARTESIAN_POINT('',(0.0870782716717751,0.0144167009337975,-0.00402509712936984));
#15041=CARTESIAN_POINT('',(0.0862175855691007,0.0144564569396442,-0.00377250424534329));
#15042=CARTESIAN_POINT('',(0.0864133640527337,0.0143470154873732,-0.0036147157518337));
#15043=CARTESIAN_POINT('',(0.0865641256426275,0.0141263141428638,-0.00367746332363483));
#15044=CARTESIAN_POINT('',(0.0858705705073691,0.0139490803013872,-0.00358396063030901));
#15045=CARTESIAN_POINT('',(0.0859683474797817,0.0138734782174305,-0.00354088669650562));
#15046=CARTESIAN_POINT('',(0.0860570708723189,0.0137774927081012,-0.00354256501486));
#15047=CARTESIAN_POINT('',(0.0856641126626819,0.013581547869684,-0.0035676647091042));
#15048=CARTESIAN_POINT('',(0.0856951459467649,0.0135531810252696,-0.00356182130214571));
#15049=CARTESIAN_POINT('',(0.0857261631890938,0.0135248141604079,-0.003555893491594));
#15050=CARTESIAN_POINT('',(0.0855672289159979,0.0134,-0.00358604391910232));
#15051=CARTESIAN_POINT('',(0.0855672289159979,0.0134,-0.00358604391910232));
#15052=CARTESIAN_POINT('',(0.0855672289159979,0.0134,-0.00358604391910232));
#15053=CARTESIAN_POINT('',(0.0869424873440796,0.015,-0.00483086298702863));
#15054=CARTESIAN_POINT('',(0.0867889320922506,0.015,-0.00440494685345958));
#15055=CARTESIAN_POINT('',(0.0862511756382157,0.0145881256291319,-0.00370517739378466));
#15056=CARTESIAN_POINT('',(0.0857768857547793,0.0137928696830191,-0.00354627123070624));
#15057=CARTESIAN_POINT('',(0.0855672289159979,0.0134,-0.00358604391910232));
#15058=CARTESIAN_POINT('',(0.0848869429391696,0.0134,8.16480432537774E-19));
#15059=CARTESIAN_POINT('',(0.0869424873440796,0.015,0.00483086298702864));
#15060=CARTESIAN_POINT('',(0.0867889320922507,0.015,0.00440494685345959));
#15061=CARTESIAN_POINT('',(0.0862511756382097,0.0145881256291352,0.0037051773937858));
#15062=CARTESIAN_POINT('',(0.0857768857547914,0.0137928696830125,0.00354627123070395));
#15063=CARTESIAN_POINT('',(0.0855672289159979,0.0134,0.00358604391910232));
#15064=CARTESIAN_POINT('',(0.0874170197399589,0.0145,0.00467332249934052));
#15065=CARTESIAN_POINT('',(0.0874170197399589,0.015,0.00467332249934053));
#15066=CARTESIAN_POINT('',(0.0869424873440796,0.015,0.00483086298702864));
#15067=CARTESIAN_POINT('',(0.0873394401175264,0.0144999999748673,0.00443964260762142));
#15068=CARTESIAN_POINT('',(0.0873145151940171,0.0150063534954968,0.00436456573196172));
#15069=CARTESIAN_POINT('',(0.0868584482083948,0.015,0.00459776381662569));
#15070=CARTESIAN_POINT('',(0.0870782716717746,0.0144167009337977,0.00402509712936917));
#15071=CARTESIAN_POINT('',(0.0869616862533807,0.0148313153851755,0.00388277460790008));
#15072=CARTESIAN_POINT('',(0.0866168222342608,0.0148788377049149,0.00417019096623177));
#15073=CARTESIAN_POINT('',(0.0865641256426285,0.0141263141428632,0.00367746332363485));
#15074=CARTESIAN_POINT('',(0.0864133640527999,0.0143470154873689,0.00361471575216073));
#15075=CARTESIAN_POINT('',(0.086217585569102,0.0144564569396433,0.0037725042453432));
#15076=CARTESIAN_POINT('',(0.0860570708723155,0.0137774927081034,0.00354256501486059));
#15077=CARTESIAN_POINT('',(0.0859683474795584,0.0138734782174455,0.00354088669540485));
#15078=CARTESIAN_POINT('',(0.0858705705073661,0.0139490803013904,0.00358396063030953));
#15079=CARTESIAN_POINT('',(0.0857261631891012,0.0135248141604031,0.0035558934915926));
#15080=CARTESIAN_POINT('',(0.0856951459472352,0.0135531810252382,0.00356182130446373));
#15081=CARTESIAN_POINT('',(0.085664112662688,0.0135815478696771,0.00356766470910303));
#15082=CARTESIAN_POINT('',(0.0855672289159979,0.0134,0.00358604391910232));
#15083=CARTESIAN_POINT('',(0.0855672289159979,0.0134,0.00358604391910232));
#15084=CARTESIAN_POINT('',(0.0855672289159979,0.0134,0.00358604391910232));
#15085=CARTESIAN_POINT('',(0.0869424873440796,0.0145,0.00483086298702864));
#15086=CARTESIAN_POINT('',(0.0858708663828769,0.0145,0.00518663150844189));
#15087=CARTESIAN_POINT('',(-0.0176457686289714,0.0145,0.0449));
#15088=CARTESIAN_POINT('',(-0.017835193976618,0.0145,0.0459835672741777));
#15089=CARTESIAN_POINT('',(-0.017835193976618,0.015,0.0459835672741777));
#15090=CARTESIAN_POINT('',(-0.0179212964073665,0.015,0.0464760978533494));
#15091=CARTESIAN_POINT('',(-0.0179212964073665,0.0145,0.0464760978533494));
#15092=CARTESIAN_POINT('',(-0.0180764683387347,0.015,0.0459332185172899));
#15093=CARTESIAN_POINT('',(-0.0182426350659837,0.0150081132018013,0.0464199225083349));
#15094=CARTESIAN_POINT('',(-0.018164791790293,0.0144999999781811,0.0464335308631307));
#15095=CARTESIAN_POINT('',(-0.0185322042849865,0.0148798466997172,0.0457519479685333));
#15096=CARTESIAN_POINT('',(-0.0187739910369097,0.0148353688710503,0.046135745192056));
#15097=CARTESIAN_POINT('',(-0.01861450521819,0.0144173946161858,0.0462325737647335));
#15098=CARTESIAN_POINT('',(-0.0189778506504366,0.0144569775287461,0.0454081573987779));
#15099=CARTESIAN_POINT('',(-0.0191110799196486,0.0143482349425506,0.0456242657748846));
#15100=CARTESIAN_POINT('',(-0.0190284097402938,0.0141266720482856,0.0457675553628347));
#15101=CARTESIAN_POINT('',(-0.0192076215600252,0.0139491565202027,0.0450895394235022));
#15102=CARTESIAN_POINT('',(-0.019238819347167,0.0138736735200997,0.0451928218667041));
#15103=CARTESIAN_POINT('',(-0.0192261485800063,0.0137775451084186,0.0452816772905431));
#15104=CARTESIAN_POINT('',(-0.019248704410003,0.0135816327377023,0.0448885234061468));
#15105=CARTESIAN_POINT('',(-0.0192508333628528,0.0135532526328481,0.0449203729235134));
#15106=CARTESIAN_POINT('',(-0.0192530494599877,0.0135248725071703,0.0449522164670476));
#15107=CARTESIAN_POINT('',(-0.0192420585539426,0.0134,0.0447911033727084));
#15108=CARTESIAN_POINT('',(-0.0192420585539426,0.0134,0.0447911033727084));
#15109=CARTESIAN_POINT('',(-0.0192420585539426,0.0134,0.0447911033727084));
#15110=CARTESIAN_POINT('',(-0.017835193976618,0.015,0.0459835672741777));
#15111=CARTESIAN_POINT('',(-0.0182774155175408,0.015,0.0458912852670868));
#15112=CARTESIAN_POINT('',(-0.0190412249420793,0.014588974177471,0.045450013997802));
#15113=CARTESIAN_POINT('',(-0.0192564369381491,0.0137929637883085,0.0450018727088861));
#15114=CARTESIAN_POINT('',(-0.0192420585539426,0.0134,0.0447911033727084));
#15115=CARTESIAN_POINT('',(-0.0228835949452831,0.0134,0.0445426829416994));
#15116=CARTESIAN_POINT('',(-0.0279319959139482,0.015,0.0459835672741777));
#15117=CARTESIAN_POINT('',(-0.0274897743730254,0.015,0.0458912852670868));
#15118=CARTESIAN_POINT('',(-0.0267259649484869,0.0145889741774711,0.0454500139978019));
#15119=CARTESIAN_POINT('',(-0.0265107529524171,0.0137929637883084,0.0450018727088863));
#15120=CARTESIAN_POINT('',(-0.0265251313366236,0.0134,0.0447911033727084));
#15121=CARTESIAN_POINT('',(-0.0278458934831997,0.0145,0.0464760978533494));
#15122=CARTESIAN_POINT('',(-0.0278458934831997,0.015,0.0464760978533494));
#15123=CARTESIAN_POINT('',(-0.0279319959139482,0.015,0.0459835672741777));
#15124=CARTESIAN_POINT('',(-0.0276023981002732,0.0144999999781811,0.0464335308631307));
#15125=CARTESIAN_POINT('',(-0.0275245548245834,0.0150081132018021,0.0464199225083356));
#15126=CARTESIAN_POINT('',(-0.0276907215518315,0.015,0.0459332185172899));
#15127=CARTESIAN_POINT('',(-0.0271526846723762,0.0144173946161858,0.0462325737647335));
#15128=CARTESIAN_POINT('',(-0.0269931988537577,0.0148353688710499,0.0461357451920626));
#15129=CARTESIAN_POINT('',(-0.0272349856055797,0.0148798466997172,0.0457519479685333));
#15130=CARTESIAN_POINT('',(-0.0267387801502724,0.0141266720482857,0.0457675553628347));
#15131=CARTESIAN_POINT('',(-0.0266561099706172,0.0143482349425508,0.0456242657748642));
#15132=CARTESIAN_POINT('',(-0.0267893392401296,0.0144569775287462,0.0454081573987779));
#15133=CARTESIAN_POINT('',(-0.0265410413105599,0.0137775451084185,0.0452816772905433));
#15134=CARTESIAN_POINT('',(-0.0265283705444079,0.0138736735200992,0.0451928218667727));
#15135=CARTESIAN_POINT('',(-0.026559568330541,0.0139491565202026,0.0450895394235024));
#15136=CARTESIAN_POINT('',(-0.0265141404305785,0.0135248725071706,0.0449522164670474));
#15137=CARTESIAN_POINT('',(-0.0265163565255901,0.0135532526328491,0.0449203729233691));
#15138=CARTESIAN_POINT('',(-0.0265184854805632,0.0135816327377026,0.0448885234061466));
#15139=CARTESIAN_POINT('',(-0.0265251313366236,0.0134,0.0447911033727084));
#15140=CARTESIAN_POINT('',(-0.0265251313366236,0.0134,0.0447911033727084));
#15141=CARTESIAN_POINT('',(-0.0265251313366236,0.0134,0.0447911033727084));
#15142=CARTESIAN_POINT('',(-0.0279319959139482,0.0145,0.0459835672741777));
#15143=CARTESIAN_POINT('',(-0.0281214212615948,0.0145,0.0449));
#15144=CARTESIAN_POINT('',(-0.08587087,0.0145,8.23166551409909E-6));
#15145=CARTESIAN_POINT('',(-0.0869869592684044,0.0145,-0.000162880291556411));
#15146=CARTESIAN_POINT('',(-0.0869869592684044,0.015,-0.00016288029155641));
#15147=CARTESIAN_POINT('',(-0.0874811845871916,0.015,-0.00023865188431832));
#15148=CARTESIAN_POINT('',(-0.0874811845871916,0.0145,-0.00023865188431832));
#15149=CARTESIAN_POINT('',(-0.0869431804726184,0.015,-0.000406767843398484));
#15150=CARTESIAN_POINT('',(-0.0874318833475723,0.0150063537094568,-0.000560222065469226));
#15151=CARTESIAN_POINT('',(-0.087443871421749,0.0144999999748677,-0.000482029519836612));
#15152=CARTESIAN_POINT('',(-0.0867766411566247,0.0148788378255614,-0.000868791898108336));
#15153=CARTESIAN_POINT('',(-0.0871648022121101,0.0148313158702028,-0.0010943375792575));
#15154=CARTESIAN_POINT('',(-0.0872558827048358,0.014416701016742,-0.00093448664890226));
#15155=CARTESIAN_POINT('',(-0.0864497112875107,0.0144564569953657,-0.00132777055569811));
#15156=CARTESIAN_POINT('',(-0.0866691679892533,0.0143470156272503,-0.00145051144541039));
#15157=CARTESIAN_POINT('',(-0.0868072794256902,0.0141263141811724,-0.00136338148523069));
#15158=CARTESIAN_POINT('',(-0.08613920862763,0.0139490803199016,-0.00157181160078928));
#15159=CARTESIAN_POINT('',(-0.0862428222550826,0.0138734782490307,-0.00159788733402717));
#15160=CARTESIAN_POINT('',(-0.0863300092519888,0.0137774927208299,-0.0015813613873039));
#15161=CARTESIAN_POINT('',(-0.0859384032908835,0.0135815478788188,-0.00162248230197079));
#15162=CARTESIAN_POINT('',(-0.0859699770162074,0.0135531810329299,-0.00162304141786481));
#15163=CARTESIAN_POINT('',(-0.0860015490738797,0.0135248141666879,-0.00162368643175677));
#15164=CARTESIAN_POINT('',(-0.0858398096931938,0.0134,-0.00162060221620653));
#15165=CARTESIAN_POINT('',(-0.0858398096931938,0.0134,-0.00162060221620653));
#15166=CARTESIAN_POINT('',(-0.0858398096931938,0.0134,-0.00162060221620653));
#15167=CARTESIAN_POINT('',(-0.0869869592684044,0.015,-0.000162880291556411));
#15168=CARTESIAN_POINT('',(-0.0869069672179572,0.015,-0.000608508978292932));
#15169=CARTESIAN_POINT('',(-0.0864941111602382,0.0145881257345327,-0.00138851478758174));
#15170=CARTESIAN_POINT('',(-0.0860531666515581,0.0137928696931289,-0.00162467072967522));
#15171=CARTESIAN_POINT('',(-0.0858398096931938,0.0134,-0.00162060221620654));
#15172=CARTESIAN_POINT('',(-0.0857702203296423,0.0134,-0.00526993877515537));
#15173=CARTESIAN_POINT('',(-0.0869869592684044,0.015,-0.0103769972587543));
#15174=CARTESIAN_POINT('',(-0.0869069672179572,0.015,-0.0099313685720178));
#15175=CARTESIAN_POINT('',(-0.0864941111602412,0.0145881257345311,-0.00915136276272893));
#15176=CARTESIAN_POINT('',(-0.0860531666515521,0.0137928696931321,-0.00891520682063563));
#15177=CARTESIAN_POINT('',(-0.0858398096931938,0.0134,-0.0089192753341042));
#15178=CARTESIAN_POINT('',(-0.0874811845871916,0.0145,-0.0103012256659924));
#15179=CARTESIAN_POINT('',(-0.0874811845871916,0.015,-0.0103012256659924));
#15180=CARTESIAN_POINT('',(-0.0869869592684044,0.015,-0.0103769972587543));
#15181=CARTESIAN_POINT('',(-0.0874438714217489,0.0144999999748677,-0.0100578480304735));
#15182=CARTESIAN_POINT('',(-0.0874318833475712,0.0150063537094574,-0.00997965548484165));
#15183=CARTESIAN_POINT('',(-0.0869431804726184,0.015,-0.0101331097069123));
#15184=CARTESIAN_POINT('',(-0.0872558827048361,0.014416701016742,-0.00960539090140875));
#15185=CARTESIAN_POINT('',(-0.0871648022121103,0.0148313158702029,-0.00944553997105379));
#15186=CARTESIAN_POINT('',(-0.0867766411566248,0.0148788378255614,-0.00967108565220238));
#15187=CARTESIAN_POINT('',(-0.0868072794256897,0.0141263141811723,-0.00917649606507997));
#15188=CARTESIAN_POINT('',(-0.0866691679892542,0.0143470156272493,-0.0090893661048985));
#15189=CARTESIAN_POINT('',(-0.0864497112875104,0.0144564569953655,-0.00921210699461262));
#15190=CARTESIAN_POINT('',(-0.0863300092519904,0.0137774927208302,-0.00895851616300683));
#15191=CARTESIAN_POINT('',(-0.0862428222550794,0.0138734782490342,-0.00894199021628979));
#15192=CARTESIAN_POINT('',(-0.0861392086276311,0.0139490803199021,-0.00896806594952142));
#15193=CARTESIAN_POINT('',(-0.0860015490738765,0.0135248141666872,-0.00891619111855402));
#15194=CARTESIAN_POINT('',(-0.0859699770162144,0.0135531810329225,-0.00891683613243277));
#15195=CARTESIAN_POINT('',(-0.0859384032908814,0.0135815478788175,-0.00891739524833998));
#15196=CARTESIAN_POINT('',(-0.0858398096931938,0.0134,-0.0089192753341042));
#15197=CARTESIAN_POINT('',(-0.0858398096931938,0.0134,-0.0089192753341042));
#15198=CARTESIAN_POINT('',(-0.0858398096931938,0.0134,-0.0089192753341042));
#15199=CARTESIAN_POINT('',(-0.0869869592684044,0.0145,-0.0103769972587543));
#15200=CARTESIAN_POINT('',(-0.08587087,0.0145,-0.0105481092158248));
#15201=CARTESIAN_POINT('',(-0.0228835949452831,0.0149,0.0445426829416994));
#15202=CARTESIAN_POINT('',(-0.0228835949452831,0.0152,0.0445426829416994));
#15203=CARTESIAN_POINT('',(-0.0228835949452831,0.0152,0.0480426829416995));
#15204=CARTESIAN_POINT('',(-0.0228835949452831,0.0172,0.0445426829416994));
#15205=CARTESIAN_POINT('',(-0.000441638695236363,0.0149,-0.000131647042688587));
#15206=CARTESIAN_POINT('',(-0.0228835949452831,0.0149,0.0445426829416994));
#15207=CARTESIAN_POINT('',(-0.0228835949452831,0.0149,0.0477426829416994));
#15208=CARTESIAN_POINT('',(-0.0857702203296423,0.0149,-0.00526993877515537));
#15209=CARTESIAN_POINT('',(-0.0857702203296423,0.0152,-0.00526993877515537));
#15210=CARTESIAN_POINT('',(-0.0857702203296423,0.0152,-0.00171993877515537));
#15211=CARTESIAN_POINT('',(-0.0857702203296423,0.0172,-0.00526993877515537));
#15212=CARTESIAN_POINT('',(-0.000441638695236363,0.0149,-0.000131647042688587));
#15213=CARTESIAN_POINT('',(-0.0857702203296423,0.0149,-0.00526993877515537));
#15214=CARTESIAN_POINT('',(-0.0857702203296423,0.0149,-0.00201993877515537));
#15215=CARTESIAN_POINT('',(0.0356641737622136,0.0149,-0.0447559770270767));
#15216=CARTESIAN_POINT('',(0.0356641737622136,0.0152,-0.0447559770270767));
#15217=CARTESIAN_POINT('',(0.0356641737622136,0.0152,-0.0412059770270767));
#15218=CARTESIAN_POINT('',(0.0356641737622136,0.0172,-0.0447559770270767));
#15219=CARTESIAN_POINT('',(-0.000441638695236363,0.0149,-0.000131647042688587));
#15220=CARTESIAN_POINT('',(0.0356641737622136,0.0149,-0.0447559770270767));
#15221=CARTESIAN_POINT('',(0.0356641737622136,0.0149,-0.0415059770270767));
#15222=CARTESIAN_POINT('',(0.0848869429391696,0.0149,3.0310008278897E-19));
#15223=CARTESIAN_POINT('',(0.0848869429391696,0.0152,3.0310008278897E-19));
#15224=CARTESIAN_POINT('',(0.0848869429391696,0.0152,0.00355));
#15225=CARTESIAN_POINT('',(0.0848869429391696,0.0172,3.0310008278897E-19));
#15226=CARTESIAN_POINT('',(-0.000441638695236363,0.0149,-0.000131647042688587));
#15227=CARTESIAN_POINT('',(0.0848869429391696,0.0149,3.0310008278897E-19));
#15228=CARTESIAN_POINT('',(0.0848869429391696,0.0149,0.00325));
#15229=CARTESIAN_POINT('',(-0.0857702203296423,0.0172,-0.00526993877515537));
#15230=CARTESIAN_POINT('',(-0.0228835949452831,0.0172,0.0445426829416994));
#15231=CARTESIAN_POINT('',(0.0356641737622136,0.0172,-0.0447559770270767));
#15232=CARTESIAN_POINT('',(0.0848869429391696,0.0172,3.0310008278897E-19));
#15233=CARTESIAN_POINT('',(-0.0228835949452831,0.0152,0.0445426829416994));
#15234=CARTESIAN_POINT('',(-0.0857702203296423,0.0152,-0.00526993877515537));
#15235=CARTESIAN_POINT('',(0.0356641737622136,0.0152,-0.0447559770270767));
#15236=CARTESIAN_POINT('',(0.0848869429391696,0.0152,3.0310008278897E-19));
#15237=CARTESIAN_POINT('',(-0.0684746278114687,0.0153,-0.0192745190528383));
#15238=CARTESIAN_POINT('',(-0.0608969055283548,0.0153,-0.0236495190528383));
#15239=CARTESIAN_POINT('',(-0.0762023500945825,0.015,-0.0151593266739737));
#15240=CARTESIAN_POINT('',(-0.0756773500945825,0.0153,-0.01425));
#15241=CARTESIAN_POINT('',(-0.0751523500945825,0.015,-0.0133406733260263));
#15242=CARTESIAN_POINT('',(-0.0605219055283548,0.0153,-0.023));
#15243=CARTESIAN_POINT('',(-0.0601469055283548,0.0153,-0.0223504809471617));
#15244=CARTESIAN_POINT('',(-0.0245647685256098,0.015,-0.0425474271625249));
#15245=CARTESIAN_POINT('',(-0.00583252970331973,0.015,0.0101022377828043));
#15246=CARTESIAN_POINT('',(-0.0560765041857566,0.015,-0.0189061344097875));
#15247=CARTESIAN_POINT('',(-0.0410067425745832,0.0153,-0.00985919332543917));
#15248=CARTESIAN_POINT('',(-0.0413817425745832,0.015,-0.00920967427260086));
#15249=CARTESIAN_POINT('',(-0.0417567425745832,0.0153,-0.00856015521976253));
#15250=CARTESIAN_POINT('',(-0.0566015041857566,0.015,-0.0179968077358139));
#15251=CARTESIAN_POINT('',(-0.0571265041857567,0.015,-0.0170874810618402));
#15252=CARTESIAN_POINT('',(-0.0493666233801699,0.0153,-0.012953721951369));
#15253=CARTESIAN_POINT('',(-0.00799759321278074,0.015,0.0138522377828042));
#15254=CARTESIAN_POINT('',(-0.0560765041857566,0.015,-0.0139061344097875));
#15255=CARTESIAN_POINT('',(-0.0410067425745832,0.0153,-0.0048591933254392));
#15256=CARTESIAN_POINT('',(-0.0413798995199959,0.015,-0.00421286653678702));
#15257=CARTESIAN_POINT('',(-0.0417530564654087,0.0153,-0.00356653974813484));
#15258=CARTESIAN_POINT('',(-0.0565996611311695,0.015,-0.013));
#15259=CARTESIAN_POINT('',(-0.0571228180765822,0.015,-0.0120938655902125));
#15260=CARTESIAN_POINT('',(-0.0493629372709955,0.0153,-0.00796010647974133));
#15261=CARTESIAN_POINT('',(-0.00366746619385854,0.015,0.00635223778280422));
#15262=CARTESIAN_POINT('',(-0.0560765041857566,0.015,-0.0239061344097875));
#15263=CARTESIAN_POINT('',(-0.0411353766644748,0.0153,-0.0149334602518651));
#15264=CARTESIAN_POINT('',(-0.0415094551371812,0.015,-0.0142855373311198));
#15265=CARTESIAN_POINT('',(-0.0418835336098876,0.0153,-0.0136376144103746));
#15266=CARTESIAN_POINT('',(-0.056600582658463,0.015,-0.0229984038679069));
#15267=CARTESIAN_POINT('',(-0.0571246611311694,0.015,-0.0220906733260263));
#15268=CARTESIAN_POINT('',(-0.0494290973705285,0.0153,-0.0179940476787681));
#15269=CARTESIAN_POINT('',(-0.0684746278114687,0.0153,-0.0142745190528383));
#15270=CARTESIAN_POINT('',(-0.0608969055283548,0.0153,-0.0186495190528383));
#15271=CARTESIAN_POINT('',(-0.0762023500945825,0.015,-0.0101593266739736));
#15272=CARTESIAN_POINT('',(-0.0756773500945825,0.0153,-0.00925));
#15273=CARTESIAN_POINT('',(-0.0751523500945825,0.015,-0.00834067332602635));
#15274=CARTESIAN_POINT('',(-0.0605219055283548,0.0153,-0.018));
#15275=CARTESIAN_POINT('',(-0.0601469055283548,0.0153,-0.0173504809471616));
#15276=CARTESIAN_POINT('',(-0.0223997050161486,0.015,-0.0387974271625249));
#15277=CARTESIAN_POINT('',(-0.00123580111329568,0.015,0.0021404703162783));
#15278=CARTESIAN_POINT('',(-0.0550097166294404,0.015,-0.0289059142823479));
#15279=CARTESIAN_POINT('',(-0.0400042720632127,0.0153,-0.0198961066612126));
#15280=CARTESIAN_POINT('',(-0.0403792720632128,0.015,-0.0192465876083742));
#15281=CARTESIAN_POINT('',(-0.0407542720632128,0.0153,-0.0185970685555359));
#15282=CARTESIAN_POINT('',(-0.0555347166294404,0.015,-0.0279965876083742));
#15283=CARTESIAN_POINT('',(-0.0560597166294405,0.015,-0.0270872609344005));
#15284=CARTESIAN_POINT('',(-0.0483319943463266,0.0153,-0.0229720685555359));
#15285=CARTESIAN_POINT('',(-0.0684726576662449,0.0153,-0.0242711066612126));
#15286=CARTESIAN_POINT('',(-0.0608949353831311,0.0153,-0.0286461066612125));
#15287=CARTESIAN_POINT('',(-0.0762003799493588,0.015,-0.0201559142823479));
#15288=CARTESIAN_POINT('',(-0.0756753799493588,0.0153,-0.0192465876083742));
#15289=CARTESIAN_POINT('',(-0.0751503799493588,0.015,-0.0183372609344006));
#15290=CARTESIAN_POINT('',(-0.0605199353831311,0.0153,-0.0279965876083742));
#15291=CARTESIAN_POINT('',(-0.0601449353831311,0.0153,-0.0273470685555358));
#15292=CARTESIAN_POINT('',(-0.0267278618898471,0.015,-0.0462940147708991));
#15293=CARTESIAN_POINT('',(-0.0684746278114687,0.0153,-0.00927451905283832));
#15294=CARTESIAN_POINT('',(-0.0608969055283548,0.0153,-0.0136495190528383));
#15295=CARTESIAN_POINT('',(-0.0762023500945825,0.015,-0.00515932667397366));
#15296=CARTESIAN_POINT('',(-0.0756773500945825,0.0153,-0.00425));
#15297=CARTESIAN_POINT('',(-0.0751523500945825,0.015,-0.00334067332602634));
#15298=CARTESIAN_POINT('',(-0.0605219055283548,0.0153,-0.013));
#15299=CARTESIAN_POINT('',(-0.0601469055283548,0.0153,-0.0123504809471617));
#15300=CARTESIAN_POINT('',(-0.0202346415066876,0.015,-0.0350474271625249));
#15301=CARTESIAN_POINT('',(0.000935785834941779,0.015,-0.00162082861112245));
#15302=CARTESIAN_POINT('',(-0.0549629039512947,0.015,-0.0338939522065533));
#15303=CARTESIAN_POINT('',(-0.039957459385067,0.0153,-0.0248841445854181));
#15304=CARTESIAN_POINT('',(-0.040334355582701,0.015,-0.0242313412219365));
#15305=CARTESIAN_POINT('',(-0.0407115346807373,0.0153,-0.0235787012728313));
#15306=CARTESIAN_POINT('',(-0.0554879039514174,0.015,-0.0329846255323673));
#15307=CARTESIAN_POINT('',(-0.0560132980193655,0.015,-0.0320755264875075));
#15308=CARTESIAN_POINT('',(-0.0482873600545689,0.0153,-0.0279569851723984));
#15309=CARTESIAN_POINT('',(-0.0684406262344085,0.0153,-0.0292745190528383));
#15310=CARTESIAN_POINT('',(-0.0608629039512947,0.0153,-0.0336495190528383));
#15311=CARTESIAN_POINT('',(-0.0761683485175224,0.015,-0.0251593266739737));
#15312=CARTESIAN_POINT('',(-0.0756518489117646,0.0153,-0.0242647231147117));
#15313=CARTESIAN_POINT('',(-0.0751370884468274,0.015,-0.0233691177135249));
#15314=CARTESIAN_POINT('',(-0.0604879039512947,0.0153,-0.033));
#15315=CARTESIAN_POINT('',(-0.0601141666391882,0.0153,-0.032349753568607));
#15316=CARTESIAN_POINT('',(-0.0287543314796371,0.015,-0.0500281904590745));
#15317=CARTESIAN_POINT('',(0.0475819943463266,0.0153,-0.0242711066612126));
#15318=CARTESIAN_POINT('',(0.0551597166294404,0.0153,-0.0286461066612125));
#15319=CARTESIAN_POINT('',(0.0398542720632128,0.015,-0.0201559142823479));
#15320=CARTESIAN_POINT('',(0.0403792720632128,0.0153,-0.0192465876083742));
#15321=CARTESIAN_POINT('',(0.0409042720632128,0.015,-0.0183372609344006));
#15322=CARTESIAN_POINT('',(0.0555347166294404,0.0153,-0.0279965876083742));
#15323=CARTESIAN_POINT('',(0.0559097166294404,0.0153,-0.0273470685555358));
#15324=CARTESIAN_POINT('',(0.00228580111329582,0.015,0.00395912366422584));
#15325=CARTESIAN_POINT('',(0.0475351816681809,0.0153,-0.029259144585418));
#15326=CARTESIAN_POINT('',(0.0551129039512947,0.0153,-0.033634144585418));
#15327=CARTESIAN_POINT('',(0.0398074593850671,0.015,-0.0251439522065534));
#15328=CARTESIAN_POINT('',(0.040334355582701,0.0153,-0.0242313412219365));
#15329=CARTESIAN_POINT('',(0.0408616472715795,0.015,-0.0233189586885856));
#15330=CARTESIAN_POINT('',(0.0554879039519836,0.0153,-0.0329846255313871));
#15331=CARTESIAN_POINT('',(0.0558631854290897,0.0153,-0.032335269070773));
#15332=CARTESIAN_POINT('',(0.000128298139624273,0.015,0.000221996637010448));
#15333=CARTESIAN_POINT('',(0.0415094551371812,0.0153,-0.0142855373311198));
#15334=CARTESIAN_POINT('',(0.0420335336098876,0.015,-0.0133778067892392));
#15335=CARTESIAN_POINT('',(0.0411353766644748,0.0153,-0.0149334602518651));
#15336=CARTESIAN_POINT('',(0.0486809404251157,0.0153,-0.0192898935202587));
#15337=CARTESIAN_POINT('',(0.0562265041857566,0.0153,-0.0236463267886522));
#15338=CARTESIAN_POINT('',(0.00471562313927147,0.015,0.00816769886656556));
#15339=CARTESIAN_POINT('',(0.0571246611311695,0.015,-0.0220906733260263));
#15340=CARTESIAN_POINT('',(0.056600582658463,0.0153,-0.0229984038679069));
#15341=CARTESIAN_POINT('',(0.0413817425745832,0.0153,-0.00920967427260086));
#15342=CARTESIAN_POINT('',(0.0419067425745831,0.015,-0.0083003475986272));
#15343=CARTESIAN_POINT('',(0.0410067425745832,0.0153,-0.00985919332543918));
#15344=CARTESIAN_POINT('',(0.0486166233801699,0.0153,-0.0142527600570457));
#15345=CARTESIAN_POINT('',(0.0562265041857566,0.0153,-0.0186463267886521));
#15346=CARTESIAN_POINT('',(0.00688252970331975,0.015,0.0119208911307516));
#15347=CARTESIAN_POINT('',(0.0571265041857566,0.015,-0.0170874810618402));
#15348=CARTESIAN_POINT('',(0.0566015041857566,0.0153,-0.0179968077358139));
#15349=CARTESIAN_POINT('',(0.0413798995199959,0.0153,-0.00421286653678702));
#15350=CARTESIAN_POINT('',(0.0419030564654087,0.015,-0.00330673212699951));
#15351=CARTESIAN_POINT('',(0.0410067425745832,0.0153,-0.0048591933254392));
#15352=CARTESIAN_POINT('',(0.0486166233801699,0.0153,-0.00925276005704568));
#15353=CARTESIAN_POINT('',(0.0562265041857566,0.0153,-0.0136463267886522));
#15354=CARTESIAN_POINT('',(0.00904390710360635,0.015,0.0156645066023792));
#15355=CARTESIAN_POINT('',(0.0571228180765822,0.015,-0.0120938655902125));
#15356=CARTESIAN_POINT('',(0.0565996611311695,0.0153,-0.013));
#15357=CARTESIAN_POINT('',(0.0212846415066875,0.015,-0.0368660805104722));
#15358=CARTESIAN_POINT('',(0.0610469055283548,0.015,-0.0139093266739736));
#15359=CARTESIAN_POINT('',(0.0760523500945825,0.0153,-0.00489951905283832));
#15360=CARTESIAN_POINT('',(0.0756773500945825,0.015,-0.00425));
#15361=CARTESIAN_POINT('',(0.0753023500945825,0.0153,-0.00360048094716167));
#15362=CARTESIAN_POINT('',(0.0605219055283548,0.015,-0.013));
#15363=CARTESIAN_POINT('',(0.0599969055283548,0.015,-0.0120906733260263));
#15364=CARTESIAN_POINT('',(0.0677246278114687,0.0153,-0.00797548094716167));
#15365=CARTESIAN_POINT('',(0.0234497050161486,0.015,-0.0406160805104722));
#15366=CARTESIAN_POINT('',(0.0610469055283548,0.015,-0.0189093266739737));
#15367=CARTESIAN_POINT('',(0.0760523500945825,0.0153,-0.00989951905283832));
#15368=CARTESIAN_POINT('',(0.0756773500945825,0.015,-0.00925));
#15369=CARTESIAN_POINT('',(0.0753023500945825,0.0153,-0.00860048094716167));
#15370=CARTESIAN_POINT('',(0.0605219055283549,0.015,-0.018));
#15371=CARTESIAN_POINT('',(0.0599969055283548,0.015,-0.0170906733260263));
#15372=CARTESIAN_POINT('',(0.0677246278114687,0.0153,-0.0129754809471617));
#15373=CARTESIAN_POINT('',(0.0256147685256097,0.015,-0.0443660805104722));
#15374=CARTESIAN_POINT('',(0.0610469055283548,0.015,-0.0239093266739736));
#15375=CARTESIAN_POINT('',(0.0760523500945825,0.0153,-0.0148995190528383));
#15376=CARTESIAN_POINT('',(0.0756773500945825,0.015,-0.01425));
#15377=CARTESIAN_POINT('',(0.0753023500945825,0.0153,-0.0136004809471617));
#15378=CARTESIAN_POINT('',(0.0605219055283548,0.015,-0.023));
#15379=CARTESIAN_POINT('',(0.0599969055283548,0.015,-0.0220906733260263));
#15380=CARTESIAN_POINT('',(0.0677246278114687,0.0153,-0.0179754809471616));
#15381=CARTESIAN_POINT('',(0.0277778618898469,0.015,-0.0481126681188464));
#15382=CARTESIAN_POINT('',(0.0610449353831311,0.015,-0.0289059142823479));
#15383=CARTESIAN_POINT('',(0.0760503799493588,0.0153,-0.0198961066612126));
#15384=CARTESIAN_POINT('',(0.0756753799493588,0.015,-0.0192465876083742));
#15385=CARTESIAN_POINT('',(0.0753003799493588,0.0153,-0.0185970685555359));
#15386=CARTESIAN_POINT('',(0.0605199353831311,0.015,-0.0279965876083742));
#15387=CARTESIAN_POINT('',(0.0599949353831311,0.015,-0.0270872609344005));
#15388=CARTESIAN_POINT('',(0.0677226576662449,0.0153,-0.0229720685555359));
#15389=CARTESIAN_POINT('',(0.0299363951502669,0.015,-0.0518513573957208));
#15390=CARTESIAN_POINT('',(0.0610129039512947,0.015,-0.0339093266739736));
#15391=CARTESIAN_POINT('',(0.0760183485175224,0.0153,-0.0248995190528383));
#15392=CARTESIAN_POINT('',(0.075651848911794,0.015,-0.0242647231147628));
#15393=CARTESIAN_POINT('',(0.0752865833716993,0.0153,-0.0236292162861331));
#15394=CARTESIAN_POINT('',(0.0604879039512947,0.015,-0.033));
#15395=CARTESIAN_POINT('',(0.0599646717143456,0.015,-0.0320896549960497));
#15396=CARTESIAN_POINT('',(0.0677003750054405,0.0153,-0.0279894849273644));
#15397=CARTESIAN_POINT('',(-0.0684746278114687,0.0172,-0.0192745190528383));
#15398=CARTESIAN_POINT('',(-0.0760523500945825,0.0172,-0.0148995190528383));
#15399=CARTESIAN_POINT('',(-0.0610469055283548,0.0175,-0.0239093266739736));
#15400=CARTESIAN_POINT('',(-0.0605219055283548,0.0172,-0.023));
#15401=CARTESIAN_POINT('',(-0.0599969055283548,0.0175,-0.0220906733260263));
#15402=CARTESIAN_POINT('',(-0.0756773500945825,0.0172,-0.01425));
#15403=CARTESIAN_POINT('',(-0.0753023500945825,0.0172,-0.0136004809471617));
#15404=CARTESIAN_POINT('',(-0.0245647685256098,0.0175,-0.0425474271625249));
#15405=CARTESIAN_POINT('',(-0.00583252970331973,0.0175,0.0101022377828043));
#15406=CARTESIAN_POINT('',(-0.0408567425745832,0.0175,-0.0101190009465745));
#15407=CARTESIAN_POINT('',(-0.0562265041857566,0.0172,-0.0186463267886521));
#15408=CARTESIAN_POINT('',(-0.0566015041857566,0.0175,-0.0179968077358139));
#15409=CARTESIAN_POINT('',(-0.0569765041857566,0.0172,-0.0173472886829755));
#15410=CARTESIAN_POINT('',(-0.0413817425745832,0.0175,-0.00920967427260086));
#15411=CARTESIAN_POINT('',(-0.0419067425745831,0.0175,-0.0083003475986272));
#15412=CARTESIAN_POINT('',(-0.0493666233801699,0.0172,-0.012953721951369));
#15413=CARTESIAN_POINT('',(-0.00799759321278074,0.0175,0.0138522377828042));
#15414=CARTESIAN_POINT('',(-0.0408567425745832,0.0175,-0.00511900094657453));
#15415=CARTESIAN_POINT('',(-0.0562265041857566,0.0172,-0.0136463267886522));
#15416=CARTESIAN_POINT('',(-0.0565996611311695,0.0175,-0.013));
#15417=CARTESIAN_POINT('',(-0.0569728180765822,0.0172,-0.0123536732113478));
#15418=CARTESIAN_POINT('',(-0.0413798995199959,0.0175,-0.00421286653678702));
#15419=CARTESIAN_POINT('',(-0.0419030564654087,0.0175,-0.00330673212699952));
#15420=CARTESIAN_POINT('',(-0.0493629372709955,0.0172,-0.00796010647974133));
#15421=CARTESIAN_POINT('',(-0.00366746619385854,0.0175,0.00635223778280422));
#15422=CARTESIAN_POINT('',(-0.0409853766644748,0.0175,-0.0151932678730005));
#15423=CARTESIAN_POINT('',(-0.0562265041857566,0.0172,-0.0236463267886522));
#15424=CARTESIAN_POINT('',(-0.056600582658463,0.0175,-0.0229984038679069));
#15425=CARTESIAN_POINT('',(-0.0569746611311695,0.0172,-0.0223504809471617));
#15426=CARTESIAN_POINT('',(-0.0415094551371812,0.0175,-0.0142855373311198));
#15427=CARTESIAN_POINT('',(-0.0420335336098876,0.0175,-0.0133778067892392));
#15428=CARTESIAN_POINT('',(-0.0494290973705285,0.0172,-0.0179940476787681));
#15429=CARTESIAN_POINT('',(-0.0684746278114687,0.0172,-0.0142745190528383));
#15430=CARTESIAN_POINT('',(-0.0760523500945825,0.0172,-0.00989951905283833));
#15431=CARTESIAN_POINT('',(-0.0610469055283548,0.0175,-0.0189093266739737));
#15432=CARTESIAN_POINT('',(-0.0605219055283548,0.0172,-0.018));
#15433=CARTESIAN_POINT('',(-0.0599969055283548,0.0175,-0.0170906733260263));
#15434=CARTESIAN_POINT('',(-0.0756773500945825,0.0172,-0.00925));
#15435=CARTESIAN_POINT('',(-0.0753023500945825,0.0172,-0.00860048094716168));
#15436=CARTESIAN_POINT('',(-0.0223997050161486,0.0175,-0.0387974271625249));
#15437=CARTESIAN_POINT('',(-0.00123580111329568,0.0175,0.0021404703162783));
#15438=CARTESIAN_POINT('',(-0.0398542720632128,0.0175,-0.0201559142823479));
#15439=CARTESIAN_POINT('',(-0.0551597166294404,0.0172,-0.0286461066612125));
#15440=CARTESIAN_POINT('',(-0.0555347166294404,0.0175,-0.0279965876083742));
#15441=CARTESIAN_POINT('',(-0.0559097166294404,0.0172,-0.0273470685555359));
#15442=CARTESIAN_POINT('',(-0.0403792720632128,0.0175,-0.0192465876083742));
#15443=CARTESIAN_POINT('',(-0.0409042720632128,0.0175,-0.0183372609344006));
#15444=CARTESIAN_POINT('',(-0.0483319943463266,0.0172,-0.0229720685555359));
#15445=CARTESIAN_POINT('',(-0.0684726576662449,0.0172,-0.0242711066612126));
#15446=CARTESIAN_POINT('',(-0.0760503799493588,0.0172,-0.0198961066612126));
#15447=CARTESIAN_POINT('',(-0.0610449353831311,0.0175,-0.0289059142823479));
#15448=CARTESIAN_POINT('',(-0.0605199353831311,0.0172,-0.0279965876083742));
#15449=CARTESIAN_POINT('',(-0.0599949353831311,0.0175,-0.0270872609344005));
#15450=CARTESIAN_POINT('',(-0.0756753799493588,0.0172,-0.0192465876083742));
#15451=CARTESIAN_POINT('',(-0.0753003799493588,0.0172,-0.0185970685555359));
#15452=CARTESIAN_POINT('',(-0.0267278618898471,0.0175,-0.0462940147708991));
#15453=CARTESIAN_POINT('',(-0.0684746278114687,0.0172,-0.00927451905283832));
#15454=CARTESIAN_POINT('',(-0.0760523500945825,0.0172,-0.00489951905283833));
#15455=CARTESIAN_POINT('',(-0.0610469055283548,0.0175,-0.0139093266739736));
#15456=CARTESIAN_POINT('',(-0.0605219055283548,0.0172,-0.013));
#15457=CARTESIAN_POINT('',(-0.0599969055283548,0.0175,-0.0120906733260263));
#15458=CARTESIAN_POINT('',(-0.0756773500945825,0.0172,-0.00425));
#15459=CARTESIAN_POINT('',(-0.0753023500945825,0.0172,-0.00360048094716167));
#15460=CARTESIAN_POINT('',(-0.0202346415066876,0.0175,-0.0350474271625249));
#15461=CARTESIAN_POINT('',(0.000935785834941779,0.0175,-0.00162082861112245));
#15462=CARTESIAN_POINT('',(-0.0398074593850671,0.0175,-0.0251439522065534));
#15463=CARTESIAN_POINT('',(-0.0551129039512947,0.0172,-0.033634144585418));
#15464=CARTESIAN_POINT('',(-0.0554879039514174,0.0175,-0.0329846255323673));
#15465=CARTESIAN_POINT('',(-0.0558631854285232,0.0172,-0.0323352690717532));
#15466=CARTESIAN_POINT('',(-0.040334355582701,0.0175,-0.0242313412219365));
#15467=CARTESIAN_POINT('',(-0.0408616472715795,0.0175,-0.0233189586885856));
#15468=CARTESIAN_POINT('',(-0.0482873600545689,0.0172,-0.0279569851723984));
#15469=CARTESIAN_POINT('',(-0.0684406262344085,0.0172,-0.0292745190528383));
#15470=CARTESIAN_POINT('',(-0.0760183485175224,0.0172,-0.0248995190528383));
#15471=CARTESIAN_POINT('',(-0.0610129039512947,0.0175,-0.0339093266739736));
#15472=CARTESIAN_POINT('',(-0.0604879039512947,0.0172,-0.033));
#15473=CARTESIAN_POINT('',(-0.0599646717143456,0.0175,-0.0320896549960498));
#15474=CARTESIAN_POINT('',(-0.0756518489117646,0.0172,-0.0242647231147117));
#15475=CARTESIAN_POINT('',(-0.07528658337167,0.0172,-0.0236292162860821));
#15476=CARTESIAN_POINT('',(-0.0287543314796371,0.0175,-0.0500281904590745));
#15477=CARTESIAN_POINT('',(0.0475819943463266,0.0172,-0.0242711066612126));
#15478=CARTESIAN_POINT('',(0.0400042720632127,0.0172,-0.0198961066612126));
#15479=CARTESIAN_POINT('',(0.0550097166294404,0.0175,-0.0289059142823479));
#15480=CARTESIAN_POINT('',(0.0555347166294404,0.0172,-0.0279965876083742));
#15481=CARTESIAN_POINT('',(0.0560597166294404,0.0175,-0.0270872609344005));
#15482=CARTESIAN_POINT('',(0.0403792720632128,0.0172,-0.0192465876083742));
#15483=CARTESIAN_POINT('',(0.0407542720632128,0.0172,-0.0185970685555359));
#15484=CARTESIAN_POINT('',(0.00228580111329582,0.0175,0.00395912366422584));
#15485=CARTESIAN_POINT('',(0.0475351816681809,0.0172,-0.029259144585418));
#15486=CARTESIAN_POINT('',(0.039957459385067,0.0172,-0.0248841445854181));
#15487=CARTESIAN_POINT('',(0.0549629039512947,0.0175,-0.0338939522065533));
#15488=CARTESIAN_POINT('',(0.0554879039519836,0.0172,-0.0329846255313871));
#15489=CARTESIAN_POINT('',(0.056013298019932,0.0175,-0.0320755264865274));
#15490=CARTESIAN_POINT('',(0.040334355582701,0.0172,-0.0242313412219365));
#15491=CARTESIAN_POINT('',(0.0407115346807373,0.0172,-0.0235787012728313));
#15492=CARTESIAN_POINT('',(0.000128298139624274,0.0175,0.000221996637010451));
#15493=CARTESIAN_POINT('',(0.056600582658463,0.0172,-0.0229984038679069));
#15494=CARTESIAN_POINT('',(0.0571246611311695,0.0175,-0.0220906733260263));
#15495=CARTESIAN_POINT('',(0.0562265041857566,0.0172,-0.0236463267886522));
#15496=CARTESIAN_POINT('',(0.0486809404251157,0.0172,-0.0192898935202587));
#15497=CARTESIAN_POINT('',(0.0411353766644748,0.0172,-0.0149334602518651));
#15498=CARTESIAN_POINT('',(0.00471562313927147,0.0175,0.00816769886656556));
#15499=CARTESIAN_POINT('',(0.0420335336098877,0.0175,-0.0133778067892392));
#15500=CARTESIAN_POINT('',(0.0415094551371812,0.0172,-0.0142855373311198));
#15501=CARTESIAN_POINT('',(0.0566015041857566,0.0172,-0.0179968077358139));
#15502=CARTESIAN_POINT('',(0.0571265041857566,0.0175,-0.0170874810618402));
#15503=CARTESIAN_POINT('',(0.0562265041857566,0.0172,-0.0186463267886521));
#15504=CARTESIAN_POINT('',(0.0486166233801699,0.0172,-0.0142527600570457));
#15505=CARTESIAN_POINT('',(0.0410067425745832,0.0172,-0.00985919332543917));
#15506=CARTESIAN_POINT('',(0.00688252970331975,0.0175,0.0119208911307516));
#15507=CARTESIAN_POINT('',(0.0419067425745831,0.0175,-0.00830034759862718));
#15508=CARTESIAN_POINT('',(0.0413817425745832,0.0172,-0.00920967427260086));
#15509=CARTESIAN_POINT('',(0.0565996611311695,0.0172,-0.013));
#15510=CARTESIAN_POINT('',(0.0571228180765822,0.0175,-0.0120938655902125));
#15511=CARTESIAN_POINT('',(0.0562265041857566,0.0172,-0.0136463267886522));
#15512=CARTESIAN_POINT('',(0.0486166233801699,0.0172,-0.00925276005704568));
#15513=CARTESIAN_POINT('',(0.0410067425745832,0.0172,-0.00485919332543919));
#15514=CARTESIAN_POINT('',(0.00904390710360635,0.0175,0.0156645066023792));
#15515=CARTESIAN_POINT('',(0.0419030564654087,0.0175,-0.00330673212699951));
#15516=CARTESIAN_POINT('',(0.0413798995199959,0.0172,-0.00421286653678702));
#15517=CARTESIAN_POINT('',(0.0212846415066875,0.0175,-0.0368660805104722));
#15518=CARTESIAN_POINT('',(0.0762023500945825,0.0175,-0.00515932667397365));
#15519=CARTESIAN_POINT('',(0.0608969055283548,0.0172,-0.0136495190528383));
#15520=CARTESIAN_POINT('',(0.0605219055283548,0.0175,-0.013));
#15521=CARTESIAN_POINT('',(0.0601469055283548,0.0172,-0.0123504809471617));
#15522=CARTESIAN_POINT('',(0.0756773500945825,0.0175,-0.00425));
#15523=CARTESIAN_POINT('',(0.0751523500945825,0.0175,-0.00334067332602634));
#15524=CARTESIAN_POINT('',(0.0677246278114687,0.0172,-0.00797548094716167));
#15525=CARTESIAN_POINT('',(0.0234497050161486,0.0175,-0.0406160805104722));
#15526=CARTESIAN_POINT('',(0.0762023500945825,0.0175,-0.0101593266739736));
#15527=CARTESIAN_POINT('',(0.0608969055283548,0.0172,-0.0186495190528383));
#15528=CARTESIAN_POINT('',(0.0605219055283549,0.0175,-0.018));
#15529=CARTESIAN_POINT('',(0.0601469055283548,0.0172,-0.0173504809471616));
#15530=CARTESIAN_POINT('',(0.0756773500945825,0.0175,-0.00925));
#15531=CARTESIAN_POINT('',(0.0751523500945825,0.0175,-0.00834067332602634));
#15532=CARTESIAN_POINT('',(0.0677246278114687,0.0172,-0.0129754809471617));
#15533=CARTESIAN_POINT('',(0.0256147685256097,0.0175,-0.0443660805104722));
#15534=CARTESIAN_POINT('',(0.0762023500945825,0.0175,-0.0151593266739737));
#15535=CARTESIAN_POINT('',(0.0608969055283548,0.0172,-0.0236495190528383));
#15536=CARTESIAN_POINT('',(0.0605219055283548,0.0175,-0.023));
#15537=CARTESIAN_POINT('',(0.0601469055283548,0.0172,-0.0223504809471617));
#15538=CARTESIAN_POINT('',(0.0756773500945825,0.0175,-0.01425));
#15539=CARTESIAN_POINT('',(0.0751523500945825,0.0175,-0.0133406733260263));
#15540=CARTESIAN_POINT('',(0.0677246278114687,0.0172,-0.0179754809471616));
#15541=CARTESIAN_POINT('',(0.0277778618898469,0.0175,-0.0481126681188464));
#15542=CARTESIAN_POINT('',(0.0762003799493588,0.0175,-0.0201559142823479));
#15543=CARTESIAN_POINT('',(0.0608949353831311,0.0172,-0.0286461066612125));
#15544=CARTESIAN_POINT('',(0.0605199353831311,0.0175,-0.0279965876083742));
#15545=CARTESIAN_POINT('',(0.0601449353831311,0.0172,-0.0273470685555358));
#15546=CARTESIAN_POINT('',(0.0756753799493588,0.0175,-0.0192465876083742));
#15547=CARTESIAN_POINT('',(0.0751503799493588,0.0175,-0.0183372609344006));
#15548=CARTESIAN_POINT('',(0.0677226576662449,0.0172,-0.0229720685555359));
#15549=CARTESIAN_POINT('',(0.0299363951502669,0.0175,-0.0518513573957208));
#15550=CARTESIAN_POINT('',(0.0761683485175224,0.0175,-0.0251593266739737));
#15551=CARTESIAN_POINT('',(0.0608629039512947,0.0172,-0.0336495190528383));
#15552=CARTESIAN_POINT('',(0.0604879039512947,0.0175,-0.033));
#15553=CARTESIAN_POINT('',(0.0601141666391882,0.0172,-0.032349753568607));
#15554=CARTESIAN_POINT('',(0.075651848911794,0.0175,-0.0242647231147628));
#15555=CARTESIAN_POINT('',(0.0751370884468567,0.0175,-0.0233691177135759));
#15556=CARTESIAN_POINT('',(0.0677003750054405,0.0172,-0.0279894849273644));
#15557=CARTESIAN_POINT('',(-0.0423314524236486,0.00725,0.0472242640687119));
#15558=CARTESIAN_POINT('',(0.050562579342284,-0.0175,0.0482757359312881));
#15559=CARTESIAN_POINT('',(0.050562579342284,0.00347573593128808,0.0482757359312881));
#15560=CARTESIAN_POINT('',(0.050562579342284,0.00892426406871193,0.0482757359312881));
#15561=CARTESIAN_POINT('',(-1.38107799207317E-17,0.00892426406871193,0.0482757359312881));
#15562=CARTESIAN_POINT('',(0.0396140512048601,0.00892426406871193,0.0482757359312881));
#15563=CARTESIAN_POINT('',(0.0450883152735721,0.00347573593128807,0.0482757359312881));
#15564=CARTESIAN_POINT('',(0.0396140512048601,0.00347573593128807,0.0482757359312881));
#15565=CARTESIAN_POINT('',(0.0396140512048601,0.0062,0.0482757359312881));
#15566=CARTESIAN_POINT('',(-0.0635,0.00782795912503066,0.0482757359312881));
#15567=CARTESIAN_POINT('',(-0.0635,0.0100522231937426,0.0482757359312881));
#15568=CARTESIAN_POINT('',(-0.065724264068712,0.00782795912503066,0.0482757359312881));
#15569=CARTESIAN_POINT('',(-0.065724264068712,-0.0175,0.0482757359312881));
#15570=CARTESIAN_POINT('',(-0.065724264068712,0.00732795912503066,0.0482757359312881));
#15571=CARTESIAN_POINT('',(-0.0604,0.0100522231937426,0.0482757359312881));
#15572=CARTESIAN_POINT('',(-0.0573,0.0100522231937426,0.0482757359312881));
#15573=CARTESIAN_POINT('',(-0.0635,0.00732795912503066,0.0482757359312881));
#15574=CARTESIAN_POINT('',(-0.0635,0.00510369505631873,0.0482757359312881));
#15575=CARTESIAN_POINT('',(-0.0573,0.00782795912503066,0.0482757359312881));
#15576=CARTESIAN_POINT('',(-0.0550757359312881,0.00782795912503066,0.0482757359312881));
#15577=CARTESIAN_POINT('',(-1.06485895612142E-17,0.00510369505631873,0.0482757359312881));
#15578=CARTESIAN_POINT('',(-0.0573,0.00510369505631873,0.0482757359312881));
#15579=CARTESIAN_POINT('',(-0.0550757359312882,0.00757795912503066,0.0482757359312881));
#15580=CARTESIAN_POINT('',(-0.0550757359312882,0.00732795912503066,0.0482757359312881));
#15581=CARTESIAN_POINT('',(-0.0573,0.00732795912503066,0.0482757359312881));
#15582=CARTESIAN_POINT('',(-0.0423314524236486,0.00725,0.0482757359312881));
#15583=CARTESIAN_POINT('',(-1.12086947067665E-17,2.14313189850787E-19,0.0482757359312881));
#15584=CARTESIAN_POINT('',(-0.05295,0.00876795912503069,0.047));
#15585=CARTESIAN_POINT('',(-0.0548,0.00876795912503068,0.047));
#15586=CARTESIAN_POINT('',(-0.0543,0.00876795912503069,0.047));
#15587=CARTESIAN_POINT('',(-0.05295,0.00876795912503069,0.047));
#15588=CARTESIAN_POINT('',(-0.0516,0.0087679591250307,0.047));
#15589=CARTESIAN_POINT('',(-0.0516,0.0087679591250307,0.047));
#15590=CARTESIAN_POINT('',(-0.05295,0.0104679591250307,0.047));
#15591=CARTESIAN_POINT('',(-0.0516,0.0104679591250307,0.047));
#15592=CARTESIAN_POINT('',(-0.0516,0.0104679591250307,0.047));
#15593=CARTESIAN_POINT('',(-0.05295,0.0104679591250307,0.047));
#15594=CARTESIAN_POINT('',(-0.0543,0.0104679591250307,0.047));
#15595=CARTESIAN_POINT('',(-0.0548,0.0104679591250307,0.047));
#15596=CARTESIAN_POINT('',(-0.0516,0.0096179591250307,0.047));
#15597=CARTESIAN_POINT('',(-0.0516,0.0096179591250307,0.047));
#15598=CARTESIAN_POINT('',(-0.0515607106307974,0.00725,0.047));
#15599=CARTESIAN_POINT('',(-0.0543,0.00961795912503069,0.047));
#15600=CARTESIAN_POINT('',(-0.0692,0.00961795912503066,0.047));
#15601=CARTESIAN_POINT('',(-0.0692,0.0104679591250307,0.047));
#15602=CARTESIAN_POINT('',(-0.0692,0.0104679591250307,0.047));
#15603=CARTESIAN_POINT('',(-0.0692,0.00961795912503066,0.047));
#15604=CARTESIAN_POINT('',(-0.0692,0.00876795912503066,0.047));
#15605=CARTESIAN_POINT('',(-0.0692,0.00876795912503066,0.047));
#15606=CARTESIAN_POINT('',(-0.06785,0.0104679591250307,0.047));
#15607=CARTESIAN_POINT('',(-0.066,0.0104679591250307,0.047));
#15608=CARTESIAN_POINT('',(-0.0665,0.0104679591250307,0.047));
#15609=CARTESIAN_POINT('',(-0.06785,0.0104679591250307,0.047));
#15610=CARTESIAN_POINT('',(-0.06785,0.00876795912503066,0.047));
#15611=CARTESIAN_POINT('',(-0.06785,0.00876795912503066,0.047));
#15612=CARTESIAN_POINT('',(-0.0665,0.00876795912503066,0.047));
#15613=CARTESIAN_POINT('',(-0.066,0.00876795912503066,0.047));
#15614=CARTESIAN_POINT('',(-0.0515607106307974,0.00725,0.047));
#15615=CARTESIAN_POINT('',(-0.0665,0.00961795912503066,0.047));
#15616=CARTESIAN_POINT('',(-0.0548,0.00961795912503068,0.047));
#15617=CARTESIAN_POINT('',(-0.066,-0.0175,0.047));
#15618=MECHANICAL_DESIGN_GEOMETRIC_PRESENTATION_REPRESENTATION('',(#8966),
#15619);
#15619=(
GEOMETRIC_REPRESENTATION_CONTEXT(3)
GLOBAL_UNCERTAINTY_ASSIGNED_CONTEXT((#15620))
GLOBAL_UNIT_ASSIGNED_CONTEXT((#15623,#15622,#15621))
REPRESENTATION_CONTEXT('Back Shell','TOP_LEVEL_ASSEMBLY_PART')
);
#15620=UNCERTAINTY_MEASURE_WITH_UNIT(LENGTH_MEASURE(2.E-5),#15623,
'DISTANCE_ACCURACY_VALUE','Maximum Tolerance applied to model');
#15621=(
NAMED_UNIT(*)
SI_UNIT($,.STERADIAN.)
SOLID_ANGLE_UNIT()
);
#15622=(
NAMED_UNIT(*)
PLANE_ANGLE_UNIT()
SI_UNIT($,.RADIAN.)
);
#15623=(
LENGTH_UNIT()
NAMED_UNIT(*)
SI_UNIT($,.METRE.)
);
#15624=PRODUCT_DEFINITION_SHAPE('','',#15625);
#15625=PRODUCT_DEFINITION('','',#15627,#15626);
#15626=PRODUCT_DEFINITION_CONTEXT('',#15633,'design');
#15627=PRODUCT_DEFINITION_FORMATION_WITH_SPECIFIED_SOURCE('','',#15629,
 .NOT_KNOWN.);
#15628=PRODUCT_RELATED_PRODUCT_CATEGORY('','',(#15629));
#15629=PRODUCT('Back Shell','Back Shell','Back Shell',(#15631));
#15630=PRODUCT_CATEGORY('','');
#15631=PRODUCT_CONTEXT('',#15633,'mechanical');
#15632=APPLICATION_PROTOCOL_DEFINITION('international standard',
'ap242_managed_model_based_3d_engineering',2020,#15633);
#15633=APPLICATION_CONTEXT('managed model based 3d engineering');
ENDSEC;
END-ISO-10303-21;
