ISO-10303-21;
HEADER;
/* Generated by software containing ST-Developer
 * from STEP Tools, Inc. (www.steptools.com) 
 */
/* OPTION: using custom renumber hook */

FILE_DESCRIPTION(
/* description */ ('STEP AP242 Edition 2',
'CAx-IF Rec.Pracs.---Representation and Presentation of Product Manufa
cturing Information (PMI)---4.0---2014-10-13',
'CAx-IF Rec.Pracs.---3D Tessellated Geometry---0.4---2014-09-14','2;1',
'CAx-IF Rec.Pracs.---User Defined Attributes---1.5---2016-08-15'),
/* implementation_level */ '2;1');

FILE_NAME(
/* name */ 'Part Studio 1 - Front Shell',
/* time_stamp */ '2026-08-13T17:44:22Z',
/* author */ (''),
/* organization */ (''),
/* preprocessor_version */ 'ST-DEVELOPER v20',
/* originating_system */ 'ONSHAPE BY PTC INC, 1.219',
/* authorisation */ '  ');

FILE_SCHEMA (('AP242_MANAGED_MODEL_BASED_3D_ENGINEERING_MIM_LF { 1 0 10303 442 3 1 4 }'));
ENDSEC;

DATA;
#10=SHAPE_REPRESENTATION_RELATIONSHIP('','',#9911,#11);
#11=ADVANCED_BREP_SHAPE_REPRESENTATION('',(#9909),#17369);
#12=(
BOUNDED_SURFACE()
B_SPLINE_SURFACE(3,2,((#17025,#17026,#17027),(#17028,#17029,#17030),(#17031,
#17032,#17033),(#17034,#17035,#17036),(#17037,#17038,#17039),(#17040,#17041,
#17042),(#17043,#17044,#17045)),.UNSPECIFIED.,.F.,.F.,.F.)
B_SPLINE_SURFACE_WITH_KNOTS((4,1,1,1,4),(3,3),(-1.24683249835833E-17,0.000514092088082928,
0.00102818417616587,0.00154227626424881,0.00205636835233175),(0.,1.),
 .UNSPECIFIED.)
GEOMETRIC_REPRESENTATION_ITEM()
RATIONAL_B_SPLINE_SURFACE(((1.,0.707106781186557,1.),(1.,0.70130411526402,
1.),(1.,0.746473331934257,1.),(1.,0.882692699416481,1.),(1.,0.977199119448331,
1.),(1.,0.999999999978064,1.),(1.,1.,1.)))
REPRESENTATION_ITEM('')
SURFACE()
);
#13=(
BOUNDED_SURFACE()
B_SPLINE_SURFACE(3,2,((#17061,#17062,#17063),(#17064,#17065,#17066),(#17067,
#17068,#17069),(#17070,#17071,#17072),(#17073,#17074,#17075),(#17076,#17077,
#17078),(#17079,#17080,#17081)),.UNSPECIFIED.,.F.,.F.,.F.)
B_SPLINE_SURFACE_WITH_KNOTS((4,1,1,1,4),(3,3),(-1.24683249835833E-17,0.000514092088082928,
0.00102818417616587,0.00154227626424881,0.00205636835233175),(0.,1.),
 .UNSPECIFIED.)
GEOMETRIC_REPRESENTATION_ITEM()
RATIONAL_B_SPLINE_SURFACE(((1.,0.707106781186557,1.),(1.,0.70130411526402,
1.),(1.,0.746473331934257,1.),(1.,0.882692699416481,1.),(1.,0.977199119448331,
1.),(1.,0.999999999978064,1.),(1.,1.,1.)))
REPRESENTATION_ITEM('')
SURFACE()
);
#14=(
BOUNDED_SURFACE()
B_SPLINE_SURFACE(3,2,((#17108,#17109,#17110),(#17111,#17112,#17113),(#17114,
#17115,#17116),(#17117,#17118,#17119),(#17120,#17121,#17122),(#17123,#17124,
#17125),(#17126,#17127,#17128)),.UNSPECIFIED.,.F.,.F.,.F.)
B_SPLINE_SURFACE_WITH_KNOTS((4,1,1,1,4),(3,3),(-7.2099444470286E-18,0.000514090497317777,
0.00102818099463556,0.00154227149195335,0.00205636198927113),(0.,1.),
 .UNSPECIFIED.)
GEOMETRIC_REPRESENTATION_ITEM()
RATIONAL_B_SPLINE_SURFACE(((1.,0.707106781186548,1.),(1.,0.701304129064386,
1.),(1.,0.746473392050014,1.),(1.,0.882692747204635,1.),(1.,0.97719913055263,
1.),(1.,0.999999999978054,1.),(1.,1.,1.)))
REPRESENTATION_ITEM('')
SURFACE()
);
#15=(
BOUNDED_SURFACE()
B_SPLINE_SURFACE(3,2,((#17140,#17141,#17142),(#17143,#17144,#17145),(#17146,
#17147,#17148),(#17149,#17150,#17151),(#17152,#17153,#17154),(#17155,#17156,
#17157),(#17158,#17159,#17160)),.UNSPECIFIED.,.F.,.F.,.F.)
B_SPLINE_SURFACE_WITH_KNOTS((4,1,1,1,4),(3,3),(1.13841228110978E-18,0.000514090497317786,
0.00102818099463557,0.00154227149195336,0.00205636198927114),(0.,1.),
 .UNSPECIFIED.)
GEOMETRIC_REPRESENTATION_ITEM()
RATIONAL_B_SPLINE_SURFACE(((1.,0.707106781186548,1.),(1.,0.701304129064347,
1.),(1.,0.74647339205003,1.),(1.,0.882692747204632,1.),(1.,0.977199130552628,
1.),(1.,0.999999999978054,1.),(1.,1.,1.)))
REPRESENTATION_ITEM('')
SURFACE()
);
#16=(
BOUNDED_SURFACE()
B_SPLINE_SURFACE(3,2,((#17191,#17192,#17193),(#17194,#17195,#17196),(#17197,
#17198,#17199),(#17200,#17201,#17202),(#17203,#17204,#17205),(#17206,#17207,
#17208),(#17209,#17210,#17211)),.UNSPECIFIED.,.F.,.F.,.F.)
B_SPLINE_SURFACE_WITH_KNOTS((4,1,1,1,4),(3,3),(2.1467203015213E-17,0.00051409049731779,
0.00102818099463556,0.00154227149195333,0.0020563619892711),(0.,1.),
 .UNSPECIFIED.)
GEOMETRIC_REPRESENTATION_ITEM()
RATIONAL_B_SPLINE_SURFACE(((1.,0.707106781186545,1.),(1.,0.701304129063677,
1.),(1.,0.746473392050341,1.),(1.,0.882692747204542,1.),(1.,0.977199130552656,
1.),(1.,0.999999999978055,1.),(1.,1.,1.)))
REPRESENTATION_ITEM('')
SURFACE()
);
#17=(
BOUNDED_SURFACE()
B_SPLINE_SURFACE(3,2,((#17223,#17224,#17225),(#17226,#17227,#17228),(#17229,
#17230,#17231),(#17232,#17233,#17234),(#17235,#17236,#17237),(#17238,#17239,
#17240),(#17241,#17242,#17243)),.UNSPECIFIED.,.F.,.F.,.F.)
B_SPLINE_SURFACE_WITH_KNOTS((4,1,1,1,4),(3,3),(1.75098650856409E-17,0.000514090497317808,
0.0010281809946356,0.00154227149195339,0.00205636198927118),(0.,1.),
 .UNSPECIFIED.)
GEOMETRIC_REPRESENTATION_ITEM()
RATIONAL_B_SPLINE_SURFACE(((1.,0.707106781186547,1.),(1.,0.70130412906575,
1.),(1.,0.746473392049374,1.),(1.,0.882692747204799,1.),(1.,0.977199130552582,
1.),(1.,0.999999999978054,1.),(1.,1.,1.)))
REPRESENTATION_ITEM('')
SURFACE()
);
#18=(
BOUNDED_SURFACE()
B_SPLINE_SURFACE(3,2,((#17274,#17275,#17276),(#17277,#17278,#17279),(#17280,
#17281,#17282),(#17283,#17284,#17285),(#17286,#17287,#17288),(#17289,#17290,
#17291),(#17292,#17293,#17294)),.UNSPECIFIED.,.F.,.F.,.F.)
B_SPLINE_SURFACE_WITH_KNOTS((4,1,1,1,4),(3,3),(-1.17635935714677E-17,0.000501270569944783,
0.00100254113988958,0.00150381170983437,0.00200508227977917),(0.,1.),
 .UNSPECIFIED.)
GEOMETRIC_REPRESENTATION_ITEM()
RATIONAL_B_SPLINE_SURFACE(((1.,0.707106781186543,1.),(1.,0.701416030728069,
1.),(1.,0.7469593173677,1.),(1.,0.883077741882588,1.),(1.,0.977288526845679,
1.),(1.,0.999999999976747,1.),(1.,1.,1.)))
REPRESENTATION_ITEM('')
SURFACE()
);
#19=(
BOUNDED_SURFACE()
B_SPLINE_SURFACE(3,2,((#17306,#17307,#17308),(#17309,#17310,#17311),(#17312,
#17313,#17314),(#17315,#17316,#17317),(#17318,#17319,#17320),(#17321,#17322,
#17323),(#17324,#17325,#17326)),.UNSPECIFIED.,.F.,.F.,.F.)
B_SPLINE_SURFACE_WITH_KNOTS((4,1,1,1,4),(3,3),(-1.17635935714677E-17,0.000501270569944786,
0.00100254113988958,0.00150381170983438,0.00200508227977918),(0.,1.),
 .UNSPECIFIED.)
GEOMETRIC_REPRESENTATION_ITEM()
RATIONAL_B_SPLINE_SURFACE(((1.,0.707106781186543,1.),(1.,0.701416030728182,
1.),(1.,0.746959317367642,1.),(1.,0.883077741882603,1.),(1.,0.977288526845674,
1.),(1.,0.999999999976747,1.),(1.,1.,1.)))
REPRESENTATION_ITEM('')
SURFACE()
);
#20=B_SPLINE_SURFACE_WITH_KNOTS('',3,1,((#14200,#14201),(#14202,#14203),
(#14204,#14205),(#14206,#14207)),.SURF_OF_LINEAR_EXTRUSION.,.F.,.F.,.F.,
(4,4),(2,2),(0.,1.),(0.,1.),.PIECEWISE_BEZIER_KNOTS.);
#21=B_SPLINE_SURFACE_WITH_KNOTS('',3,1,((#14215,#14216),(#14217,#14218),
(#14219,#14220),(#14221,#14222)),.SURF_OF_LINEAR_EXTRUSION.,.F.,.F.,.F.,
(4,4),(2,2),(0.,1.),(0.,1.),.PIECEWISE_BEZIER_KNOTS.);
#22=B_SPLINE_SURFACE_WITH_KNOTS('',3,1,((#14228,#14229),(#14230,#14231),
(#14232,#14233),(#14234,#14235)),.SURF_OF_LINEAR_EXTRUSION.,.F.,.F.,.F.,
(4,4),(2,2),(0.,1.),(0.,1.),.PIECEWISE_BEZIER_KNOTS.);
#23=B_SPLINE_SURFACE_WITH_KNOTS('',3,1,((#14241,#14242),(#14243,#14244),
(#14245,#14246),(#14247,#14248)),.SURF_OF_LINEAR_EXTRUSION.,.F.,.F.,.F.,
(4,4),(2,2),(0.,1.),(0.,1.),.PIECEWISE_BEZIER_KNOTS.);
#24=B_SPLINE_SURFACE_WITH_KNOTS('',3,1,((#14266,#14267),(#14268,#14269),
(#14270,#14271),(#14272,#14273)),.SURF_OF_LINEAR_EXTRUSION.,.F.,.F.,.F.,
(4,4),(2,2),(0.,1.),(0.,1.),.PIECEWISE_BEZIER_KNOTS.);
#25=B_SPLINE_SURFACE_WITH_KNOTS('',3,1,((#14299,#14300),(#14301,#14302),
(#14303,#14304),(#14305,#14306)),.SURF_OF_LINEAR_EXTRUSION.,.F.,.F.,.F.,
(4,4),(2,2),(0.,1.),(0.,1.),.PIECEWISE_BEZIER_KNOTS.);
#26=B_SPLINE_SURFACE_WITH_KNOTS('',3,1,((#14312,#14313),(#14314,#14315),
(#14316,#14317),(#14318,#14319)),.SURF_OF_LINEAR_EXTRUSION.,.F.,.F.,.F.,
(4,4),(2,2),(0.,1.),(0.,1.),.PIECEWISE_BEZIER_KNOTS.);
#27=B_SPLINE_SURFACE_WITH_KNOTS('',3,1,((#14333,#14334),(#14335,#14336),
(#14337,#14338),(#14339,#14340)),.SURF_OF_LINEAR_EXTRUSION.,.F.,.F.,.F.,
(4,4),(2,2),(0.,1.),(0.,1.),.PIECEWISE_BEZIER_KNOTS.);
#28=B_SPLINE_SURFACE_WITH_KNOTS('',3,1,((#14346,#14347),(#14348,#14349),
(#14350,#14351),(#14352,#14353)),.SURF_OF_LINEAR_EXTRUSION.,.F.,.F.,.F.,
(4,4),(2,2),(0.,1.),(0.,1.),.PIECEWISE_BEZIER_KNOTS.);
#29=B_SPLINE_SURFACE_WITH_KNOTS('',3,1,((#14367,#14368),(#14369,#14370),
(#14371,#14372),(#14373,#14374)),.SURF_OF_LINEAR_EXTRUSION.,.F.,.F.,.F.,
(4,4),(2,2),(0.,1.),(0.,1.),.PIECEWISE_BEZIER_KNOTS.);
#30=B_SPLINE_SURFACE_WITH_KNOTS('',3,1,((#14380,#14381),(#14382,#14383),
(#14384,#14385),(#14386,#14387)),.SURF_OF_LINEAR_EXTRUSION.,.F.,.F.,.F.,
(4,4),(2,2),(0.,1.),(0.,1.),.PIECEWISE_BEZIER_KNOTS.);
#31=B_SPLINE_SURFACE_WITH_KNOTS('',3,1,((#14397,#14398),(#14399,#14400),
(#14401,#14402),(#14403,#14404)),.SURF_OF_LINEAR_EXTRUSION.,.F.,.F.,.F.,
(4,4),(2,2),(0.,1.),(0.,1.),.PIECEWISE_BEZIER_KNOTS.);
#32=B_SPLINE_SURFACE_WITH_KNOTS('',3,1,((#14414,#14415),(#14416,#14417),
(#14418,#14419),(#14420,#14421)),.SURF_OF_LINEAR_EXTRUSION.,.F.,.F.,.F.,
(4,4),(2,2),(0.,1.),(0.,1.),.PIECEWISE_BEZIER_KNOTS.);
#33=B_SPLINE_SURFACE_WITH_KNOTS('',3,1,((#14427,#14428),(#14429,#14430),
(#14431,#14432),(#14433,#14434)),.SURF_OF_LINEAR_EXTRUSION.,.F.,.F.,.F.,
(4,4),(2,2),(0.,1.),(0.,1.),.PIECEWISE_BEZIER_KNOTS.);
#34=B_SPLINE_SURFACE_WITH_KNOTS('',3,1,((#14461,#14462),(#14463,#14464),
(#14465,#14466),(#14467,#14468)),.SURF_OF_LINEAR_EXTRUSION.,.F.,.F.,.F.,
(4,4),(2,2),(0.,1.),(0.,1.),.PIECEWISE_BEZIER_KNOTS.);
#35=B_SPLINE_SURFACE_WITH_KNOTS('',3,1,((#14478,#14479),(#14480,#14481),
(#14482,#14483),(#14484,#14485)),.SURF_OF_LINEAR_EXTRUSION.,.F.,.F.,.F.,
(4,4),(2,2),(0.,1.),(0.,1.),.PIECEWISE_BEZIER_KNOTS.);
#36=B_SPLINE_SURFACE_WITH_KNOTS('',3,1,((#14491,#14492),(#14493,#14494),
(#14495,#14496),(#14497,#14498)),.SURF_OF_LINEAR_EXTRUSION.,.F.,.F.,.F.,
(4,4),(2,2),(0.,1.),(0.,1.),.PIECEWISE_BEZIER_KNOTS.);
#37=B_SPLINE_SURFACE_WITH_KNOTS('',3,1,((#14533,#14534),(#14535,#14536),
(#14537,#14538),(#14539,#14540)),.SURF_OF_LINEAR_EXTRUSION.,.F.,.F.,.F.,
(4,4),(2,2),(0.,1.),(0.,1.),.PIECEWISE_BEZIER_KNOTS.);
#38=B_SPLINE_SURFACE_WITH_KNOTS('',3,1,((#14550,#14551),(#14552,#14553),
(#14554,#14555),(#14556,#14557)),.SURF_OF_LINEAR_EXTRUSION.,.F.,.F.,.F.,
(4,4),(2,2),(0.,1.),(0.,1.),.PIECEWISE_BEZIER_KNOTS.);
#39=B_SPLINE_SURFACE_WITH_KNOTS('',3,1,((#14567,#14568),(#14569,#14570),
(#14571,#14572),(#14573,#14574)),.SURF_OF_LINEAR_EXTRUSION.,.F.,.F.,.F.,
(4,4),(2,2),(0.,1.),(0.,1.),.PIECEWISE_BEZIER_KNOTS.);
#40=B_SPLINE_SURFACE_WITH_KNOTS('',3,1,((#14584,#14585),(#14586,#14587),
(#14588,#14589),(#14590,#14591)),.SURF_OF_LINEAR_EXTRUSION.,.F.,.F.,.F.,
(4,4),(2,2),(0.,1.),(0.,1.),.PIECEWISE_BEZIER_KNOTS.);
#41=B_SPLINE_SURFACE_WITH_KNOTS('',3,1,((#14617,#14618),(#14619,#14620),
(#14621,#14622),(#14623,#14624)),.SURF_OF_LINEAR_EXTRUSION.,.F.,.F.,.F.,
(4,4),(2,2),(0.,1.),(0.,1.),.PIECEWISE_BEZIER_KNOTS.);
#42=B_SPLINE_SURFACE_WITH_KNOTS('',3,1,((#14785,#14786),(#14787,#14788),
(#14789,#14790),(#14791,#14792)),.SURF_OF_LINEAR_EXTRUSION.,.F.,.F.,.F.,
(4,4),(2,2),(0.,1.),(0.,1.),.PIECEWISE_BEZIER_KNOTS.);
#43=B_SPLINE_SURFACE_WITH_KNOTS('',3,1,((#14800,#14801),(#14802,#14803),
(#14804,#14805),(#14806,#14807)),.SURF_OF_LINEAR_EXTRUSION.,.F.,.F.,.F.,
(4,4),(2,2),(0.,1.),(0.,1.),.PIECEWISE_BEZIER_KNOTS.);
#44=B_SPLINE_SURFACE_WITH_KNOTS('',3,1,((#14813,#14814),(#14815,#14816),
(#14817,#14818),(#14819,#14820)),.SURF_OF_LINEAR_EXTRUSION.,.F.,.F.,.F.,
(4,4),(2,2),(0.,1.),(0.,1.),.PIECEWISE_BEZIER_KNOTS.);
#45=B_SPLINE_SURFACE_WITH_KNOTS('',3,1,((#14826,#14827),(#14828,#14829),
(#14830,#14831),(#14832,#14833)),.SURF_OF_LINEAR_EXTRUSION.,.F.,.F.,.F.,
(4,4),(2,2),(0.,1.),(0.,1.),.PIECEWISE_BEZIER_KNOTS.);
#46=B_SPLINE_SURFACE_WITH_KNOTS('',3,1,((#14851,#14852),(#14853,#14854),
(#14855,#14856),(#14857,#14858)),.SURF_OF_LINEAR_EXTRUSION.,.F.,.F.,.F.,
(4,4),(2,2),(0.,1.),(0.,1.),.PIECEWISE_BEZIER_KNOTS.);
#47=B_SPLINE_SURFACE_WITH_KNOTS('',3,1,((#14884,#14885),(#14886,#14887),
(#14888,#14889),(#14890,#14891)),.SURF_OF_LINEAR_EXTRUSION.,.F.,.F.,.F.,
(4,4),(2,2),(0.,1.),(0.,1.),.PIECEWISE_BEZIER_KNOTS.);
#48=B_SPLINE_SURFACE_WITH_KNOTS('',3,1,((#14897,#14898),(#14899,#14900),
(#14901,#14902),(#14903,#14904)),.SURF_OF_LINEAR_EXTRUSION.,.F.,.F.,.F.,
(4,4),(2,2),(0.,1.),(0.,1.),.PIECEWISE_BEZIER_KNOTS.);
#49=B_SPLINE_SURFACE_WITH_KNOTS('',3,1,((#14918,#14919),(#14920,#14921),
(#14922,#14923),(#14924,#14925)),.SURF_OF_LINEAR_EXTRUSION.,.F.,.F.,.F.,
(4,4),(2,2),(0.,1.),(0.,1.),.PIECEWISE_BEZIER_KNOTS.);
#50=B_SPLINE_SURFACE_WITH_KNOTS('',3,1,((#14931,#14932),(#14933,#14934),
(#14935,#14936),(#14937,#14938)),.SURF_OF_LINEAR_EXTRUSION.,.F.,.F.,.F.,
(4,4),(2,2),(0.,1.),(0.,1.),.PIECEWISE_BEZIER_KNOTS.);
#51=B_SPLINE_SURFACE_WITH_KNOTS('',3,1,((#14952,#14953),(#14954,#14955),
(#14956,#14957),(#14958,#14959)),.SURF_OF_LINEAR_EXTRUSION.,.F.,.F.,.F.,
(4,4),(2,2),(0.,1.),(0.,1.),.PIECEWISE_BEZIER_KNOTS.);
#52=B_SPLINE_SURFACE_WITH_KNOTS('',3,1,((#14965,#14966),(#14967,#14968),
(#14969,#14970),(#14971,#14972)),.SURF_OF_LINEAR_EXTRUSION.,.F.,.F.,.F.,
(4,4),(2,2),(0.,1.),(0.,1.),.PIECEWISE_BEZIER_KNOTS.);
#53=B_SPLINE_SURFACE_WITH_KNOTS('',3,1,((#14982,#14983),(#14984,#14985),
(#14986,#14987),(#14988,#14989)),.SURF_OF_LINEAR_EXTRUSION.,.F.,.F.,.F.,
(4,4),(2,2),(0.,1.),(0.,1.),.PIECEWISE_BEZIER_KNOTS.);
#54=B_SPLINE_SURFACE_WITH_KNOTS('',3,1,((#14999,#15000),(#15001,#15002),
(#15003,#15004),(#15005,#15006)),.SURF_OF_LINEAR_EXTRUSION.,.F.,.F.,.F.,
(4,4),(2,2),(0.,1.),(0.,1.),.PIECEWISE_BEZIER_KNOTS.);
#55=B_SPLINE_SURFACE_WITH_KNOTS('',3,1,((#15012,#15013),(#15014,#15015),
(#15016,#15017),(#15018,#15019)),.SURF_OF_LINEAR_EXTRUSION.,.F.,.F.,.F.,
(4,4),(2,2),(0.,1.),(0.,1.),.PIECEWISE_BEZIER_KNOTS.);
#56=B_SPLINE_SURFACE_WITH_KNOTS('',3,1,((#15098,#15099),(#15100,#15101),
(#15102,#15103),(#15104,#15105)),.SURF_OF_LINEAR_EXTRUSION.,.F.,.F.,.F.,
(4,4),(2,2),(0.,1.),(0.,1.),.PIECEWISE_BEZIER_KNOTS.);
#57=B_SPLINE_SURFACE_WITH_KNOTS('',3,1,((#15125,#15126),(#15127,#15128),
(#15129,#15130),(#15131,#15132)),.SURF_OF_LINEAR_EXTRUSION.,.F.,.F.,.F.,
(4,4),(2,2),(0.,1.),(0.,1.),.PIECEWISE_BEZIER_KNOTS.);
#58=B_SPLINE_SURFACE_WITH_KNOTS('',3,1,((#15138,#15139),(#15140,#15141),
(#15142,#15143),(#15144,#15145)),.SURF_OF_LINEAR_EXTRUSION.,.F.,.F.,.F.,
(4,4),(2,2),(0.,1.),(0.,1.),.PIECEWISE_BEZIER_KNOTS.);
#59=B_SPLINE_SURFACE_WITH_KNOTS('',3,1,((#15155,#15156),(#15157,#15158),
(#15159,#15160),(#15161,#15162)),.SURF_OF_LINEAR_EXTRUSION.,.F.,.F.,.F.,
(4,4),(2,2),(0.,1.),(0.,1.),.PIECEWISE_BEZIER_KNOTS.);
#60=B_SPLINE_SURFACE_WITH_KNOTS('',3,1,((#15168,#15169),(#15170,#15171),
(#15172,#15173),(#15174,#15175)),.SURF_OF_LINEAR_EXTRUSION.,.F.,.F.,.F.,
(4,4),(2,2),(0.,1.),(0.,1.),.PIECEWISE_BEZIER_KNOTS.);
#61=B_SPLINE_SURFACE_WITH_KNOTS('',3,1,((#15181,#15182),(#15183,#15184),
(#15185,#15186),(#15187,#15188)),.SURF_OF_LINEAR_EXTRUSION.,.F.,.F.,.F.,
(4,4),(2,2),(0.,1.),(0.,1.),.PIECEWISE_BEZIER_KNOTS.);
#62=B_SPLINE_SURFACE_WITH_KNOTS('',3,1,((#15202,#15203),(#15204,#15205),
(#15206,#15207),(#15208,#15209)),.SURF_OF_LINEAR_EXTRUSION.,.F.,.F.,.F.,
(4,4),(2,2),(0.,1.),(0.,1.),.PIECEWISE_BEZIER_KNOTS.);
#63=B_SPLINE_SURFACE_WITH_KNOTS('',3,1,((#15215,#15216),(#15217,#15218),
(#15219,#15220),(#15221,#15222)),.SURF_OF_LINEAR_EXTRUSION.,.F.,.F.,.F.,
(4,4),(2,2),(0.,1.),(0.,1.),.PIECEWISE_BEZIER_KNOTS.);
#64=B_SPLINE_SURFACE_WITH_KNOTS('',3,1,((#15228,#15229),(#15230,#15231),
(#15232,#15233),(#15234,#15235)),.SURF_OF_LINEAR_EXTRUSION.,.F.,.F.,.F.,
(4,4),(2,2),(0.,1.),(0.,1.),.PIECEWISE_BEZIER_KNOTS.);
#65=B_SPLINE_SURFACE_WITH_KNOTS('',3,1,((#15289,#15290),(#15291,#15292),
(#15293,#15294),(#15295,#15296)),.SURF_OF_LINEAR_EXTRUSION.,.F.,.F.,.F.,
(4,4),(2,2),(0.,1.),(0.,1.),.PIECEWISE_BEZIER_KNOTS.);
#66=B_SPLINE_SURFACE_WITH_KNOTS('',3,1,((#15306,#15307),(#15308,#15309),
(#15310,#15311),(#15312,#15313)),.SURF_OF_LINEAR_EXTRUSION.,.F.,.F.,.F.,
(4,4),(2,2),(0.,1.),(0.,1.),.PIECEWISE_BEZIER_KNOTS.);
#67=B_SPLINE_SURFACE_WITH_KNOTS('',3,1,((#15323,#15324),(#15325,#15326),
(#15327,#15328),(#15329,#15330)),.SURF_OF_LINEAR_EXTRUSION.,.F.,.F.,.F.,
(4,4),(2,2),(0.,1.),(0.,1.),.PIECEWISE_BEZIER_KNOTS.);
#68=B_SPLINE_SURFACE_WITH_KNOTS('',3,1,((#15361,#15362),(#15363,#15364),
(#15365,#15366),(#15367,#15368)),.SURF_OF_LINEAR_EXTRUSION.,.F.,.F.,.F.,
(4,4),(2,2),(0.,1.),(0.,1.),.PIECEWISE_BEZIER_KNOTS.);
#69=B_SPLINE_SURFACE_WITH_KNOTS('',3,1,((#15378,#15379),(#15380,#15381),
(#15382,#15383),(#15384,#15385)),.SURF_OF_LINEAR_EXTRUSION.,.F.,.F.,.F.,
(4,4),(2,2),(0.,1.),(0.,1.),.PIECEWISE_BEZIER_KNOTS.);
#70=B_SPLINE_SURFACE_WITH_KNOTS('',3,1,((#15395,#15396),(#15397,#15398),
(#15399,#15400),(#15401,#15402)),.SURF_OF_LINEAR_EXTRUSION.,.F.,.F.,.F.,
(4,4),(2,2),(0.,1.),(0.,1.),.PIECEWISE_BEZIER_KNOTS.);
#71=B_SPLINE_SURFACE_WITH_KNOTS('',3,1,((#15426,#15427),(#15428,#15429),
(#15430,#15431),(#15432,#15433)),.SURF_OF_LINEAR_EXTRUSION.,.F.,.F.,.F.,
(4,4),(2,2),(0.,1.),(0.,1.),.PIECEWISE_BEZIER_KNOTS.);
#72=B_SPLINE_SURFACE_WITH_KNOTS('',3,1,((#15439,#15440),(#15441,#15442),
(#15443,#15444),(#15445,#15446)),.SURF_OF_LINEAR_EXTRUSION.,.F.,.F.,.F.,
(4,4),(2,2),(0.,1.),(0.,1.),.PIECEWISE_BEZIER_KNOTS.);
#73=B_SPLINE_SURFACE_WITH_KNOTS('',3,1,((#15452,#15453),(#15454,#15455),
(#15456,#15457),(#15458,#15459)),.SURF_OF_LINEAR_EXTRUSION.,.F.,.F.,.F.,
(4,4),(2,2),(0.,1.),(0.,1.),.PIECEWISE_BEZIER_KNOTS.);
#74=B_SPLINE_SURFACE_WITH_KNOTS('',3,1,((#15465,#15466),(#15467,#15468),
(#15469,#15470),(#15471,#15472)),.SURF_OF_LINEAR_EXTRUSION.,.F.,.F.,.F.,
(4,4),(2,2),(0.,1.),(0.,1.),.PIECEWISE_BEZIER_KNOTS.);
#75=B_SPLINE_SURFACE_WITH_KNOTS('',3,1,((#15486,#15487),(#15488,#15489),
(#15490,#15491),(#15492,#15493)),.SURF_OF_LINEAR_EXTRUSION.,.F.,.F.,.F.,
(4,4),(2,2),(0.,1.),(0.,1.),.PIECEWISE_BEZIER_KNOTS.);
#76=B_SPLINE_SURFACE_WITH_KNOTS('',3,1,((#15499,#15500),(#15501,#15502),
(#15503,#15504),(#15505,#15506)),.SURF_OF_LINEAR_EXTRUSION.,.F.,.F.,.F.,
(4,4),(2,2),(0.,1.),(0.,1.),.PIECEWISE_BEZIER_KNOTS.);
#77=B_SPLINE_SURFACE_WITH_KNOTS('',3,1,((#15512,#15513),(#15514,#15515),
(#15516,#15517),(#15518,#15519)),.SURF_OF_LINEAR_EXTRUSION.,.F.,.F.,.F.,
(4,4),(2,2),(0.,1.),(0.,1.),.PIECEWISE_BEZIER_KNOTS.);
#78=B_SPLINE_SURFACE_WITH_KNOTS('',3,1,((#15526,#15527),(#15528,#15529),
(#15530,#15531),(#15532,#15533)),.SURF_OF_LINEAR_EXTRUSION.,.F.,.F.,.F.,
(4,4),(2,2),(0.,1.),(0.,1.),.PIECEWISE_BEZIER_KNOTS.);
#79=B_SPLINE_SURFACE_WITH_KNOTS('',3,1,((#15557,#15558),(#15559,#15560),
(#15561,#15562),(#15563,#15564)),.SURF_OF_LINEAR_EXTRUSION.,.F.,.F.,.F.,
(4,4),(2,2),(0.,1.),(0.,1.),.PIECEWISE_BEZIER_KNOTS.);
#80=B_SPLINE_SURFACE_WITH_KNOTS('',3,1,((#15760,#15761),(#15762,#15763),
(#15764,#15765),(#15766,#15767)),.SURF_OF_LINEAR_EXTRUSION.,.F.,.F.,.F.,
(4,4),(2,2),(0.,1.),(0.,1.),.PIECEWISE_BEZIER_KNOTS.);
#81=B_SPLINE_SURFACE_WITH_KNOTS('',3,1,((#15775,#15776),(#15777,#15778),
(#15779,#15780),(#15781,#15782)),.SURF_OF_LINEAR_EXTRUSION.,.F.,.F.,.F.,
(4,4),(2,2),(0.,1.),(0.,1.),.PIECEWISE_BEZIER_KNOTS.);
#82=B_SPLINE_SURFACE_WITH_KNOTS('',3,1,((#15788,#15789),(#15790,#15791),
(#15792,#15793),(#15794,#15795)),.SURF_OF_LINEAR_EXTRUSION.,.F.,.F.,.F.,
(4,4),(2,2),(0.,1.),(0.,1.),.PIECEWISE_BEZIER_KNOTS.);
#83=B_SPLINE_SURFACE_WITH_KNOTS('',3,1,((#15801,#15802),(#15803,#15804),
(#15805,#15806),(#15807,#15808)),.SURF_OF_LINEAR_EXTRUSION.,.F.,.F.,.F.,
(4,4),(2,2),(0.,1.),(0.,1.),.PIECEWISE_BEZIER_KNOTS.);
#84=B_SPLINE_SURFACE_WITH_KNOTS('',3,1,((#15826,#15827),(#15828,#15829),
(#15830,#15831),(#15832,#15833)),.SURF_OF_LINEAR_EXTRUSION.,.F.,.F.,.F.,
(4,4),(2,2),(0.,1.),(0.,1.),.PIECEWISE_BEZIER_KNOTS.);
#85=B_SPLINE_SURFACE_WITH_KNOTS('',3,1,((#15859,#15860),(#15861,#15862),
(#15863,#15864),(#15865,#15866)),.SURF_OF_LINEAR_EXTRUSION.,.F.,.F.,.F.,
(4,4),(2,2),(0.,1.),(0.,1.),.PIECEWISE_BEZIER_KNOTS.);
#86=B_SPLINE_SURFACE_WITH_KNOTS('',3,1,((#15872,#15873),(#15874,#15875),
(#15876,#15877),(#15878,#15879)),.SURF_OF_LINEAR_EXTRUSION.,.F.,.F.,.F.,
(4,4),(2,2),(0.,1.),(0.,1.),.PIECEWISE_BEZIER_KNOTS.);
#87=B_SPLINE_SURFACE_WITH_KNOTS('',3,1,((#15893,#15894),(#15895,#15896),
(#15897,#15898),(#15899,#15900)),.SURF_OF_LINEAR_EXTRUSION.,.F.,.F.,.F.,
(4,4),(2,2),(0.,1.),(0.,1.),.PIECEWISE_BEZIER_KNOTS.);
#88=B_SPLINE_SURFACE_WITH_KNOTS('',3,1,((#15906,#15907),(#15908,#15909),
(#15910,#15911),(#15912,#15913)),.SURF_OF_LINEAR_EXTRUSION.,.F.,.F.,.F.,
(4,4),(2,2),(0.,1.),(0.,1.),.PIECEWISE_BEZIER_KNOTS.);
#89=B_SPLINE_SURFACE_WITH_KNOTS('',3,1,((#15927,#15928),(#15929,#15930),
(#15931,#15932),(#15933,#15934)),.SURF_OF_LINEAR_EXTRUSION.,.F.,.F.,.F.,
(4,4),(2,2),(0.,1.),(0.,1.),.PIECEWISE_BEZIER_KNOTS.);
#90=B_SPLINE_SURFACE_WITH_KNOTS('',3,1,((#15940,#15941),(#15942,#15943),
(#15944,#15945),(#15946,#15947)),.SURF_OF_LINEAR_EXTRUSION.,.F.,.F.,.F.,
(4,4),(2,2),(0.,1.),(0.,1.),.PIECEWISE_BEZIER_KNOTS.);
#91=B_SPLINE_SURFACE_WITH_KNOTS('',3,1,((#15957,#15958),(#15959,#15960),
(#15961,#15962),(#15963,#15964)),.SURF_OF_LINEAR_EXTRUSION.,.F.,.F.,.F.,
(4,4),(2,2),(0.,1.),(0.,1.),.PIECEWISE_BEZIER_KNOTS.);
#92=B_SPLINE_SURFACE_WITH_KNOTS('',3,1,((#15974,#15975),(#15976,#15977),
(#15978,#15979),(#15980,#15981)),.SURF_OF_LINEAR_EXTRUSION.,.F.,.F.,.F.,
(4,4),(2,2),(0.,1.),(0.,1.),.PIECEWISE_BEZIER_KNOTS.);
#93=B_SPLINE_SURFACE_WITH_KNOTS('',3,1,((#15987,#15988),(#15989,#15990),
(#15991,#15992),(#15993,#15994)),.SURF_OF_LINEAR_EXTRUSION.,.F.,.F.,.F.,
(4,4),(2,2),(0.,1.),(0.,1.),.PIECEWISE_BEZIER_KNOTS.);
#94=B_SPLINE_SURFACE_WITH_KNOTS('',3,1,((#16097,#16098),(#16099,#16100),
(#16101,#16102),(#16103,#16104)),.SURF_OF_LINEAR_EXTRUSION.,.F.,.F.,.F.,
(4,4),(2,2),(0.,1.),(0.,1.),.PIECEWISE_BEZIER_KNOTS.);
#95=B_SPLINE_SURFACE_WITH_KNOTS('',3,1,((#16112,#16113),(#16114,#16115),
(#16116,#16117),(#16118,#16119)),.SURF_OF_LINEAR_EXTRUSION.,.F.,.F.,.F.,
(4,4),(2,2),(0.,1.),(0.,1.),.PIECEWISE_BEZIER_KNOTS.);
#96=B_SPLINE_SURFACE_WITH_KNOTS('',3,1,((#16125,#16126),(#16127,#16128),
(#16129,#16130),(#16131,#16132)),.SURF_OF_LINEAR_EXTRUSION.,.F.,.F.,.F.,
(4,4),(2,2),(0.,1.),(0.,1.),.PIECEWISE_BEZIER_KNOTS.);
#97=B_SPLINE_SURFACE_WITH_KNOTS('',3,1,((#16179,#16180),(#16181,#16182),
(#16183,#16184),(#16185,#16186)),.SURF_OF_LINEAR_EXTRUSION.,.F.,.F.,.F.,
(4,4),(2,2),(0.,1.),(0.,1.),.PIECEWISE_BEZIER_KNOTS.);
#98=B_SPLINE_SURFACE_WITH_KNOTS('',3,1,((#16196,#16197),(#16198,#16199),
(#16200,#16201),(#16202,#16203)),.SURF_OF_LINEAR_EXTRUSION.,.F.,.F.,.F.,
(4,4),(2,2),(0.,1.),(0.,1.),.PIECEWISE_BEZIER_KNOTS.);
#99=B_SPLINE_SURFACE_WITH_KNOTS('',3,1,((#16213,#16214),(#16215,#16216),
(#16217,#16218),(#16219,#16220)),.SURF_OF_LINEAR_EXTRUSION.,.F.,.F.,.F.,
(4,4),(2,2),(0.,1.),(0.,1.),.PIECEWISE_BEZIER_KNOTS.);
#100=B_SPLINE_SURFACE_WITH_KNOTS('',3,1,((#16230,#16231),(#16232,#16233),
(#16234,#16235),(#16236,#16237)),.SURF_OF_LINEAR_EXTRUSION.,.F.,.F.,.F.,
(4,4),(2,2),(0.,1.),(0.,1.),.PIECEWISE_BEZIER_KNOTS.);
#101=B_SPLINE_SURFACE_WITH_KNOTS('',3,1,((#16244,#16245),(#16246,#16247),
(#16248,#16249),(#16250,#16251)),.SURF_OF_LINEAR_EXTRUSION.,.F.,.F.,.F.,
(4,4),(2,2),(0.,1.),(0.,1.),.PIECEWISE_BEZIER_KNOTS.);
#102=B_SPLINE_SURFACE_WITH_KNOTS('',3,1,((#16257,#16258),(#16259,#16260),
(#16261,#16262),(#16263,#16264)),.SURF_OF_LINEAR_EXTRUSION.,.F.,.F.,.F.,
(4,4),(2,2),(0.,1.),(0.,1.),.PIECEWISE_BEZIER_KNOTS.);
#103=B_SPLINE_SURFACE_WITH_KNOTS('',3,1,((#16277,#16278),(#16279,#16280),
(#16281,#16282),(#16283,#16284)),.SURF_OF_LINEAR_EXTRUSION.,.F.,.F.,.F.,
(4,4),(2,2),(0.,1.),(0.,1.),.PIECEWISE_BEZIER_KNOTS.);
#104=B_SPLINE_SURFACE_WITH_KNOTS('',3,1,((#16306,#16307),(#16308,#16309),
(#16310,#16311),(#16312,#16313)),.SURF_OF_LINEAR_EXTRUSION.,.F.,.F.,.F.,
(4,4),(2,2),(0.,1.),(0.,1.),.PIECEWISE_BEZIER_KNOTS.);
#105=B_SPLINE_SURFACE_WITH_KNOTS('',3,1,((#16321,#16322),(#16323,#16324),
(#16325,#16326),(#16327,#16328)),.SURF_OF_LINEAR_EXTRUSION.,.F.,.F.,.F.,
(4,4),(2,2),(0.,1.),(0.,1.),.PIECEWISE_BEZIER_KNOTS.);
#106=B_SPLINE_SURFACE_WITH_KNOTS('',3,1,((#16334,#16335),(#16336,#16337),
(#16338,#16339),(#16340,#16341)),.SURF_OF_LINEAR_EXTRUSION.,.F.,.F.,.F.,
(4,4),(2,2),(0.,1.),(0.,1.),.PIECEWISE_BEZIER_KNOTS.);
#107=B_SPLINE_SURFACE_WITH_KNOTS('',3,1,((#16359,#16360),(#16361,#16362),
(#16363,#16364),(#16365,#16366)),.SURF_OF_LINEAR_EXTRUSION.,.F.,.F.,.F.,
(4,4),(2,2),(0.,1.),(0.,1.),.PIECEWISE_BEZIER_KNOTS.);
#108=B_SPLINE_SURFACE_WITH_KNOTS('',3,1,((#16389,#16390),(#16391,#16392),
(#16393,#16394),(#16395,#16396)),.SURF_OF_LINEAR_EXTRUSION.,.F.,.F.,.F.,
(4,4),(2,2),(0.,1.),(0.,1.),.PIECEWISE_BEZIER_KNOTS.);
#109=B_SPLINE_SURFACE_WITH_KNOTS('',3,1,((#16406,#16407),(#16408,#16409),
(#16410,#16411),(#16412,#16413)),.SURF_OF_LINEAR_EXTRUSION.,.F.,.F.,.F.,
(4,4),(2,2),(0.,1.),(0.,1.),.PIECEWISE_BEZIER_KNOTS.);
#110=B_SPLINE_SURFACE_WITH_KNOTS('',3,1,((#16423,#16424),(#16425,#16426),
(#16427,#16428),(#16429,#16430)),.SURF_OF_LINEAR_EXTRUSION.,.F.,.F.,.F.,
(4,4),(2,2),(0.,1.),(0.,1.),.PIECEWISE_BEZIER_KNOTS.);
#111=B_SPLINE_SURFACE_WITH_KNOTS('',3,1,((#16461,#16462),(#16463,#16464),
(#16465,#16466),(#16467,#16468)),.SURF_OF_LINEAR_EXTRUSION.,.F.,.F.,.F.,
(4,4),(2,2),(0.,1.),(0.,1.),.PIECEWISE_BEZIER_KNOTS.);
#112=B_SPLINE_SURFACE_WITH_KNOTS('',3,1,((#16478,#16479),(#16480,#16481),
(#16482,#16483),(#16484,#16485)),.SURF_OF_LINEAR_EXTRUSION.,.F.,.F.,.F.,
(4,4),(2,2),(0.,1.),(0.,1.),.PIECEWISE_BEZIER_KNOTS.);
#113=B_SPLINE_SURFACE_WITH_KNOTS('',3,1,((#16495,#16496),(#16497,#16498),
(#16499,#16500),(#16501,#16502)),.SURF_OF_LINEAR_EXTRUSION.,.F.,.F.,.F.,
(4,4),(2,2),(0.,1.),(0.,1.),.PIECEWISE_BEZIER_KNOTS.);
#114=B_SPLINE_SURFACE_WITH_KNOTS('',3,1,((#16526,#16527),(#16528,#16529),
(#16530,#16531),(#16532,#16533)),.SURF_OF_LINEAR_EXTRUSION.,.F.,.F.,.F.,
(4,4),(2,2),(0.,1.),(0.,1.),.PIECEWISE_BEZIER_KNOTS.);
#115=B_SPLINE_SURFACE_WITH_KNOTS('',3,1,((#16539,#16540),(#16541,#16542),
(#16543,#16544),(#16545,#16546)),.SURF_OF_LINEAR_EXTRUSION.,.F.,.F.,.F.,
(4,4),(2,2),(0.,1.),(0.,1.),.PIECEWISE_BEZIER_KNOTS.);
#116=B_SPLINE_SURFACE_WITH_KNOTS('',3,1,((#16552,#16553),(#16554,#16555),
(#16556,#16557),(#16558,#16559)),.SURF_OF_LINEAR_EXTRUSION.,.F.,.F.,.F.,
(4,4),(2,2),(0.,1.),(0.,1.),.PIECEWISE_BEZIER_KNOTS.);
#117=B_SPLINE_SURFACE_WITH_KNOTS('',3,1,((#16565,#16566),(#16567,#16568),
(#16569,#16570),(#16571,#16572)),.SURF_OF_LINEAR_EXTRUSION.,.F.,.F.,.F.,
(4,4),(2,2),(0.,1.),(0.,1.),.PIECEWISE_BEZIER_KNOTS.);
#118=B_SPLINE_SURFACE_WITH_KNOTS('',3,1,((#16586,#16587),(#16588,#16589),
(#16590,#16591),(#16592,#16593)),.SURF_OF_LINEAR_EXTRUSION.,.F.,.F.,.F.,
(4,4),(2,2),(0.,1.),(0.,1.),.PIECEWISE_BEZIER_KNOTS.);
#119=B_SPLINE_SURFACE_WITH_KNOTS('',3,1,((#16599,#16600),(#16601,#16602),
(#16603,#16604),(#16605,#16606)),.SURF_OF_LINEAR_EXTRUSION.,.F.,.F.,.F.,
(4,4),(2,2),(0.,1.),(0.,1.),.PIECEWISE_BEZIER_KNOTS.);
#120=B_SPLINE_SURFACE_WITH_KNOTS('',3,1,((#16612,#16613),(#16614,#16615),
(#16616,#16617),(#16618,#16619)),.SURF_OF_LINEAR_EXTRUSION.,.F.,.F.,.F.,
(4,4),(2,2),(0.,1.),(0.,1.),.PIECEWISE_BEZIER_KNOTS.);
#121=B_SPLINE_SURFACE_WITH_KNOTS('',3,1,((#16626,#16627),(#16628,#16629),
(#16630,#16631),(#16632,#16633)),.SURF_OF_LINEAR_EXTRUSION.,.F.,.F.,.F.,
(4,4),(2,2),(0.,1.),(0.,1.),.PIECEWISE_BEZIER_KNOTS.);
#122=B_SPLINE_SURFACE_WITH_KNOTS('',3,1,((#16657,#16658),(#16659,#16660),
(#16661,#16662),(#16663,#16664)),.SURF_OF_LINEAR_EXTRUSION.,.F.,.F.,.F.,
(4,4),(2,2),(0.,1.),(0.,1.),.PIECEWISE_BEZIER_KNOTS.);
#123=B_SPLINE_SURFACE_WITH_KNOTS('',3,1,((#16674,#16675),(#16676,#16677),
(#16678,#16679),(#16680,#16681)),.SURF_OF_LINEAR_EXTRUSION.,.F.,.F.,.F.,
(4,4),(2,2),(0.,1.),(0.,1.),.PIECEWISE_BEZIER_KNOTS.);
#124=B_SPLINE_SURFACE_WITH_KNOTS('',3,1,((#16691,#16692),(#16693,#16694),
(#16695,#16696),(#16697,#16698)),.SURF_OF_LINEAR_EXTRUSION.,.F.,.F.,.F.,
(4,4),(2,2),(0.,1.),(0.,1.),.PIECEWISE_BEZIER_KNOTS.);
#125=B_SPLINE_SURFACE_WITH_KNOTS('',3,1,((#16729,#16730),(#16731,#16732),
(#16733,#16734),(#16735,#16736)),.SURF_OF_LINEAR_EXTRUSION.,.F.,.F.,.F.,
(4,4),(2,2),(0.,1.),(0.,1.),.PIECEWISE_BEZIER_KNOTS.);
#126=B_SPLINE_SURFACE_WITH_KNOTS('',3,1,((#16746,#16747),(#16748,#16749),
(#16750,#16751),(#16752,#16753)),.SURF_OF_LINEAR_EXTRUSION.,.F.,.F.,.F.,
(4,4),(2,2),(0.,1.),(0.,1.),.PIECEWISE_BEZIER_KNOTS.);
#127=B_SPLINE_SURFACE_WITH_KNOTS('',3,1,((#16763,#16764),(#16765,#16766),
(#16767,#16768),(#16769,#16770)),.SURF_OF_LINEAR_EXTRUSION.,.F.,.F.,.F.,
(4,4),(2,2),(0.,1.),(0.,1.),.PIECEWISE_BEZIER_KNOTS.);
#128=B_SPLINE_SURFACE_WITH_KNOTS('',3,1,((#16794,#16795),(#16796,#16797),
(#16798,#16799),(#16800,#16801)),.SURF_OF_LINEAR_EXTRUSION.,.F.,.F.,.F.,
(4,4),(2,2),(0.,1.),(0.,1.),.PIECEWISE_BEZIER_KNOTS.);
#129=B_SPLINE_SURFACE_WITH_KNOTS('',3,1,((#16807,#16808),(#16809,#16810),
(#16811,#16812),(#16813,#16814)),.SURF_OF_LINEAR_EXTRUSION.,.F.,.F.,.F.,
(4,4),(2,2),(0.,1.),(0.,1.),.PIECEWISE_BEZIER_KNOTS.);
#130=B_SPLINE_SURFACE_WITH_KNOTS('',3,1,((#16820,#16821),(#16822,#16823),
(#16824,#16825),(#16826,#16827)),.SURF_OF_LINEAR_EXTRUSION.,.F.,.F.,.F.,
(4,4),(2,2),(0.,1.),(0.,1.),.PIECEWISE_BEZIER_KNOTS.);
#131=B_SPLINE_SURFACE_WITH_KNOTS('',3,1,((#16833,#16834),(#16835,#16836),
(#16837,#16838),(#16839,#16840)),.SURF_OF_LINEAR_EXTRUSION.,.F.,.F.,.F.,
(4,4),(2,2),(0.,1.),(0.,1.),.PIECEWISE_BEZIER_KNOTS.);
#132=B_SPLINE_SURFACE_WITH_KNOTS('',3,1,((#16854,#16855),(#16856,#16857),
(#16858,#16859),(#16860,#16861)),.SURF_OF_LINEAR_EXTRUSION.,.F.,.F.,.F.,
(4,4),(2,2),(0.,1.),(0.,1.),.PIECEWISE_BEZIER_KNOTS.);
#133=B_SPLINE_SURFACE_WITH_KNOTS('',3,1,((#16867,#16868),(#16869,#16870),
(#16871,#16872),(#16873,#16874)),.SURF_OF_LINEAR_EXTRUSION.,.F.,.F.,.F.,
(4,4),(2,2),(0.,1.),(0.,1.),.PIECEWISE_BEZIER_KNOTS.);
#134=B_SPLINE_SURFACE_WITH_KNOTS('',3,1,((#16880,#16881),(#16882,#16883),
(#16884,#16885),(#16886,#16887)),.SURF_OF_LINEAR_EXTRUSION.,.F.,.F.,.F.,
(4,4),(2,2),(0.,1.),(0.,1.),.PIECEWISE_BEZIER_KNOTS.);
#135=B_SPLINE_SURFACE_WITH_KNOTS('',3,1,((#16894,#16895),(#16896,#16897),
(#16898,#16899),(#16900,#16901)),.SURF_OF_LINEAR_EXTRUSION.,.F.,.F.,.F.,
(4,4),(2,2),(0.,1.),(0.,1.),.PIECEWISE_BEZIER_KNOTS.);
#136=TOROIDAL_SURFACE('',#10048,0.012,0.003);
#137=TOROIDAL_SURFACE('',#10053,0.012,0.003);
#138=TOROIDAL_SURFACE('',#10058,0.012,0.003);
#139=TOROIDAL_SURFACE('',#10063,0.012,0.003);
#140=TOROIDAL_SURFACE('',#10103,0.012,0.0005);
#141=TOROIDAL_SURFACE('',#10105,0.012,0.0005);
#142=TOROIDAL_SURFACE('',#10107,0.012,0.0005);
#143=TOROIDAL_SURFACE('',#10109,0.012,0.0005);
#144=TOROIDAL_SURFACE('',#10127,0.0215,0.001);
#145=TOROIDAL_SURFACE('',#10128,0.0175,0.001);
#146=TOROIDAL_SURFACE('',#10133,0.0071,0.0005);
#147=TOROIDAL_SURFACE('',#10134,0.0071,0.0005);
#148=TOROIDAL_SURFACE('',#10387,0.014,0.001);
#149=TOROIDAL_SURFACE('',#10390,0.014,0.001);
#150=TOROIDAL_SURFACE('',#10393,0.014,0.001);
#151=TOROIDAL_SURFACE('',#10396,0.014,0.001);
#152=TOROIDAL_SURFACE('',#10535,0.00112913361712309,0.0005);
#153=TOROIDAL_SURFACE('',#10539,0.00527913361712309,0.00162913361712308);
#154=TOROIDAL_SURFACE('',#10540,0.00112913361712309,0.0005);
#155=TOROIDAL_SURFACE('',#10551,0.00112913,0.0005);
#156=TOROIDAL_SURFACE('',#10553,0.00527913,0.00162913);
#157=TOROIDAL_SURFACE('',#10555,0.00112913,0.0005);
#158=TOROIDAL_SURFACE('',#10565,0.00112913,0.0005);
#159=TOROIDAL_SURFACE('',#10567,0.00527913,0.00162913);
#160=TOROIDAL_SURFACE('',#10569,0.00112913,0.0005);
#161=TOROIDAL_SURFACE('',#10579,0.0011,0.0005);
#162=TOROIDAL_SURFACE('',#10581,0.00525,0.0016);
#163=TOROIDAL_SURFACE('',#10583,0.0011,0.0005);
#164=TOROIDAL_SURFACE('',#10597,0.00422426406871193,0.000724264068711929);
#165=TOROIDAL_SURFACE('',#10598,0.00297426,0.00072426);
#166=TOROIDAL_SURFACE('',#10605,0.00297426,0.00072426);
#167=TOROIDAL_SURFACE('',#10606,0.00297426,0.00072426);
#168=TOROIDAL_SURFACE('',#10613,0.00297426,0.00072426);
#169=B_SPLINE_CURVE_WITH_KNOTS('',2,(#13177,#13178,#13179),
 .UNSPECIFIED.,.F.,.F.,(3,3),(0.,1.),.PIECEWISE_BEZIER_KNOTS.);
#170=B_SPLINE_CURVE_WITH_KNOTS('',2,(#13181,#13182,#13183),
 .UNSPECIFIED.,.F.,.F.,(3,3),(0.,1.),.PIECEWISE_BEZIER_KNOTS.);
#171=B_SPLINE_CURVE_WITH_KNOTS('',2,(#13185,#13186,#13187),
 .UNSPECIFIED.,.F.,.F.,(3,3),(0.,1.),.PIECEWISE_BEZIER_KNOTS.);
#172=B_SPLINE_CURVE_WITH_KNOTS('',2,(#13193,#13194,#13195),
 .UNSPECIFIED.,.F.,.F.,(3,3),(0.,1.),.PIECEWISE_BEZIER_KNOTS.);
#173=B_SPLINE_CURVE_WITH_KNOTS('',2,(#13197,#13198,#13199),
 .UNSPECIFIED.,.F.,.F.,(3,3),(0.,1.),.PIECEWISE_BEZIER_KNOTS.);
#174=B_SPLINE_CURVE_WITH_KNOTS('',2,(#13201,#13202,#13203),
 .UNSPECIFIED.,.F.,.F.,(3,3),(0.,1.),.PIECEWISE_BEZIER_KNOTS.);
#175=B_SPLINE_CURVE_WITH_KNOTS('',2,(#13205,#13206,#13207),
 .UNSPECIFIED.,.F.,.F.,(3,3),(0.,1.),.PIECEWISE_BEZIER_KNOTS.);
#176=B_SPLINE_CURVE_WITH_KNOTS('',2,(#13210,#13211,#13212),
 .UNSPECIFIED.,.F.,.F.,(3,3),(0.,1.),.PIECEWISE_BEZIER_KNOTS.);
#177=B_SPLINE_CURVE_WITH_KNOTS('',2,(#13215,#13216,#13217),
 .UNSPECIFIED.,.F.,.F.,(3,3),(0.,1.),.PIECEWISE_BEZIER_KNOTS.);
#178=B_SPLINE_CURVE_WITH_KNOTS('',2,(#13219,#13220,#13221),
 .UNSPECIFIED.,.F.,.F.,(3,3),(0.,1.),.PIECEWISE_BEZIER_KNOTS.);
#179=B_SPLINE_CURVE_WITH_KNOTS('',2,(#13233,#13234,#13235),
 .UNSPECIFIED.,.F.,.F.,(3,3),(0.,1.),.PIECEWISE_BEZIER_KNOTS.);
#180=B_SPLINE_CURVE_WITH_KNOTS('',2,(#13284,#13285,#13286),
 .UNSPECIFIED.,.F.,.F.,(3,3),(0.,1.),.PIECEWISE_BEZIER_KNOTS.);
#181=B_SPLINE_CURVE_WITH_KNOTS('',2,(#13289,#13290,#13291),
 .UNSPECIFIED.,.F.,.F.,(3,3),(0.,1.),.PIECEWISE_BEZIER_KNOTS.);
#182=B_SPLINE_CURVE_WITH_KNOTS('',2,(#13293,#13294,#13295),
 .UNSPECIFIED.,.F.,.F.,(3,3),(0.,1.),.PIECEWISE_BEZIER_KNOTS.);
#183=B_SPLINE_CURVE_WITH_KNOTS('',2,(#13297,#13298,#13299),
 .UNSPECIFIED.,.F.,.F.,(3,3),(0.,1.),.PIECEWISE_BEZIER_KNOTS.);
#184=B_SPLINE_CURVE_WITH_KNOTS('',2,(#13303,#13304,#13305),
 .UNSPECIFIED.,.F.,.F.,(3,3),(0.,1.),.PIECEWISE_BEZIER_KNOTS.);
#185=B_SPLINE_CURVE_WITH_KNOTS('',2,(#13309,#13310,#13311),
 .UNSPECIFIED.,.F.,.F.,(3,3),(0.,1.),.PIECEWISE_BEZIER_KNOTS.);
#186=B_SPLINE_CURVE_WITH_KNOTS('',2,(#13313,#13314,#13315),
 .UNSPECIFIED.,.F.,.F.,(3,3),(0.,1.),.PIECEWISE_BEZIER_KNOTS.);
#187=B_SPLINE_CURVE_WITH_KNOTS('',2,(#13321,#13322,#13323),
 .UNSPECIFIED.,.F.,.F.,(3,3),(0.,1.),.PIECEWISE_BEZIER_KNOTS.);
#188=B_SPLINE_CURVE_WITH_KNOTS('',2,(#13325,#13326,#13327),
 .UNSPECIFIED.,.F.,.F.,(3,3),(0.,1.),.PIECEWISE_BEZIER_KNOTS.);
#189=B_SPLINE_CURVE_WITH_KNOTS('',2,(#13333,#13334,#13335),
 .UNSPECIFIED.,.F.,.F.,(3,3),(0.,1.),.PIECEWISE_BEZIER_KNOTS.);
#190=B_SPLINE_CURVE_WITH_KNOTS('',2,(#13337,#13338,#13339),
 .UNSPECIFIED.,.F.,.F.,(3,3),(0.,1.),.PIECEWISE_BEZIER_KNOTS.);
#191=B_SPLINE_CURVE_WITH_KNOTS('',2,(#13351,#13352,#13353),
 .UNSPECIFIED.,.F.,.F.,(3,3),(0.,1.),.PIECEWISE_BEZIER_KNOTS.);
#192=B_SPLINE_CURVE_WITH_KNOTS('',2,(#13361,#13362,#13363),
 .UNSPECIFIED.,.F.,.F.,(3,3),(0.,1.),.PIECEWISE_BEZIER_KNOTS.);
#193=B_SPLINE_CURVE_WITH_KNOTS('',2,(#13365,#13366,#13367),
 .UNSPECIFIED.,.F.,.F.,(3,3),(0.,1.),.PIECEWISE_BEZIER_KNOTS.);
#194=B_SPLINE_CURVE_WITH_KNOTS('',2,(#13395,#13396,#13397),
 .UNSPECIFIED.,.F.,.F.,(3,3),(0.,1.),.PIECEWISE_BEZIER_KNOTS.);
#195=B_SPLINE_CURVE_WITH_KNOTS('',2,(#13399,#13400,#13401),
 .UNSPECIFIED.,.F.,.F.,(3,3),(0.,1.),.PIECEWISE_BEZIER_KNOTS.);
#196=B_SPLINE_CURVE_WITH_KNOTS('',2,(#13403,#13404,#13405),
 .UNSPECIFIED.,.F.,.F.,(3,3),(0.,1.),.PIECEWISE_BEZIER_KNOTS.);
#197=B_SPLINE_CURVE_WITH_KNOTS('',2,(#13407,#13408,#13409),
 .UNSPECIFIED.,.F.,.F.,(3,3),(0.,1.),.PIECEWISE_BEZIER_KNOTS.);
#198=B_SPLINE_CURVE_WITH_KNOTS('',2,(#13415,#13416,#13417),
 .UNSPECIFIED.,.F.,.F.,(3,3),(0.,1.),.PIECEWISE_BEZIER_KNOTS.);
#199=B_SPLINE_CURVE_WITH_KNOTS('',2,(#13419,#13420,#13421),
 .UNSPECIFIED.,.F.,.F.,(3,3),(0.,1.),.PIECEWISE_BEZIER_KNOTS.);
#200=B_SPLINE_CURVE_WITH_KNOTS('',2,(#13423,#13424,#13425),
 .UNSPECIFIED.,.F.,.F.,(3,3),(0.,1.),.PIECEWISE_BEZIER_KNOTS.);
#201=B_SPLINE_CURVE_WITH_KNOTS('',2,(#13429,#13430,#13431),
 .UNSPECIFIED.,.F.,.F.,(3,3),(0.,1.),.PIECEWISE_BEZIER_KNOTS.);
#202=B_SPLINE_CURVE_WITH_KNOTS('',2,(#13433,#13434,#13435),
 .UNSPECIFIED.,.F.,.F.,(3,3),(0.,1.),.PIECEWISE_BEZIER_KNOTS.);
#203=B_SPLINE_CURVE_WITH_KNOTS('',2,(#13476,#13477,#13478),
 .UNSPECIFIED.,.F.,.F.,(3,3),(0.,1.),.PIECEWISE_BEZIER_KNOTS.);
#204=B_SPLINE_CURVE_WITH_KNOTS('',2,(#13481,#13482,#13483),
 .UNSPECIFIED.,.F.,.F.,(3,3),(0.,1.),.PIECEWISE_BEZIER_KNOTS.);
#205=B_SPLINE_CURVE_WITH_KNOTS('',2,(#13485,#13486,#13487),
 .UNSPECIFIED.,.F.,.F.,(3,3),(0.,1.),.PIECEWISE_BEZIER_KNOTS.);
#206=B_SPLINE_CURVE_WITH_KNOTS('',2,(#13489,#13490,#13491),
 .UNSPECIFIED.,.F.,.F.,(3,3),(0.,1.),.PIECEWISE_BEZIER_KNOTS.);
#207=B_SPLINE_CURVE_WITH_KNOTS('',2,(#13495,#13496,#13497),
 .UNSPECIFIED.,.F.,.F.,(3,3),(0.,1.),.PIECEWISE_BEZIER_KNOTS.);
#208=B_SPLINE_CURVE_WITH_KNOTS('',2,(#13501,#13502,#13503),
 .UNSPECIFIED.,.F.,.F.,(3,3),(0.,1.),.PIECEWISE_BEZIER_KNOTS.);
#209=B_SPLINE_CURVE_WITH_KNOTS('',2,(#13505,#13506,#13507),
 .UNSPECIFIED.,.F.,.F.,(3,3),(0.,1.),.PIECEWISE_BEZIER_KNOTS.);
#210=B_SPLINE_CURVE_WITH_KNOTS('',2,(#13513,#13514,#13515),
 .UNSPECIFIED.,.F.,.F.,(3,3),(0.,1.),.PIECEWISE_BEZIER_KNOTS.);
#211=B_SPLINE_CURVE_WITH_KNOTS('',2,(#13517,#13518,#13519),
 .UNSPECIFIED.,.F.,.F.,(3,3),(0.,1.),.PIECEWISE_BEZIER_KNOTS.);
#212=B_SPLINE_CURVE_WITH_KNOTS('',2,(#13525,#13526,#13527),
 .UNSPECIFIED.,.F.,.F.,(3,3),(0.,1.),.PIECEWISE_BEZIER_KNOTS.);
#213=B_SPLINE_CURVE_WITH_KNOTS('',2,(#13529,#13530,#13531),
 .UNSPECIFIED.,.F.,.F.,(3,3),(0.,1.),.PIECEWISE_BEZIER_KNOTS.);
#214=B_SPLINE_CURVE_WITH_KNOTS('',2,(#13543,#13544,#13545),
 .UNSPECIFIED.,.F.,.F.,(3,3),(0.,1.),.PIECEWISE_BEZIER_KNOTS.);
#215=B_SPLINE_CURVE_WITH_KNOTS('',2,(#13553,#13554,#13555),
 .UNSPECIFIED.,.F.,.F.,(3,3),(0.,1.),.PIECEWISE_BEZIER_KNOTS.);
#216=B_SPLINE_CURVE_WITH_KNOTS('',2,(#13557,#13558,#13559),
 .UNSPECIFIED.,.F.,.F.,(3,3),(0.,1.),.PIECEWISE_BEZIER_KNOTS.);
#217=B_SPLINE_CURVE_WITH_KNOTS('',2,(#13660,#13661,#13662),
 .UNSPECIFIED.,.F.,.F.,(3,3),(0.,1.),.PIECEWISE_BEZIER_KNOTS.);
#218=B_SPLINE_CURVE_WITH_KNOTS('',2,(#13665,#13666,#13667),
 .UNSPECIFIED.,.F.,.F.,(3,3),(0.,1.),.PIECEWISE_BEZIER_KNOTS.);
#219=B_SPLINE_CURVE_WITH_KNOTS('',2,(#13669,#13670,#13671),
 .UNSPECIFIED.,.F.,.F.,(3,3),(0.,1.),.PIECEWISE_BEZIER_KNOTS.);
#220=B_SPLINE_CURVE_WITH_KNOTS('',2,(#13673,#13674,#13675),
 .UNSPECIFIED.,.F.,.F.,(3,3),(0.,1.),.PIECEWISE_BEZIER_KNOTS.);
#221=B_SPLINE_CURVE_WITH_KNOTS('',2,(#13679,#13680,#13681),
 .UNSPECIFIED.,.F.,.F.,(3,3),(0.,1.),.PIECEWISE_BEZIER_KNOTS.);
#222=B_SPLINE_CURVE_WITH_KNOTS('',2,(#13685,#13686,#13687),
 .UNSPECIFIED.,.F.,.F.,(3,3),(0.,1.),.PIECEWISE_BEZIER_KNOTS.);
#223=B_SPLINE_CURVE_WITH_KNOTS('',2,(#13689,#13690,#13691),
 .UNSPECIFIED.,.F.,.F.,(3,3),(0.,1.),.PIECEWISE_BEZIER_KNOTS.);
#224=B_SPLINE_CURVE_WITH_KNOTS('',2,(#13697,#13698,#13699),
 .UNSPECIFIED.,.F.,.F.,(3,3),(0.,1.),.PIECEWISE_BEZIER_KNOTS.);
#225=B_SPLINE_CURVE_WITH_KNOTS('',2,(#13701,#13702,#13703),
 .UNSPECIFIED.,.F.,.F.,(3,3),(0.,1.),.PIECEWISE_BEZIER_KNOTS.);
#226=B_SPLINE_CURVE_WITH_KNOTS('',2,(#13709,#13710,#13711),
 .UNSPECIFIED.,.F.,.F.,(3,3),(0.,1.),.PIECEWISE_BEZIER_KNOTS.);
#227=B_SPLINE_CURVE_WITH_KNOTS('',2,(#13713,#13714,#13715),
 .UNSPECIFIED.,.F.,.F.,(3,3),(0.,1.),.PIECEWISE_BEZIER_KNOTS.);
#228=B_SPLINE_CURVE_WITH_KNOTS('',2,(#13727,#13728,#13729),
 .UNSPECIFIED.,.F.,.F.,(3,3),(0.,1.),.PIECEWISE_BEZIER_KNOTS.);
#229=B_SPLINE_CURVE_WITH_KNOTS('',2,(#13737,#13738,#13739),
 .UNSPECIFIED.,.F.,.F.,(3,3),(0.,1.),.PIECEWISE_BEZIER_KNOTS.);
#230=B_SPLINE_CURVE_WITH_KNOTS('',2,(#13741,#13742,#13743),
 .UNSPECIFIED.,.F.,.F.,(3,3),(0.,1.),.PIECEWISE_BEZIER_KNOTS.);
#231=B_SPLINE_CURVE_WITH_KNOTS('',2,(#13755,#13756,#13757),
 .UNSPECIFIED.,.F.,.F.,(3,3),(0.,1.),.PIECEWISE_BEZIER_KNOTS.);
#232=B_SPLINE_CURVE_WITH_KNOTS('',2,(#13759,#13760,#13761),
 .UNSPECIFIED.,.F.,.F.,(3,3),(0.,1.),.PIECEWISE_BEZIER_KNOTS.);
#233=B_SPLINE_CURVE_WITH_KNOTS('',2,(#13765,#13766,#13767),
 .UNSPECIFIED.,.F.,.F.,(3,3),(0.,1.),.PIECEWISE_BEZIER_KNOTS.);
#234=B_SPLINE_CURVE_WITH_KNOTS('',2,(#13780,#13781,#13782),
 .UNSPECIFIED.,.F.,.F.,(3,3),(0.,1.),.PIECEWISE_BEZIER_KNOTS.);
#235=B_SPLINE_CURVE_WITH_KNOTS('',2,(#13785,#13786,#13787),
 .UNSPECIFIED.,.F.,.F.,(3,3),(0.,1.),.PIECEWISE_BEZIER_KNOTS.);
#236=B_SPLINE_CURVE_WITH_KNOTS('',2,(#13789,#13790,#13791),
 .UNSPECIFIED.,.F.,.F.,(3,3),(0.,1.),.PIECEWISE_BEZIER_KNOTS.);
#237=B_SPLINE_CURVE_WITH_KNOTS('',2,(#13799,#13800,#13801),
 .UNSPECIFIED.,.F.,.F.,(3,3),(0.,1.),.PIECEWISE_BEZIER_KNOTS.);
#238=B_SPLINE_CURVE_WITH_KNOTS('',2,(#13807,#13808,#13809),
 .UNSPECIFIED.,.F.,.F.,(3,3),(0.,1.),.PIECEWISE_BEZIER_KNOTS.);
#239=B_SPLINE_CURVE_WITH_KNOTS('',2,(#13811,#13812,#13813),
 .UNSPECIFIED.,.F.,.F.,(3,3),(0.,1.),.PIECEWISE_BEZIER_KNOTS.);
#240=B_SPLINE_CURVE_WITH_KNOTS('',2,(#13815,#13816,#13817),
 .UNSPECIFIED.,.F.,.F.,(3,3),(0.,1.),.PIECEWISE_BEZIER_KNOTS.);
#241=B_SPLINE_CURVE_WITH_KNOTS('',2,(#13823,#13824,#13825),
 .UNSPECIFIED.,.F.,.F.,(3,3),(0.,1.),.PIECEWISE_BEZIER_KNOTS.);
#242=B_SPLINE_CURVE_WITH_KNOTS('',2,(#13827,#13828,#13829),
 .UNSPECIFIED.,.F.,.F.,(3,3),(0.,1.),.PIECEWISE_BEZIER_KNOTS.);
#243=B_SPLINE_CURVE_WITH_KNOTS('',2,(#13831,#13832,#13833),
 .UNSPECIFIED.,.F.,.F.,(3,3),(0.,1.),.PIECEWISE_BEZIER_KNOTS.);
#244=B_SPLINE_CURVE_WITH_KNOTS('',2,(#13835,#13836,#13837),
 .UNSPECIFIED.,.F.,.F.,(3,3),(0.,1.),.PIECEWISE_BEZIER_KNOTS.);
#245=B_SPLINE_CURVE_WITH_KNOTS('',2,(#13899,#13900,#13901),
 .UNSPECIFIED.,.F.,.F.,(3,3),(0.,1.),.PIECEWISE_BEZIER_KNOTS.);
#246=B_SPLINE_CURVE_WITH_KNOTS('',2,(#13903,#13904,#13905),
 .UNSPECIFIED.,.F.,.F.,(3,3),(0.,1.),.PIECEWISE_BEZIER_KNOTS.);
#247=B_SPLINE_CURVE_WITH_KNOTS('',2,(#13907,#13908,#13909),
 .UNSPECIFIED.,.F.,.F.,(3,3),(0.,1.),.PIECEWISE_BEZIER_KNOTS.);
#248=B_SPLINE_CURVE_WITH_KNOTS('',2,(#13915,#13916,#13917),
 .UNSPECIFIED.,.F.,.F.,(3,3),(0.,1.),.PIECEWISE_BEZIER_KNOTS.);
#249=B_SPLINE_CURVE_WITH_KNOTS('',2,(#13919,#13920,#13921),
 .UNSPECIFIED.,.F.,.F.,(3,3),(0.,1.),.PIECEWISE_BEZIER_KNOTS.);
#250=B_SPLINE_CURVE_WITH_KNOTS('',2,(#13923,#13924,#13925),
 .UNSPECIFIED.,.F.,.F.,(3,3),(0.,1.),.PIECEWISE_BEZIER_KNOTS.);
#251=B_SPLINE_CURVE_WITH_KNOTS('',2,(#13927,#13928,#13929),
 .UNSPECIFIED.,.F.,.F.,(3,3),(0.,1.),.PIECEWISE_BEZIER_KNOTS.);
#252=B_SPLINE_CURVE_WITH_KNOTS('',2,(#14210,#14211,#14212),
 .UNSPECIFIED.,.F.,.F.,(3,3),(0.,1.),.PIECEWISE_BEZIER_KNOTS.);
#253=B_SPLINE_CURVE_WITH_KNOTS('',2,(#14225,#14226,#14227),
 .UNSPECIFIED.,.F.,.F.,(3,3),(0.,1.),.PIECEWISE_BEZIER_KNOTS.);
#254=B_SPLINE_CURVE_WITH_KNOTS('',2,(#14238,#14239,#14240),
 .UNSPECIFIED.,.F.,.F.,(3,3),(0.,1.),.PIECEWISE_BEZIER_KNOTS.);
#255=B_SPLINE_CURVE_WITH_KNOTS('',2,(#14251,#14252,#14253),
 .UNSPECIFIED.,.F.,.F.,(3,3),(0.,1.),.PIECEWISE_BEZIER_KNOTS.);
#256=B_SPLINE_CURVE_WITH_KNOTS('',2,(#14276,#14277,#14278),
 .UNSPECIFIED.,.F.,.F.,(3,3),(0.,1.),.PIECEWISE_BEZIER_KNOTS.);
#257=B_SPLINE_CURVE_WITH_KNOTS('',2,(#14309,#14310,#14311),
 .UNSPECIFIED.,.F.,.F.,(3,3),(0.,1.),.PIECEWISE_BEZIER_KNOTS.);
#258=B_SPLINE_CURVE_WITH_KNOTS('',2,(#14322,#14323,#14324),
 .UNSPECIFIED.,.F.,.F.,(3,3),(0.,1.),.PIECEWISE_BEZIER_KNOTS.);
#259=B_SPLINE_CURVE_WITH_KNOTS('',2,(#14343,#14344,#14345),
 .UNSPECIFIED.,.F.,.F.,(3,3),(0.,1.),.PIECEWISE_BEZIER_KNOTS.);
#260=B_SPLINE_CURVE_WITH_KNOTS('',2,(#14356,#14357,#14358),
 .UNSPECIFIED.,.F.,.F.,(3,3),(0.,1.),.PIECEWISE_BEZIER_KNOTS.);
#261=B_SPLINE_CURVE_WITH_KNOTS('',2,(#14377,#14378,#14379),
 .UNSPECIFIED.,.F.,.F.,(3,3),(0.,1.),.PIECEWISE_BEZIER_KNOTS.);
#262=B_SPLINE_CURVE_WITH_KNOTS('',2,(#14390,#14391,#14392),
 .UNSPECIFIED.,.F.,.F.,(3,3),(0.,1.),.PIECEWISE_BEZIER_KNOTS.);
#263=B_SPLINE_CURVE_WITH_KNOTS('',2,(#14407,#14408,#14409),
 .UNSPECIFIED.,.F.,.F.,(3,3),(0.,1.),.PIECEWISE_BEZIER_KNOTS.);
#264=B_SPLINE_CURVE_WITH_KNOTS('',2,(#14424,#14425,#14426),
 .UNSPECIFIED.,.F.,.F.,(3,3),(0.,1.),.PIECEWISE_BEZIER_KNOTS.);
#265=B_SPLINE_CURVE_WITH_KNOTS('',2,(#14435,#14436,#14437),
 .UNSPECIFIED.,.F.,.F.,(3,3),(0.,1.),.PIECEWISE_BEZIER_KNOTS.);
#266=B_SPLINE_CURVE_WITH_KNOTS('',2,(#14471,#14472,#14473),
 .UNSPECIFIED.,.F.,.F.,(3,3),(0.,1.),.PIECEWISE_BEZIER_KNOTS.);
#267=B_SPLINE_CURVE_WITH_KNOTS('',2,(#14488,#14489,#14490),
 .UNSPECIFIED.,.F.,.F.,(3,3),(0.,1.),.PIECEWISE_BEZIER_KNOTS.);
#268=B_SPLINE_CURVE_WITH_KNOTS('',2,(#14501,#14502,#14503),
 .UNSPECIFIED.,.F.,.F.,(3,3),(0.,1.),.PIECEWISE_BEZIER_KNOTS.);
#269=B_SPLINE_CURVE_WITH_KNOTS('',2,(#14541,#14542,#14543),
 .UNSPECIFIED.,.F.,.F.,(3,3),(0.,1.),.PIECEWISE_BEZIER_KNOTS.);
#270=B_SPLINE_CURVE_WITH_KNOTS('',2,(#14547,#14548,#14549),
 .UNSPECIFIED.,.F.,.F.,(3,3),(0.,1.),.PIECEWISE_BEZIER_KNOTS.);
#271=B_SPLINE_CURVE_WITH_KNOTS('',2,(#14558,#14559,#14560),
 .UNSPECIFIED.,.F.,.F.,(3,3),(0.,1.),.PIECEWISE_BEZIER_KNOTS.);
#272=B_SPLINE_CURVE_WITH_KNOTS('',2,(#14564,#14565,#14566),
 .UNSPECIFIED.,.F.,.F.,(3,3),(0.,1.),.PIECEWISE_BEZIER_KNOTS.);
#273=B_SPLINE_CURVE_WITH_KNOTS('',2,(#14575,#14576,#14577),
 .UNSPECIFIED.,.F.,.F.,(3,3),(0.,1.),.PIECEWISE_BEZIER_KNOTS.);
#274=B_SPLINE_CURVE_WITH_KNOTS('',2,(#14581,#14582,#14583),
 .UNSPECIFIED.,.F.,.F.,(3,3),(0.,1.),.PIECEWISE_BEZIER_KNOTS.);
#275=B_SPLINE_CURVE_WITH_KNOTS('',2,(#14592,#14593,#14594),
 .UNSPECIFIED.,.F.,.F.,(3,3),(0.,1.),.PIECEWISE_BEZIER_KNOTS.);
#276=B_SPLINE_CURVE_WITH_KNOTS('',2,(#14595,#14596,#14597),
 .UNSPECIFIED.,.F.,.F.,(3,3),(0.,1.),.PIECEWISE_BEZIER_KNOTS.);
#277=B_SPLINE_CURVE_WITH_KNOTS('',2,(#14625,#14626,#14627),
 .UNSPECIFIED.,.F.,.F.,(3,3),(0.,1.),.PIECEWISE_BEZIER_KNOTS.);
#278=B_SPLINE_CURVE_WITH_KNOTS('',2,(#14631,#14632,#14633),
 .UNSPECIFIED.,.F.,.F.,(3,3),(0.,1.),.PIECEWISE_BEZIER_KNOTS.);
#279=B_SPLINE_CURVE_WITH_KNOTS('',2,(#14795,#14796,#14797),
 .UNSPECIFIED.,.F.,.F.,(3,3),(0.,1.),.PIECEWISE_BEZIER_KNOTS.);
#280=B_SPLINE_CURVE_WITH_KNOTS('',2,(#14810,#14811,#14812),
 .UNSPECIFIED.,.F.,.F.,(3,3),(0.,1.),.PIECEWISE_BEZIER_KNOTS.);
#281=B_SPLINE_CURVE_WITH_KNOTS('',2,(#14823,#14824,#14825),
 .UNSPECIFIED.,.F.,.F.,(3,3),(0.,1.),.PIECEWISE_BEZIER_KNOTS.);
#282=B_SPLINE_CURVE_WITH_KNOTS('',2,(#14836,#14837,#14838),
 .UNSPECIFIED.,.F.,.F.,(3,3),(0.,1.),.PIECEWISE_BEZIER_KNOTS.);
#283=B_SPLINE_CURVE_WITH_KNOTS('',2,(#14861,#14862,#14863),
 .UNSPECIFIED.,.F.,.F.,(3,3),(0.,1.),.PIECEWISE_BEZIER_KNOTS.);
#284=B_SPLINE_CURVE_WITH_KNOTS('',2,(#14894,#14895,#14896),
 .UNSPECIFIED.,.F.,.F.,(3,3),(0.,1.),.PIECEWISE_BEZIER_KNOTS.);
#285=B_SPLINE_CURVE_WITH_KNOTS('',2,(#14907,#14908,#14909),
 .UNSPECIFIED.,.F.,.F.,(3,3),(0.,1.),.PIECEWISE_BEZIER_KNOTS.);
#286=B_SPLINE_CURVE_WITH_KNOTS('',2,(#14928,#14929,#14930),
 .UNSPECIFIED.,.F.,.F.,(3,3),(0.,1.),.PIECEWISE_BEZIER_KNOTS.);
#287=B_SPLINE_CURVE_WITH_KNOTS('',2,(#14941,#14942,#14943),
 .UNSPECIFIED.,.F.,.F.,(3,3),(0.,1.),.PIECEWISE_BEZIER_KNOTS.);
#288=B_SPLINE_CURVE_WITH_KNOTS('',2,(#14962,#14963,#14964),
 .UNSPECIFIED.,.F.,.F.,(3,3),(0.,1.),.PIECEWISE_BEZIER_KNOTS.);
#289=B_SPLINE_CURVE_WITH_KNOTS('',2,(#14975,#14976,#14977),
 .UNSPECIFIED.,.F.,.F.,(3,3),(0.,1.),.PIECEWISE_BEZIER_KNOTS.);
#290=B_SPLINE_CURVE_WITH_KNOTS('',2,(#14992,#14993,#14994),
 .UNSPECIFIED.,.F.,.F.,(3,3),(0.,1.),.PIECEWISE_BEZIER_KNOTS.);
#291=B_SPLINE_CURVE_WITH_KNOTS('',2,(#15009,#15010,#15011),
 .UNSPECIFIED.,.F.,.F.,(3,3),(0.,1.),.PIECEWISE_BEZIER_KNOTS.);
#292=B_SPLINE_CURVE_WITH_KNOTS('',2,(#15020,#15021,#15022),
 .UNSPECIFIED.,.F.,.F.,(3,3),(0.,1.),.PIECEWISE_BEZIER_KNOTS.);
#293=B_SPLINE_CURVE_WITH_KNOTS('',2,(#15108,#15109,#15110),
 .UNSPECIFIED.,.F.,.F.,(3,3),(0.,1.),.PIECEWISE_BEZIER_KNOTS.);
#294=B_SPLINE_CURVE_WITH_KNOTS('',2,(#15135,#15136,#15137),
 .UNSPECIFIED.,.F.,.F.,(3,3),(0.,1.),.PIECEWISE_BEZIER_KNOTS.);
#295=B_SPLINE_CURVE_WITH_KNOTS('',2,(#15148,#15149,#15150),
 .UNSPECIFIED.,.F.,.F.,(3,3),(0.,1.),.PIECEWISE_BEZIER_KNOTS.);
#296=B_SPLINE_CURVE_WITH_KNOTS('',2,(#15165,#15166,#15167),
 .UNSPECIFIED.,.F.,.F.,(3,3),(0.,1.),.PIECEWISE_BEZIER_KNOTS.);
#297=B_SPLINE_CURVE_WITH_KNOTS('',2,(#15178,#15179,#15180),
 .UNSPECIFIED.,.F.,.F.,(3,3),(0.,1.),.PIECEWISE_BEZIER_KNOTS.);
#298=B_SPLINE_CURVE_WITH_KNOTS('',2,(#15191,#15192,#15193),
 .UNSPECIFIED.,.F.,.F.,(3,3),(0.,1.),.PIECEWISE_BEZIER_KNOTS.);
#299=B_SPLINE_CURVE_WITH_KNOTS('',2,(#15212,#15213,#15214),
 .UNSPECIFIED.,.F.,.F.,(3,3),(0.,1.),.PIECEWISE_BEZIER_KNOTS.);
#300=B_SPLINE_CURVE_WITH_KNOTS('',2,(#15225,#15226,#15227),
 .UNSPECIFIED.,.F.,.F.,(3,3),(0.,1.),.PIECEWISE_BEZIER_KNOTS.);
#301=B_SPLINE_CURVE_WITH_KNOTS('',2,(#15236,#15237,#15238),
 .UNSPECIFIED.,.F.,.F.,(3,3),(0.,1.),.PIECEWISE_BEZIER_KNOTS.);
#302=B_SPLINE_CURVE_WITH_KNOTS('',2,(#15300,#15301,#15302),
 .UNSPECIFIED.,.F.,.F.,(3,3),(0.,1.),.PIECEWISE_BEZIER_KNOTS.);
#303=B_SPLINE_CURVE_WITH_KNOTS('',2,(#15303,#15304,#15305),
 .UNSPECIFIED.,.F.,.F.,(3,3),(0.,1.),.PIECEWISE_BEZIER_KNOTS.);
#304=B_SPLINE_CURVE_WITH_KNOTS('',2,(#15317,#15318,#15319),
 .UNSPECIFIED.,.F.,.F.,(3,3),(0.,1.),.PIECEWISE_BEZIER_KNOTS.);
#305=B_SPLINE_CURVE_WITH_KNOTS('',2,(#15320,#15321,#15322),
 .UNSPECIFIED.,.F.,.F.,(3,3),(0.,1.),.PIECEWISE_BEZIER_KNOTS.);
#306=B_SPLINE_CURVE_WITH_KNOTS('',2,(#15334,#15335,#15336),
 .UNSPECIFIED.,.F.,.F.,(3,3),(0.,1.),.PIECEWISE_BEZIER_KNOTS.);
#307=B_SPLINE_CURVE_WITH_KNOTS('',2,(#15337,#15338,#15339),
 .UNSPECIFIED.,.F.,.F.,(3,3),(0.,1.),.PIECEWISE_BEZIER_KNOTS.);
#308=B_SPLINE_CURVE_WITH_KNOTS('',2,(#15372,#15373,#15374),
 .UNSPECIFIED.,.F.,.F.,(3,3),(0.,1.),.PIECEWISE_BEZIER_KNOTS.);
#309=B_SPLINE_CURVE_WITH_KNOTS('',2,(#15375,#15376,#15377),
 .UNSPECIFIED.,.F.,.F.,(3,3),(0.,1.),.PIECEWISE_BEZIER_KNOTS.);
#310=B_SPLINE_CURVE_WITH_KNOTS('',2,(#15389,#15390,#15391),
 .UNSPECIFIED.,.F.,.F.,(3,3),(0.,1.),.PIECEWISE_BEZIER_KNOTS.);
#311=B_SPLINE_CURVE_WITH_KNOTS('',2,(#15392,#15393,#15394),
 .UNSPECIFIED.,.F.,.F.,(3,3),(0.,1.),.PIECEWISE_BEZIER_KNOTS.);
#312=B_SPLINE_CURVE_WITH_KNOTS('',2,(#15406,#15407,#15408),
 .UNSPECIFIED.,.F.,.F.,(3,3),(0.,1.),.PIECEWISE_BEZIER_KNOTS.);
#313=B_SPLINE_CURVE_WITH_KNOTS('',2,(#15409,#15410,#15411),
 .UNSPECIFIED.,.F.,.F.,(3,3),(0.,1.),.PIECEWISE_BEZIER_KNOTS.);
#314=B_SPLINE_CURVE_WITH_KNOTS('',2,(#15436,#15437,#15438),
 .UNSPECIFIED.,.F.,.F.,(3,3),(0.,1.),.PIECEWISE_BEZIER_KNOTS.);
#315=B_SPLINE_CURVE_WITH_KNOTS('',2,(#15449,#15450,#15451),
 .UNSPECIFIED.,.F.,.F.,(3,3),(0.,1.),.PIECEWISE_BEZIER_KNOTS.);
#316=B_SPLINE_CURVE_WITH_KNOTS('',2,(#15462,#15463,#15464),
 .UNSPECIFIED.,.F.,.F.,(3,3),(0.,1.),.PIECEWISE_BEZIER_KNOTS.);
#317=B_SPLINE_CURVE_WITH_KNOTS('',2,(#15475,#15476,#15477),
 .UNSPECIFIED.,.F.,.F.,(3,3),(0.,1.),.PIECEWISE_BEZIER_KNOTS.);
#318=B_SPLINE_CURVE_WITH_KNOTS('',2,(#15496,#15497,#15498),
 .UNSPECIFIED.,.F.,.F.,(3,3),(0.,1.),.PIECEWISE_BEZIER_KNOTS.);
#319=B_SPLINE_CURVE_WITH_KNOTS('',2,(#15509,#15510,#15511),
 .UNSPECIFIED.,.F.,.F.,(3,3),(0.,1.),.PIECEWISE_BEZIER_KNOTS.);
#320=B_SPLINE_CURVE_WITH_KNOTS('',2,(#15520,#15521,#15522),
 .UNSPECIFIED.,.F.,.F.,(3,3),(0.,1.),.PIECEWISE_BEZIER_KNOTS.);
#321=B_SPLINE_CURVE_WITH_KNOTS('',2,(#15523,#15524,#15525),
 .UNSPECIFIED.,.F.,.F.,(3,3),(0.,1.),.PIECEWISE_BEZIER_KNOTS.);
#322=B_SPLINE_CURVE_WITH_KNOTS('',2,(#15534,#15535,#15536),
 .UNSPECIFIED.,.F.,.F.,(3,3),(0.,1.),.PIECEWISE_BEZIER_KNOTS.);
#323=B_SPLINE_CURVE_WITH_KNOTS('',2,(#15568,#15569,#15570),
 .UNSPECIFIED.,.F.,.F.,(3,3),(0.,1.),.PIECEWISE_BEZIER_KNOTS.);
#324=B_SPLINE_CURVE_WITH_KNOTS('',2,(#15571,#15572,#15573),
 .UNSPECIFIED.,.F.,.F.,(3,3),(0.,1.),.PIECEWISE_BEZIER_KNOTS.);
#325=B_SPLINE_CURVE_WITH_KNOTS('',3,(#15677,#15678,#15679,#15680,#15681,
#15682,#15683),.UNSPECIFIED.,.F.,.F.,(4,1,1,1,4),(0.,0.000589468984353247,
0.00117893796870649,0.00176840695305974,0.00235787593741299),
 .UNSPECIFIED.);
#326=B_SPLINE_CURVE_WITH_KNOTS('',3,(#15684,#15685,#15686,#15687,#15688,
#15689),.UNSPECIFIED.,.F.,.F.,(4,1,1,4),(0.,0.000597072557833284,0.00119414511566657,
0.00238829023133314),.UNSPECIFIED.);
#327=B_SPLINE_CURVE_WITH_KNOTS('',3,(#15691,#15692,#15693,#15694,#15695,
#15696,#15697),.UNSPECIFIED.,.F.,.F.,(4,1,1,1,4),(0.,0.000589468984353223,
0.00117893796870645,0.00176840695305967,0.00235787593741289),
 .UNSPECIFIED.);
#328=B_SPLINE_CURVE_WITH_KNOTS('',3,(#15698,#15699,#15700,#15701,#15702,
#15703),.UNSPECIFIED.,.F.,.F.,(4,1,1,4),(0.,0.000597072557833254,0.00119414511566651,
0.00238829023133302),.UNSPECIFIED.);
#329=B_SPLINE_CURVE_WITH_KNOTS('',3,(#15705,#15706,#15707,#15708,#15709),
 .UNSPECIFIED.,.F.,.F.,(4,1,4),(0.,0.00169291028321502,0.00338582056643005),
 .UNSPECIFIED.);
#330=B_SPLINE_CURVE_WITH_KNOTS('',3,(#15713,#15714,#15715,#15716,#15717),
 .UNSPECIFIED.,.F.,.F.,(4,1,4),(0.,0.00169291028321502,0.00338582056643004),
 .UNSPECIFIED.);
#331=B_SPLINE_CURVE_WITH_KNOTS('',3,(#15721,#15722,#15723,#15724,#15725),
 .UNSPECIFIED.,.F.,.F.,(4,1,4),(0.,0.00169291028321502,0.00338582056643005),
 .UNSPECIFIED.);
#332=B_SPLINE_CURVE_WITH_KNOTS('',3,(#15729,#15730,#15731,#15732,#15733),
 .UNSPECIFIED.,.F.,.F.,(4,1,4),(0.,0.00169291028321502,0.00338582056643004),
 .UNSPECIFIED.);
#333=B_SPLINE_CURVE_WITH_KNOTS('',2,(#15770,#15771,#15772),
 .UNSPECIFIED.,.F.,.F.,(3,3),(0.,1.),.PIECEWISE_BEZIER_KNOTS.);
#334=B_SPLINE_CURVE_WITH_KNOTS('',2,(#15785,#15786,#15787),
 .UNSPECIFIED.,.F.,.F.,(3,3),(0.,1.),.PIECEWISE_BEZIER_KNOTS.);
#335=B_SPLINE_CURVE_WITH_KNOTS('',2,(#15798,#15799,#15800),
 .UNSPECIFIED.,.F.,.F.,(3,3),(0.,1.),.PIECEWISE_BEZIER_KNOTS.);
#336=B_SPLINE_CURVE_WITH_KNOTS('',2,(#15811,#15812,#15813),
 .UNSPECIFIED.,.F.,.F.,(3,3),(0.,1.),.PIECEWISE_BEZIER_KNOTS.);
#337=B_SPLINE_CURVE_WITH_KNOTS('',2,(#15836,#15837,#15838),
 .UNSPECIFIED.,.F.,.F.,(3,3),(0.,1.),.PIECEWISE_BEZIER_KNOTS.);
#338=B_SPLINE_CURVE_WITH_KNOTS('',2,(#15869,#15870,#15871),
 .UNSPECIFIED.,.F.,.F.,(3,3),(0.,1.),.PIECEWISE_BEZIER_KNOTS.);
#339=B_SPLINE_CURVE_WITH_KNOTS('',2,(#15882,#15883,#15884),
 .UNSPECIFIED.,.F.,.F.,(3,3),(0.,1.),.PIECEWISE_BEZIER_KNOTS.);
#340=B_SPLINE_CURVE_WITH_KNOTS('',2,(#15903,#15904,#15905),
 .UNSPECIFIED.,.F.,.F.,(3,3),(0.,1.),.PIECEWISE_BEZIER_KNOTS.);
#341=B_SPLINE_CURVE_WITH_KNOTS('',2,(#15916,#15917,#15918),
 .UNSPECIFIED.,.F.,.F.,(3,3),(0.,1.),.PIECEWISE_BEZIER_KNOTS.);
#342=B_SPLINE_CURVE_WITH_KNOTS('',2,(#15937,#15938,#15939),
 .UNSPECIFIED.,.F.,.F.,(3,3),(0.,1.),.PIECEWISE_BEZIER_KNOTS.);
#343=B_SPLINE_CURVE_WITH_KNOTS('',2,(#15950,#15951,#15952),
 .UNSPECIFIED.,.F.,.F.,(3,3),(0.,1.),.PIECEWISE_BEZIER_KNOTS.);
#344=B_SPLINE_CURVE_WITH_KNOTS('',2,(#15967,#15968,#15969),
 .UNSPECIFIED.,.F.,.F.,(3,3),(0.,1.),.PIECEWISE_BEZIER_KNOTS.);
#345=B_SPLINE_CURVE_WITH_KNOTS('',2,(#15984,#15985,#15986),
 .UNSPECIFIED.,.F.,.F.,(3,3),(0.,1.),.PIECEWISE_BEZIER_KNOTS.);
#346=B_SPLINE_CURVE_WITH_KNOTS('',2,(#15995,#15996,#15997),
 .UNSPECIFIED.,.F.,.F.,(3,3),(0.,1.),.PIECEWISE_BEZIER_KNOTS.);
#347=B_SPLINE_CURVE_WITH_KNOTS('',2,(#16107,#16108,#16109),
 .UNSPECIFIED.,.F.,.F.,(3,3),(0.,1.),.PIECEWISE_BEZIER_KNOTS.);
#348=B_SPLINE_CURVE_WITH_KNOTS('',2,(#16122,#16123,#16124),
 .UNSPECIFIED.,.F.,.F.,(3,3),(0.,1.),.PIECEWISE_BEZIER_KNOTS.);
#349=B_SPLINE_CURVE_WITH_KNOTS('',2,(#16135,#16136,#16137),
 .UNSPECIFIED.,.F.,.F.,(3,3),(0.,1.),.PIECEWISE_BEZIER_KNOTS.);
#350=B_SPLINE_CURVE_WITH_KNOTS('',2,(#16187,#16188,#16189),
 .UNSPECIFIED.,.F.,.F.,(3,3),(0.,1.),.PIECEWISE_BEZIER_KNOTS.);
#351=B_SPLINE_CURVE_WITH_KNOTS('',2,(#16193,#16194,#16195),
 .UNSPECIFIED.,.F.,.F.,(3,3),(0.,1.),.PIECEWISE_BEZIER_KNOTS.);
#352=B_SPLINE_CURVE_WITH_KNOTS('',2,(#16204,#16205,#16206),
 .UNSPECIFIED.,.F.,.F.,(3,3),(0.,1.),.PIECEWISE_BEZIER_KNOTS.);
#353=B_SPLINE_CURVE_WITH_KNOTS('',2,(#16210,#16211,#16212),
 .UNSPECIFIED.,.F.,.F.,(3,3),(0.,1.),.PIECEWISE_BEZIER_KNOTS.);
#354=B_SPLINE_CURVE_WITH_KNOTS('',2,(#16221,#16222,#16223),
 .UNSPECIFIED.,.F.,.F.,(3,3),(0.,1.),.PIECEWISE_BEZIER_KNOTS.);
#355=B_SPLINE_CURVE_WITH_KNOTS('',2,(#16227,#16228,#16229),
 .UNSPECIFIED.,.F.,.F.,(3,3),(0.,1.),.PIECEWISE_BEZIER_KNOTS.);
#356=B_SPLINE_CURVE_WITH_KNOTS('',2,(#16238,#16239,#16240),
 .UNSPECIFIED.,.F.,.F.,(3,3),(0.,1.),.PIECEWISE_BEZIER_KNOTS.);
#357=B_SPLINE_CURVE_WITH_KNOTS('',2,(#16241,#16242,#16243),
 .UNSPECIFIED.,.F.,.F.,(3,3),(0.,1.),.PIECEWISE_BEZIER_KNOTS.);
#358=B_SPLINE_CURVE_WITH_KNOTS('',2,(#16252,#16253,#16254),
 .UNSPECIFIED.,.F.,.F.,(3,3),(0.,1.),.PIECEWISE_BEZIER_KNOTS.);
#359=B_SPLINE_CURVE_WITH_KNOTS('',2,(#16265,#16266,#16267),
 .UNSPECIFIED.,.F.,.F.,(3,3),(0.,1.),.PIECEWISE_BEZIER_KNOTS.);
#360=B_SPLINE_CURVE_WITH_KNOTS('',2,(#16272,#16273,#16274),
 .UNSPECIFIED.,.F.,.F.,(3,3),(0.,1.),.PIECEWISE_BEZIER_KNOTS.);
#361=B_SPLINE_CURVE_WITH_KNOTS('',2,(#16285,#16286,#16287),
 .UNSPECIFIED.,.F.,.F.,(3,3),(0.,1.),.PIECEWISE_BEZIER_KNOTS.);
#362=B_SPLINE_CURVE_WITH_KNOTS('',2,(#16291,#16292,#16293),
 .UNSPECIFIED.,.F.,.F.,(3,3),(0.,1.),.PIECEWISE_BEZIER_KNOTS.);
#363=B_SPLINE_CURVE_WITH_KNOTS('',2,(#16316,#16317,#16318),
 .UNSPECIFIED.,.F.,.F.,(3,3),(0.,1.),.PIECEWISE_BEZIER_KNOTS.);
#364=B_SPLINE_CURVE_WITH_KNOTS('',2,(#16331,#16332,#16333),
 .UNSPECIFIED.,.F.,.F.,(3,3),(0.,1.),.PIECEWISE_BEZIER_KNOTS.);
#365=B_SPLINE_CURVE_WITH_KNOTS('',2,(#16344,#16345,#16346),
 .UNSPECIFIED.,.F.,.F.,(3,3),(0.,1.),.PIECEWISE_BEZIER_KNOTS.);
#366=B_SPLINE_CURVE_WITH_KNOTS('',2,(#16367,#16368,#16369),
 .UNSPECIFIED.,.F.,.F.,(3,3),(0.,1.),.PIECEWISE_BEZIER_KNOTS.);
#367=B_SPLINE_CURVE_WITH_KNOTS('',2,(#16397,#16398,#16399),
 .UNSPECIFIED.,.F.,.F.,(3,3),(0.,1.),.PIECEWISE_BEZIER_KNOTS.);
#368=B_SPLINE_CURVE_WITH_KNOTS('',2,(#16403,#16404,#16405),
 .UNSPECIFIED.,.F.,.F.,(3,3),(0.,1.),.PIECEWISE_BEZIER_KNOTS.);
#369=B_SPLINE_CURVE_WITH_KNOTS('',2,(#16414,#16415,#16416),
 .UNSPECIFIED.,.F.,.F.,(3,3),(0.,1.),.PIECEWISE_BEZIER_KNOTS.);
#370=B_SPLINE_CURVE_WITH_KNOTS('',2,(#16420,#16421,#16422),
 .UNSPECIFIED.,.F.,.F.,(3,3),(0.,1.),.PIECEWISE_BEZIER_KNOTS.);
#371=B_SPLINE_CURVE_WITH_KNOTS('',2,(#16431,#16432,#16433),
 .UNSPECIFIED.,.F.,.F.,(3,3),(0.,1.),.PIECEWISE_BEZIER_KNOTS.);
#372=B_SPLINE_CURVE_WITH_KNOTS('',2,(#16437,#16438,#16439),
 .UNSPECIFIED.,.F.,.F.,(3,3),(0.,1.),.PIECEWISE_BEZIER_KNOTS.);
#373=B_SPLINE_CURVE_WITH_KNOTS('',2,(#16469,#16470,#16471),
 .UNSPECIFIED.,.F.,.F.,(3,3),(0.,1.),.PIECEWISE_BEZIER_KNOTS.);
#374=B_SPLINE_CURVE_WITH_KNOTS('',2,(#16475,#16476,#16477),
 .UNSPECIFIED.,.F.,.F.,(3,3),(0.,1.),.PIECEWISE_BEZIER_KNOTS.);
#375=B_SPLINE_CURVE_WITH_KNOTS('',2,(#16486,#16487,#16488),
 .UNSPECIFIED.,.F.,.F.,(3,3),(0.,1.),.PIECEWISE_BEZIER_KNOTS.);
#376=B_SPLINE_CURVE_WITH_KNOTS('',2,(#16492,#16493,#16494),
 .UNSPECIFIED.,.F.,.F.,(3,3),(0.,1.),.PIECEWISE_BEZIER_KNOTS.);
#377=B_SPLINE_CURVE_WITH_KNOTS('',2,(#16503,#16504,#16505),
 .UNSPECIFIED.,.F.,.F.,(3,3),(0.,1.),.PIECEWISE_BEZIER_KNOTS.);
#378=B_SPLINE_CURVE_WITH_KNOTS('',2,(#16509,#16510,#16511),
 .UNSPECIFIED.,.F.,.F.,(3,3),(0.,1.),.PIECEWISE_BEZIER_KNOTS.);
#379=B_SPLINE_CURVE_WITH_KNOTS('',2,(#16536,#16537,#16538),
 .UNSPECIFIED.,.F.,.F.,(3,3),(0.,1.),.PIECEWISE_BEZIER_KNOTS.);
#380=B_SPLINE_CURVE_WITH_KNOTS('',2,(#16549,#16550,#16551),
 .UNSPECIFIED.,.F.,.F.,(3,3),(0.,1.),.PIECEWISE_BEZIER_KNOTS.);
#381=B_SPLINE_CURVE_WITH_KNOTS('',2,(#16562,#16563,#16564),
 .UNSPECIFIED.,.F.,.F.,(3,3),(0.,1.),.PIECEWISE_BEZIER_KNOTS.);
#382=B_SPLINE_CURVE_WITH_KNOTS('',2,(#16575,#16576,#16577),
 .UNSPECIFIED.,.F.,.F.,(3,3),(0.,1.),.PIECEWISE_BEZIER_KNOTS.);
#383=B_SPLINE_CURVE_WITH_KNOTS('',2,(#16596,#16597,#16598),
 .UNSPECIFIED.,.F.,.F.,(3,3),(0.,1.),.PIECEWISE_BEZIER_KNOTS.);
#384=B_SPLINE_CURVE_WITH_KNOTS('',2,(#16609,#16610,#16611),
 .UNSPECIFIED.,.F.,.F.,(3,3),(0.,1.),.PIECEWISE_BEZIER_KNOTS.);
#385=B_SPLINE_CURVE_WITH_KNOTS('',2,(#16620,#16621,#16622),
 .UNSPECIFIED.,.F.,.F.,(3,3),(0.,1.),.PIECEWISE_BEZIER_KNOTS.);
#386=B_SPLINE_CURVE_WITH_KNOTS('',2,(#16623,#16624,#16625),
 .UNSPECIFIED.,.F.,.F.,(3,3),(0.,1.),.PIECEWISE_BEZIER_KNOTS.);
#387=B_SPLINE_CURVE_WITH_KNOTS('',2,(#16634,#16635,#16636),
 .UNSPECIFIED.,.F.,.F.,(3,3),(0.,1.),.PIECEWISE_BEZIER_KNOTS.);
#388=B_SPLINE_CURVE_WITH_KNOTS('',2,(#16665,#16666,#16667),
 .UNSPECIFIED.,.F.,.F.,(3,3),(0.,1.),.PIECEWISE_BEZIER_KNOTS.);
#389=B_SPLINE_CURVE_WITH_KNOTS('',2,(#16671,#16672,#16673),
 .UNSPECIFIED.,.F.,.F.,(3,3),(0.,1.),.PIECEWISE_BEZIER_KNOTS.);
#390=B_SPLINE_CURVE_WITH_KNOTS('',2,(#16682,#16683,#16684),
 .UNSPECIFIED.,.F.,.F.,(3,3),(0.,1.),.PIECEWISE_BEZIER_KNOTS.);
#391=B_SPLINE_CURVE_WITH_KNOTS('',2,(#16688,#16689,#16690),
 .UNSPECIFIED.,.F.,.F.,(3,3),(0.,1.),.PIECEWISE_BEZIER_KNOTS.);
#392=B_SPLINE_CURVE_WITH_KNOTS('',2,(#16699,#16700,#16701),
 .UNSPECIFIED.,.F.,.F.,(3,3),(0.,1.),.PIECEWISE_BEZIER_KNOTS.);
#393=B_SPLINE_CURVE_WITH_KNOTS('',2,(#16705,#16706,#16707),
 .UNSPECIFIED.,.F.,.F.,(3,3),(0.,1.),.PIECEWISE_BEZIER_KNOTS.);
#394=B_SPLINE_CURVE_WITH_KNOTS('',2,(#16737,#16738,#16739),
 .UNSPECIFIED.,.F.,.F.,(3,3),(0.,1.),.PIECEWISE_BEZIER_KNOTS.);
#395=B_SPLINE_CURVE_WITH_KNOTS('',2,(#16743,#16744,#16745),
 .UNSPECIFIED.,.F.,.F.,(3,3),(0.,1.),.PIECEWISE_BEZIER_KNOTS.);
#396=B_SPLINE_CURVE_WITH_KNOTS('',2,(#16754,#16755,#16756),
 .UNSPECIFIED.,.F.,.F.,(3,3),(0.,1.),.PIECEWISE_BEZIER_KNOTS.);
#397=B_SPLINE_CURVE_WITH_KNOTS('',2,(#16760,#16761,#16762),
 .UNSPECIFIED.,.F.,.F.,(3,3),(0.,1.),.PIECEWISE_BEZIER_KNOTS.);
#398=B_SPLINE_CURVE_WITH_KNOTS('',2,(#16771,#16772,#16773),
 .UNSPECIFIED.,.F.,.F.,(3,3),(0.,1.),.PIECEWISE_BEZIER_KNOTS.);
#399=B_SPLINE_CURVE_WITH_KNOTS('',2,(#16777,#16778,#16779),
 .UNSPECIFIED.,.F.,.F.,(3,3),(0.,1.),.PIECEWISE_BEZIER_KNOTS.);
#400=B_SPLINE_CURVE_WITH_KNOTS('',2,(#16804,#16805,#16806),
 .UNSPECIFIED.,.F.,.F.,(3,3),(0.,1.),.PIECEWISE_BEZIER_KNOTS.);
#401=B_SPLINE_CURVE_WITH_KNOTS('',2,(#16817,#16818,#16819),
 .UNSPECIFIED.,.F.,.F.,(3,3),(0.,1.),.PIECEWISE_BEZIER_KNOTS.);
#402=B_SPLINE_CURVE_WITH_KNOTS('',2,(#16830,#16831,#16832),
 .UNSPECIFIED.,.F.,.F.,(3,3),(0.,1.),.PIECEWISE_BEZIER_KNOTS.);
#403=B_SPLINE_CURVE_WITH_KNOTS('',2,(#16843,#16844,#16845),
 .UNSPECIFIED.,.F.,.F.,(3,3),(0.,1.),.PIECEWISE_BEZIER_KNOTS.);
#404=B_SPLINE_CURVE_WITH_KNOTS('',2,(#16864,#16865,#16866),
 .UNSPECIFIED.,.F.,.F.,(3,3),(0.,1.),.PIECEWISE_BEZIER_KNOTS.);
#405=B_SPLINE_CURVE_WITH_KNOTS('',2,(#16877,#16878,#16879),
 .UNSPECIFIED.,.F.,.F.,(3,3),(0.,1.),.PIECEWISE_BEZIER_KNOTS.);
#406=B_SPLINE_CURVE_WITH_KNOTS('',2,(#16888,#16889,#16890),
 .UNSPECIFIED.,.F.,.F.,(3,3),(0.,1.),.PIECEWISE_BEZIER_KNOTS.);
#407=B_SPLINE_CURVE_WITH_KNOTS('',2,(#16891,#16892,#16893),
 .UNSPECIFIED.,.F.,.F.,(3,3),(0.,1.),.PIECEWISE_BEZIER_KNOTS.);
#408=B_SPLINE_CURVE_WITH_KNOTS('',2,(#16902,#16903,#16904),
 .UNSPECIFIED.,.F.,.F.,(3,3),(0.,1.),.PIECEWISE_BEZIER_KNOTS.);
#409=B_SPLINE_CURVE_WITH_KNOTS('',3,(#17020,#17021,#17022,#17023,#17024),
 .UNSPECIFIED.,.F.,.F.,(4,1,4),(0.,0.00134330647789817,0.00268661295579633),
 .UNSPECIFIED.);
#410=B_SPLINE_CURVE_WITH_KNOTS('',3,(#17046,#17047,#17048,#17049,#17050),
 .UNSPECIFIED.,.F.,.F.,(4,1,4),(0.,0.00136357517013056,0.00272715034026112),
 .UNSPECIFIED.);
#411=B_SPLINE_CURVE_WITH_KNOTS('',3,(#17052,#17053,#17054,#17055,#17056),
 .UNSPECIFIED.,.F.,.F.,(4,1,4),(0.,0.00136357517013056,0.00272715034026112),
 .UNSPECIFIED.);
#412=B_SPLINE_CURVE_WITH_KNOTS('',3,(#17082,#17083,#17084,#17085,#17086),
 .UNSPECIFIED.,.F.,.F.,(4,1,4),(0.,0.00134330647789817,0.00268661295579633),
 .UNSPECIFIED.);
#413=B_SPLINE_CURVE_WITH_KNOTS('',3,(#17101,#17102,#17103,#17104,#17105),
 .UNSPECIFIED.,.F.,.F.,(4,1,4),(0.,0.00134330340523139,0.00268660681046278),
 .UNSPECIFIED.);
#414=B_SPLINE_CURVE_WITH_KNOTS('',3,(#17129,#17130,#17131,#17132,#17133),
 .UNSPECIFIED.,.F.,.F.,(4,1,4),(0.,0.00136357205225078,0.00272714410450157),
 .UNSPECIFIED.);
#415=B_SPLINE_CURVE_WITH_KNOTS('',3,(#17135,#17136,#17137,#17138,#17139),
 .UNSPECIFIED.,.F.,.F.,(4,1,4),(0.,0.00136357205225079,0.00272714410450157),
 .UNSPECIFIED.);
#416=B_SPLINE_CURVE_WITH_KNOTS('',3,(#17163,#17164,#17165,#17166,#17167),
 .UNSPECIFIED.,.F.,.F.,(4,1,4),(0.,0.00134330340523139,0.00268660681046278),
 .UNSPECIFIED.);
#417=B_SPLINE_CURVE_WITH_KNOTS('',3,(#17184,#17185,#17186,#17187,#17188),
 .UNSPECIFIED.,.F.,.F.,(4,1,4),(0.,0.00134330340523141,0.00268660681046283),
 .UNSPECIFIED.);
#418=B_SPLINE_CURVE_WITH_KNOTS('',3,(#17212,#17213,#17214,#17215,#17216),
 .UNSPECIFIED.,.F.,.F.,(4,1,4),(0.,0.00136357205225076,0.00272714410450153),
 .UNSPECIFIED.);
#419=B_SPLINE_CURVE_WITH_KNOTS('',3,(#17218,#17219,#17220,#17221,#17222),
 .UNSPECIFIED.,.F.,.F.,(4,1,4),(0.,0.00136357205225079,0.00272714410450158),
 .UNSPECIFIED.);
#420=B_SPLINE_CURVE_WITH_KNOTS('',3,(#17246,#17247,#17248,#17249,#17250),
 .UNSPECIFIED.,.F.,.F.,(4,1,4),(0.,0.00134330340523144,0.00268660681046288),
 .UNSPECIFIED.);
#421=B_SPLINE_CURVE_WITH_KNOTS('',3,(#17267,#17268,#17269,#17270,#17271),
 .UNSPECIFIED.,.F.,.F.,(4,1,4),(0.,0.00131854962150629,0.00263709924301259),
 .UNSPECIFIED.);
#422=B_SPLINE_CURVE_WITH_KNOTS('',3,(#17295,#17296,#17297,#17298,#17299),
 .UNSPECIFIED.,.F.,.F.,(4,1,4),(0.,0.00133845199024472,0.00267690398048943),
 .UNSPECIFIED.);
#423=B_SPLINE_CURVE_WITH_KNOTS('',3,(#17301,#17302,#17303,#17304,#17305),
 .UNSPECIFIED.,.F.,.F.,(4,1,4),(0.,0.00133845199024472,0.00267690398048943),
 .UNSPECIFIED.);
#424=B_SPLINE_CURVE_WITH_KNOTS('',3,(#17329,#17330,#17331,#17332,#17333),
 .UNSPECIFIED.,.F.,.F.,(4,1,4),(0.,0.0013185496215063,0.0026370992430126),
 .UNSPECIFIED.);
#425=ELLIPSE('',#9942,0.00282842712474619,0.002);
#426=ELLIPSE('',#9943,0.00282842712474619,0.002);
#427=ELLIPSE('',#10120,0.00212132034355965,0.0015);
#428=ELLIPSE('',#10121,0.00212132034355965,0.0015);
#429=ELLIPSE('',#10123,0.00212132034355965,0.0015);
#430=ELLIPSE('',#10125,0.00212132034355965,0.0015);
#431=ELLIPSE('',#10144,0.000707106781186548,0.0005);
#432=ELLIPSE('',#10145,0.000707106781186548,0.0005);
#433=ELLIPSE('',#10147,0.000707106781186548,0.0005);
#434=ELLIPSE('',#10149,0.000707106781186548,0.0005);
#435=ELLIPSE('',#10151,0.000707106781186548,0.0005);
#436=ELLIPSE('',#10153,0.000707106781186548,0.0005);
#437=ELLIPSE('',#10155,0.000707106781186548,0.0005);
#438=ELLIPSE('',#10157,0.000707106781186548,0.0005);
#439=ELLIPSE('',#10159,0.000707106781186548,0.0005);
#440=ELLIPSE('',#10161,0.000707106781186548,0.0005);
#441=ELLIPSE('',#10163,0.000707106781186548,0.0005);
#442=ELLIPSE('',#10165,0.000707106781186548,0.0005);
#443=ELLIPSE('',#10590,0.00282842712474619,0.002);
#444=ELLIPSE('',#10592,0.00282842712474619,0.002);
#445=CYLINDRICAL_SURFACE('',#9940,0.002);
#446=CYLINDRICAL_SURFACE('',#9948,0.0005);
#447=CYLINDRICAL_SURFACE('',#9951,0.0005);
#448=CYLINDRICAL_SURFACE('',#9954,0.0005);
#449=CYLINDRICAL_SURFACE('',#9957,0.0005);
#450=CYLINDRICAL_SURFACE('',#9962,0.0005);
#451=CYLINDRICAL_SURFACE('',#9965,0.0005);
#452=CYLINDRICAL_SURFACE('',#9970,0.0005);
#453=CYLINDRICAL_SURFACE('',#9973,0.0005);
#454=CYLINDRICAL_SURFACE('',#10045,0.003);
#455=CYLINDRICAL_SURFACE('',#10051,0.003);
#456=CYLINDRICAL_SURFACE('',#10056,0.003);
#457=CYLINDRICAL_SURFACE('',#10061,0.003);
#458=CYLINDRICAL_SURFACE('',#10065,0.015);
#459=CYLINDRICAL_SURFACE('',#10070,0.015);
#460=CYLINDRICAL_SURFACE('',#10073,0.015);
#461=CYLINDRICAL_SURFACE('',#10076,0.015);
#462=CYLINDRICAL_SURFACE('',#10111,0.0125);
#463=CYLINDRICAL_SURFACE('',#10112,0.0125);
#464=CYLINDRICAL_SURFACE('',#10113,0.0125);
#465=CYLINDRICAL_SURFACE('',#10114,0.0125);
#466=CYLINDRICAL_SURFACE('',#10119,0.0015);
#467=CYLINDRICAL_SURFACE('',#10122,0.0015);
#468=CYLINDRICAL_SURFACE('',#10124,0.0015);
#469=CYLINDRICAL_SURFACE('',#10126,0.0015);
#470=CYLINDRICAL_SURFACE('',#10129,0.0066);
#471=CYLINDRICAL_SURFACE('',#10131,0.0066);
#472=CYLINDRICAL_SURFACE('',#10143,0.0005);
#473=CYLINDRICAL_SURFACE('',#10146,0.0005);
#474=CYLINDRICAL_SURFACE('',#10148,0.0005);
#475=CYLINDRICAL_SURFACE('',#10150,0.0005);
#476=CYLINDRICAL_SURFACE('',#10152,0.0005);
#477=CYLINDRICAL_SURFACE('',#10154,0.0005);
#478=CYLINDRICAL_SURFACE('',#10156,0.0005);
#479=CYLINDRICAL_SURFACE('',#10158,0.0005);
#480=CYLINDRICAL_SURFACE('',#10160,0.0005);
#481=CYLINDRICAL_SURFACE('',#10162,0.0005);
#482=CYLINDRICAL_SURFACE('',#10164,0.0005);
#483=CYLINDRICAL_SURFACE('',#10166,0.0005);
#484=CYLINDRICAL_SURFACE('',#10167,0.000430411287156408);
#485=CYLINDRICAL_SURFACE('',#10169,0.000269640051542848);
#486=CYLINDRICAL_SURFACE('',#10171,0.000273827947683523);
#487=CYLINDRICAL_SURFACE('',#10173,0.00126380561092992);
#488=CYLINDRICAL_SURFACE('',#10175,0.00306933983579706);
#489=CYLINDRICAL_SURFACE('',#10178,0.00302796659815353);
#490=CYLINDRICAL_SURFACE('',#10180,0.00175389805000651);
#491=CYLINDRICAL_SURFACE('',#10182,0.00078579504347467);
#492=CYLINDRICAL_SURFACE('',#10184,0.000920006623058503);
#493=CYLINDRICAL_SURFACE('',#10186,0.000545950810819646);
#494=CYLINDRICAL_SURFACE('',#10188,0.000260674797949816);
#495=CYLINDRICAL_SURFACE('',#10190,0.00152417653971957);
#496=CYLINDRICAL_SURFACE('',#10198,0.145732098630429);
#497=CYLINDRICAL_SURFACE('',#10200,0.000788775749992465);
#498=CYLINDRICAL_SURFACE('',#10220,0.00319749447373624);
#499=CYLINDRICAL_SURFACE('',#10255,0.000430411287155918);
#500=CYLINDRICAL_SURFACE('',#10257,0.00026964005154245);
#501=CYLINDRICAL_SURFACE('',#10259,0.000273827947646152);
#502=CYLINDRICAL_SURFACE('',#10261,0.00126380561093008);
#503=CYLINDRICAL_SURFACE('',#10263,0.00306933983582089);
#504=CYLINDRICAL_SURFACE('',#10266,0.00302796659815012);
#505=CYLINDRICAL_SURFACE('',#10268,0.00175389805000765);
#506=CYLINDRICAL_SURFACE('',#10270,0.00078579504347461);
#507=CYLINDRICAL_SURFACE('',#10272,0.000920006623059694);
#508=CYLINDRICAL_SURFACE('',#10274,0.000545950810821248);
#509=CYLINDRICAL_SURFACE('',#10276,0.000260674797952662);
#510=CYLINDRICAL_SURFACE('',#10278,0.001524176539712);
#511=CYLINDRICAL_SURFACE('',#10302,0.00100109557001262);
#512=CYLINDRICAL_SURFACE('',#10304,0.003394149473883);
#513=CYLINDRICAL_SURFACE('',#10307,0.00121779052683052);
#514=CYLINDRICAL_SURFACE('',#10309,0.00210329828237169);
#515=CYLINDRICAL_SURFACE('',#10332,0.000995711506578223);
#516=CYLINDRICAL_SURFACE('',#10337,0.592098420444318);
#517=CYLINDRICAL_SURFACE('',#10349,0.00639498894755094);
#518=CYLINDRICAL_SURFACE('',#10356,0.00225);
#519=CYLINDRICAL_SURFACE('',#10359,0.00225);
#520=CYLINDRICAL_SURFACE('',#10362,0.00225);
#521=CYLINDRICAL_SURFACE('',#10365,0.00225);
#522=CYLINDRICAL_SURFACE('',#10383,0.006);
#523=CYLINDRICAL_SURFACE('',#10384,0.006);
#524=CYLINDRICAL_SURFACE('',#10385,0.001);
#525=CYLINDRICAL_SURFACE('',#10388,0.001);
#526=CYLINDRICAL_SURFACE('',#10391,0.001);
#527=CYLINDRICAL_SURFACE('',#10394,0.001);
#528=CYLINDRICAL_SURFACE('',#10397,0.005);
#529=CYLINDRICAL_SURFACE('',#10398,0.005);
#530=CYLINDRICAL_SURFACE('',#10399,0.0035);
#531=CYLINDRICAL_SURFACE('',#10401,0.0035);
#532=CYLINDRICAL_SURFACE('',#10402,0.0035);
#533=CYLINDRICAL_SURFACE('',#10403,0.0035);
#534=CYLINDRICAL_SURFACE('',#10409,0.000430411287156679);
#535=CYLINDRICAL_SURFACE('',#10411,0.000269640051542825);
#536=CYLINDRICAL_SURFACE('',#10413,0.00027382794768342);
#537=CYLINDRICAL_SURFACE('',#10415,0.00126380561092827);
#538=CYLINDRICAL_SURFACE('',#10417,0.00306933983580231);
#539=CYLINDRICAL_SURFACE('',#10420,0.00302796659815096);
#540=CYLINDRICAL_SURFACE('',#10422,0.00175389805000704);
#541=CYLINDRICAL_SURFACE('',#10424,0.00078579504347491);
#542=CYLINDRICAL_SURFACE('',#10426,0.000920006623059118);
#543=CYLINDRICAL_SURFACE('',#10428,0.000545950810789562);
#544=CYLINDRICAL_SURFACE('',#10430,0.000260674797950472);
#545=CYLINDRICAL_SURFACE('',#10432,0.00152417653971867);
#546=CYLINDRICAL_SURFACE('',#10488,0.000580831712170566);
#547=CYLINDRICAL_SURFACE('',#10502,0.000580831712170553);
#548=CYLINDRICAL_SURFACE('',#10533,0.00365);
#549=CYLINDRICAL_SURFACE('',#10538,0.00162913361712308);
#550=CYLINDRICAL_SURFACE('',#10543,0.00162913361712308);
#551=CYLINDRICAL_SURFACE('',#10544,0.0014);
#552=CYLINDRICAL_SURFACE('',#10547,0.00365);
#553=CYLINDRICAL_SURFACE('',#10549,0.00162913);
#554=CYLINDRICAL_SURFACE('',#10557,0.00162913);
#555=CYLINDRICAL_SURFACE('',#10558,0.0014);
#556=CYLINDRICAL_SURFACE('',#10561,0.00365);
#557=CYLINDRICAL_SURFACE('',#10563,0.00162913);
#558=CYLINDRICAL_SURFACE('',#10571,0.00162913);
#559=CYLINDRICAL_SURFACE('',#10572,0.0014);
#560=CYLINDRICAL_SURFACE('',#10575,0.00365);
#561=CYLINDRICAL_SURFACE('',#10577,0.0016);
#562=CYLINDRICAL_SURFACE('',#10585,0.0016);
#563=CYLINDRICAL_SURFACE('',#10586,0.0014);
#564=CYLINDRICAL_SURFACE('',#10589,0.002);
#565=CYLINDRICAL_SURFACE('',#10591,0.002);
#566=CYLINDRICAL_SURFACE('',#10593,0.002);
#567=CYLINDRICAL_SURFACE('',#10601,0.00072426);
#568=CYLINDRICAL_SURFACE('',#10603,0.00072426);
#569=CYLINDRICAL_SURFACE('',#10609,0.00072426);
#570=CYLINDRICAL_SURFACE('',#10611,0.00072426);
#571=CIRCLE('',#9915,0.0066);
#572=CIRCLE('',#9916,0.0066);
#573=CIRCLE('',#9917,0.00225);
#574=CIRCLE('',#9918,0.00225);
#575=CIRCLE('',#9919,0.00225);
#576=CIRCLE('',#9920,0.00225);
#577=CIRCLE('',#9921,0.0035);
#578=CIRCLE('',#9922,0.0035);
#579=CIRCLE('',#9923,0.0035);
#580=CIRCLE('',#9924,0.00525);
#581=CIRCLE('',#9925,0.0011);
#582=CIRCLE('',#9926,0.012);
#583=CIRCLE('',#9927,0.00112913361712309);
#584=CIRCLE('',#9928,0.00527913361712309);
#585=CIRCLE('',#9929,0.00112913361712309);
#586=CIRCLE('',#9930,0.012);
#587=CIRCLE('',#9931,0.00112913);
#588=CIRCLE('',#9932,0.00527913);
#589=CIRCLE('',#9933,0.00112913);
#590=CIRCLE('',#9934,0.012);
#591=CIRCLE('',#9935,0.00112913);
#592=CIRCLE('',#9936,0.00527913);
#593=CIRCLE('',#9937,0.00112913);
#594=CIRCLE('',#9938,0.012);
#595=CIRCLE('',#9939,0.0011);
#596=CIRCLE('',#9941,0.002);
#597=CIRCLE('',#9944,0.002);
#598=CIRCLE('',#9946,0.0035);
#599=CIRCLE('',#9949,0.0005);
#600=CIRCLE('',#9950,0.0005);
#601=CIRCLE('',#9952,0.0005);
#602=CIRCLE('',#9953,0.0005);
#603=CIRCLE('',#9955,0.0005);
#604=CIRCLE('',#9956,0.0005);
#605=CIRCLE('',#9958,0.0005);
#606=CIRCLE('',#9959,0.0005);
#607=CIRCLE('',#9963,0.0005);
#608=CIRCLE('',#9964,0.0005);
#609=CIRCLE('',#9966,0.0005);
#610=CIRCLE('',#9967,0.0005);
#611=CIRCLE('',#9971,0.0005);
#612=CIRCLE('',#9972,0.0005);
#613=CIRCLE('',#9974,0.0005);
#614=CIRCLE('',#9975,0.0005);
#615=CIRCLE('',#9979,0.00297426);
#616=CIRCLE('',#9980,0.00297426);
#617=CIRCLE('',#9981,0.00297426);
#618=CIRCLE('',#9982,0.00297426);
#619=CIRCLE('',#9983,0.000580831712170566);
#620=CIRCLE('',#9984,0.00152417653971867);
#621=CIRCLE('',#9985,0.000260674797950472);
#622=CIRCLE('',#9986,0.000545950810789562);
#623=CIRCLE('',#9987,0.000920006623059118);
#624=CIRCLE('',#9988,0.00078579504347491);
#625=CIRCLE('',#9989,0.00175389805000704);
#626=CIRCLE('',#9990,0.00302796659815096);
#627=CIRCLE('',#9991,0.00306933983580231);
#628=CIRCLE('',#9992,0.00126380561092827);
#629=CIRCLE('',#9993,0.00027382794768342);
#630=CIRCLE('',#9994,0.000269640051542825);
#631=CIRCLE('',#9995,0.000430411287156679);
#632=CIRCLE('',#9996,0.00100109557001262);
#633=CIRCLE('',#9997,0.00210329828237169);
#634=CIRCLE('',#9998,0.00121779052683052);
#635=CIRCLE('',#9999,0.003394149473883);
#636=CIRCLE('',#10000,0.001524176539712);
#637=CIRCLE('',#10001,0.000260674797952662);
#638=CIRCLE('',#10002,0.000545950810821248);
#639=CIRCLE('',#10003,0.000920006623059694);
#640=CIRCLE('',#10004,0.00078579504347461);
#641=CIRCLE('',#10005,0.00175389805000765);
#642=CIRCLE('',#10006,0.00302796659815012);
#643=CIRCLE('',#10007,0.00306933983582089);
#644=CIRCLE('',#10008,0.00126380561093008);
#645=CIRCLE('',#10009,0.000273827947646152);
#646=CIRCLE('',#10010,0.00026964005154245);
#647=CIRCLE('',#10011,0.000430411287155918);
#648=CIRCLE('',#10012,0.0175);
#649=CIRCLE('',#10013,0.0215);
#650=CIRCLE('',#10014,0.012);
#651=CIRCLE('',#10015,0.012);
#652=CIRCLE('',#10016,0.012);
#653=CIRCLE('',#10017,0.012);
#654=CIRCLE('',#10018,0.00152417653971957);
#655=CIRCLE('',#10019,0.000260674797949816);
#656=CIRCLE('',#10020,0.000545950810819646);
#657=CIRCLE('',#10021,0.000920006623058503);
#658=CIRCLE('',#10022,0.00078579504347467);
#659=CIRCLE('',#10023,0.00175389805000651);
#660=CIRCLE('',#10024,0.00302796659815353);
#661=CIRCLE('',#10025,0.00306933983579706);
#662=CIRCLE('',#10026,0.00126380561092992);
#663=CIRCLE('',#10027,0.000273827947683523);
#664=CIRCLE('',#10028,0.000269640051542848);
#665=CIRCLE('',#10029,0.000430411287156408);
#666=CIRCLE('',#10030,0.000788775749992465);
#667=CIRCLE('',#10031,0.145732098630429);
#668=CIRCLE('',#10032,0.0035);
#669=CIRCLE('',#10033,0.0035);
#670=CIRCLE('',#10034,0.0035);
#671=CIRCLE('',#10035,0.000580831712170553);
#672=CIRCLE('',#10037,0.00422426406871193);
#673=CIRCLE('',#10039,0.000995711506578223);
#674=CIRCLE('',#10040,0.0071);
#675=CIRCLE('',#10041,0.0071);
#676=CIRCLE('',#10042,0.0165);
#677=CIRCLE('',#10044,0.0205);
#678=CIRCLE('',#10046,0.003);
#679=CIRCLE('',#10047,0.003);
#680=CIRCLE('',#10049,0.015);
#681=CIRCLE('',#10050,0.003);
#682=CIRCLE('',#10052,0.003);
#683=CIRCLE('',#10054,0.015);
#684=CIRCLE('',#10055,0.003);
#685=CIRCLE('',#10057,0.003);
#686=CIRCLE('',#10059,0.015);
#687=CIRCLE('',#10060,0.003);
#688=CIRCLE('',#10062,0.003);
#689=CIRCLE('',#10064,0.015);
#690=CIRCLE('',#10066,0.015);
#691=CIRCLE('',#10067,0.015);
#692=CIRCLE('',#10068,0.015);
#693=CIRCLE('',#10071,0.015);
#694=CIRCLE('',#10074,0.015);
#695=CIRCLE('',#10077,0.015);
#696=CIRCLE('',#10078,0.015);
#697=CIRCLE('',#10079,0.015);
#698=CIRCLE('',#10081,0.0014);
#699=CIRCLE('',#10082,0.000724264068711929);
#700=CIRCLE('',#10083,0.000724264068711929);
#701=CIRCLE('',#10084,0.0016);
#702=CIRCLE('',#10085,0.00365);
#703=CIRCLE('',#10086,0.0016);
#704=CIRCLE('',#10087,0.0125);
#705=CIRCLE('',#10088,0.00162913);
#706=CIRCLE('',#10089,0.00365);
#707=CIRCLE('',#10090,0.00162913);
#708=CIRCLE('',#10091,0.0125);
#709=CIRCLE('',#10092,0.00162913);
#710=CIRCLE('',#10093,0.00365);
#711=CIRCLE('',#10094,0.00162913);
#712=CIRCLE('',#10095,0.0125);
#713=CIRCLE('',#10096,0.00162913361712308);
#714=CIRCLE('',#10097,0.00365);
#715=CIRCLE('',#10098,0.00162913361712308);
#716=CIRCLE('',#10099,0.0125);
#717=CIRCLE('',#10100,0.0014);
#718=CIRCLE('',#10101,0.0014);
#719=CIRCLE('',#10102,0.0014);
#720=CIRCLE('',#10104,0.0125);
#721=CIRCLE('',#10106,0.0125);
#722=CIRCLE('',#10108,0.0125);
#723=CIRCLE('',#10110,0.0125);
#724=CIRCLE('',#10130,0.0066);
#725=CIRCLE('',#10132,0.0066);
#726=CIRCLE('',#10168,0.000430411287156408);
#727=CIRCLE('',#10170,0.000269640051542848);
#728=CIRCLE('',#10172,0.000273827947683523);
#729=CIRCLE('',#10174,0.00126380561092992);
#730=CIRCLE('',#10176,0.00306933983579706);
#731=CIRCLE('',#10179,0.00302796659815353);
#732=CIRCLE('',#10181,0.00175389805000651);
#733=CIRCLE('',#10183,0.00078579504347467);
#734=CIRCLE('',#10185,0.000920006623058503);
#735=CIRCLE('',#10187,0.000545950810819646);
#736=CIRCLE('',#10189,0.000260674797949816);
#737=CIRCLE('',#10191,0.00152417653971957);
#738=CIRCLE('',#10199,0.145732098630429);
#739=CIRCLE('',#10201,0.000788775749992465);
#740=CIRCLE('',#10221,0.00319749447373624);
#741=CIRCLE('',#10222,0.00319749447373624);
#742=CIRCLE('',#10256,0.000430411287155918);
#743=CIRCLE('',#10258,0.00026964005154245);
#744=CIRCLE('',#10260,0.000273827947646152);
#745=CIRCLE('',#10262,0.00126380561093008);
#746=CIRCLE('',#10264,0.00306933983582089);
#747=CIRCLE('',#10267,0.00302796659815012);
#748=CIRCLE('',#10269,0.00175389805000765);
#749=CIRCLE('',#10271,0.00078579504347461);
#750=CIRCLE('',#10273,0.000920006623059694);
#751=CIRCLE('',#10275,0.000545950810821248);
#752=CIRCLE('',#10277,0.000260674797952662);
#753=CIRCLE('',#10279,0.001524176539712);
#754=CIRCLE('',#10303,0.00100109557001262);
#755=CIRCLE('',#10305,0.003394149473883);
#756=CIRCLE('',#10308,0.00121779052683052);
#757=CIRCLE('',#10310,0.00210329828237169);
#758=CIRCLE('',#10333,0.000995711506578223);
#759=CIRCLE('',#10338,0.592098420444318);
#760=CIRCLE('',#10339,0.592098420444318);
#761=CIRCLE('',#10350,0.00639498894755094);
#762=CIRCLE('',#10351,0.00639498894755094);
#763=CIRCLE('',#10357,0.00225);
#764=CIRCLE('',#10360,0.00225);
#765=CIRCLE('',#10363,0.00225);
#766=CIRCLE('',#10366,0.00225);
#767=CIRCLE('',#10368,0.006);
#768=CIRCLE('',#10369,0.014);
#769=CIRCLE('',#10370,0.005);
#770=CIRCLE('',#10372,0.014);
#771=CIRCLE('',#10373,0.006);
#772=CIRCLE('',#10374,0.005);
#773=CIRCLE('',#10376,0.014);
#774=CIRCLE('',#10377,0.006);
#775=CIRCLE('',#10378,0.005);
#776=CIRCLE('',#10380,0.006);
#777=CIRCLE('',#10381,0.014);
#778=CIRCLE('',#10382,0.005);
#779=CIRCLE('',#10386,0.001);
#780=CIRCLE('',#10389,0.001);
#781=CIRCLE('',#10392,0.001);
#782=CIRCLE('',#10395,0.001);
#783=CIRCLE('',#10400,0.0035);
#784=CIRCLE('',#10410,0.000430411287156679);
#785=CIRCLE('',#10412,0.000269640051542825);
#786=CIRCLE('',#10414,0.00027382794768342);
#787=CIRCLE('',#10416,0.00126380561092827);
#788=CIRCLE('',#10418,0.00306933983580231);
#789=CIRCLE('',#10421,0.00302796659815096);
#790=CIRCLE('',#10423,0.00175389805000704);
#791=CIRCLE('',#10425,0.00078579504347491);
#792=CIRCLE('',#10427,0.000920006623059118);
#793=CIRCLE('',#10429,0.000545950810789562);
#794=CIRCLE('',#10431,0.000260674797950472);
#795=CIRCLE('',#10433,0.00152417653971867);
#796=CIRCLE('',#10489,0.000580831712170566);
#797=CIRCLE('',#10503,0.000580831712170553);
#798=CIRCLE('',#10534,0.00365);
#799=CIRCLE('',#10536,0.00162913361712308);
#800=CIRCLE('',#10537,0.0005);
#801=CIRCLE('',#10541,0.0005);
#802=CIRCLE('',#10542,0.00162913361712308);
#803=CIRCLE('',#10545,0.0014);
#804=CIRCLE('',#10548,0.00365);
#805=CIRCLE('',#10550,0.00162913);
#806=CIRCLE('',#10552,0.0005);
#807=CIRCLE('',#10554,0.0005);
#808=CIRCLE('',#10556,0.00162913);
#809=CIRCLE('',#10559,0.0014);
#810=CIRCLE('',#10562,0.00365);
#811=CIRCLE('',#10564,0.00162913);
#812=CIRCLE('',#10566,0.0005);
#813=CIRCLE('',#10568,0.0005);
#814=CIRCLE('',#10570,0.00162913);
#815=CIRCLE('',#10573,0.0014);
#816=CIRCLE('',#10576,0.00365);
#817=CIRCLE('',#10578,0.0016);
#818=CIRCLE('',#10580,0.0005);
#819=CIRCLE('',#10582,0.0005);
#820=CIRCLE('',#10584,0.0016);
#821=CIRCLE('',#10587,0.0014);
#822=CIRCLE('',#10599,0.00072426);
#823=CIRCLE('',#10600,0.00072426);
#824=CIRCLE('',#10602,0.00072426);
#825=CIRCLE('',#10604,0.00072426);
#826=CIRCLE('',#10607,0.00072426);
#827=CIRCLE('',#10608,0.00072426);
#828=CIRCLE('',#10610,0.00072426);
#829=CIRCLE('',#10612,0.00072426);
#830=ORIENTED_EDGE('',*,*,#3692,.F.);
#831=ORIENTED_EDGE('',*,*,#3693,.T.);
#832=ORIENTED_EDGE('',*,*,#3694,.F.);
#833=ORIENTED_EDGE('',*,*,#3695,.F.);
#834=ORIENTED_EDGE('',*,*,#3696,.T.);
#835=ORIENTED_EDGE('',*,*,#3697,.T.);
#836=ORIENTED_EDGE('',*,*,#3698,.F.);
#837=ORIENTED_EDGE('',*,*,#3699,.F.);
#838=ORIENTED_EDGE('',*,*,#3700,.T.);
#839=ORIENTED_EDGE('',*,*,#3701,.F.);
#840=ORIENTED_EDGE('',*,*,#3702,.F.);
#841=ORIENTED_EDGE('',*,*,#3703,.F.);
#842=ORIENTED_EDGE('',*,*,#3704,.T.);
#843=ORIENTED_EDGE('',*,*,#3705,.F.);
#844=ORIENTED_EDGE('',*,*,#3706,.T.);
#845=ORIENTED_EDGE('',*,*,#3707,.T.);
#846=ORIENTED_EDGE('',*,*,#3708,.T.);
#847=ORIENTED_EDGE('',*,*,#3709,.T.);
#848=ORIENTED_EDGE('',*,*,#3710,.T.);
#849=ORIENTED_EDGE('',*,*,#3711,.F.);
#850=ORIENTED_EDGE('',*,*,#3712,.F.);
#851=ORIENTED_EDGE('',*,*,#3713,.F.);
#852=ORIENTED_EDGE('',*,*,#3714,.T.);
#853=ORIENTED_EDGE('',*,*,#3715,.T.);
#854=ORIENTED_EDGE('',*,*,#3716,.T.);
#855=ORIENTED_EDGE('',*,*,#3717,.F.);
#856=ORIENTED_EDGE('',*,*,#3718,.F.);
#857=ORIENTED_EDGE('',*,*,#3719,.F.);
#858=ORIENTED_EDGE('',*,*,#3720,.T.);
#859=ORIENTED_EDGE('',*,*,#3721,.T.);
#860=ORIENTED_EDGE('',*,*,#3722,.T.);
#861=ORIENTED_EDGE('',*,*,#3723,.F.);
#862=ORIENTED_EDGE('',*,*,#3724,.F.);
#863=ORIENTED_EDGE('',*,*,#3725,.F.);
#864=ORIENTED_EDGE('',*,*,#3726,.T.);
#865=ORIENTED_EDGE('',*,*,#3727,.T.);
#866=ORIENTED_EDGE('',*,*,#3728,.T.);
#867=ORIENTED_EDGE('',*,*,#3729,.F.);
#868=ORIENTED_EDGE('',*,*,#3730,.F.);
#869=ORIENTED_EDGE('',*,*,#3731,.F.);
#870=ORIENTED_EDGE('',*,*,#3732,.T.);
#871=ORIENTED_EDGE('',*,*,#3733,.F.);
#872=ORIENTED_EDGE('',*,*,#3695,.T.);
#873=ORIENTED_EDGE('',*,*,#3734,.T.);
#874=ORIENTED_EDGE('',*,*,#3735,.F.);
#875=ORIENTED_EDGE('',*,*,#3736,.T.);
#876=ORIENTED_EDGE('',*,*,#3737,.F.);
#877=ORIENTED_EDGE('',*,*,#3738,.F.);
#878=ORIENTED_EDGE('',*,*,#3739,.F.);
#879=ORIENTED_EDGE('',*,*,#3740,.F.);
#880=ORIENTED_EDGE('',*,*,#3741,.T.);
#881=ORIENTED_EDGE('',*,*,#3742,.T.);
#882=ORIENTED_EDGE('',*,*,#3743,.T.);
#883=ORIENTED_EDGE('',*,*,#3744,.T.);
#884=ORIENTED_EDGE('',*,*,#3745,.T.);
#885=ORIENTED_EDGE('',*,*,#3746,.T.);
#886=ORIENTED_EDGE('',*,*,#3747,.T.);
#887=ORIENTED_EDGE('',*,*,#3748,.F.);
#888=ORIENTED_EDGE('',*,*,#3747,.F.);
#889=ORIENTED_EDGE('',*,*,#3749,.F.);
#890=ORIENTED_EDGE('',*,*,#3750,.F.);
#891=ORIENTED_EDGE('',*,*,#3751,.T.);
#892=ORIENTED_EDGE('',*,*,#3743,.F.);
#893=ORIENTED_EDGE('',*,*,#3752,.T.);
#894=ORIENTED_EDGE('',*,*,#3753,.F.);
#895=ORIENTED_EDGE('',*,*,#3754,.T.);
#896=ORIENTED_EDGE('',*,*,#3755,.T.);
#897=ORIENTED_EDGE('',*,*,#3756,.T.);
#898=ORIENTED_EDGE('',*,*,#3757,.F.);
#899=ORIENTED_EDGE('',*,*,#3758,.F.);
#900=ORIENTED_EDGE('',*,*,#3759,.T.);
#901=ORIENTED_EDGE('',*,*,#3760,.F.);
#902=ORIENTED_EDGE('',*,*,#3761,.F.);
#903=ORIENTED_EDGE('',*,*,#3762,.F.);
#904=ORIENTED_EDGE('',*,*,#3763,.F.);
#905=ORIENTED_EDGE('',*,*,#3764,.F.);
#906=ORIENTED_EDGE('',*,*,#3765,.T.);
#907=ORIENTED_EDGE('',*,*,#3766,.T.);
#908=ORIENTED_EDGE('',*,*,#3767,.T.);
#909=ORIENTED_EDGE('',*,*,#3768,.F.);
#910=ORIENTED_EDGE('',*,*,#3769,.T.);
#911=ORIENTED_EDGE('',*,*,#3770,.F.);
#912=ORIENTED_EDGE('',*,*,#3771,.T.);
#913=ORIENTED_EDGE('',*,*,#3770,.T.);
#914=ORIENTED_EDGE('',*,*,#3772,.T.);
#915=ORIENTED_EDGE('',*,*,#3731,.T.);
#916=ORIENTED_EDGE('',*,*,#3773,.F.);
#917=ORIENTED_EDGE('',*,*,#3711,.T.);
#918=ORIENTED_EDGE('',*,*,#3774,.T.);
#919=ORIENTED_EDGE('',*,*,#3758,.T.);
#920=ORIENTED_EDGE('',*,*,#3775,.T.);
#921=ORIENTED_EDGE('',*,*,#3776,.T.);
#922=ORIENTED_EDGE('',*,*,#3777,.T.);
#923=ORIENTED_EDGE('',*,*,#3719,.T.);
#924=ORIENTED_EDGE('',*,*,#3778,.T.);
#925=ORIENTED_EDGE('',*,*,#3723,.T.);
#926=ORIENTED_EDGE('',*,*,#3779,.T.);
#927=ORIENTED_EDGE('',*,*,#3780,.T.);
#928=ORIENTED_EDGE('',*,*,#3781,.F.);
#929=ORIENTED_EDGE('',*,*,#3782,.T.);
#930=ORIENTED_EDGE('',*,*,#3783,.T.);
#931=ORIENTED_EDGE('',*,*,#3776,.F.);
#932=ORIENTED_EDGE('',*,*,#3784,.T.);
#933=ORIENTED_EDGE('',*,*,#3780,.F.);
#934=ORIENTED_EDGE('',*,*,#3785,.T.);
#935=ORIENTED_EDGE('',*,*,#3786,.T.);
#936=ORIENTED_EDGE('',*,*,#3787,.F.);
#937=ORIENTED_EDGE('',*,*,#3788,.T.);
#938=ORIENTED_EDGE('',*,*,#3789,.T.);
#939=ORIENTED_EDGE('',*,*,#3725,.T.);
#940=ORIENTED_EDGE('',*,*,#3790,.T.);
#941=ORIENTED_EDGE('',*,*,#3729,.T.);
#942=ORIENTED_EDGE('',*,*,#3791,.T.);
#943=ORIENTED_EDGE('',*,*,#3792,.T.);
#944=ORIENTED_EDGE('',*,*,#3793,.F.);
#945=ORIENTED_EDGE('',*,*,#3794,.T.);
#946=ORIENTED_EDGE('',*,*,#3795,.T.);
#947=ORIENTED_EDGE('',*,*,#3788,.F.);
#948=ORIENTED_EDGE('',*,*,#3796,.T.);
#949=ORIENTED_EDGE('',*,*,#3792,.F.);
#950=ORIENTED_EDGE('',*,*,#3797,.T.);
#951=ORIENTED_EDGE('',*,*,#3798,.T.);
#952=ORIENTED_EDGE('',*,*,#3799,.F.);
#953=ORIENTED_EDGE('',*,*,#3800,.T.);
#954=ORIENTED_EDGE('',*,*,#3801,.T.);
#955=ORIENTED_EDGE('',*,*,#3713,.T.);
#956=ORIENTED_EDGE('',*,*,#3802,.F.);
#957=ORIENTED_EDGE('',*,*,#3717,.T.);
#958=ORIENTED_EDGE('',*,*,#3803,.T.);
#959=ORIENTED_EDGE('',*,*,#3804,.T.);
#960=ORIENTED_EDGE('',*,*,#3805,.T.);
#961=ORIENTED_EDGE('',*,*,#3804,.F.);
#962=ORIENTED_EDGE('',*,*,#3806,.T.);
#963=ORIENTED_EDGE('',*,*,#3807,.F.);
#964=ORIENTED_EDGE('',*,*,#3808,.F.);
#965=ORIENTED_EDGE('',*,*,#3809,.F.);
#966=ORIENTED_EDGE('',*,*,#3810,.T.);
#967=ORIENTED_EDGE('',*,*,#3800,.F.);
#968=ORIENTED_EDGE('',*,*,#3811,.T.);
#969=ORIENTED_EDGE('',*,*,#3812,.T.);
#970=ORIENTED_EDGE('',*,*,#3813,.T.);
#971=ORIENTED_EDGE('',*,*,#3814,.T.);
#972=ORIENTED_EDGE('',*,*,#3815,.T.);
#973=ORIENTED_EDGE('',*,*,#3816,.T.);
#974=ORIENTED_EDGE('',*,*,#3817,.T.);
#975=ORIENTED_EDGE('',*,*,#3818,.T.);
#976=ORIENTED_EDGE('',*,*,#3819,.T.);
#977=ORIENTED_EDGE('',*,*,#3820,.T.);
#978=ORIENTED_EDGE('',*,*,#3821,.T.);
#979=ORIENTED_EDGE('',*,*,#3822,.T.);
#980=ORIENTED_EDGE('',*,*,#3823,.T.);
#981=ORIENTED_EDGE('',*,*,#3824,.T.);
#982=ORIENTED_EDGE('',*,*,#3825,.T.);
#983=ORIENTED_EDGE('',*,*,#3826,.T.);
#984=ORIENTED_EDGE('',*,*,#3827,.T.);
#985=ORIENTED_EDGE('',*,*,#3828,.T.);
#986=ORIENTED_EDGE('',*,*,#3829,.T.);
#987=ORIENTED_EDGE('',*,*,#3830,.T.);
#988=ORIENTED_EDGE('',*,*,#3831,.T.);
#989=ORIENTED_EDGE('',*,*,#3832,.T.);
#990=ORIENTED_EDGE('',*,*,#3833,.T.);
#991=ORIENTED_EDGE('',*,*,#3834,.T.);
#992=ORIENTED_EDGE('',*,*,#3835,.T.);
#993=ORIENTED_EDGE('',*,*,#3836,.T.);
#994=ORIENTED_EDGE('',*,*,#3837,.T.);
#995=ORIENTED_EDGE('',*,*,#3838,.T.);
#996=ORIENTED_EDGE('',*,*,#3839,.T.);
#997=ORIENTED_EDGE('',*,*,#3840,.T.);
#998=ORIENTED_EDGE('',*,*,#3841,.T.);
#999=ORIENTED_EDGE('',*,*,#3842,.T.);
#1000=ORIENTED_EDGE('',*,*,#3843,.T.);
#1001=ORIENTED_EDGE('',*,*,#3844,.T.);
#1002=ORIENTED_EDGE('',*,*,#3845,.T.);
#1003=ORIENTED_EDGE('',*,*,#3846,.T.);
#1004=ORIENTED_EDGE('',*,*,#3847,.T.);
#1005=ORIENTED_EDGE('',*,*,#3848,.T.);
#1006=ORIENTED_EDGE('',*,*,#3849,.T.);
#1007=ORIENTED_EDGE('',*,*,#3850,.T.);
#1008=ORIENTED_EDGE('',*,*,#3851,.T.);
#1009=ORIENTED_EDGE('',*,*,#3852,.T.);
#1010=ORIENTED_EDGE('',*,*,#3853,.T.);
#1011=ORIENTED_EDGE('',*,*,#3854,.T.);
#1012=ORIENTED_EDGE('',*,*,#3855,.T.);
#1013=ORIENTED_EDGE('',*,*,#3856,.T.);
#1014=ORIENTED_EDGE('',*,*,#3857,.T.);
#1015=ORIENTED_EDGE('',*,*,#3858,.T.);
#1016=ORIENTED_EDGE('',*,*,#3859,.T.);
#1017=ORIENTED_EDGE('',*,*,#3860,.T.);
#1018=ORIENTED_EDGE('',*,*,#3861,.T.);
#1019=ORIENTED_EDGE('',*,*,#3862,.T.);
#1020=ORIENTED_EDGE('',*,*,#3863,.T.);
#1021=ORIENTED_EDGE('',*,*,#3864,.T.);
#1022=ORIENTED_EDGE('',*,*,#3865,.T.);
#1023=ORIENTED_EDGE('',*,*,#3866,.T.);
#1024=ORIENTED_EDGE('',*,*,#3867,.T.);
#1025=ORIENTED_EDGE('',*,*,#3868,.T.);
#1026=ORIENTED_EDGE('',*,*,#3869,.T.);
#1027=ORIENTED_EDGE('',*,*,#3870,.T.);
#1028=ORIENTED_EDGE('',*,*,#3871,.T.);
#1029=ORIENTED_EDGE('',*,*,#3872,.T.);
#1030=ORIENTED_EDGE('',*,*,#3873,.T.);
#1031=ORIENTED_EDGE('',*,*,#3874,.T.);
#1032=ORIENTED_EDGE('',*,*,#3875,.T.);
#1033=ORIENTED_EDGE('',*,*,#3876,.T.);
#1034=ORIENTED_EDGE('',*,*,#3877,.T.);
#1035=ORIENTED_EDGE('',*,*,#3878,.T.);
#1036=ORIENTED_EDGE('',*,*,#3879,.T.);
#1037=ORIENTED_EDGE('',*,*,#3880,.T.);
#1038=ORIENTED_EDGE('',*,*,#3881,.T.);
#1039=ORIENTED_EDGE('',*,*,#3882,.T.);
#1040=ORIENTED_EDGE('',*,*,#3883,.T.);
#1041=ORIENTED_EDGE('',*,*,#3884,.T.);
#1042=ORIENTED_EDGE('',*,*,#3885,.T.);
#1043=ORIENTED_EDGE('',*,*,#3886,.T.);
#1044=ORIENTED_EDGE('',*,*,#3887,.T.);
#1045=ORIENTED_EDGE('',*,*,#3888,.T.);
#1046=ORIENTED_EDGE('',*,*,#3889,.T.);
#1047=ORIENTED_EDGE('',*,*,#3890,.T.);
#1048=ORIENTED_EDGE('',*,*,#3891,.T.);
#1049=ORIENTED_EDGE('',*,*,#3892,.T.);
#1050=ORIENTED_EDGE('',*,*,#3893,.T.);
#1051=ORIENTED_EDGE('',*,*,#3894,.T.);
#1052=ORIENTED_EDGE('',*,*,#3895,.T.);
#1053=ORIENTED_EDGE('',*,*,#3896,.T.);
#1054=ORIENTED_EDGE('',*,*,#3897,.T.);
#1055=ORIENTED_EDGE('',*,*,#3898,.T.);
#1056=ORIENTED_EDGE('',*,*,#3899,.T.);
#1057=ORIENTED_EDGE('',*,*,#3900,.T.);
#1058=ORIENTED_EDGE('',*,*,#3901,.T.);
#1059=ORIENTED_EDGE('',*,*,#3902,.T.);
#1060=ORIENTED_EDGE('',*,*,#3903,.T.);
#1061=ORIENTED_EDGE('',*,*,#3904,.T.);
#1062=ORIENTED_EDGE('',*,*,#3905,.T.);
#1063=ORIENTED_EDGE('',*,*,#3906,.T.);
#1064=ORIENTED_EDGE('',*,*,#3907,.T.);
#1065=ORIENTED_EDGE('',*,*,#3908,.T.);
#1066=ORIENTED_EDGE('',*,*,#3909,.T.);
#1067=ORIENTED_EDGE('',*,*,#3910,.T.);
#1068=ORIENTED_EDGE('',*,*,#3911,.T.);
#1069=ORIENTED_EDGE('',*,*,#3912,.T.);
#1070=ORIENTED_EDGE('',*,*,#3913,.T.);
#1071=ORIENTED_EDGE('',*,*,#3914,.T.);
#1072=ORIENTED_EDGE('',*,*,#3915,.T.);
#1073=ORIENTED_EDGE('',*,*,#3916,.T.);
#1074=ORIENTED_EDGE('',*,*,#3917,.T.);
#1075=ORIENTED_EDGE('',*,*,#3918,.T.);
#1076=ORIENTED_EDGE('',*,*,#3919,.T.);
#1077=ORIENTED_EDGE('',*,*,#3920,.T.);
#1078=ORIENTED_EDGE('',*,*,#3921,.T.);
#1079=ORIENTED_EDGE('',*,*,#3922,.T.);
#1080=ORIENTED_EDGE('',*,*,#3923,.T.);
#1081=ORIENTED_EDGE('',*,*,#3924,.T.);
#1082=ORIENTED_EDGE('',*,*,#3925,.T.);
#1083=ORIENTED_EDGE('',*,*,#3926,.T.);
#1084=ORIENTED_EDGE('',*,*,#3927,.T.);
#1085=ORIENTED_EDGE('',*,*,#3928,.T.);
#1086=ORIENTED_EDGE('',*,*,#3929,.T.);
#1087=ORIENTED_EDGE('',*,*,#3930,.T.);
#1088=ORIENTED_EDGE('',*,*,#3931,.T.);
#1089=ORIENTED_EDGE('',*,*,#3932,.T.);
#1090=ORIENTED_EDGE('',*,*,#3933,.T.);
#1091=ORIENTED_EDGE('',*,*,#3934,.T.);
#1092=ORIENTED_EDGE('',*,*,#3935,.T.);
#1093=ORIENTED_EDGE('',*,*,#3936,.T.);
#1094=ORIENTED_EDGE('',*,*,#3937,.T.);
#1095=ORIENTED_EDGE('',*,*,#3938,.T.);
#1096=ORIENTED_EDGE('',*,*,#3939,.T.);
#1097=ORIENTED_EDGE('',*,*,#3940,.T.);
#1098=ORIENTED_EDGE('',*,*,#3941,.T.);
#1099=ORIENTED_EDGE('',*,*,#3942,.T.);
#1100=ORIENTED_EDGE('',*,*,#3943,.T.);
#1101=ORIENTED_EDGE('',*,*,#3944,.T.);
#1102=ORIENTED_EDGE('',*,*,#3945,.T.);
#1103=ORIENTED_EDGE('',*,*,#3946,.T.);
#1104=ORIENTED_EDGE('',*,*,#3947,.T.);
#1105=ORIENTED_EDGE('',*,*,#3948,.T.);
#1106=ORIENTED_EDGE('',*,*,#3949,.T.);
#1107=ORIENTED_EDGE('',*,*,#3950,.T.);
#1108=ORIENTED_EDGE('',*,*,#3951,.T.);
#1109=ORIENTED_EDGE('',*,*,#3952,.T.);
#1110=ORIENTED_EDGE('',*,*,#3953,.T.);
#1111=ORIENTED_EDGE('',*,*,#3954,.T.);
#1112=ORIENTED_EDGE('',*,*,#3955,.T.);
#1113=ORIENTED_EDGE('',*,*,#3956,.T.);
#1114=ORIENTED_EDGE('',*,*,#3957,.T.);
#1115=ORIENTED_EDGE('',*,*,#3958,.T.);
#1116=ORIENTED_EDGE('',*,*,#3959,.T.);
#1117=ORIENTED_EDGE('',*,*,#3960,.T.);
#1118=ORIENTED_EDGE('',*,*,#3961,.T.);
#1119=ORIENTED_EDGE('',*,*,#3962,.T.);
#1120=ORIENTED_EDGE('',*,*,#3963,.T.);
#1121=ORIENTED_EDGE('',*,*,#3964,.T.);
#1122=ORIENTED_EDGE('',*,*,#3965,.T.);
#1123=ORIENTED_EDGE('',*,*,#3966,.T.);
#1124=ORIENTED_EDGE('',*,*,#3967,.T.);
#1125=ORIENTED_EDGE('',*,*,#3968,.T.);
#1126=ORIENTED_EDGE('',*,*,#3969,.T.);
#1127=ORIENTED_EDGE('',*,*,#3970,.T.);
#1128=ORIENTED_EDGE('',*,*,#3971,.T.);
#1129=ORIENTED_EDGE('',*,*,#3972,.T.);
#1130=ORIENTED_EDGE('',*,*,#3973,.T.);
#1131=ORIENTED_EDGE('',*,*,#3974,.T.);
#1132=ORIENTED_EDGE('',*,*,#3975,.T.);
#1133=ORIENTED_EDGE('',*,*,#3976,.T.);
#1134=ORIENTED_EDGE('',*,*,#3977,.T.);
#1135=ORIENTED_EDGE('',*,*,#3978,.T.);
#1136=ORIENTED_EDGE('',*,*,#3979,.T.);
#1137=ORIENTED_EDGE('',*,*,#3980,.T.);
#1138=ORIENTED_EDGE('',*,*,#3981,.T.);
#1139=ORIENTED_EDGE('',*,*,#3982,.T.);
#1140=ORIENTED_EDGE('',*,*,#3983,.T.);
#1141=ORIENTED_EDGE('',*,*,#3984,.T.);
#1142=ORIENTED_EDGE('',*,*,#3985,.T.);
#1143=ORIENTED_EDGE('',*,*,#3986,.T.);
#1144=ORIENTED_EDGE('',*,*,#3987,.T.);
#1145=ORIENTED_EDGE('',*,*,#3988,.T.);
#1146=ORIENTED_EDGE('',*,*,#3989,.T.);
#1147=ORIENTED_EDGE('',*,*,#3990,.T.);
#1148=ORIENTED_EDGE('',*,*,#3991,.T.);
#1149=ORIENTED_EDGE('',*,*,#3992,.T.);
#1150=ORIENTED_EDGE('',*,*,#3993,.T.);
#1151=ORIENTED_EDGE('',*,*,#3994,.T.);
#1152=ORIENTED_EDGE('',*,*,#3995,.T.);
#1153=ORIENTED_EDGE('',*,*,#3996,.T.);
#1154=ORIENTED_EDGE('',*,*,#3997,.T.);
#1155=ORIENTED_EDGE('',*,*,#3998,.T.);
#1156=ORIENTED_EDGE('',*,*,#3999,.T.);
#1157=ORIENTED_EDGE('',*,*,#4000,.T.);
#1158=ORIENTED_EDGE('',*,*,#4001,.T.);
#1159=ORIENTED_EDGE('',*,*,#4002,.T.);
#1160=ORIENTED_EDGE('',*,*,#4003,.T.);
#1161=ORIENTED_EDGE('',*,*,#4004,.T.);
#1162=ORIENTED_EDGE('',*,*,#4005,.T.);
#1163=ORIENTED_EDGE('',*,*,#4006,.T.);
#1164=ORIENTED_EDGE('',*,*,#4007,.T.);
#1165=ORIENTED_EDGE('',*,*,#4008,.T.);
#1166=ORIENTED_EDGE('',*,*,#4009,.T.);
#1167=ORIENTED_EDGE('',*,*,#4010,.T.);
#1168=ORIENTED_EDGE('',*,*,#4011,.T.);
#1169=ORIENTED_EDGE('',*,*,#4012,.T.);
#1170=ORIENTED_EDGE('',*,*,#4013,.T.);
#1171=ORIENTED_EDGE('',*,*,#4014,.T.);
#1172=ORIENTED_EDGE('',*,*,#4015,.T.);
#1173=ORIENTED_EDGE('',*,*,#4016,.T.);
#1174=ORIENTED_EDGE('',*,*,#4017,.T.);
#1175=ORIENTED_EDGE('',*,*,#4018,.T.);
#1176=ORIENTED_EDGE('',*,*,#4019,.T.);
#1177=ORIENTED_EDGE('',*,*,#4020,.T.);
#1178=ORIENTED_EDGE('',*,*,#4021,.T.);
#1179=ORIENTED_EDGE('',*,*,#4022,.T.);
#1180=ORIENTED_EDGE('',*,*,#4023,.T.);
#1181=ORIENTED_EDGE('',*,*,#4024,.T.);
#1182=ORIENTED_EDGE('',*,*,#4025,.T.);
#1183=ORIENTED_EDGE('',*,*,#4026,.T.);
#1184=ORIENTED_EDGE('',*,*,#4027,.T.);
#1185=ORIENTED_EDGE('',*,*,#4028,.T.);
#1186=ORIENTED_EDGE('',*,*,#4029,.T.);
#1187=ORIENTED_EDGE('',*,*,#4030,.T.);
#1188=ORIENTED_EDGE('',*,*,#4031,.T.);
#1189=ORIENTED_EDGE('',*,*,#4032,.T.);
#1190=ORIENTED_EDGE('',*,*,#4033,.T.);
#1191=ORIENTED_EDGE('',*,*,#4034,.T.);
#1192=ORIENTED_EDGE('',*,*,#4035,.T.);
#1193=ORIENTED_EDGE('',*,*,#4036,.T.);
#1194=ORIENTED_EDGE('',*,*,#4037,.T.);
#1195=ORIENTED_EDGE('',*,*,#4038,.T.);
#1196=ORIENTED_EDGE('',*,*,#4039,.T.);
#1197=ORIENTED_EDGE('',*,*,#4040,.T.);
#1198=ORIENTED_EDGE('',*,*,#4041,.T.);
#1199=ORIENTED_EDGE('',*,*,#4042,.T.);
#1200=ORIENTED_EDGE('',*,*,#4043,.T.);
#1201=ORIENTED_EDGE('',*,*,#4044,.T.);
#1202=ORIENTED_EDGE('',*,*,#4045,.T.);
#1203=ORIENTED_EDGE('',*,*,#4046,.T.);
#1204=ORIENTED_EDGE('',*,*,#4047,.T.);
#1205=ORIENTED_EDGE('',*,*,#4048,.T.);
#1206=ORIENTED_EDGE('',*,*,#4049,.T.);
#1207=ORIENTED_EDGE('',*,*,#4050,.T.);
#1208=ORIENTED_EDGE('',*,*,#4051,.T.);
#1209=ORIENTED_EDGE('',*,*,#4052,.T.);
#1210=ORIENTED_EDGE('',*,*,#4053,.T.);
#1211=ORIENTED_EDGE('',*,*,#4054,.T.);
#1212=ORIENTED_EDGE('',*,*,#4055,.T.);
#1213=ORIENTED_EDGE('',*,*,#4056,.F.);
#1214=ORIENTED_EDGE('',*,*,#4057,.F.);
#1215=ORIENTED_EDGE('',*,*,#4058,.F.);
#1216=ORIENTED_EDGE('',*,*,#4059,.T.);
#1217=ORIENTED_EDGE('',*,*,#4060,.T.);
#1218=ORIENTED_EDGE('',*,*,#4061,.T.);
#1219=ORIENTED_EDGE('',*,*,#4062,.T.);
#1220=ORIENTED_EDGE('',*,*,#4063,.T.);
#1221=ORIENTED_EDGE('',*,*,#4064,.T.);
#1222=ORIENTED_EDGE('',*,*,#4065,.T.);
#1223=ORIENTED_EDGE('',*,*,#4066,.T.);
#1224=ORIENTED_EDGE('',*,*,#4067,.T.);
#1225=ORIENTED_EDGE('',*,*,#4068,.T.);
#1226=ORIENTED_EDGE('',*,*,#4069,.T.);
#1227=ORIENTED_EDGE('',*,*,#4070,.T.);
#1228=ORIENTED_EDGE('',*,*,#4071,.T.);
#1229=ORIENTED_EDGE('',*,*,#4072,.T.);
#1230=ORIENTED_EDGE('',*,*,#4073,.T.);
#1231=ORIENTED_EDGE('',*,*,#4074,.T.);
#1232=ORIENTED_EDGE('',*,*,#4075,.T.);
#1233=ORIENTED_EDGE('',*,*,#4076,.T.);
#1234=ORIENTED_EDGE('',*,*,#4077,.T.);
#1235=ORIENTED_EDGE('',*,*,#4078,.T.);
#1236=ORIENTED_EDGE('',*,*,#4079,.T.);
#1237=ORIENTED_EDGE('',*,*,#4080,.T.);
#1238=ORIENTED_EDGE('',*,*,#4081,.T.);
#1239=ORIENTED_EDGE('',*,*,#4082,.T.);
#1240=ORIENTED_EDGE('',*,*,#4083,.T.);
#1241=ORIENTED_EDGE('',*,*,#4084,.T.);
#1242=ORIENTED_EDGE('',*,*,#4085,.T.);
#1243=ORIENTED_EDGE('',*,*,#4086,.T.);
#1244=ORIENTED_EDGE('',*,*,#4087,.T.);
#1245=ORIENTED_EDGE('',*,*,#4088,.T.);
#1246=ORIENTED_EDGE('',*,*,#4089,.T.);
#1247=ORIENTED_EDGE('',*,*,#4090,.T.);
#1248=ORIENTED_EDGE('',*,*,#4091,.T.);
#1249=ORIENTED_EDGE('',*,*,#4092,.T.);
#1250=ORIENTED_EDGE('',*,*,#4093,.F.);
#1251=ORIENTED_EDGE('',*,*,#4094,.T.);
#1252=ORIENTED_EDGE('',*,*,#4095,.T.);
#1253=ORIENTED_EDGE('',*,*,#4096,.T.);
#1254=ORIENTED_EDGE('',*,*,#4097,.F.);
#1255=ORIENTED_EDGE('',*,*,#4098,.T.);
#1256=ORIENTED_EDGE('',*,*,#4099,.T.);
#1257=ORIENTED_EDGE('',*,*,#4100,.T.);
#1258=ORIENTED_EDGE('',*,*,#4101,.T.);
#1259=ORIENTED_EDGE('',*,*,#4102,.T.);
#1260=ORIENTED_EDGE('',*,*,#4103,.T.);
#1261=ORIENTED_EDGE('',*,*,#4104,.T.);
#1262=ORIENTED_EDGE('',*,*,#4105,.T.);
#1263=ORIENTED_EDGE('',*,*,#4106,.T.);
#1264=ORIENTED_EDGE('',*,*,#4107,.T.);
#1265=ORIENTED_EDGE('',*,*,#4108,.T.);
#1266=ORIENTED_EDGE('',*,*,#4109,.T.);
#1267=ORIENTED_EDGE('',*,*,#4110,.T.);
#1268=ORIENTED_EDGE('',*,*,#4111,.T.);
#1269=ORIENTED_EDGE('',*,*,#4112,.T.);
#1270=ORIENTED_EDGE('',*,*,#4113,.T.);
#1271=ORIENTED_EDGE('',*,*,#4114,.T.);
#1272=ORIENTED_EDGE('',*,*,#4115,.T.);
#1273=ORIENTED_EDGE('',*,*,#4116,.T.);
#1274=ORIENTED_EDGE('',*,*,#4117,.T.);
#1275=ORIENTED_EDGE('',*,*,#4118,.F.);
#1276=ORIENTED_EDGE('',*,*,#4119,.T.);
#1277=ORIENTED_EDGE('',*,*,#4120,.T.);
#1278=ORIENTED_EDGE('',*,*,#4121,.T.);
#1279=ORIENTED_EDGE('',*,*,#4122,.T.);
#1280=ORIENTED_EDGE('',*,*,#4123,.T.);
#1281=ORIENTED_EDGE('',*,*,#4124,.T.);
#1282=ORIENTED_EDGE('',*,*,#4125,.T.);
#1283=ORIENTED_EDGE('',*,*,#4126,.T.);
#1284=ORIENTED_EDGE('',*,*,#4127,.T.);
#1285=ORIENTED_EDGE('',*,*,#4128,.T.);
#1286=ORIENTED_EDGE('',*,*,#4129,.T.);
#1287=ORIENTED_EDGE('',*,*,#4130,.T.);
#1288=ORIENTED_EDGE('',*,*,#4131,.T.);
#1289=ORIENTED_EDGE('',*,*,#4132,.T.);
#1290=ORIENTED_EDGE('',*,*,#4133,.T.);
#1291=ORIENTED_EDGE('',*,*,#4134,.T.);
#1292=ORIENTED_EDGE('',*,*,#4135,.T.);
#1293=ORIENTED_EDGE('',*,*,#4136,.T.);
#1294=ORIENTED_EDGE('',*,*,#4137,.T.);
#1295=ORIENTED_EDGE('',*,*,#4138,.T.);
#1296=ORIENTED_EDGE('',*,*,#4139,.T.);
#1297=ORIENTED_EDGE('',*,*,#4140,.T.);
#1298=ORIENTED_EDGE('',*,*,#4012,.F.);
#1299=ORIENTED_EDGE('',*,*,#4141,.F.);
#1300=ORIENTED_EDGE('',*,*,#4098,.F.);
#1301=ORIENTED_EDGE('',*,*,#4140,.F.);
#1302=ORIENTED_EDGE('',*,*,#4142,.F.);
#1303=ORIENTED_EDGE('',*,*,#4143,.F.);
#1304=ORIENTED_EDGE('',*,*,#4013,.F.);
#1305=ORIENTED_EDGE('',*,*,#4143,.T.);
#1306=ORIENTED_EDGE('',*,*,#4144,.F.);
#1307=ORIENTED_EDGE('',*,*,#4145,.F.);
#1308=ORIENTED_EDGE('',*,*,#4014,.F.);
#1309=ORIENTED_EDGE('',*,*,#4145,.T.);
#1310=ORIENTED_EDGE('',*,*,#4146,.F.);
#1311=ORIENTED_EDGE('',*,*,#4147,.F.);
#1312=ORIENTED_EDGE('',*,*,#4015,.F.);
#1313=ORIENTED_EDGE('',*,*,#4147,.T.);
#1314=ORIENTED_EDGE('',*,*,#4148,.F.);
#1315=ORIENTED_EDGE('',*,*,#4149,.F.);
#1316=ORIENTED_EDGE('',*,*,#4008,.F.);
#1317=ORIENTED_EDGE('',*,*,#4149,.T.);
#1318=ORIENTED_EDGE('',*,*,#4150,.F.);
#1319=ORIENTED_EDGE('',*,*,#4151,.T.);
#1320=ORIENTED_EDGE('',*,*,#4009,.F.);
#1321=ORIENTED_EDGE('',*,*,#4152,.T.);
#1322=ORIENTED_EDGE('',*,*,#4010,.F.);
#1323=ORIENTED_EDGE('',*,*,#4151,.F.);
#1324=ORIENTED_EDGE('',*,*,#4153,.F.);
#1325=ORIENTED_EDGE('',*,*,#4141,.T.);
#1326=ORIENTED_EDGE('',*,*,#4011,.F.);
#1327=ORIENTED_EDGE('',*,*,#4152,.F.);
#1328=ORIENTED_EDGE('',*,*,#4154,.F.);
#1329=ORIENTED_EDGE('',*,*,#4155,.T.);
#1330=ORIENTED_EDGE('',*,*,#4156,.T.);
#1331=ORIENTED_EDGE('',*,*,#4099,.F.);
#1332=ORIENTED_EDGE('',*,*,#4154,.T.);
#1333=ORIENTED_EDGE('',*,*,#4157,.T.);
#1334=ORIENTED_EDGE('',*,*,#4158,.T.);
#1335=ORIENTED_EDGE('',*,*,#4103,.F.);
#1336=ORIENTED_EDGE('',*,*,#4159,.T.);
#1337=ORIENTED_EDGE('',*,*,#4160,.T.);
#1338=ORIENTED_EDGE('',*,*,#4161,.T.);
#1339=ORIENTED_EDGE('',*,*,#4157,.F.);
#1340=ORIENTED_EDGE('',*,*,#4153,.T.);
#1341=ORIENTED_EDGE('',*,*,#4162,.T.);
#1342=ORIENTED_EDGE('',*,*,#4163,.T.);
#1343=ORIENTED_EDGE('',*,*,#4160,.F.);
#1344=ORIENTED_EDGE('',*,*,#4150,.T.);
#1345=ORIENTED_EDGE('',*,*,#4164,.F.);
#1346=ORIENTED_EDGE('',*,*,#4162,.F.);
#1347=ORIENTED_EDGE('',*,*,#4148,.T.);
#1348=ORIENTED_EDGE('',*,*,#4165,.T.);
#1349=ORIENTED_EDGE('',*,*,#4166,.T.);
#1350=ORIENTED_EDGE('',*,*,#4167,.T.);
#1351=ORIENTED_EDGE('',*,*,#4165,.F.);
#1352=ORIENTED_EDGE('',*,*,#4146,.T.);
#1353=ORIENTED_EDGE('',*,*,#4168,.F.);
#1354=ORIENTED_EDGE('',*,*,#4166,.F.);
#1355=ORIENTED_EDGE('',*,*,#4144,.T.);
#1356=ORIENTED_EDGE('',*,*,#4169,.T.);
#1357=ORIENTED_EDGE('',*,*,#4097,.T.);
#1358=ORIENTED_EDGE('',*,*,#4170,.T.);
#1359=ORIENTED_EDGE('',*,*,#4171,.T.);
#1360=ORIENTED_EDGE('',*,*,#4172,.T.);
#1361=ORIENTED_EDGE('',*,*,#4093,.T.);
#1362=ORIENTED_EDGE('',*,*,#4173,.T.);
#1363=ORIENTED_EDGE('',*,*,#4169,.F.);
#1364=ORIENTED_EDGE('',*,*,#4142,.T.);
#1365=ORIENTED_EDGE('',*,*,#4174,.F.);
#1366=ORIENTED_EDGE('',*,*,#4175,.T.);
#1367=ORIENTED_EDGE('',*,*,#4176,.T.);
#1368=ORIENTED_EDGE('',*,*,#4090,.F.);
#1369=ORIENTED_EDGE('',*,*,#4158,.F.);
#1370=ORIENTED_EDGE('',*,*,#4161,.F.);
#1371=ORIENTED_EDGE('',*,*,#4163,.F.);
#1372=ORIENTED_EDGE('',*,*,#4164,.T.);
#1373=ORIENTED_EDGE('',*,*,#4167,.F.);
#1374=ORIENTED_EDGE('',*,*,#4168,.T.);
#1375=ORIENTED_EDGE('',*,*,#4173,.F.);
#1376=ORIENTED_EDGE('',*,*,#4092,.F.);
#1377=ORIENTED_EDGE('',*,*,#4177,.T.);
#1378=ORIENTED_EDGE('',*,*,#4178,.F.);
#1379=ORIENTED_EDGE('',*,*,#3760,.T.);
#1380=ORIENTED_EDGE('',*,*,#4179,.T.);
#1381=ORIENTED_EDGE('',*,*,#4180,.F.);
#1382=ORIENTED_EDGE('',*,*,#4181,.T.);
#1383=ORIENTED_EDGE('',*,*,#3768,.T.);
#1384=ORIENTED_EDGE('',*,*,#4182,.T.);
#1385=ORIENTED_EDGE('',*,*,#3798,.F.);
#1386=ORIENTED_EDGE('',*,*,#4183,.T.);
#1387=ORIENTED_EDGE('',*,*,#4184,.F.);
#1388=ORIENTED_EDGE('',*,*,#4185,.T.);
#1389=ORIENTED_EDGE('',*,*,#3794,.F.);
#1390=ORIENTED_EDGE('',*,*,#4186,.T.);
#1391=ORIENTED_EDGE('',*,*,#3786,.F.);
#1392=ORIENTED_EDGE('',*,*,#4187,.T.);
#1393=ORIENTED_EDGE('',*,*,#4188,.F.);
#1394=ORIENTED_EDGE('',*,*,#4189,.T.);
#1395=ORIENTED_EDGE('',*,*,#3782,.F.);
#1396=ORIENTED_EDGE('',*,*,#4190,.T.);
#1397=ORIENTED_EDGE('',*,*,#3807,.T.);
#1398=ORIENTED_EDGE('',*,*,#4191,.T.);
#1399=ORIENTED_EDGE('',*,*,#4192,.F.);
#1400=ORIENTED_EDGE('',*,*,#4193,.T.);
#1401=ORIENTED_EDGE('',*,*,#3809,.T.);
#1402=ORIENTED_EDGE('',*,*,#4194,.T.);
#1403=ORIENTED_EDGE('',*,*,#3762,.T.);
#1404=ORIENTED_EDGE('',*,*,#4195,.F.);
#1405=ORIENTED_EDGE('',*,*,#4196,.F.);
#1406=ORIENTED_EDGE('',*,*,#4197,.F.);
#1407=ORIENTED_EDGE('',*,*,#3773,.T.);
#1408=ORIENTED_EDGE('',*,*,#3730,.T.);
#1409=ORIENTED_EDGE('',*,*,#3793,.T.);
#1410=ORIENTED_EDGE('',*,*,#4198,.T.);
#1411=ORIENTED_EDGE('',*,*,#3790,.F.);
#1412=ORIENTED_EDGE('',*,*,#3724,.T.);
#1413=ORIENTED_EDGE('',*,*,#3781,.T.);
#1414=ORIENTED_EDGE('',*,*,#4199,.T.);
#1415=ORIENTED_EDGE('',*,*,#3778,.F.);
#1416=ORIENTED_EDGE('',*,*,#3718,.T.);
#1417=ORIENTED_EDGE('',*,*,#3805,.F.);
#1418=ORIENTED_EDGE('',*,*,#4200,.T.);
#1419=ORIENTED_EDGE('',*,*,#3775,.F.);
#1420=ORIENTED_EDGE('',*,*,#4201,.T.);
#1421=ORIENTED_EDGE('',*,*,#3802,.T.);
#1422=ORIENTED_EDGE('',*,*,#3712,.T.);
#1423=ORIENTED_EDGE('',*,*,#3811,.F.);
#1424=ORIENTED_EDGE('',*,*,#4201,.F.);
#1425=ORIENTED_EDGE('',*,*,#3763,.T.);
#1426=ORIENTED_EDGE('',*,*,#4194,.F.);
#1427=ORIENTED_EDGE('',*,*,#3784,.F.);
#1428=ORIENTED_EDGE('',*,*,#4200,.F.);
#1429=ORIENTED_EDGE('',*,*,#3808,.T.);
#1430=ORIENTED_EDGE('',*,*,#4190,.F.);
#1431=ORIENTED_EDGE('',*,*,#3796,.F.);
#1432=ORIENTED_EDGE('',*,*,#4199,.F.);
#1433=ORIENTED_EDGE('',*,*,#3787,.T.);
#1434=ORIENTED_EDGE('',*,*,#4186,.F.);
#1435=ORIENTED_EDGE('',*,*,#3771,.F.);
#1436=ORIENTED_EDGE('',*,*,#4198,.F.);
#1437=ORIENTED_EDGE('',*,*,#3799,.T.);
#1438=ORIENTED_EDGE('',*,*,#4182,.F.);
#1439=ORIENTED_EDGE('',*,*,#4202,.T.);
#1440=ORIENTED_EDGE('',*,*,#4203,.T.);
#1441=ORIENTED_EDGE('',*,*,#4204,.F.);
#1442=ORIENTED_EDGE('',*,*,#4205,.T.);
#1443=ORIENTED_EDGE('',*,*,#4204,.T.);
#1444=ORIENTED_EDGE('',*,*,#4206,.T.);
#1445=ORIENTED_EDGE('',*,*,#4207,.F.);
#1446=ORIENTED_EDGE('',*,*,#4208,.F.);
#1447=ORIENTED_EDGE('',*,*,#4207,.T.);
#1448=ORIENTED_EDGE('',*,*,#4209,.T.);
#1449=ORIENTED_EDGE('',*,*,#4210,.F.);
#1450=ORIENTED_EDGE('',*,*,#4211,.F.);
#1451=ORIENTED_EDGE('',*,*,#4210,.T.);
#1452=ORIENTED_EDGE('',*,*,#4212,.T.);
#1453=ORIENTED_EDGE('',*,*,#4202,.F.);
#1454=ORIENTED_EDGE('',*,*,#4213,.T.);
#1455=ORIENTED_EDGE('',*,*,#4214,.F.);
#1456=ORIENTED_EDGE('',*,*,#4007,.F.);
#1457=ORIENTED_EDGE('',*,*,#4215,.F.);
#1458=ORIENTED_EDGE('',*,*,#4212,.F.);
#1459=ORIENTED_EDGE('',*,*,#4215,.T.);
#1460=ORIENTED_EDGE('',*,*,#4006,.F.);
#1461=ORIENTED_EDGE('',*,*,#4216,.F.);
#1462=ORIENTED_EDGE('',*,*,#4203,.F.);
#1463=ORIENTED_EDGE('',*,*,#4214,.T.);
#1464=ORIENTED_EDGE('',*,*,#4209,.F.);
#1465=ORIENTED_EDGE('',*,*,#4217,.F.);
#1466=ORIENTED_EDGE('',*,*,#4004,.F.);
#1467=ORIENTED_EDGE('',*,*,#4216,.T.);
#1468=ORIENTED_EDGE('',*,*,#4005,.F.);
#1469=ORIENTED_EDGE('',*,*,#4217,.T.);
#1470=ORIENTED_EDGE('',*,*,#4206,.F.);
#1471=ORIENTED_EDGE('',*,*,#4003,.F.);
#1472=ORIENTED_EDGE('',*,*,#4139,.F.);
#1473=ORIENTED_EDGE('',*,*,#4118,.T.);
#1474=ORIENTED_EDGE('',*,*,#4002,.F.);
#1475=ORIENTED_EDGE('',*,*,#4218,.T.);
#1476=ORIENTED_EDGE('',*,*,#3697,.F.);
#1477=ORIENTED_EDGE('',*,*,#4219,.T.);
#1478=ORIENTED_EDGE('',*,*,#3696,.F.);
#1479=ORIENTED_EDGE('',*,*,#4116,.F.);
#1480=ORIENTED_EDGE('',*,*,#4218,.F.);
#1481=ORIENTED_EDGE('',*,*,#4117,.F.);
#1482=ORIENTED_EDGE('',*,*,#4219,.F.);
#1483=ORIENTED_EDGE('',*,*,#4220,.T.);
#1484=ORIENTED_EDGE('',*,*,#4221,.T.);
#1485=ORIENTED_EDGE('',*,*,#4222,.F.);
#1486=ORIENTED_EDGE('',*,*,#3740,.T.);
#1487=ORIENTED_EDGE('',*,*,#4223,.T.);
#1488=ORIENTED_EDGE('',*,*,#4224,.T.);
#1489=ORIENTED_EDGE('',*,*,#3741,.F.);
#1490=ORIENTED_EDGE('',*,*,#4222,.T.);
#1491=ORIENTED_EDGE('',*,*,#3694,.T.);
#1492=ORIENTED_EDGE('',*,*,#4225,.T.);
#1493=ORIENTED_EDGE('',*,*,#4226,.F.);
#1494=ORIENTED_EDGE('',*,*,#3734,.F.);
#1495=ORIENTED_EDGE('',*,*,#4226,.T.);
#1496=ORIENTED_EDGE('',*,*,#4227,.T.);
#1497=ORIENTED_EDGE('',*,*,#4228,.F.);
#1498=ORIENTED_EDGE('',*,*,#3735,.T.);
#1499=ORIENTED_EDGE('',*,*,#4228,.T.);
#1500=ORIENTED_EDGE('',*,*,#4229,.T.);
#1501=ORIENTED_EDGE('',*,*,#4230,.F.);
#1502=ORIENTED_EDGE('',*,*,#3736,.F.);
#1503=ORIENTED_EDGE('',*,*,#4230,.T.);
#1504=ORIENTED_EDGE('',*,*,#4231,.T.);
#1505=ORIENTED_EDGE('',*,*,#4232,.F.);
#1506=ORIENTED_EDGE('',*,*,#3737,.T.);
#1507=ORIENTED_EDGE('',*,*,#4232,.T.);
#1508=ORIENTED_EDGE('',*,*,#4233,.T.);
#1509=ORIENTED_EDGE('',*,*,#4234,.F.);
#1510=ORIENTED_EDGE('',*,*,#3738,.T.);
#1511=ORIENTED_EDGE('',*,*,#4234,.T.);
#1512=ORIENTED_EDGE('',*,*,#4235,.T.);
#1513=ORIENTED_EDGE('',*,*,#4220,.F.);
#1514=ORIENTED_EDGE('',*,*,#3739,.T.);
#1515=ORIENTED_EDGE('',*,*,#4236,.F.);
#1516=ORIENTED_EDGE('',*,*,#4133,.F.);
#1517=ORIENTED_EDGE('',*,*,#4237,.F.);
#1518=ORIENTED_EDGE('',*,*,#4227,.F.);
#1519=ORIENTED_EDGE('',*,*,#4237,.T.);
#1520=ORIENTED_EDGE('',*,*,#4132,.F.);
#1521=ORIENTED_EDGE('',*,*,#4238,.F.);
#1522=ORIENTED_EDGE('',*,*,#4229,.F.);
#1523=ORIENTED_EDGE('',*,*,#4236,.T.);
#1524=ORIENTED_EDGE('',*,*,#4225,.F.);
#1525=ORIENTED_EDGE('',*,*,#4239,.F.);
#1526=ORIENTED_EDGE('',*,*,#4134,.F.);
#1527=ORIENTED_EDGE('',*,*,#4238,.T.);
#1528=ORIENTED_EDGE('',*,*,#4131,.F.);
#1529=ORIENTED_EDGE('',*,*,#4240,.F.);
#1530=ORIENTED_EDGE('',*,*,#4231,.F.);
#1531=ORIENTED_EDGE('',*,*,#4239,.T.);
#1532=ORIENTED_EDGE('',*,*,#3693,.F.);
#1533=ORIENTED_EDGE('',*,*,#4241,.F.);
#1534=ORIENTED_EDGE('',*,*,#4135,.F.);
#1535=ORIENTED_EDGE('',*,*,#4240,.T.);
#1536=ORIENTED_EDGE('',*,*,#4130,.F.);
#1537=ORIENTED_EDGE('',*,*,#4242,.F.);
#1538=ORIENTED_EDGE('',*,*,#4233,.F.);
#1539=ORIENTED_EDGE('',*,*,#4241,.T.);
#1540=ORIENTED_EDGE('',*,*,#4243,.F.);
#1541=ORIENTED_EDGE('',*,*,#4244,.F.);
#1542=ORIENTED_EDGE('',*,*,#4136,.F.);
#1543=ORIENTED_EDGE('',*,*,#4242,.T.);
#1544=ORIENTED_EDGE('',*,*,#4129,.F.);
#1545=ORIENTED_EDGE('',*,*,#4245,.F.);
#1546=ORIENTED_EDGE('',*,*,#4235,.F.);
#1547=ORIENTED_EDGE('',*,*,#4244,.T.);
#1548=ORIENTED_EDGE('',*,*,#4246,.F.);
#1549=ORIENTED_EDGE('',*,*,#4247,.F.);
#1550=ORIENTED_EDGE('',*,*,#4137,.F.);
#1551=ORIENTED_EDGE('',*,*,#4245,.T.);
#1552=ORIENTED_EDGE('',*,*,#4128,.F.);
#1553=ORIENTED_EDGE('',*,*,#4248,.F.);
#1554=ORIENTED_EDGE('',*,*,#4221,.F.);
#1555=ORIENTED_EDGE('',*,*,#4247,.T.);
#1556=ORIENTED_EDGE('',*,*,#4249,.F.);
#1557=ORIENTED_EDGE('',*,*,#4250,.F.);
#1558=ORIENTED_EDGE('',*,*,#4138,.F.);
#1559=ORIENTED_EDGE('',*,*,#4248,.T.);
#1560=ORIENTED_EDGE('',*,*,#4127,.F.);
#1561=ORIENTED_EDGE('',*,*,#4250,.T.);
#1562=ORIENTED_EDGE('',*,*,#4223,.F.);
#1563=ORIENTED_EDGE('',*,*,#4017,.F.);
#1564=ORIENTED_EDGE('',*,*,#4251,.F.);
#1565=ORIENTED_EDGE('',*,*,#4252,.T.);
#1566=ORIENTED_EDGE('',*,*,#4253,.T.);
#1567=ORIENTED_EDGE('',*,*,#4016,.F.);
#1568=ORIENTED_EDGE('',*,*,#4254,.F.);
#1569=ORIENTED_EDGE('',*,*,#4255,.T.);
#1570=ORIENTED_EDGE('',*,*,#4251,.T.);
#1571=ORIENTED_EDGE('',*,*,#4043,.F.);
#1572=ORIENTED_EDGE('',*,*,#4256,.F.);
#1573=ORIENTED_EDGE('',*,*,#4257,.T.);
#1574=ORIENTED_EDGE('',*,*,#4254,.T.);
#1575=ORIENTED_EDGE('',*,*,#4042,.F.);
#1576=ORIENTED_EDGE('',*,*,#4258,.F.);
#1577=ORIENTED_EDGE('',*,*,#4259,.T.);
#1578=ORIENTED_EDGE('',*,*,#4256,.T.);
#1579=ORIENTED_EDGE('',*,*,#4041,.F.);
#1580=ORIENTED_EDGE('',*,*,#4260,.F.);
#1581=ORIENTED_EDGE('',*,*,#4261,.T.);
#1582=ORIENTED_EDGE('',*,*,#4258,.T.);
#1583=ORIENTED_EDGE('',*,*,#4040,.F.);
#1584=ORIENTED_EDGE('',*,*,#4262,.F.);
#1585=ORIENTED_EDGE('',*,*,#4263,.T.);
#1586=ORIENTED_EDGE('',*,*,#4260,.T.);
#1587=ORIENTED_EDGE('',*,*,#4039,.F.);
#1588=ORIENTED_EDGE('',*,*,#4264,.F.);
#1589=ORIENTED_EDGE('',*,*,#4265,.T.);
#1590=ORIENTED_EDGE('',*,*,#4262,.T.);
#1591=ORIENTED_EDGE('',*,*,#4038,.F.);
#1592=ORIENTED_EDGE('',*,*,#4266,.F.);
#1593=ORIENTED_EDGE('',*,*,#4267,.T.);
#1594=ORIENTED_EDGE('',*,*,#4264,.T.);
#1595=ORIENTED_EDGE('',*,*,#4037,.F.);
#1596=ORIENTED_EDGE('',*,*,#4268,.F.);
#1597=ORIENTED_EDGE('',*,*,#4269,.T.);
#1598=ORIENTED_EDGE('',*,*,#4266,.T.);
#1599=ORIENTED_EDGE('',*,*,#4036,.F.);
#1600=ORIENTED_EDGE('',*,*,#4270,.F.);
#1601=ORIENTED_EDGE('',*,*,#4271,.T.);
#1602=ORIENTED_EDGE('',*,*,#4268,.T.);
#1603=ORIENTED_EDGE('',*,*,#4035,.F.);
#1604=ORIENTED_EDGE('',*,*,#4272,.F.);
#1605=ORIENTED_EDGE('',*,*,#4273,.T.);
#1606=ORIENTED_EDGE('',*,*,#4270,.T.);
#1607=ORIENTED_EDGE('',*,*,#4034,.F.);
#1608=ORIENTED_EDGE('',*,*,#4274,.F.);
#1609=ORIENTED_EDGE('',*,*,#4275,.T.);
#1610=ORIENTED_EDGE('',*,*,#4272,.T.);
#1611=ORIENTED_EDGE('',*,*,#4033,.F.);
#1612=ORIENTED_EDGE('',*,*,#4276,.F.);
#1613=ORIENTED_EDGE('',*,*,#4277,.T.);
#1614=ORIENTED_EDGE('',*,*,#4274,.T.);
#1615=ORIENTED_EDGE('',*,*,#4032,.F.);
#1616=ORIENTED_EDGE('',*,*,#4278,.F.);
#1617=ORIENTED_EDGE('',*,*,#4279,.T.);
#1618=ORIENTED_EDGE('',*,*,#4276,.T.);
#1619=ORIENTED_EDGE('',*,*,#4031,.F.);
#1620=ORIENTED_EDGE('',*,*,#4280,.F.);
#1621=ORIENTED_EDGE('',*,*,#4281,.T.);
#1622=ORIENTED_EDGE('',*,*,#4278,.T.);
#1623=ORIENTED_EDGE('',*,*,#4030,.F.);
#1624=ORIENTED_EDGE('',*,*,#4282,.F.);
#1625=ORIENTED_EDGE('',*,*,#4283,.T.);
#1626=ORIENTED_EDGE('',*,*,#4280,.T.);
#1627=ORIENTED_EDGE('',*,*,#4029,.F.);
#1628=ORIENTED_EDGE('',*,*,#4284,.F.);
#1629=ORIENTED_EDGE('',*,*,#4285,.T.);
#1630=ORIENTED_EDGE('',*,*,#4282,.T.);
#1631=ORIENTED_EDGE('',*,*,#4028,.F.);
#1632=ORIENTED_EDGE('',*,*,#4286,.F.);
#1633=ORIENTED_EDGE('',*,*,#4287,.T.);
#1634=ORIENTED_EDGE('',*,*,#4284,.T.);
#1635=ORIENTED_EDGE('',*,*,#4027,.F.);
#1636=ORIENTED_EDGE('',*,*,#4288,.F.);
#1637=ORIENTED_EDGE('',*,*,#4289,.T.);
#1638=ORIENTED_EDGE('',*,*,#4286,.T.);
#1639=ORIENTED_EDGE('',*,*,#4026,.F.);
#1640=ORIENTED_EDGE('',*,*,#4290,.F.);
#1641=ORIENTED_EDGE('',*,*,#4291,.T.);
#1642=ORIENTED_EDGE('',*,*,#4288,.T.);
#1643=ORIENTED_EDGE('',*,*,#4025,.F.);
#1644=ORIENTED_EDGE('',*,*,#4292,.F.);
#1645=ORIENTED_EDGE('',*,*,#4293,.T.);
#1646=ORIENTED_EDGE('',*,*,#4290,.T.);
#1647=ORIENTED_EDGE('',*,*,#4024,.F.);
#1648=ORIENTED_EDGE('',*,*,#4294,.F.);
#1649=ORIENTED_EDGE('',*,*,#4295,.T.);
#1650=ORIENTED_EDGE('',*,*,#4292,.T.);
#1651=ORIENTED_EDGE('',*,*,#4023,.F.);
#1652=ORIENTED_EDGE('',*,*,#4296,.F.);
#1653=ORIENTED_EDGE('',*,*,#4297,.T.);
#1654=ORIENTED_EDGE('',*,*,#4294,.T.);
#1655=ORIENTED_EDGE('',*,*,#4022,.F.);
#1656=ORIENTED_EDGE('',*,*,#4298,.F.);
#1657=ORIENTED_EDGE('',*,*,#4299,.T.);
#1658=ORIENTED_EDGE('',*,*,#4296,.T.);
#1659=ORIENTED_EDGE('',*,*,#4021,.F.);
#1660=ORIENTED_EDGE('',*,*,#4300,.F.);
#1661=ORIENTED_EDGE('',*,*,#4301,.T.);
#1662=ORIENTED_EDGE('',*,*,#4298,.T.);
#1663=ORIENTED_EDGE('',*,*,#4020,.F.);
#1664=ORIENTED_EDGE('',*,*,#4302,.F.);
#1665=ORIENTED_EDGE('',*,*,#4303,.T.);
#1666=ORIENTED_EDGE('',*,*,#4300,.T.);
#1667=ORIENTED_EDGE('',*,*,#4019,.F.);
#1668=ORIENTED_EDGE('',*,*,#4304,.F.);
#1669=ORIENTED_EDGE('',*,*,#4305,.T.);
#1670=ORIENTED_EDGE('',*,*,#4302,.T.);
#1671=ORIENTED_EDGE('',*,*,#4018,.F.);
#1672=ORIENTED_EDGE('',*,*,#4253,.F.);
#1673=ORIENTED_EDGE('',*,*,#4306,.T.);
#1674=ORIENTED_EDGE('',*,*,#4304,.T.);
#1675=ORIENTED_EDGE('',*,*,#4252,.F.);
#1676=ORIENTED_EDGE('',*,*,#4255,.F.);
#1677=ORIENTED_EDGE('',*,*,#4257,.F.);
#1678=ORIENTED_EDGE('',*,*,#4259,.F.);
#1679=ORIENTED_EDGE('',*,*,#4261,.F.);
#1680=ORIENTED_EDGE('',*,*,#4263,.F.);
#1681=ORIENTED_EDGE('',*,*,#4265,.F.);
#1682=ORIENTED_EDGE('',*,*,#4267,.F.);
#1683=ORIENTED_EDGE('',*,*,#4269,.F.);
#1684=ORIENTED_EDGE('',*,*,#4271,.F.);
#1685=ORIENTED_EDGE('',*,*,#4273,.F.);
#1686=ORIENTED_EDGE('',*,*,#4275,.F.);
#1687=ORIENTED_EDGE('',*,*,#4277,.F.);
#1688=ORIENTED_EDGE('',*,*,#4279,.F.);
#1689=ORIENTED_EDGE('',*,*,#4281,.F.);
#1690=ORIENTED_EDGE('',*,*,#4283,.F.);
#1691=ORIENTED_EDGE('',*,*,#4285,.F.);
#1692=ORIENTED_EDGE('',*,*,#4287,.F.);
#1693=ORIENTED_EDGE('',*,*,#4289,.F.);
#1694=ORIENTED_EDGE('',*,*,#4291,.F.);
#1695=ORIENTED_EDGE('',*,*,#4293,.F.);
#1696=ORIENTED_EDGE('',*,*,#4295,.F.);
#1697=ORIENTED_EDGE('',*,*,#4297,.F.);
#1698=ORIENTED_EDGE('',*,*,#4299,.F.);
#1699=ORIENTED_EDGE('',*,*,#4301,.F.);
#1700=ORIENTED_EDGE('',*,*,#4303,.F.);
#1701=ORIENTED_EDGE('',*,*,#4305,.F.);
#1702=ORIENTED_EDGE('',*,*,#4306,.F.);
#1703=ORIENTED_EDGE('',*,*,#4045,.F.);
#1704=ORIENTED_EDGE('',*,*,#4307,.F.);
#1705=ORIENTED_EDGE('',*,*,#4308,.T.);
#1706=ORIENTED_EDGE('',*,*,#4309,.T.);
#1707=ORIENTED_EDGE('',*,*,#4044,.F.);
#1708=ORIENTED_EDGE('',*,*,#4310,.F.);
#1709=ORIENTED_EDGE('',*,*,#4311,.T.);
#1710=ORIENTED_EDGE('',*,*,#4307,.T.);
#1711=ORIENTED_EDGE('',*,*,#4055,.F.);
#1712=ORIENTED_EDGE('',*,*,#4312,.F.);
#1713=ORIENTED_EDGE('',*,*,#4313,.T.);
#1714=ORIENTED_EDGE('',*,*,#4310,.T.);
#1715=ORIENTED_EDGE('',*,*,#4054,.F.);
#1716=ORIENTED_EDGE('',*,*,#4314,.F.);
#1717=ORIENTED_EDGE('',*,*,#4315,.T.);
#1718=ORIENTED_EDGE('',*,*,#4312,.T.);
#1719=ORIENTED_EDGE('',*,*,#4053,.F.);
#1720=ORIENTED_EDGE('',*,*,#4316,.F.);
#1721=ORIENTED_EDGE('',*,*,#4317,.T.);
#1722=ORIENTED_EDGE('',*,*,#4314,.T.);
#1723=ORIENTED_EDGE('',*,*,#4052,.F.);
#1724=ORIENTED_EDGE('',*,*,#4318,.F.);
#1725=ORIENTED_EDGE('',*,*,#4319,.T.);
#1726=ORIENTED_EDGE('',*,*,#4316,.T.);
#1727=ORIENTED_EDGE('',*,*,#4051,.F.);
#1728=ORIENTED_EDGE('',*,*,#4320,.F.);
#1729=ORIENTED_EDGE('',*,*,#4321,.T.);
#1730=ORIENTED_EDGE('',*,*,#4318,.T.);
#1731=ORIENTED_EDGE('',*,*,#4050,.F.);
#1732=ORIENTED_EDGE('',*,*,#4322,.F.);
#1733=ORIENTED_EDGE('',*,*,#4323,.T.);
#1734=ORIENTED_EDGE('',*,*,#4320,.T.);
#1735=ORIENTED_EDGE('',*,*,#4049,.F.);
#1736=ORIENTED_EDGE('',*,*,#4324,.F.);
#1737=ORIENTED_EDGE('',*,*,#4325,.T.);
#1738=ORIENTED_EDGE('',*,*,#4322,.T.);
#1739=ORIENTED_EDGE('',*,*,#4048,.F.);
#1740=ORIENTED_EDGE('',*,*,#4326,.F.);
#1741=ORIENTED_EDGE('',*,*,#4327,.T.);
#1742=ORIENTED_EDGE('',*,*,#4324,.T.);
#1743=ORIENTED_EDGE('',*,*,#4047,.F.);
#1744=ORIENTED_EDGE('',*,*,#4328,.F.);
#1745=ORIENTED_EDGE('',*,*,#4329,.T.);
#1746=ORIENTED_EDGE('',*,*,#4326,.T.);
#1747=ORIENTED_EDGE('',*,*,#4330,.F.);
#1748=ORIENTED_EDGE('',*,*,#4331,.F.);
#1749=ORIENTED_EDGE('',*,*,#4332,.T.);
#1750=ORIENTED_EDGE('',*,*,#4333,.T.);
#1751=ORIENTED_EDGE('',*,*,#4334,.F.);
#1752=ORIENTED_EDGE('',*,*,#4335,.F.);
#1753=ORIENTED_EDGE('',*,*,#4336,.T.);
#1754=ORIENTED_EDGE('',*,*,#4331,.T.);
#1755=ORIENTED_EDGE('',*,*,#4337,.F.);
#1756=ORIENTED_EDGE('',*,*,#4338,.F.);
#1757=ORIENTED_EDGE('',*,*,#4339,.T.);
#1758=ORIENTED_EDGE('',*,*,#4335,.T.);
#1759=ORIENTED_EDGE('',*,*,#4340,.F.);
#1760=ORIENTED_EDGE('',*,*,#4341,.F.);
#1761=ORIENTED_EDGE('',*,*,#4342,.T.);
#1762=ORIENTED_EDGE('',*,*,#4338,.T.);
#1763=ORIENTED_EDGE('',*,*,#4343,.F.);
#1764=ORIENTED_EDGE('',*,*,#4344,.F.);
#1765=ORIENTED_EDGE('',*,*,#4345,.T.);
#1766=ORIENTED_EDGE('',*,*,#4341,.T.);
#1767=ORIENTED_EDGE('',*,*,#4346,.F.);
#1768=ORIENTED_EDGE('',*,*,#4347,.F.);
#1769=ORIENTED_EDGE('',*,*,#4348,.T.);
#1770=ORIENTED_EDGE('',*,*,#4344,.T.);
#1771=ORIENTED_EDGE('',*,*,#4349,.F.);
#1772=ORIENTED_EDGE('',*,*,#4333,.F.);
#1773=ORIENTED_EDGE('',*,*,#4350,.T.);
#1774=ORIENTED_EDGE('',*,*,#4347,.T.);
#1775=ORIENTED_EDGE('',*,*,#4046,.F.);
#1776=ORIENTED_EDGE('',*,*,#4309,.F.);
#1777=ORIENTED_EDGE('',*,*,#4351,.T.);
#1778=ORIENTED_EDGE('',*,*,#4328,.T.);
#1779=ORIENTED_EDGE('',*,*,#4332,.F.);
#1780=ORIENTED_EDGE('',*,*,#4336,.F.);
#1781=ORIENTED_EDGE('',*,*,#4339,.F.);
#1782=ORIENTED_EDGE('',*,*,#4342,.F.);
#1783=ORIENTED_EDGE('',*,*,#4345,.F.);
#1784=ORIENTED_EDGE('',*,*,#4348,.F.);
#1785=ORIENTED_EDGE('',*,*,#4350,.F.);
#1786=ORIENTED_EDGE('',*,*,#4308,.F.);
#1787=ORIENTED_EDGE('',*,*,#4311,.F.);
#1788=ORIENTED_EDGE('',*,*,#4313,.F.);
#1789=ORIENTED_EDGE('',*,*,#4315,.F.);
#1790=ORIENTED_EDGE('',*,*,#4317,.F.);
#1791=ORIENTED_EDGE('',*,*,#4319,.F.);
#1792=ORIENTED_EDGE('',*,*,#4321,.F.);
#1793=ORIENTED_EDGE('',*,*,#4323,.F.);
#1794=ORIENTED_EDGE('',*,*,#4325,.F.);
#1795=ORIENTED_EDGE('',*,*,#4327,.F.);
#1796=ORIENTED_EDGE('',*,*,#4329,.F.);
#1797=ORIENTED_EDGE('',*,*,#4351,.F.);
#1798=ORIENTED_EDGE('',*,*,#4334,.T.);
#1799=ORIENTED_EDGE('',*,*,#4330,.T.);
#1800=ORIENTED_EDGE('',*,*,#4349,.T.);
#1801=ORIENTED_EDGE('',*,*,#4346,.T.);
#1802=ORIENTED_EDGE('',*,*,#4343,.T.);
#1803=ORIENTED_EDGE('',*,*,#4340,.T.);
#1804=ORIENTED_EDGE('',*,*,#4337,.T.);
#1805=ORIENTED_EDGE('',*,*,#4352,.F.);
#1806=ORIENTED_EDGE('',*,*,#4353,.F.);
#1807=ORIENTED_EDGE('',*,*,#4354,.T.);
#1808=ORIENTED_EDGE('',*,*,#4355,.T.);
#1809=ORIENTED_EDGE('',*,*,#4356,.F.);
#1810=ORIENTED_EDGE('',*,*,#4357,.F.);
#1811=ORIENTED_EDGE('',*,*,#4358,.T.);
#1812=ORIENTED_EDGE('',*,*,#4353,.T.);
#1813=ORIENTED_EDGE('',*,*,#4359,.F.);
#1814=ORIENTED_EDGE('',*,*,#4360,.F.);
#1815=ORIENTED_EDGE('',*,*,#4361,.T.);
#1816=ORIENTED_EDGE('',*,*,#4357,.T.);
#1817=ORIENTED_EDGE('',*,*,#3995,.F.);
#1818=ORIENTED_EDGE('',*,*,#4362,.F.);
#1819=ORIENTED_EDGE('',*,*,#4363,.T.);
#1820=ORIENTED_EDGE('',*,*,#4364,.T.);
#1821=ORIENTED_EDGE('',*,*,#3994,.F.);
#1822=ORIENTED_EDGE('',*,*,#4365,.F.);
#1823=ORIENTED_EDGE('',*,*,#4366,.T.);
#1824=ORIENTED_EDGE('',*,*,#4362,.T.);
#1825=ORIENTED_EDGE('',*,*,#4001,.F.);
#1826=ORIENTED_EDGE('',*,*,#4367,.F.);
#1827=ORIENTED_EDGE('',*,*,#4368,.T.);
#1828=ORIENTED_EDGE('',*,*,#4365,.T.);
#1829=ORIENTED_EDGE('',*,*,#4000,.F.);
#1830=ORIENTED_EDGE('',*,*,#4369,.F.);
#1831=ORIENTED_EDGE('',*,*,#4370,.T.);
#1832=ORIENTED_EDGE('',*,*,#4367,.T.);
#1833=ORIENTED_EDGE('',*,*,#3999,.F.);
#1834=ORIENTED_EDGE('',*,*,#4371,.F.);
#1835=ORIENTED_EDGE('',*,*,#4372,.T.);
#1836=ORIENTED_EDGE('',*,*,#4369,.T.);
#1837=ORIENTED_EDGE('',*,*,#3998,.F.);
#1838=ORIENTED_EDGE('',*,*,#4373,.F.);
#1839=ORIENTED_EDGE('',*,*,#4374,.T.);
#1840=ORIENTED_EDGE('',*,*,#4371,.T.);
#1841=ORIENTED_EDGE('',*,*,#3997,.F.);
#1842=ORIENTED_EDGE('',*,*,#4375,.F.);
#1843=ORIENTED_EDGE('',*,*,#4376,.T.);
#1844=ORIENTED_EDGE('',*,*,#4373,.T.);
#1845=ORIENTED_EDGE('',*,*,#3996,.F.);
#1846=ORIENTED_EDGE('',*,*,#4364,.F.);
#1847=ORIENTED_EDGE('',*,*,#4377,.T.);
#1848=ORIENTED_EDGE('',*,*,#4375,.T.);
#1849=ORIENTED_EDGE('',*,*,#4378,.F.);
#1850=ORIENTED_EDGE('',*,*,#4355,.F.);
#1851=ORIENTED_EDGE('',*,*,#4379,.T.);
#1852=ORIENTED_EDGE('',*,*,#4360,.T.);
#1853=ORIENTED_EDGE('',*,*,#4363,.F.);
#1854=ORIENTED_EDGE('',*,*,#4366,.F.);
#1855=ORIENTED_EDGE('',*,*,#4368,.F.);
#1856=ORIENTED_EDGE('',*,*,#4370,.F.);
#1857=ORIENTED_EDGE('',*,*,#4372,.F.);
#1858=ORIENTED_EDGE('',*,*,#4374,.F.);
#1859=ORIENTED_EDGE('',*,*,#4376,.F.);
#1860=ORIENTED_EDGE('',*,*,#4377,.F.);
#1861=ORIENTED_EDGE('',*,*,#4354,.F.);
#1862=ORIENTED_EDGE('',*,*,#4358,.F.);
#1863=ORIENTED_EDGE('',*,*,#4361,.F.);
#1864=ORIENTED_EDGE('',*,*,#4379,.F.);
#1865=ORIENTED_EDGE('',*,*,#3987,.F.);
#1866=ORIENTED_EDGE('',*,*,#4380,.F.);
#1867=ORIENTED_EDGE('',*,*,#4381,.T.);
#1868=ORIENTED_EDGE('',*,*,#4382,.T.);
#1869=ORIENTED_EDGE('',*,*,#3986,.F.);
#1870=ORIENTED_EDGE('',*,*,#4383,.F.);
#1871=ORIENTED_EDGE('',*,*,#4384,.T.);
#1872=ORIENTED_EDGE('',*,*,#4380,.T.);
#1873=ORIENTED_EDGE('',*,*,#3993,.F.);
#1874=ORIENTED_EDGE('',*,*,#4385,.F.);
#1875=ORIENTED_EDGE('',*,*,#4386,.T.);
#1876=ORIENTED_EDGE('',*,*,#4383,.T.);
#1877=ORIENTED_EDGE('',*,*,#3992,.F.);
#1878=ORIENTED_EDGE('',*,*,#4387,.F.);
#1879=ORIENTED_EDGE('',*,*,#4388,.T.);
#1880=ORIENTED_EDGE('',*,*,#4385,.T.);
#1881=ORIENTED_EDGE('',*,*,#3991,.F.);
#1882=ORIENTED_EDGE('',*,*,#4389,.F.);
#1883=ORIENTED_EDGE('',*,*,#4390,.T.);
#1884=ORIENTED_EDGE('',*,*,#4387,.T.);
#1885=ORIENTED_EDGE('',*,*,#3990,.F.);
#1886=ORIENTED_EDGE('',*,*,#4391,.F.);
#1887=ORIENTED_EDGE('',*,*,#4392,.T.);
#1888=ORIENTED_EDGE('',*,*,#4389,.T.);
#1889=ORIENTED_EDGE('',*,*,#3989,.F.);
#1890=ORIENTED_EDGE('',*,*,#4393,.F.);
#1891=ORIENTED_EDGE('',*,*,#4394,.T.);
#1892=ORIENTED_EDGE('',*,*,#4391,.T.);
#1893=ORIENTED_EDGE('',*,*,#3988,.F.);
#1894=ORIENTED_EDGE('',*,*,#4382,.F.);
#1895=ORIENTED_EDGE('',*,*,#4395,.T.);
#1896=ORIENTED_EDGE('',*,*,#4393,.T.);
#1897=ORIENTED_EDGE('',*,*,#4381,.F.);
#1898=ORIENTED_EDGE('',*,*,#4384,.F.);
#1899=ORIENTED_EDGE('',*,*,#4386,.F.);
#1900=ORIENTED_EDGE('',*,*,#4388,.F.);
#1901=ORIENTED_EDGE('',*,*,#4390,.F.);
#1902=ORIENTED_EDGE('',*,*,#4392,.F.);
#1903=ORIENTED_EDGE('',*,*,#4394,.F.);
#1904=ORIENTED_EDGE('',*,*,#4395,.F.);
#1905=ORIENTED_EDGE('',*,*,#3979,.F.);
#1906=ORIENTED_EDGE('',*,*,#4396,.F.);
#1907=ORIENTED_EDGE('',*,*,#4397,.T.);
#1908=ORIENTED_EDGE('',*,*,#4398,.T.);
#1909=ORIENTED_EDGE('',*,*,#3978,.F.);
#1910=ORIENTED_EDGE('',*,*,#4399,.F.);
#1911=ORIENTED_EDGE('',*,*,#4400,.T.);
#1912=ORIENTED_EDGE('',*,*,#4396,.T.);
#1913=ORIENTED_EDGE('',*,*,#3985,.F.);
#1914=ORIENTED_EDGE('',*,*,#4401,.F.);
#1915=ORIENTED_EDGE('',*,*,#4402,.T.);
#1916=ORIENTED_EDGE('',*,*,#4399,.T.);
#1917=ORIENTED_EDGE('',*,*,#3984,.F.);
#1918=ORIENTED_EDGE('',*,*,#4403,.F.);
#1919=ORIENTED_EDGE('',*,*,#4404,.T.);
#1920=ORIENTED_EDGE('',*,*,#4401,.T.);
#1921=ORIENTED_EDGE('',*,*,#3983,.F.);
#1922=ORIENTED_EDGE('',*,*,#4405,.F.);
#1923=ORIENTED_EDGE('',*,*,#4406,.T.);
#1924=ORIENTED_EDGE('',*,*,#4403,.T.);
#1925=ORIENTED_EDGE('',*,*,#3982,.F.);
#1926=ORIENTED_EDGE('',*,*,#4407,.F.);
#1927=ORIENTED_EDGE('',*,*,#4408,.T.);
#1928=ORIENTED_EDGE('',*,*,#4405,.T.);
#1929=ORIENTED_EDGE('',*,*,#3981,.F.);
#1930=ORIENTED_EDGE('',*,*,#4409,.F.);
#1931=ORIENTED_EDGE('',*,*,#4410,.T.);
#1932=ORIENTED_EDGE('',*,*,#4407,.T.);
#1933=ORIENTED_EDGE('',*,*,#3980,.F.);
#1934=ORIENTED_EDGE('',*,*,#4398,.F.);
#1935=ORIENTED_EDGE('',*,*,#4411,.T.);
#1936=ORIENTED_EDGE('',*,*,#4409,.T.);
#1937=ORIENTED_EDGE('',*,*,#4397,.F.);
#1938=ORIENTED_EDGE('',*,*,#4400,.F.);
#1939=ORIENTED_EDGE('',*,*,#4402,.F.);
#1940=ORIENTED_EDGE('',*,*,#4404,.F.);
#1941=ORIENTED_EDGE('',*,*,#4406,.F.);
#1942=ORIENTED_EDGE('',*,*,#4408,.F.);
#1943=ORIENTED_EDGE('',*,*,#4410,.F.);
#1944=ORIENTED_EDGE('',*,*,#4411,.F.);
#1945=ORIENTED_EDGE('',*,*,#3967,.F.);
#1946=ORIENTED_EDGE('',*,*,#4412,.F.);
#1947=ORIENTED_EDGE('',*,*,#4413,.T.);
#1948=ORIENTED_EDGE('',*,*,#4414,.T.);
#1949=ORIENTED_EDGE('',*,*,#3966,.F.);
#1950=ORIENTED_EDGE('',*,*,#4415,.F.);
#1951=ORIENTED_EDGE('',*,*,#4416,.T.);
#1952=ORIENTED_EDGE('',*,*,#4412,.T.);
#1953=ORIENTED_EDGE('',*,*,#3977,.F.);
#1954=ORIENTED_EDGE('',*,*,#4417,.F.);
#1955=ORIENTED_EDGE('',*,*,#4418,.T.);
#1956=ORIENTED_EDGE('',*,*,#4415,.T.);
#1957=ORIENTED_EDGE('',*,*,#3976,.F.);
#1958=ORIENTED_EDGE('',*,*,#4419,.F.);
#1959=ORIENTED_EDGE('',*,*,#4420,.T.);
#1960=ORIENTED_EDGE('',*,*,#4417,.T.);
#1961=ORIENTED_EDGE('',*,*,#3975,.F.);
#1962=ORIENTED_EDGE('',*,*,#4421,.F.);
#1963=ORIENTED_EDGE('',*,*,#4422,.T.);
#1964=ORIENTED_EDGE('',*,*,#4419,.T.);
#1965=ORIENTED_EDGE('',*,*,#3974,.F.);
#1966=ORIENTED_EDGE('',*,*,#4423,.F.);
#1967=ORIENTED_EDGE('',*,*,#4424,.T.);
#1968=ORIENTED_EDGE('',*,*,#4421,.T.);
#1969=ORIENTED_EDGE('',*,*,#3973,.F.);
#1970=ORIENTED_EDGE('',*,*,#4425,.F.);
#1971=ORIENTED_EDGE('',*,*,#4426,.T.);
#1972=ORIENTED_EDGE('',*,*,#4423,.T.);
#1973=ORIENTED_EDGE('',*,*,#3972,.F.);
#1974=ORIENTED_EDGE('',*,*,#4427,.F.);
#1975=ORIENTED_EDGE('',*,*,#4428,.T.);
#1976=ORIENTED_EDGE('',*,*,#4425,.T.);
#1977=ORIENTED_EDGE('',*,*,#3971,.F.);
#1978=ORIENTED_EDGE('',*,*,#4429,.F.);
#1979=ORIENTED_EDGE('',*,*,#4430,.T.);
#1980=ORIENTED_EDGE('',*,*,#4427,.T.);
#1981=ORIENTED_EDGE('',*,*,#3970,.F.);
#1982=ORIENTED_EDGE('',*,*,#4431,.F.);
#1983=ORIENTED_EDGE('',*,*,#4432,.T.);
#1984=ORIENTED_EDGE('',*,*,#4429,.T.);
#1985=ORIENTED_EDGE('',*,*,#3969,.F.);
#1986=ORIENTED_EDGE('',*,*,#4433,.F.);
#1987=ORIENTED_EDGE('',*,*,#4434,.T.);
#1988=ORIENTED_EDGE('',*,*,#4431,.T.);
#1989=ORIENTED_EDGE('',*,*,#3968,.F.);
#1990=ORIENTED_EDGE('',*,*,#4414,.F.);
#1991=ORIENTED_EDGE('',*,*,#4435,.T.);
#1992=ORIENTED_EDGE('',*,*,#4433,.T.);
#1993=ORIENTED_EDGE('',*,*,#4413,.F.);
#1994=ORIENTED_EDGE('',*,*,#4416,.F.);
#1995=ORIENTED_EDGE('',*,*,#4418,.F.);
#1996=ORIENTED_EDGE('',*,*,#4420,.F.);
#1997=ORIENTED_EDGE('',*,*,#4422,.F.);
#1998=ORIENTED_EDGE('',*,*,#4424,.F.);
#1999=ORIENTED_EDGE('',*,*,#4426,.F.);
#2000=ORIENTED_EDGE('',*,*,#4428,.F.);
#2001=ORIENTED_EDGE('',*,*,#4430,.F.);
#2002=ORIENTED_EDGE('',*,*,#4432,.F.);
#2003=ORIENTED_EDGE('',*,*,#4434,.F.);
#2004=ORIENTED_EDGE('',*,*,#4435,.F.);
#2005=ORIENTED_EDGE('',*,*,#3939,.F.);
#2006=ORIENTED_EDGE('',*,*,#4436,.F.);
#2007=ORIENTED_EDGE('',*,*,#4437,.T.);
#2008=ORIENTED_EDGE('',*,*,#4438,.T.);
#2009=ORIENTED_EDGE('',*,*,#3938,.F.);
#2010=ORIENTED_EDGE('',*,*,#4439,.F.);
#2011=ORIENTED_EDGE('',*,*,#4440,.T.);
#2012=ORIENTED_EDGE('',*,*,#4436,.T.);
#2013=ORIENTED_EDGE('',*,*,#3965,.F.);
#2014=ORIENTED_EDGE('',*,*,#4441,.F.);
#2015=ORIENTED_EDGE('',*,*,#4442,.T.);
#2016=ORIENTED_EDGE('',*,*,#4439,.T.);
#2017=ORIENTED_EDGE('',*,*,#3964,.F.);
#2018=ORIENTED_EDGE('',*,*,#4443,.F.);
#2019=ORIENTED_EDGE('',*,*,#4444,.T.);
#2020=ORIENTED_EDGE('',*,*,#4441,.T.);
#2021=ORIENTED_EDGE('',*,*,#3963,.F.);
#2022=ORIENTED_EDGE('',*,*,#4445,.F.);
#2023=ORIENTED_EDGE('',*,*,#4446,.T.);
#2024=ORIENTED_EDGE('',*,*,#4443,.T.);
#2025=ORIENTED_EDGE('',*,*,#3962,.F.);
#2026=ORIENTED_EDGE('',*,*,#4447,.F.);
#2027=ORIENTED_EDGE('',*,*,#4448,.T.);
#2028=ORIENTED_EDGE('',*,*,#4445,.T.);
#2029=ORIENTED_EDGE('',*,*,#3961,.F.);
#2030=ORIENTED_EDGE('',*,*,#4449,.F.);
#2031=ORIENTED_EDGE('',*,*,#4450,.T.);
#2032=ORIENTED_EDGE('',*,*,#4447,.T.);
#2033=ORIENTED_EDGE('',*,*,#3960,.F.);
#2034=ORIENTED_EDGE('',*,*,#4451,.F.);
#2035=ORIENTED_EDGE('',*,*,#4452,.T.);
#2036=ORIENTED_EDGE('',*,*,#4449,.T.);
#2037=ORIENTED_EDGE('',*,*,#3959,.F.);
#2038=ORIENTED_EDGE('',*,*,#4453,.F.);
#2039=ORIENTED_EDGE('',*,*,#4454,.T.);
#2040=ORIENTED_EDGE('',*,*,#4451,.T.);
#2041=ORIENTED_EDGE('',*,*,#3958,.F.);
#2042=ORIENTED_EDGE('',*,*,#4455,.F.);
#2043=ORIENTED_EDGE('',*,*,#4456,.T.);
#2044=ORIENTED_EDGE('',*,*,#4453,.T.);
#2045=ORIENTED_EDGE('',*,*,#3957,.F.);
#2046=ORIENTED_EDGE('',*,*,#4457,.F.);
#2047=ORIENTED_EDGE('',*,*,#4458,.T.);
#2048=ORIENTED_EDGE('',*,*,#4455,.T.);
#2049=ORIENTED_EDGE('',*,*,#3956,.F.);
#2050=ORIENTED_EDGE('',*,*,#4459,.F.);
#2051=ORIENTED_EDGE('',*,*,#4460,.T.);
#2052=ORIENTED_EDGE('',*,*,#4457,.T.);
#2053=ORIENTED_EDGE('',*,*,#3955,.F.);
#2054=ORIENTED_EDGE('',*,*,#4461,.F.);
#2055=ORIENTED_EDGE('',*,*,#4462,.T.);
#2056=ORIENTED_EDGE('',*,*,#4459,.T.);
#2057=ORIENTED_EDGE('',*,*,#3954,.F.);
#2058=ORIENTED_EDGE('',*,*,#4463,.F.);
#2059=ORIENTED_EDGE('',*,*,#4464,.T.);
#2060=ORIENTED_EDGE('',*,*,#4461,.T.);
#2061=ORIENTED_EDGE('',*,*,#3953,.F.);
#2062=ORIENTED_EDGE('',*,*,#4465,.F.);
#2063=ORIENTED_EDGE('',*,*,#4466,.T.);
#2064=ORIENTED_EDGE('',*,*,#4463,.T.);
#2065=ORIENTED_EDGE('',*,*,#3952,.F.);
#2066=ORIENTED_EDGE('',*,*,#4467,.F.);
#2067=ORIENTED_EDGE('',*,*,#4468,.T.);
#2068=ORIENTED_EDGE('',*,*,#4465,.T.);
#2069=ORIENTED_EDGE('',*,*,#3951,.F.);
#2070=ORIENTED_EDGE('',*,*,#4469,.F.);
#2071=ORIENTED_EDGE('',*,*,#4470,.T.);
#2072=ORIENTED_EDGE('',*,*,#4467,.T.);
#2073=ORIENTED_EDGE('',*,*,#3950,.F.);
#2074=ORIENTED_EDGE('',*,*,#4471,.F.);
#2075=ORIENTED_EDGE('',*,*,#4472,.T.);
#2076=ORIENTED_EDGE('',*,*,#4469,.T.);
#2077=ORIENTED_EDGE('',*,*,#3949,.F.);
#2078=ORIENTED_EDGE('',*,*,#4473,.F.);
#2079=ORIENTED_EDGE('',*,*,#4474,.T.);
#2080=ORIENTED_EDGE('',*,*,#4471,.T.);
#2081=ORIENTED_EDGE('',*,*,#3948,.F.);
#2082=ORIENTED_EDGE('',*,*,#4475,.F.);
#2083=ORIENTED_EDGE('',*,*,#4476,.T.);
#2084=ORIENTED_EDGE('',*,*,#4473,.T.);
#2085=ORIENTED_EDGE('',*,*,#3947,.F.);
#2086=ORIENTED_EDGE('',*,*,#4477,.F.);
#2087=ORIENTED_EDGE('',*,*,#4478,.T.);
#2088=ORIENTED_EDGE('',*,*,#4475,.T.);
#2089=ORIENTED_EDGE('',*,*,#3946,.F.);
#2090=ORIENTED_EDGE('',*,*,#4479,.F.);
#2091=ORIENTED_EDGE('',*,*,#4480,.T.);
#2092=ORIENTED_EDGE('',*,*,#4477,.T.);
#2093=ORIENTED_EDGE('',*,*,#3945,.F.);
#2094=ORIENTED_EDGE('',*,*,#4481,.F.);
#2095=ORIENTED_EDGE('',*,*,#4482,.T.);
#2096=ORIENTED_EDGE('',*,*,#4479,.T.);
#2097=ORIENTED_EDGE('',*,*,#3944,.F.);
#2098=ORIENTED_EDGE('',*,*,#4483,.F.);
#2099=ORIENTED_EDGE('',*,*,#4484,.T.);
#2100=ORIENTED_EDGE('',*,*,#4481,.T.);
#2101=ORIENTED_EDGE('',*,*,#3943,.F.);
#2102=ORIENTED_EDGE('',*,*,#4485,.F.);
#2103=ORIENTED_EDGE('',*,*,#4486,.T.);
#2104=ORIENTED_EDGE('',*,*,#4483,.T.);
#2105=ORIENTED_EDGE('',*,*,#3942,.F.);
#2106=ORIENTED_EDGE('',*,*,#4487,.F.);
#2107=ORIENTED_EDGE('',*,*,#4488,.T.);
#2108=ORIENTED_EDGE('',*,*,#4485,.T.);
#2109=ORIENTED_EDGE('',*,*,#3941,.F.);
#2110=ORIENTED_EDGE('',*,*,#4489,.F.);
#2111=ORIENTED_EDGE('',*,*,#4490,.T.);
#2112=ORIENTED_EDGE('',*,*,#4487,.T.);
#2113=ORIENTED_EDGE('',*,*,#3940,.F.);
#2114=ORIENTED_EDGE('',*,*,#4438,.F.);
#2115=ORIENTED_EDGE('',*,*,#4491,.T.);
#2116=ORIENTED_EDGE('',*,*,#4489,.T.);
#2117=ORIENTED_EDGE('',*,*,#4437,.F.);
#2118=ORIENTED_EDGE('',*,*,#4440,.F.);
#2119=ORIENTED_EDGE('',*,*,#4442,.F.);
#2120=ORIENTED_EDGE('',*,*,#4444,.F.);
#2121=ORIENTED_EDGE('',*,*,#4446,.F.);
#2122=ORIENTED_EDGE('',*,*,#4448,.F.);
#2123=ORIENTED_EDGE('',*,*,#4450,.F.);
#2124=ORIENTED_EDGE('',*,*,#4452,.F.);
#2125=ORIENTED_EDGE('',*,*,#4454,.F.);
#2126=ORIENTED_EDGE('',*,*,#4456,.F.);
#2127=ORIENTED_EDGE('',*,*,#4458,.F.);
#2128=ORIENTED_EDGE('',*,*,#4460,.F.);
#2129=ORIENTED_EDGE('',*,*,#4462,.F.);
#2130=ORIENTED_EDGE('',*,*,#4464,.F.);
#2131=ORIENTED_EDGE('',*,*,#4466,.F.);
#2132=ORIENTED_EDGE('',*,*,#4468,.F.);
#2133=ORIENTED_EDGE('',*,*,#4470,.F.);
#2134=ORIENTED_EDGE('',*,*,#4472,.F.);
#2135=ORIENTED_EDGE('',*,*,#4474,.F.);
#2136=ORIENTED_EDGE('',*,*,#4476,.F.);
#2137=ORIENTED_EDGE('',*,*,#4478,.F.);
#2138=ORIENTED_EDGE('',*,*,#4480,.F.);
#2139=ORIENTED_EDGE('',*,*,#4482,.F.);
#2140=ORIENTED_EDGE('',*,*,#4484,.F.);
#2141=ORIENTED_EDGE('',*,*,#4486,.F.);
#2142=ORIENTED_EDGE('',*,*,#4488,.F.);
#2143=ORIENTED_EDGE('',*,*,#4490,.F.);
#2144=ORIENTED_EDGE('',*,*,#4491,.F.);
#2145=ORIENTED_EDGE('',*,*,#3933,.F.);
#2146=ORIENTED_EDGE('',*,*,#4492,.F.);
#2147=ORIENTED_EDGE('',*,*,#4493,.T.);
#2148=ORIENTED_EDGE('',*,*,#4494,.T.);
#2149=ORIENTED_EDGE('',*,*,#3932,.F.);
#2150=ORIENTED_EDGE('',*,*,#4495,.F.);
#2151=ORIENTED_EDGE('',*,*,#4496,.T.);
#2152=ORIENTED_EDGE('',*,*,#4492,.T.);
#2153=ORIENTED_EDGE('',*,*,#3937,.F.);
#2154=ORIENTED_EDGE('',*,*,#4497,.F.);
#2155=ORIENTED_EDGE('',*,*,#4498,.T.);
#2156=ORIENTED_EDGE('',*,*,#4495,.T.);
#2157=ORIENTED_EDGE('',*,*,#3936,.F.);
#2158=ORIENTED_EDGE('',*,*,#4499,.F.);
#2159=ORIENTED_EDGE('',*,*,#4500,.T.);
#2160=ORIENTED_EDGE('',*,*,#4497,.T.);
#2161=ORIENTED_EDGE('',*,*,#3935,.F.);
#2162=ORIENTED_EDGE('',*,*,#4501,.F.);
#2163=ORIENTED_EDGE('',*,*,#4502,.T.);
#2164=ORIENTED_EDGE('',*,*,#4499,.T.);
#2165=ORIENTED_EDGE('',*,*,#3934,.F.);
#2166=ORIENTED_EDGE('',*,*,#4494,.F.);
#2167=ORIENTED_EDGE('',*,*,#4503,.T.);
#2168=ORIENTED_EDGE('',*,*,#4501,.T.);
#2169=ORIENTED_EDGE('',*,*,#4493,.F.);
#2170=ORIENTED_EDGE('',*,*,#4496,.F.);
#2171=ORIENTED_EDGE('',*,*,#4498,.F.);
#2172=ORIENTED_EDGE('',*,*,#4500,.F.);
#2173=ORIENTED_EDGE('',*,*,#4502,.F.);
#2174=ORIENTED_EDGE('',*,*,#4503,.F.);
#2175=ORIENTED_EDGE('',*,*,#3921,.F.);
#2176=ORIENTED_EDGE('',*,*,#4504,.F.);
#2177=ORIENTED_EDGE('',*,*,#4505,.T.);
#2178=ORIENTED_EDGE('',*,*,#4506,.T.);
#2179=ORIENTED_EDGE('',*,*,#3920,.F.);
#2180=ORIENTED_EDGE('',*,*,#4507,.F.);
#2181=ORIENTED_EDGE('',*,*,#4508,.T.);
#2182=ORIENTED_EDGE('',*,*,#4504,.T.);
#2183=ORIENTED_EDGE('',*,*,#3931,.F.);
#2184=ORIENTED_EDGE('',*,*,#4509,.F.);
#2185=ORIENTED_EDGE('',*,*,#4510,.T.);
#2186=ORIENTED_EDGE('',*,*,#4507,.T.);
#2187=ORIENTED_EDGE('',*,*,#3930,.F.);
#2188=ORIENTED_EDGE('',*,*,#4511,.F.);
#2189=ORIENTED_EDGE('',*,*,#4512,.T.);
#2190=ORIENTED_EDGE('',*,*,#4509,.T.);
#2191=ORIENTED_EDGE('',*,*,#3929,.F.);
#2192=ORIENTED_EDGE('',*,*,#4513,.F.);
#2193=ORIENTED_EDGE('',*,*,#4514,.T.);
#2194=ORIENTED_EDGE('',*,*,#4511,.T.);
#2195=ORIENTED_EDGE('',*,*,#3928,.F.);
#2196=ORIENTED_EDGE('',*,*,#4515,.F.);
#2197=ORIENTED_EDGE('',*,*,#4516,.T.);
#2198=ORIENTED_EDGE('',*,*,#4513,.T.);
#2199=ORIENTED_EDGE('',*,*,#3927,.F.);
#2200=ORIENTED_EDGE('',*,*,#4517,.F.);
#2201=ORIENTED_EDGE('',*,*,#4518,.T.);
#2202=ORIENTED_EDGE('',*,*,#4515,.T.);
#2203=ORIENTED_EDGE('',*,*,#3926,.F.);
#2204=ORIENTED_EDGE('',*,*,#4519,.F.);
#2205=ORIENTED_EDGE('',*,*,#4520,.T.);
#2206=ORIENTED_EDGE('',*,*,#4517,.T.);
#2207=ORIENTED_EDGE('',*,*,#3925,.F.);
#2208=ORIENTED_EDGE('',*,*,#4521,.F.);
#2209=ORIENTED_EDGE('',*,*,#4522,.T.);
#2210=ORIENTED_EDGE('',*,*,#4519,.T.);
#2211=ORIENTED_EDGE('',*,*,#3924,.F.);
#2212=ORIENTED_EDGE('',*,*,#4523,.F.);
#2213=ORIENTED_EDGE('',*,*,#4524,.T.);
#2214=ORIENTED_EDGE('',*,*,#4521,.T.);
#2215=ORIENTED_EDGE('',*,*,#3923,.F.);
#2216=ORIENTED_EDGE('',*,*,#4525,.F.);
#2217=ORIENTED_EDGE('',*,*,#4526,.T.);
#2218=ORIENTED_EDGE('',*,*,#4523,.T.);
#2219=ORIENTED_EDGE('',*,*,#3922,.F.);
#2220=ORIENTED_EDGE('',*,*,#4506,.F.);
#2221=ORIENTED_EDGE('',*,*,#4527,.T.);
#2222=ORIENTED_EDGE('',*,*,#4525,.T.);
#2223=ORIENTED_EDGE('',*,*,#4505,.F.);
#2224=ORIENTED_EDGE('',*,*,#4508,.F.);
#2225=ORIENTED_EDGE('',*,*,#4510,.F.);
#2226=ORIENTED_EDGE('',*,*,#4512,.F.);
#2227=ORIENTED_EDGE('',*,*,#4514,.F.);
#2228=ORIENTED_EDGE('',*,*,#4516,.F.);
#2229=ORIENTED_EDGE('',*,*,#4518,.F.);
#2230=ORIENTED_EDGE('',*,*,#4520,.F.);
#2231=ORIENTED_EDGE('',*,*,#4522,.F.);
#2232=ORIENTED_EDGE('',*,*,#4524,.F.);
#2233=ORIENTED_EDGE('',*,*,#4526,.F.);
#2234=ORIENTED_EDGE('',*,*,#4527,.F.);
#2235=ORIENTED_EDGE('',*,*,#3906,.F.);
#2236=ORIENTED_EDGE('',*,*,#4528,.F.);
#2237=ORIENTED_EDGE('',*,*,#4529,.T.);
#2238=ORIENTED_EDGE('',*,*,#4530,.T.);
#2239=ORIENTED_EDGE('',*,*,#3905,.F.);
#2240=ORIENTED_EDGE('',*,*,#4531,.F.);
#2241=ORIENTED_EDGE('',*,*,#4532,.T.);
#2242=ORIENTED_EDGE('',*,*,#4528,.T.);
#2243=ORIENTED_EDGE('',*,*,#3919,.F.);
#2244=ORIENTED_EDGE('',*,*,#4533,.F.);
#2245=ORIENTED_EDGE('',*,*,#4534,.T.);
#2246=ORIENTED_EDGE('',*,*,#4531,.T.);
#2247=ORIENTED_EDGE('',*,*,#3918,.F.);
#2248=ORIENTED_EDGE('',*,*,#4535,.F.);
#2249=ORIENTED_EDGE('',*,*,#4536,.T.);
#2250=ORIENTED_EDGE('',*,*,#4533,.T.);
#2251=ORIENTED_EDGE('',*,*,#3917,.F.);
#2252=ORIENTED_EDGE('',*,*,#4537,.F.);
#2253=ORIENTED_EDGE('',*,*,#4538,.T.);
#2254=ORIENTED_EDGE('',*,*,#4535,.T.);
#2255=ORIENTED_EDGE('',*,*,#3916,.F.);
#2256=ORIENTED_EDGE('',*,*,#4539,.F.);
#2257=ORIENTED_EDGE('',*,*,#4540,.T.);
#2258=ORIENTED_EDGE('',*,*,#4537,.T.);
#2259=ORIENTED_EDGE('',*,*,#3915,.F.);
#2260=ORIENTED_EDGE('',*,*,#4541,.F.);
#2261=ORIENTED_EDGE('',*,*,#4542,.T.);
#2262=ORIENTED_EDGE('',*,*,#4539,.T.);
#2263=ORIENTED_EDGE('',*,*,#3914,.F.);
#2264=ORIENTED_EDGE('',*,*,#4543,.F.);
#2265=ORIENTED_EDGE('',*,*,#4544,.T.);
#2266=ORIENTED_EDGE('',*,*,#4541,.T.);
#2267=ORIENTED_EDGE('',*,*,#3913,.F.);
#2268=ORIENTED_EDGE('',*,*,#4545,.F.);
#2269=ORIENTED_EDGE('',*,*,#4546,.T.);
#2270=ORIENTED_EDGE('',*,*,#4543,.T.);
#2271=ORIENTED_EDGE('',*,*,#3912,.F.);
#2272=ORIENTED_EDGE('',*,*,#4547,.F.);
#2273=ORIENTED_EDGE('',*,*,#4548,.T.);
#2274=ORIENTED_EDGE('',*,*,#4545,.T.);
#2275=ORIENTED_EDGE('',*,*,#3911,.F.);
#2276=ORIENTED_EDGE('',*,*,#4549,.F.);
#2277=ORIENTED_EDGE('',*,*,#4550,.T.);
#2278=ORIENTED_EDGE('',*,*,#4547,.T.);
#2279=ORIENTED_EDGE('',*,*,#3910,.F.);
#2280=ORIENTED_EDGE('',*,*,#4551,.F.);
#2281=ORIENTED_EDGE('',*,*,#4552,.T.);
#2282=ORIENTED_EDGE('',*,*,#4549,.T.);
#2283=ORIENTED_EDGE('',*,*,#3909,.F.);
#2284=ORIENTED_EDGE('',*,*,#4553,.F.);
#2285=ORIENTED_EDGE('',*,*,#4554,.T.);
#2286=ORIENTED_EDGE('',*,*,#4551,.T.);
#2287=ORIENTED_EDGE('',*,*,#3908,.F.);
#2288=ORIENTED_EDGE('',*,*,#4555,.F.);
#2289=ORIENTED_EDGE('',*,*,#4556,.T.);
#2290=ORIENTED_EDGE('',*,*,#4553,.T.);
#2291=ORIENTED_EDGE('',*,*,#3907,.F.);
#2292=ORIENTED_EDGE('',*,*,#4530,.F.);
#2293=ORIENTED_EDGE('',*,*,#4557,.T.);
#2294=ORIENTED_EDGE('',*,*,#4555,.T.);
#2295=ORIENTED_EDGE('',*,*,#4529,.F.);
#2296=ORIENTED_EDGE('',*,*,#4532,.F.);
#2297=ORIENTED_EDGE('',*,*,#4534,.F.);
#2298=ORIENTED_EDGE('',*,*,#4536,.F.);
#2299=ORIENTED_EDGE('',*,*,#4538,.F.);
#2300=ORIENTED_EDGE('',*,*,#4540,.F.);
#2301=ORIENTED_EDGE('',*,*,#4542,.F.);
#2302=ORIENTED_EDGE('',*,*,#4544,.F.);
#2303=ORIENTED_EDGE('',*,*,#4546,.F.);
#2304=ORIENTED_EDGE('',*,*,#4548,.F.);
#2305=ORIENTED_EDGE('',*,*,#4550,.F.);
#2306=ORIENTED_EDGE('',*,*,#4552,.F.);
#2307=ORIENTED_EDGE('',*,*,#4554,.F.);
#2308=ORIENTED_EDGE('',*,*,#4556,.F.);
#2309=ORIENTED_EDGE('',*,*,#4557,.F.);
#2310=ORIENTED_EDGE('',*,*,#3898,.F.);
#2311=ORIENTED_EDGE('',*,*,#4558,.F.);
#2312=ORIENTED_EDGE('',*,*,#4559,.T.);
#2313=ORIENTED_EDGE('',*,*,#4560,.T.);
#2314=ORIENTED_EDGE('',*,*,#3897,.F.);
#2315=ORIENTED_EDGE('',*,*,#4561,.F.);
#2316=ORIENTED_EDGE('',*,*,#4562,.T.);
#2317=ORIENTED_EDGE('',*,*,#4558,.T.);
#2318=ORIENTED_EDGE('',*,*,#3904,.F.);
#2319=ORIENTED_EDGE('',*,*,#4563,.F.);
#2320=ORIENTED_EDGE('',*,*,#4564,.T.);
#2321=ORIENTED_EDGE('',*,*,#4561,.T.);
#2322=ORIENTED_EDGE('',*,*,#3903,.F.);
#2323=ORIENTED_EDGE('',*,*,#4565,.F.);
#2324=ORIENTED_EDGE('',*,*,#4566,.T.);
#2325=ORIENTED_EDGE('',*,*,#4563,.T.);
#2326=ORIENTED_EDGE('',*,*,#3902,.F.);
#2327=ORIENTED_EDGE('',*,*,#4567,.F.);
#2328=ORIENTED_EDGE('',*,*,#4568,.T.);
#2329=ORIENTED_EDGE('',*,*,#4565,.T.);
#2330=ORIENTED_EDGE('',*,*,#3901,.F.);
#2331=ORIENTED_EDGE('',*,*,#4569,.F.);
#2332=ORIENTED_EDGE('',*,*,#4570,.T.);
#2333=ORIENTED_EDGE('',*,*,#4567,.T.);
#2334=ORIENTED_EDGE('',*,*,#3900,.F.);
#2335=ORIENTED_EDGE('',*,*,#4571,.F.);
#2336=ORIENTED_EDGE('',*,*,#4572,.T.);
#2337=ORIENTED_EDGE('',*,*,#4569,.T.);
#2338=ORIENTED_EDGE('',*,*,#3899,.F.);
#2339=ORIENTED_EDGE('',*,*,#4560,.F.);
#2340=ORIENTED_EDGE('',*,*,#4573,.T.);
#2341=ORIENTED_EDGE('',*,*,#4571,.T.);
#2342=ORIENTED_EDGE('',*,*,#4559,.F.);
#2343=ORIENTED_EDGE('',*,*,#4562,.F.);
#2344=ORIENTED_EDGE('',*,*,#4564,.F.);
#2345=ORIENTED_EDGE('',*,*,#4566,.F.);
#2346=ORIENTED_EDGE('',*,*,#4568,.F.);
#2347=ORIENTED_EDGE('',*,*,#4570,.F.);
#2348=ORIENTED_EDGE('',*,*,#4572,.F.);
#2349=ORIENTED_EDGE('',*,*,#4573,.F.);
#2350=ORIENTED_EDGE('',*,*,#4356,.T.);
#2351=ORIENTED_EDGE('',*,*,#4352,.T.);
#2352=ORIENTED_EDGE('',*,*,#4378,.T.);
#2353=ORIENTED_EDGE('',*,*,#4359,.T.);
#2354=ORIENTED_EDGE('',*,*,#4574,.F.);
#2355=ORIENTED_EDGE('',*,*,#4575,.T.);
#2356=ORIENTED_EDGE('',*,*,#4576,.T.);
#2357=ORIENTED_EDGE('',*,*,#4577,.F.);
#2358=ORIENTED_EDGE('',*,*,#4578,.F.);
#2359=ORIENTED_EDGE('',*,*,#4579,.T.);
#2360=ORIENTED_EDGE('',*,*,#4574,.T.);
#2361=ORIENTED_EDGE('',*,*,#4580,.F.);
#2362=ORIENTED_EDGE('',*,*,#4581,.F.);
#2363=ORIENTED_EDGE('',*,*,#4582,.T.);
#2364=ORIENTED_EDGE('',*,*,#4578,.T.);
#2365=ORIENTED_EDGE('',*,*,#4583,.F.);
#2366=ORIENTED_EDGE('',*,*,#4584,.F.);
#2367=ORIENTED_EDGE('',*,*,#4585,.T.);
#2368=ORIENTED_EDGE('',*,*,#4581,.T.);
#2369=ORIENTED_EDGE('',*,*,#4586,.F.);
#2370=ORIENTED_EDGE('',*,*,#4587,.F.);
#2371=ORIENTED_EDGE('',*,*,#4588,.T.);
#2372=ORIENTED_EDGE('',*,*,#4584,.T.);
#2373=ORIENTED_EDGE('',*,*,#4589,.F.);
#2374=ORIENTED_EDGE('',*,*,#4590,.F.);
#2375=ORIENTED_EDGE('',*,*,#4591,.T.);
#2376=ORIENTED_EDGE('',*,*,#4592,.T.);
#2377=ORIENTED_EDGE('',*,*,#4593,.F.);
#2378=ORIENTED_EDGE('',*,*,#4594,.F.);
#2379=ORIENTED_EDGE('',*,*,#4595,.T.);
#2380=ORIENTED_EDGE('',*,*,#4590,.T.);
#2381=ORIENTED_EDGE('',*,*,#4596,.F.);
#2382=ORIENTED_EDGE('',*,*,#4597,.F.);
#2383=ORIENTED_EDGE('',*,*,#4598,.T.);
#2384=ORIENTED_EDGE('',*,*,#4594,.T.);
#2385=ORIENTED_EDGE('',*,*,#4599,.F.);
#2386=ORIENTED_EDGE('',*,*,#4600,.F.);
#2387=ORIENTED_EDGE('',*,*,#4601,.T.);
#2388=ORIENTED_EDGE('',*,*,#4597,.T.);
#2389=ORIENTED_EDGE('',*,*,#4602,.F.);
#2390=ORIENTED_EDGE('',*,*,#4603,.F.);
#2391=ORIENTED_EDGE('',*,*,#4604,.T.);
#2392=ORIENTED_EDGE('',*,*,#4600,.T.);
#2393=ORIENTED_EDGE('',*,*,#4605,.F.);
#2394=ORIENTED_EDGE('',*,*,#4606,.F.);
#2395=ORIENTED_EDGE('',*,*,#4607,.T.);
#2396=ORIENTED_EDGE('',*,*,#4603,.T.);
#2397=ORIENTED_EDGE('',*,*,#4608,.F.);
#2398=ORIENTED_EDGE('',*,*,#4609,.F.);
#2399=ORIENTED_EDGE('',*,*,#4610,.T.);
#2400=ORIENTED_EDGE('',*,*,#4611,.T.);
#2401=ORIENTED_EDGE('',*,*,#4105,.F.);
#2402=ORIENTED_EDGE('',*,*,#4612,.F.);
#2403=ORIENTED_EDGE('',*,*,#4613,.T.);
#2404=ORIENTED_EDGE('',*,*,#4609,.T.);
#2405=ORIENTED_EDGE('',*,*,#4104,.F.);
#2406=ORIENTED_EDGE('',*,*,#4614,.F.);
#2407=ORIENTED_EDGE('',*,*,#4615,.T.);
#2408=ORIENTED_EDGE('',*,*,#4612,.T.);
#2409=ORIENTED_EDGE('',*,*,#4115,.F.);
#2410=ORIENTED_EDGE('',*,*,#4616,.F.);
#2411=ORIENTED_EDGE('',*,*,#4617,.T.);
#2412=ORIENTED_EDGE('',*,*,#4614,.T.);
#2413=ORIENTED_EDGE('',*,*,#4114,.F.);
#2414=ORIENTED_EDGE('',*,*,#4618,.F.);
#2415=ORIENTED_EDGE('',*,*,#4619,.T.);
#2416=ORIENTED_EDGE('',*,*,#4616,.T.);
#2417=ORIENTED_EDGE('',*,*,#4113,.F.);
#2418=ORIENTED_EDGE('',*,*,#4620,.F.);
#2419=ORIENTED_EDGE('',*,*,#4621,.T.);
#2420=ORIENTED_EDGE('',*,*,#4618,.T.);
#2421=ORIENTED_EDGE('',*,*,#4112,.F.);
#2422=ORIENTED_EDGE('',*,*,#4622,.F.);
#2423=ORIENTED_EDGE('',*,*,#4623,.T.);
#2424=ORIENTED_EDGE('',*,*,#4620,.T.);
#2425=ORIENTED_EDGE('',*,*,#4111,.F.);
#2426=ORIENTED_EDGE('',*,*,#4624,.F.);
#2427=ORIENTED_EDGE('',*,*,#4625,.T.);
#2428=ORIENTED_EDGE('',*,*,#4622,.T.);
#2429=ORIENTED_EDGE('',*,*,#4110,.F.);
#2430=ORIENTED_EDGE('',*,*,#4626,.F.);
#2431=ORIENTED_EDGE('',*,*,#4627,.T.);
#2432=ORIENTED_EDGE('',*,*,#4624,.T.);
#2433=ORIENTED_EDGE('',*,*,#4109,.F.);
#2434=ORIENTED_EDGE('',*,*,#4628,.F.);
#2435=ORIENTED_EDGE('',*,*,#4629,.T.);
#2436=ORIENTED_EDGE('',*,*,#4626,.T.);
#2437=ORIENTED_EDGE('',*,*,#4108,.F.);
#2438=ORIENTED_EDGE('',*,*,#4630,.F.);
#2439=ORIENTED_EDGE('',*,*,#4631,.T.);
#2440=ORIENTED_EDGE('',*,*,#4628,.T.);
#2441=ORIENTED_EDGE('',*,*,#4107,.F.);
#2442=ORIENTED_EDGE('',*,*,#4592,.F.);
#2443=ORIENTED_EDGE('',*,*,#4632,.T.);
#2444=ORIENTED_EDGE('',*,*,#4606,.T.);
#2445=ORIENTED_EDGE('',*,*,#4633,.F.);
#2446=ORIENTED_EDGE('',*,*,#4611,.F.);
#2447=ORIENTED_EDGE('',*,*,#4634,.T.);
#2448=ORIENTED_EDGE('',*,*,#4630,.T.);
#2449=ORIENTED_EDGE('',*,*,#4106,.F.);
#2450=ORIENTED_EDGE('',*,*,#4576,.F.);
#2451=ORIENTED_EDGE('',*,*,#4635,.T.);
#2452=ORIENTED_EDGE('',*,*,#4587,.T.);
#2453=ORIENTED_EDGE('',*,*,#4636,.F.);
#2454=ORIENTED_EDGE('',*,*,#4610,.F.);
#2455=ORIENTED_EDGE('',*,*,#4613,.F.);
#2456=ORIENTED_EDGE('',*,*,#4615,.F.);
#2457=ORIENTED_EDGE('',*,*,#4617,.F.);
#2458=ORIENTED_EDGE('',*,*,#4619,.F.);
#2459=ORIENTED_EDGE('',*,*,#4621,.F.);
#2460=ORIENTED_EDGE('',*,*,#4623,.F.);
#2461=ORIENTED_EDGE('',*,*,#4625,.F.);
#2462=ORIENTED_EDGE('',*,*,#4627,.F.);
#2463=ORIENTED_EDGE('',*,*,#4629,.F.);
#2464=ORIENTED_EDGE('',*,*,#4631,.F.);
#2465=ORIENTED_EDGE('',*,*,#4634,.F.);
#2466=ORIENTED_EDGE('',*,*,#4591,.F.);
#2467=ORIENTED_EDGE('',*,*,#4595,.F.);
#2468=ORIENTED_EDGE('',*,*,#4598,.F.);
#2469=ORIENTED_EDGE('',*,*,#4601,.F.);
#2470=ORIENTED_EDGE('',*,*,#4604,.F.);
#2471=ORIENTED_EDGE('',*,*,#4607,.F.);
#2472=ORIENTED_EDGE('',*,*,#4632,.F.);
#2473=ORIENTED_EDGE('',*,*,#4575,.F.);
#2474=ORIENTED_EDGE('',*,*,#4579,.F.);
#2475=ORIENTED_EDGE('',*,*,#4582,.F.);
#2476=ORIENTED_EDGE('',*,*,#4585,.F.);
#2477=ORIENTED_EDGE('',*,*,#4588,.F.);
#2478=ORIENTED_EDGE('',*,*,#4635,.F.);
#2479=ORIENTED_EDGE('',*,*,#4596,.T.);
#2480=ORIENTED_EDGE('',*,*,#4593,.T.);
#2481=ORIENTED_EDGE('',*,*,#4633,.T.);
#2482=ORIENTED_EDGE('',*,*,#4608,.T.);
#2483=ORIENTED_EDGE('',*,*,#4605,.T.);
#2484=ORIENTED_EDGE('',*,*,#4602,.T.);
#2485=ORIENTED_EDGE('',*,*,#4599,.T.);
#2486=ORIENTED_EDGE('',*,*,#4637,.F.);
#2487=ORIENTED_EDGE('',*,*,#4638,.T.);
#2488=ORIENTED_EDGE('',*,*,#4639,.T.);
#2489=ORIENTED_EDGE('',*,*,#4640,.F.);
#2490=ORIENTED_EDGE('',*,*,#4641,.F.);
#2491=ORIENTED_EDGE('',*,*,#4642,.T.);
#2492=ORIENTED_EDGE('',*,*,#4637,.T.);
#2493=ORIENTED_EDGE('',*,*,#4643,.F.);
#2494=ORIENTED_EDGE('',*,*,#4644,.F.);
#2495=ORIENTED_EDGE('',*,*,#4645,.T.);
#2496=ORIENTED_EDGE('',*,*,#4641,.T.);
#2497=ORIENTED_EDGE('',*,*,#4646,.F.);
#2498=ORIENTED_EDGE('',*,*,#4647,.F.);
#2499=ORIENTED_EDGE('',*,*,#4648,.T.);
#2500=ORIENTED_EDGE('',*,*,#4649,.T.);
#2501=ORIENTED_EDGE('',*,*,#4120,.F.);
#2502=ORIENTED_EDGE('',*,*,#4650,.F.);
#2503=ORIENTED_EDGE('',*,*,#4651,.T.);
#2504=ORIENTED_EDGE('',*,*,#4647,.T.);
#2505=ORIENTED_EDGE('',*,*,#4119,.F.);
#2506=ORIENTED_EDGE('',*,*,#4652,.F.);
#2507=ORIENTED_EDGE('',*,*,#4653,.T.);
#2508=ORIENTED_EDGE('',*,*,#4650,.T.);
#2509=ORIENTED_EDGE('',*,*,#4126,.F.);
#2510=ORIENTED_EDGE('',*,*,#4654,.F.);
#2511=ORIENTED_EDGE('',*,*,#4655,.T.);
#2512=ORIENTED_EDGE('',*,*,#4652,.T.);
#2513=ORIENTED_EDGE('',*,*,#4125,.F.);
#2514=ORIENTED_EDGE('',*,*,#4656,.F.);
#2515=ORIENTED_EDGE('',*,*,#4657,.T.);
#2516=ORIENTED_EDGE('',*,*,#4654,.T.);
#2517=ORIENTED_EDGE('',*,*,#4124,.F.);
#2518=ORIENTED_EDGE('',*,*,#4658,.F.);
#2519=ORIENTED_EDGE('',*,*,#4659,.T.);
#2520=ORIENTED_EDGE('',*,*,#4656,.T.);
#2521=ORIENTED_EDGE('',*,*,#4123,.F.);
#2522=ORIENTED_EDGE('',*,*,#4660,.F.);
#2523=ORIENTED_EDGE('',*,*,#4661,.T.);
#2524=ORIENTED_EDGE('',*,*,#4658,.T.);
#2525=ORIENTED_EDGE('',*,*,#4122,.F.);
#2526=ORIENTED_EDGE('',*,*,#4649,.F.);
#2527=ORIENTED_EDGE('',*,*,#4662,.T.);
#2528=ORIENTED_EDGE('',*,*,#4660,.T.);
#2529=ORIENTED_EDGE('',*,*,#4121,.F.);
#2530=ORIENTED_EDGE('',*,*,#4639,.F.);
#2531=ORIENTED_EDGE('',*,*,#4663,.T.);
#2532=ORIENTED_EDGE('',*,*,#4644,.T.);
#2533=ORIENTED_EDGE('',*,*,#4664,.F.);
#2534=ORIENTED_EDGE('',*,*,#4648,.F.);
#2535=ORIENTED_EDGE('',*,*,#4651,.F.);
#2536=ORIENTED_EDGE('',*,*,#4653,.F.);
#2537=ORIENTED_EDGE('',*,*,#4655,.F.);
#2538=ORIENTED_EDGE('',*,*,#4657,.F.);
#2539=ORIENTED_EDGE('',*,*,#4659,.F.);
#2540=ORIENTED_EDGE('',*,*,#4661,.F.);
#2541=ORIENTED_EDGE('',*,*,#4662,.F.);
#2542=ORIENTED_EDGE('',*,*,#4638,.F.);
#2543=ORIENTED_EDGE('',*,*,#4642,.F.);
#2544=ORIENTED_EDGE('',*,*,#4645,.F.);
#2545=ORIENTED_EDGE('',*,*,#4663,.F.);
#2546=ORIENTED_EDGE('',*,*,#4580,.T.);
#2547=ORIENTED_EDGE('',*,*,#4577,.T.);
#2548=ORIENTED_EDGE('',*,*,#4636,.T.);
#2549=ORIENTED_EDGE('',*,*,#4589,.T.);
#2550=ORIENTED_EDGE('',*,*,#4586,.T.);
#2551=ORIENTED_EDGE('',*,*,#4583,.T.);
#2552=ORIENTED_EDGE('',*,*,#4643,.T.);
#2553=ORIENTED_EDGE('',*,*,#4640,.T.);
#2554=ORIENTED_EDGE('',*,*,#4664,.T.);
#2555=ORIENTED_EDGE('',*,*,#4646,.T.);
#2556=ORIENTED_EDGE('',*,*,#4665,.T.);
#2557=ORIENTED_EDGE('',*,*,#4666,.T.);
#2558=ORIENTED_EDGE('',*,*,#4667,.F.);
#2559=ORIENTED_EDGE('',*,*,#3698,.T.);
#2560=ORIENTED_EDGE('',*,*,#4667,.T.);
#2561=ORIENTED_EDGE('',*,*,#4668,.T.);
#2562=ORIENTED_EDGE('',*,*,#4669,.F.);
#2563=ORIENTED_EDGE('',*,*,#3699,.T.);
#2564=ORIENTED_EDGE('',*,*,#4669,.T.);
#2565=ORIENTED_EDGE('',*,*,#4670,.T.);
#2566=ORIENTED_EDGE('',*,*,#4671,.F.);
#2567=ORIENTED_EDGE('',*,*,#3700,.F.);
#2568=ORIENTED_EDGE('',*,*,#4671,.T.);
#2569=ORIENTED_EDGE('',*,*,#4672,.T.);
#2570=ORIENTED_EDGE('',*,*,#4665,.F.);
#2571=ORIENTED_EDGE('',*,*,#3701,.T.);
#2572=ORIENTED_EDGE('',*,*,#4673,.T.);
#2573=ORIENTED_EDGE('',*,*,#4674,.T.);
#2574=ORIENTED_EDGE('',*,*,#4675,.F.);
#2575=ORIENTED_EDGE('',*,*,#3702,.T.);
#2576=ORIENTED_EDGE('',*,*,#4675,.T.);
#2577=ORIENTED_EDGE('',*,*,#4676,.T.);
#2578=ORIENTED_EDGE('',*,*,#4677,.F.);
#2579=ORIENTED_EDGE('',*,*,#3703,.T.);
#2580=ORIENTED_EDGE('',*,*,#4677,.T.);
#2581=ORIENTED_EDGE('',*,*,#4678,.T.);
#2582=ORIENTED_EDGE('',*,*,#4679,.F.);
#2583=ORIENTED_EDGE('',*,*,#3704,.F.);
#2584=ORIENTED_EDGE('',*,*,#4679,.T.);
#2585=ORIENTED_EDGE('',*,*,#4680,.T.);
#2586=ORIENTED_EDGE('',*,*,#4673,.F.);
#2587=ORIENTED_EDGE('',*,*,#3705,.T.);
#2588=ORIENTED_EDGE('',*,*,#4681,.T.);
#2589=ORIENTED_EDGE('',*,*,#4682,.T.);
#2590=ORIENTED_EDGE('',*,*,#4683,.T.);
#2591=ORIENTED_EDGE('',*,*,#4684,.T.);
#2592=ORIENTED_EDGE('',*,*,#3757,.T.);
#2593=ORIENTED_EDGE('',*,*,#4685,.T.);
#2594=ORIENTED_EDGE('',*,*,#4686,.T.);
#2595=ORIENTED_EDGE('',*,*,#4687,.T.);
#2596=ORIENTED_EDGE('',*,*,#3755,.F.);
#2597=ORIENTED_EDGE('',*,*,#4688,.T.);
#2598=ORIENTED_EDGE('',*,*,#4689,.T.);
#2599=ORIENTED_EDGE('',*,*,#4690,.T.);
#2600=ORIENTED_EDGE('',*,*,#4691,.T.);
#2601=ORIENTED_EDGE('',*,*,#3766,.F.);
#2602=ORIENTED_EDGE('',*,*,#4692,.T.);
#2603=ORIENTED_EDGE('',*,*,#4693,.T.);
#2604=ORIENTED_EDGE('',*,*,#4694,.T.);
#2605=ORIENTED_EDGE('',*,*,#4695,.T.);
#2606=ORIENTED_EDGE('',*,*,#4696,.T.);
#2607=ORIENTED_EDGE('',*,*,#3764,.T.);
#2608=ORIENTED_EDGE('',*,*,#4681,.F.);
#2609=ORIENTED_EDGE('',*,*,#3756,.F.);
#2610=ORIENTED_EDGE('',*,*,#4687,.F.);
#2611=ORIENTED_EDGE('',*,*,#4697,.T.);
#2612=ORIENTED_EDGE('',*,*,#4155,.F.);
#2613=ORIENTED_EDGE('',*,*,#4698,.T.);
#2614=ORIENTED_EDGE('',*,*,#4691,.F.);
#2615=ORIENTED_EDGE('',*,*,#4699,.T.);
#2616=ORIENTED_EDGE('',*,*,#4171,.F.);
#2617=ORIENTED_EDGE('',*,*,#4700,.T.);
#2618=ORIENTED_EDGE('',*,*,#4693,.F.);
#2619=ORIENTED_EDGE('',*,*,#3767,.F.);
#2620=ORIENTED_EDGE('',*,*,#4685,.F.);
#2621=ORIENTED_EDGE('',*,*,#4701,.T.);
#2622=ORIENTED_EDGE('',*,*,#4100,.F.);
#2623=ORIENTED_EDGE('',*,*,#4702,.F.);
#2624=ORIENTED_EDGE('',*,*,#4697,.F.);
#2625=ORIENTED_EDGE('',*,*,#4686,.F.);
#2626=ORIENTED_EDGE('',*,*,#4702,.T.);
#2627=ORIENTED_EDGE('',*,*,#4156,.F.);
#2628=ORIENTED_EDGE('',*,*,#4102,.F.);
#2629=ORIENTED_EDGE('',*,*,#4703,.T.);
#2630=ORIENTED_EDGE('',*,*,#4683,.F.);
#2631=ORIENTED_EDGE('',*,*,#4704,.F.);
#2632=ORIENTED_EDGE('',*,*,#4704,.T.);
#2633=ORIENTED_EDGE('',*,*,#4682,.F.);
#2634=ORIENTED_EDGE('',*,*,#4698,.F.);
#2635=ORIENTED_EDGE('',*,*,#4159,.F.);
#2636=ORIENTED_EDGE('',*,*,#4096,.F.);
#2637=ORIENTED_EDGE('',*,*,#4705,.T.);
#2638=ORIENTED_EDGE('',*,*,#4695,.F.);
#2639=ORIENTED_EDGE('',*,*,#4706,.F.);
#2640=ORIENTED_EDGE('',*,*,#4706,.T.);
#2641=ORIENTED_EDGE('',*,*,#4694,.F.);
#2642=ORIENTED_EDGE('',*,*,#4700,.F.);
#2643=ORIENTED_EDGE('',*,*,#4170,.F.);
#2644=ORIENTED_EDGE('',*,*,#4689,.F.);
#2645=ORIENTED_EDGE('',*,*,#4707,.T.);
#2646=ORIENTED_EDGE('',*,*,#4094,.F.);
#2647=ORIENTED_EDGE('',*,*,#4708,.F.);
#2648=ORIENTED_EDGE('',*,*,#4699,.F.);
#2649=ORIENTED_EDGE('',*,*,#4690,.F.);
#2650=ORIENTED_EDGE('',*,*,#4708,.T.);
#2651=ORIENTED_EDGE('',*,*,#4172,.F.);
#2652=ORIENTED_EDGE('',*,*,#4703,.F.);
#2653=ORIENTED_EDGE('',*,*,#4101,.F.);
#2654=ORIENTED_EDGE('',*,*,#4701,.F.);
#2655=ORIENTED_EDGE('',*,*,#4688,.F.);
#2656=ORIENTED_EDGE('',*,*,#3754,.F.);
#2657=ORIENTED_EDGE('',*,*,#4684,.F.);
#2658=ORIENTED_EDGE('',*,*,#4692,.F.);
#2659=ORIENTED_EDGE('',*,*,#3765,.F.);
#2660=ORIENTED_EDGE('',*,*,#4696,.F.);
#2661=ORIENTED_EDGE('',*,*,#4705,.F.);
#2662=ORIENTED_EDGE('',*,*,#4095,.F.);
#2663=ORIENTED_EDGE('',*,*,#4707,.F.);
#2664=ORIENTED_EDGE('',*,*,#4178,.T.);
#2665=ORIENTED_EDGE('',*,*,#4709,.T.);
#2666=ORIENTED_EDGE('',*,*,#4175,.F.);
#2667=ORIENTED_EDGE('',*,*,#3761,.T.);
#2668=ORIENTED_EDGE('',*,*,#4056,.T.);
#2669=ORIENTED_EDGE('',*,*,#3706,.F.);
#2670=ORIENTED_EDGE('',*,*,#4057,.T.);
#2671=ORIENTED_EDGE('',*,*,#3707,.F.);
#2672=ORIENTED_EDGE('',*,*,#4058,.T.);
#2673=ORIENTED_EDGE('',*,*,#3708,.F.);
#2674=ORIENTED_EDGE('',*,*,#3894,.F.);
#2675=ORIENTED_EDGE('',*,*,#4710,.F.);
#2676=ORIENTED_EDGE('',*,*,#4711,.T.);
#2677=ORIENTED_EDGE('',*,*,#4712,.T.);
#2678=ORIENTED_EDGE('',*,*,#3893,.F.);
#2679=ORIENTED_EDGE('',*,*,#4713,.F.);
#2680=ORIENTED_EDGE('',*,*,#4714,.T.);
#2681=ORIENTED_EDGE('',*,*,#4710,.T.);
#2682=ORIENTED_EDGE('',*,*,#3896,.F.);
#2683=ORIENTED_EDGE('',*,*,#4715,.F.);
#2684=ORIENTED_EDGE('',*,*,#4716,.T.);
#2685=ORIENTED_EDGE('',*,*,#4713,.T.);
#2686=ORIENTED_EDGE('',*,*,#3895,.F.);
#2687=ORIENTED_EDGE('',*,*,#4712,.F.);
#2688=ORIENTED_EDGE('',*,*,#4717,.T.);
#2689=ORIENTED_EDGE('',*,*,#4715,.T.);
#2690=ORIENTED_EDGE('',*,*,#4711,.F.);
#2691=ORIENTED_EDGE('',*,*,#4714,.F.);
#2692=ORIENTED_EDGE('',*,*,#4716,.F.);
#2693=ORIENTED_EDGE('',*,*,#4717,.F.);
#2694=ORIENTED_EDGE('',*,*,#3866,.F.);
#2695=ORIENTED_EDGE('',*,*,#4718,.F.);
#2696=ORIENTED_EDGE('',*,*,#4719,.T.);
#2697=ORIENTED_EDGE('',*,*,#4720,.T.);
#2698=ORIENTED_EDGE('',*,*,#3865,.F.);
#2699=ORIENTED_EDGE('',*,*,#4721,.F.);
#2700=ORIENTED_EDGE('',*,*,#4722,.T.);
#2701=ORIENTED_EDGE('',*,*,#4718,.T.);
#2702=ORIENTED_EDGE('',*,*,#3892,.F.);
#2703=ORIENTED_EDGE('',*,*,#4723,.F.);
#2704=ORIENTED_EDGE('',*,*,#4724,.T.);
#2705=ORIENTED_EDGE('',*,*,#4721,.T.);
#2706=ORIENTED_EDGE('',*,*,#3891,.F.);
#2707=ORIENTED_EDGE('',*,*,#4725,.F.);
#2708=ORIENTED_EDGE('',*,*,#4726,.T.);
#2709=ORIENTED_EDGE('',*,*,#4723,.T.);
#2710=ORIENTED_EDGE('',*,*,#3890,.F.);
#2711=ORIENTED_EDGE('',*,*,#4727,.F.);
#2712=ORIENTED_EDGE('',*,*,#4728,.T.);
#2713=ORIENTED_EDGE('',*,*,#4725,.T.);
#2714=ORIENTED_EDGE('',*,*,#3889,.F.);
#2715=ORIENTED_EDGE('',*,*,#4729,.F.);
#2716=ORIENTED_EDGE('',*,*,#4730,.T.);
#2717=ORIENTED_EDGE('',*,*,#4727,.T.);
#2718=ORIENTED_EDGE('',*,*,#3888,.F.);
#2719=ORIENTED_EDGE('',*,*,#4731,.F.);
#2720=ORIENTED_EDGE('',*,*,#4732,.T.);
#2721=ORIENTED_EDGE('',*,*,#4729,.T.);
#2722=ORIENTED_EDGE('',*,*,#3887,.F.);
#2723=ORIENTED_EDGE('',*,*,#4733,.F.);
#2724=ORIENTED_EDGE('',*,*,#4734,.T.);
#2725=ORIENTED_EDGE('',*,*,#4731,.T.);
#2726=ORIENTED_EDGE('',*,*,#3886,.F.);
#2727=ORIENTED_EDGE('',*,*,#4735,.F.);
#2728=ORIENTED_EDGE('',*,*,#4736,.T.);
#2729=ORIENTED_EDGE('',*,*,#4733,.T.);
#2730=ORIENTED_EDGE('',*,*,#3885,.F.);
#2731=ORIENTED_EDGE('',*,*,#4737,.F.);
#2732=ORIENTED_EDGE('',*,*,#4738,.T.);
#2733=ORIENTED_EDGE('',*,*,#4735,.T.);
#2734=ORIENTED_EDGE('',*,*,#3884,.F.);
#2735=ORIENTED_EDGE('',*,*,#4739,.F.);
#2736=ORIENTED_EDGE('',*,*,#4740,.T.);
#2737=ORIENTED_EDGE('',*,*,#4737,.T.);
#2738=ORIENTED_EDGE('',*,*,#3883,.F.);
#2739=ORIENTED_EDGE('',*,*,#4741,.F.);
#2740=ORIENTED_EDGE('',*,*,#4742,.T.);
#2741=ORIENTED_EDGE('',*,*,#4739,.T.);
#2742=ORIENTED_EDGE('',*,*,#3882,.F.);
#2743=ORIENTED_EDGE('',*,*,#4743,.F.);
#2744=ORIENTED_EDGE('',*,*,#4744,.T.);
#2745=ORIENTED_EDGE('',*,*,#4741,.T.);
#2746=ORIENTED_EDGE('',*,*,#3881,.F.);
#2747=ORIENTED_EDGE('',*,*,#4745,.F.);
#2748=ORIENTED_EDGE('',*,*,#4746,.T.);
#2749=ORIENTED_EDGE('',*,*,#4743,.T.);
#2750=ORIENTED_EDGE('',*,*,#3880,.F.);
#2751=ORIENTED_EDGE('',*,*,#4747,.F.);
#2752=ORIENTED_EDGE('',*,*,#4748,.T.);
#2753=ORIENTED_EDGE('',*,*,#4745,.T.);
#2754=ORIENTED_EDGE('',*,*,#3879,.F.);
#2755=ORIENTED_EDGE('',*,*,#4749,.F.);
#2756=ORIENTED_EDGE('',*,*,#4750,.T.);
#2757=ORIENTED_EDGE('',*,*,#4747,.T.);
#2758=ORIENTED_EDGE('',*,*,#3878,.F.);
#2759=ORIENTED_EDGE('',*,*,#4751,.F.);
#2760=ORIENTED_EDGE('',*,*,#4752,.T.);
#2761=ORIENTED_EDGE('',*,*,#4749,.T.);
#2762=ORIENTED_EDGE('',*,*,#3877,.F.);
#2763=ORIENTED_EDGE('',*,*,#4753,.F.);
#2764=ORIENTED_EDGE('',*,*,#4754,.T.);
#2765=ORIENTED_EDGE('',*,*,#4751,.T.);
#2766=ORIENTED_EDGE('',*,*,#3876,.F.);
#2767=ORIENTED_EDGE('',*,*,#4755,.F.);
#2768=ORIENTED_EDGE('',*,*,#4756,.T.);
#2769=ORIENTED_EDGE('',*,*,#4753,.T.);
#2770=ORIENTED_EDGE('',*,*,#3875,.F.);
#2771=ORIENTED_EDGE('',*,*,#4757,.F.);
#2772=ORIENTED_EDGE('',*,*,#4758,.T.);
#2773=ORIENTED_EDGE('',*,*,#4755,.T.);
#2774=ORIENTED_EDGE('',*,*,#3874,.F.);
#2775=ORIENTED_EDGE('',*,*,#4759,.F.);
#2776=ORIENTED_EDGE('',*,*,#4760,.T.);
#2777=ORIENTED_EDGE('',*,*,#4757,.T.);
#2778=ORIENTED_EDGE('',*,*,#3873,.F.);
#2779=ORIENTED_EDGE('',*,*,#4761,.F.);
#2780=ORIENTED_EDGE('',*,*,#4762,.T.);
#2781=ORIENTED_EDGE('',*,*,#4759,.T.);
#2782=ORIENTED_EDGE('',*,*,#3872,.F.);
#2783=ORIENTED_EDGE('',*,*,#4763,.F.);
#2784=ORIENTED_EDGE('',*,*,#4764,.T.);
#2785=ORIENTED_EDGE('',*,*,#4761,.T.);
#2786=ORIENTED_EDGE('',*,*,#3871,.F.);
#2787=ORIENTED_EDGE('',*,*,#4765,.F.);
#2788=ORIENTED_EDGE('',*,*,#4766,.T.);
#2789=ORIENTED_EDGE('',*,*,#4763,.T.);
#2790=ORIENTED_EDGE('',*,*,#3870,.F.);
#2791=ORIENTED_EDGE('',*,*,#4767,.F.);
#2792=ORIENTED_EDGE('',*,*,#4768,.T.);
#2793=ORIENTED_EDGE('',*,*,#4765,.T.);
#2794=ORIENTED_EDGE('',*,*,#3869,.F.);
#2795=ORIENTED_EDGE('',*,*,#4769,.F.);
#2796=ORIENTED_EDGE('',*,*,#4770,.T.);
#2797=ORIENTED_EDGE('',*,*,#4767,.T.);
#2798=ORIENTED_EDGE('',*,*,#3868,.F.);
#2799=ORIENTED_EDGE('',*,*,#4771,.F.);
#2800=ORIENTED_EDGE('',*,*,#4772,.T.);
#2801=ORIENTED_EDGE('',*,*,#4769,.T.);
#2802=ORIENTED_EDGE('',*,*,#3867,.F.);
#2803=ORIENTED_EDGE('',*,*,#4720,.F.);
#2804=ORIENTED_EDGE('',*,*,#4773,.T.);
#2805=ORIENTED_EDGE('',*,*,#4771,.T.);
#2806=ORIENTED_EDGE('',*,*,#4719,.F.);
#2807=ORIENTED_EDGE('',*,*,#4722,.F.);
#2808=ORIENTED_EDGE('',*,*,#4724,.F.);
#2809=ORIENTED_EDGE('',*,*,#4726,.F.);
#2810=ORIENTED_EDGE('',*,*,#4728,.F.);
#2811=ORIENTED_EDGE('',*,*,#4730,.F.);
#2812=ORIENTED_EDGE('',*,*,#4732,.F.);
#2813=ORIENTED_EDGE('',*,*,#4734,.F.);
#2814=ORIENTED_EDGE('',*,*,#4736,.F.);
#2815=ORIENTED_EDGE('',*,*,#4738,.F.);
#2816=ORIENTED_EDGE('',*,*,#4740,.F.);
#2817=ORIENTED_EDGE('',*,*,#4742,.F.);
#2818=ORIENTED_EDGE('',*,*,#4744,.F.);
#2819=ORIENTED_EDGE('',*,*,#4746,.F.);
#2820=ORIENTED_EDGE('',*,*,#4748,.F.);
#2821=ORIENTED_EDGE('',*,*,#4750,.F.);
#2822=ORIENTED_EDGE('',*,*,#4752,.F.);
#2823=ORIENTED_EDGE('',*,*,#4754,.F.);
#2824=ORIENTED_EDGE('',*,*,#4756,.F.);
#2825=ORIENTED_EDGE('',*,*,#4758,.F.);
#2826=ORIENTED_EDGE('',*,*,#4760,.F.);
#2827=ORIENTED_EDGE('',*,*,#4762,.F.);
#2828=ORIENTED_EDGE('',*,*,#4764,.F.);
#2829=ORIENTED_EDGE('',*,*,#4766,.F.);
#2830=ORIENTED_EDGE('',*,*,#4768,.F.);
#2831=ORIENTED_EDGE('',*,*,#4770,.F.);
#2832=ORIENTED_EDGE('',*,*,#4772,.F.);
#2833=ORIENTED_EDGE('',*,*,#4773,.F.);
#2834=ORIENTED_EDGE('',*,*,#3854,.F.);
#2835=ORIENTED_EDGE('',*,*,#4774,.F.);
#2836=ORIENTED_EDGE('',*,*,#4775,.T.);
#2837=ORIENTED_EDGE('',*,*,#4776,.T.);
#2838=ORIENTED_EDGE('',*,*,#3853,.F.);
#2839=ORIENTED_EDGE('',*,*,#4777,.F.);
#2840=ORIENTED_EDGE('',*,*,#4778,.T.);
#2841=ORIENTED_EDGE('',*,*,#4774,.T.);
#2842=ORIENTED_EDGE('',*,*,#3864,.F.);
#2843=ORIENTED_EDGE('',*,*,#4779,.F.);
#2844=ORIENTED_EDGE('',*,*,#4780,.T.);
#2845=ORIENTED_EDGE('',*,*,#4777,.T.);
#2846=ORIENTED_EDGE('',*,*,#3863,.F.);
#2847=ORIENTED_EDGE('',*,*,#4781,.F.);
#2848=ORIENTED_EDGE('',*,*,#4782,.T.);
#2849=ORIENTED_EDGE('',*,*,#4779,.T.);
#2850=ORIENTED_EDGE('',*,*,#3862,.F.);
#2851=ORIENTED_EDGE('',*,*,#4783,.F.);
#2852=ORIENTED_EDGE('',*,*,#4784,.T.);
#2853=ORIENTED_EDGE('',*,*,#4781,.T.);
#2854=ORIENTED_EDGE('',*,*,#3861,.F.);
#2855=ORIENTED_EDGE('',*,*,#4785,.F.);
#2856=ORIENTED_EDGE('',*,*,#4786,.T.);
#2857=ORIENTED_EDGE('',*,*,#4783,.T.);
#2858=ORIENTED_EDGE('',*,*,#3860,.F.);
#2859=ORIENTED_EDGE('',*,*,#4787,.F.);
#2860=ORIENTED_EDGE('',*,*,#4788,.T.);
#2861=ORIENTED_EDGE('',*,*,#4785,.T.);
#2862=ORIENTED_EDGE('',*,*,#3859,.F.);
#2863=ORIENTED_EDGE('',*,*,#4789,.F.);
#2864=ORIENTED_EDGE('',*,*,#4790,.T.);
#2865=ORIENTED_EDGE('',*,*,#4787,.T.);
#2866=ORIENTED_EDGE('',*,*,#3858,.F.);
#2867=ORIENTED_EDGE('',*,*,#4791,.F.);
#2868=ORIENTED_EDGE('',*,*,#4792,.T.);
#2869=ORIENTED_EDGE('',*,*,#4789,.T.);
#2870=ORIENTED_EDGE('',*,*,#3857,.F.);
#2871=ORIENTED_EDGE('',*,*,#4793,.F.);
#2872=ORIENTED_EDGE('',*,*,#4794,.T.);
#2873=ORIENTED_EDGE('',*,*,#4791,.T.);
#2874=ORIENTED_EDGE('',*,*,#3856,.F.);
#2875=ORIENTED_EDGE('',*,*,#4795,.F.);
#2876=ORIENTED_EDGE('',*,*,#4796,.T.);
#2877=ORIENTED_EDGE('',*,*,#4793,.T.);
#2878=ORIENTED_EDGE('',*,*,#3855,.F.);
#2879=ORIENTED_EDGE('',*,*,#4776,.F.);
#2880=ORIENTED_EDGE('',*,*,#4797,.T.);
#2881=ORIENTED_EDGE('',*,*,#4795,.T.);
#2882=ORIENTED_EDGE('',*,*,#4775,.F.);
#2883=ORIENTED_EDGE('',*,*,#4778,.F.);
#2884=ORIENTED_EDGE('',*,*,#4780,.F.);
#2885=ORIENTED_EDGE('',*,*,#4782,.F.);
#2886=ORIENTED_EDGE('',*,*,#4784,.F.);
#2887=ORIENTED_EDGE('',*,*,#4786,.F.);
#2888=ORIENTED_EDGE('',*,*,#4788,.F.);
#2889=ORIENTED_EDGE('',*,*,#4790,.F.);
#2890=ORIENTED_EDGE('',*,*,#4792,.F.);
#2891=ORIENTED_EDGE('',*,*,#4794,.F.);
#2892=ORIENTED_EDGE('',*,*,#4796,.F.);
#2893=ORIENTED_EDGE('',*,*,#4797,.F.);
#2894=ORIENTED_EDGE('',*,*,#3842,.F.);
#2895=ORIENTED_EDGE('',*,*,#4798,.F.);
#2896=ORIENTED_EDGE('',*,*,#4799,.T.);
#2897=ORIENTED_EDGE('',*,*,#4800,.T.);
#2898=ORIENTED_EDGE('',*,*,#3841,.F.);
#2899=ORIENTED_EDGE('',*,*,#4801,.F.);
#2900=ORIENTED_EDGE('',*,*,#4802,.T.);
#2901=ORIENTED_EDGE('',*,*,#4798,.T.);
#2902=ORIENTED_EDGE('',*,*,#3852,.F.);
#2903=ORIENTED_EDGE('',*,*,#4803,.F.);
#2904=ORIENTED_EDGE('',*,*,#4804,.T.);
#2905=ORIENTED_EDGE('',*,*,#4801,.T.);
#2906=ORIENTED_EDGE('',*,*,#3851,.F.);
#2907=ORIENTED_EDGE('',*,*,#4805,.F.);
#2908=ORIENTED_EDGE('',*,*,#4806,.T.);
#2909=ORIENTED_EDGE('',*,*,#4803,.T.);
#2910=ORIENTED_EDGE('',*,*,#3850,.F.);
#2911=ORIENTED_EDGE('',*,*,#4807,.F.);
#2912=ORIENTED_EDGE('',*,*,#4808,.T.);
#2913=ORIENTED_EDGE('',*,*,#4805,.T.);
#2914=ORIENTED_EDGE('',*,*,#3849,.F.);
#2915=ORIENTED_EDGE('',*,*,#4809,.F.);
#2916=ORIENTED_EDGE('',*,*,#4810,.T.);
#2917=ORIENTED_EDGE('',*,*,#4807,.T.);
#2918=ORIENTED_EDGE('',*,*,#3848,.F.);
#2919=ORIENTED_EDGE('',*,*,#4811,.F.);
#2920=ORIENTED_EDGE('',*,*,#4812,.T.);
#2921=ORIENTED_EDGE('',*,*,#4809,.T.);
#2922=ORIENTED_EDGE('',*,*,#3847,.F.);
#2923=ORIENTED_EDGE('',*,*,#4813,.F.);
#2924=ORIENTED_EDGE('',*,*,#4814,.T.);
#2925=ORIENTED_EDGE('',*,*,#4811,.T.);
#2926=ORIENTED_EDGE('',*,*,#3846,.F.);
#2927=ORIENTED_EDGE('',*,*,#4815,.F.);
#2928=ORIENTED_EDGE('',*,*,#4816,.T.);
#2929=ORIENTED_EDGE('',*,*,#4813,.T.);
#2930=ORIENTED_EDGE('',*,*,#3845,.F.);
#2931=ORIENTED_EDGE('',*,*,#4817,.F.);
#2932=ORIENTED_EDGE('',*,*,#4818,.T.);
#2933=ORIENTED_EDGE('',*,*,#4815,.T.);
#2934=ORIENTED_EDGE('',*,*,#3844,.F.);
#2935=ORIENTED_EDGE('',*,*,#4819,.F.);
#2936=ORIENTED_EDGE('',*,*,#4820,.T.);
#2937=ORIENTED_EDGE('',*,*,#4817,.T.);
#2938=ORIENTED_EDGE('',*,*,#3843,.F.);
#2939=ORIENTED_EDGE('',*,*,#4800,.F.);
#2940=ORIENTED_EDGE('',*,*,#4821,.T.);
#2941=ORIENTED_EDGE('',*,*,#4819,.T.);
#2942=ORIENTED_EDGE('',*,*,#4799,.F.);
#2943=ORIENTED_EDGE('',*,*,#4802,.F.);
#2944=ORIENTED_EDGE('',*,*,#4804,.F.);
#2945=ORIENTED_EDGE('',*,*,#4806,.F.);
#2946=ORIENTED_EDGE('',*,*,#4808,.F.);
#2947=ORIENTED_EDGE('',*,*,#4810,.F.);
#2948=ORIENTED_EDGE('',*,*,#4812,.F.);
#2949=ORIENTED_EDGE('',*,*,#4814,.F.);
#2950=ORIENTED_EDGE('',*,*,#4816,.F.);
#2951=ORIENTED_EDGE('',*,*,#4818,.F.);
#2952=ORIENTED_EDGE('',*,*,#4820,.F.);
#2953=ORIENTED_EDGE('',*,*,#4821,.F.);
#2954=ORIENTED_EDGE('',*,*,#3833,.F.);
#2955=ORIENTED_EDGE('',*,*,#4822,.F.);
#2956=ORIENTED_EDGE('',*,*,#4823,.T.);
#2957=ORIENTED_EDGE('',*,*,#4824,.T.);
#2958=ORIENTED_EDGE('',*,*,#3832,.F.);
#2959=ORIENTED_EDGE('',*,*,#4825,.F.);
#2960=ORIENTED_EDGE('',*,*,#4826,.T.);
#2961=ORIENTED_EDGE('',*,*,#4822,.T.);
#2962=ORIENTED_EDGE('',*,*,#3840,.F.);
#2963=ORIENTED_EDGE('',*,*,#4827,.F.);
#2964=ORIENTED_EDGE('',*,*,#4828,.T.);
#2965=ORIENTED_EDGE('',*,*,#4825,.T.);
#2966=ORIENTED_EDGE('',*,*,#3839,.F.);
#2967=ORIENTED_EDGE('',*,*,#4829,.F.);
#2968=ORIENTED_EDGE('',*,*,#4830,.T.);
#2969=ORIENTED_EDGE('',*,*,#4827,.T.);
#2970=ORIENTED_EDGE('',*,*,#3838,.F.);
#2971=ORIENTED_EDGE('',*,*,#4831,.F.);
#2972=ORIENTED_EDGE('',*,*,#4832,.T.);
#2973=ORIENTED_EDGE('',*,*,#4829,.T.);
#2974=ORIENTED_EDGE('',*,*,#3837,.F.);
#2975=ORIENTED_EDGE('',*,*,#4833,.F.);
#2976=ORIENTED_EDGE('',*,*,#4834,.T.);
#2977=ORIENTED_EDGE('',*,*,#4831,.T.);
#2978=ORIENTED_EDGE('',*,*,#3836,.F.);
#2979=ORIENTED_EDGE('',*,*,#4835,.F.);
#2980=ORIENTED_EDGE('',*,*,#4836,.T.);
#2981=ORIENTED_EDGE('',*,*,#4833,.T.);
#2982=ORIENTED_EDGE('',*,*,#3835,.F.);
#2983=ORIENTED_EDGE('',*,*,#4837,.F.);
#2984=ORIENTED_EDGE('',*,*,#4838,.T.);
#2985=ORIENTED_EDGE('',*,*,#4835,.T.);
#2986=ORIENTED_EDGE('',*,*,#4839,.F.);
#2987=ORIENTED_EDGE('',*,*,#4840,.F.);
#2988=ORIENTED_EDGE('',*,*,#4841,.T.);
#2989=ORIENTED_EDGE('',*,*,#4842,.T.);
#2990=ORIENTED_EDGE('',*,*,#4843,.F.);
#2991=ORIENTED_EDGE('',*,*,#4844,.F.);
#2992=ORIENTED_EDGE('',*,*,#4845,.T.);
#2993=ORIENTED_EDGE('',*,*,#4840,.T.);
#2994=ORIENTED_EDGE('',*,*,#4846,.F.);
#2995=ORIENTED_EDGE('',*,*,#4847,.F.);
#2996=ORIENTED_EDGE('',*,*,#4848,.T.);
#2997=ORIENTED_EDGE('',*,*,#4844,.T.);
#2998=ORIENTED_EDGE('',*,*,#4849,.F.);
#2999=ORIENTED_EDGE('',*,*,#4850,.F.);
#3000=ORIENTED_EDGE('',*,*,#4851,.T.);
#3001=ORIENTED_EDGE('',*,*,#4847,.T.);
#3002=ORIENTED_EDGE('',*,*,#4852,.F.);
#3003=ORIENTED_EDGE('',*,*,#4853,.F.);
#3004=ORIENTED_EDGE('',*,*,#4854,.T.);
#3005=ORIENTED_EDGE('',*,*,#4850,.T.);
#3006=ORIENTED_EDGE('',*,*,#4855,.F.);
#3007=ORIENTED_EDGE('',*,*,#4856,.F.);
#3008=ORIENTED_EDGE('',*,*,#4857,.T.);
#3009=ORIENTED_EDGE('',*,*,#4853,.T.);
#3010=ORIENTED_EDGE('',*,*,#4858,.F.);
#3011=ORIENTED_EDGE('',*,*,#4842,.F.);
#3012=ORIENTED_EDGE('',*,*,#4859,.T.);
#3013=ORIENTED_EDGE('',*,*,#4856,.T.);
#3014=ORIENTED_EDGE('',*,*,#3834,.F.);
#3015=ORIENTED_EDGE('',*,*,#4824,.F.);
#3016=ORIENTED_EDGE('',*,*,#4860,.T.);
#3017=ORIENTED_EDGE('',*,*,#4837,.T.);
#3018=ORIENTED_EDGE('',*,*,#4841,.F.);
#3019=ORIENTED_EDGE('',*,*,#4845,.F.);
#3020=ORIENTED_EDGE('',*,*,#4848,.F.);
#3021=ORIENTED_EDGE('',*,*,#4851,.F.);
#3022=ORIENTED_EDGE('',*,*,#4854,.F.);
#3023=ORIENTED_EDGE('',*,*,#4857,.F.);
#3024=ORIENTED_EDGE('',*,*,#4859,.F.);
#3025=ORIENTED_EDGE('',*,*,#4823,.F.);
#3026=ORIENTED_EDGE('',*,*,#4826,.F.);
#3027=ORIENTED_EDGE('',*,*,#4828,.F.);
#3028=ORIENTED_EDGE('',*,*,#4830,.F.);
#3029=ORIENTED_EDGE('',*,*,#4832,.F.);
#3030=ORIENTED_EDGE('',*,*,#4834,.F.);
#3031=ORIENTED_EDGE('',*,*,#4836,.F.);
#3032=ORIENTED_EDGE('',*,*,#4838,.F.);
#3033=ORIENTED_EDGE('',*,*,#4860,.F.);
#3034=ORIENTED_EDGE('',*,*,#4843,.T.);
#3035=ORIENTED_EDGE('',*,*,#4839,.T.);
#3036=ORIENTED_EDGE('',*,*,#4858,.T.);
#3037=ORIENTED_EDGE('',*,*,#4855,.T.);
#3038=ORIENTED_EDGE('',*,*,#4852,.T.);
#3039=ORIENTED_EDGE('',*,*,#4849,.T.);
#3040=ORIENTED_EDGE('',*,*,#4846,.T.);
#3041=ORIENTED_EDGE('',*,*,#4861,.F.);
#3042=ORIENTED_EDGE('',*,*,#4862,.F.);
#3043=ORIENTED_EDGE('',*,*,#4863,.T.);
#3044=ORIENTED_EDGE('',*,*,#4864,.T.);
#3045=ORIENTED_EDGE('',*,*,#4865,.F.);
#3046=ORIENTED_EDGE('',*,*,#4866,.F.);
#3047=ORIENTED_EDGE('',*,*,#4867,.T.);
#3048=ORIENTED_EDGE('',*,*,#4862,.T.);
#3049=ORIENTED_EDGE('',*,*,#4868,.F.);
#3050=ORIENTED_EDGE('',*,*,#4869,.F.);
#3051=ORIENTED_EDGE('',*,*,#4870,.T.);
#3052=ORIENTED_EDGE('',*,*,#4866,.T.);
#3053=ORIENTED_EDGE('',*,*,#4871,.F.);
#3054=ORIENTED_EDGE('',*,*,#4872,.F.);
#3055=ORIENTED_EDGE('',*,*,#4873,.T.);
#3056=ORIENTED_EDGE('',*,*,#4869,.T.);
#3057=ORIENTED_EDGE('',*,*,#4060,.F.);
#3058=ORIENTED_EDGE('',*,*,#4874,.F.);
#3059=ORIENTED_EDGE('',*,*,#4875,.T.);
#3060=ORIENTED_EDGE('',*,*,#4876,.T.);
#3061=ORIENTED_EDGE('',*,*,#4059,.F.);
#3062=ORIENTED_EDGE('',*,*,#4877,.F.);
#3063=ORIENTED_EDGE('',*,*,#4878,.T.);
#3064=ORIENTED_EDGE('',*,*,#4874,.T.);
#3065=ORIENTED_EDGE('',*,*,#4065,.F.);
#3066=ORIENTED_EDGE('',*,*,#4879,.F.);
#3067=ORIENTED_EDGE('',*,*,#4880,.T.);
#3068=ORIENTED_EDGE('',*,*,#4877,.T.);
#3069=ORIENTED_EDGE('',*,*,#4064,.F.);
#3070=ORIENTED_EDGE('',*,*,#4881,.F.);
#3071=ORIENTED_EDGE('',*,*,#4882,.T.);
#3072=ORIENTED_EDGE('',*,*,#4879,.T.);
#3073=ORIENTED_EDGE('',*,*,#4063,.F.);
#3074=ORIENTED_EDGE('',*,*,#4883,.F.);
#3075=ORIENTED_EDGE('',*,*,#4884,.T.);
#3076=ORIENTED_EDGE('',*,*,#4881,.T.);
#3077=ORIENTED_EDGE('',*,*,#4062,.F.);
#3078=ORIENTED_EDGE('',*,*,#4885,.F.);
#3079=ORIENTED_EDGE('',*,*,#4886,.T.);
#3080=ORIENTED_EDGE('',*,*,#4883,.T.);
#3081=ORIENTED_EDGE('',*,*,#4061,.F.);
#3082=ORIENTED_EDGE('',*,*,#4876,.F.);
#3083=ORIENTED_EDGE('',*,*,#4887,.T.);
#3084=ORIENTED_EDGE('',*,*,#4885,.T.);
#3085=ORIENTED_EDGE('',*,*,#4888,.F.);
#3086=ORIENTED_EDGE('',*,*,#4864,.F.);
#3087=ORIENTED_EDGE('',*,*,#4889,.T.);
#3088=ORIENTED_EDGE('',*,*,#4872,.T.);
#3089=ORIENTED_EDGE('',*,*,#4875,.F.);
#3090=ORIENTED_EDGE('',*,*,#4878,.F.);
#3091=ORIENTED_EDGE('',*,*,#4880,.F.);
#3092=ORIENTED_EDGE('',*,*,#4882,.F.);
#3093=ORIENTED_EDGE('',*,*,#4884,.F.);
#3094=ORIENTED_EDGE('',*,*,#4886,.F.);
#3095=ORIENTED_EDGE('',*,*,#4887,.F.);
#3096=ORIENTED_EDGE('',*,*,#4863,.F.);
#3097=ORIENTED_EDGE('',*,*,#4867,.F.);
#3098=ORIENTED_EDGE('',*,*,#4870,.F.);
#3099=ORIENTED_EDGE('',*,*,#4873,.F.);
#3100=ORIENTED_EDGE('',*,*,#4889,.F.);
#3101=ORIENTED_EDGE('',*,*,#4890,.F.);
#3102=ORIENTED_EDGE('',*,*,#4891,.F.);
#3103=ORIENTED_EDGE('',*,*,#4892,.T.);
#3104=ORIENTED_EDGE('',*,*,#4893,.T.);
#3105=ORIENTED_EDGE('',*,*,#4894,.F.);
#3106=ORIENTED_EDGE('',*,*,#4895,.F.);
#3107=ORIENTED_EDGE('',*,*,#4896,.T.);
#3108=ORIENTED_EDGE('',*,*,#4891,.T.);
#3109=ORIENTED_EDGE('',*,*,#4897,.F.);
#3110=ORIENTED_EDGE('',*,*,#4898,.F.);
#3111=ORIENTED_EDGE('',*,*,#4899,.T.);
#3112=ORIENTED_EDGE('',*,*,#4895,.T.);
#3113=ORIENTED_EDGE('',*,*,#4900,.F.);
#3114=ORIENTED_EDGE('',*,*,#4901,.F.);
#3115=ORIENTED_EDGE('',*,*,#4902,.T.);
#3116=ORIENTED_EDGE('',*,*,#4898,.T.);
#3117=ORIENTED_EDGE('',*,*,#4903,.F.);
#3118=ORIENTED_EDGE('',*,*,#4904,.F.);
#3119=ORIENTED_EDGE('',*,*,#4905,.T.);
#3120=ORIENTED_EDGE('',*,*,#4901,.T.);
#3121=ORIENTED_EDGE('',*,*,#4906,.F.);
#3122=ORIENTED_EDGE('',*,*,#4907,.F.);
#3123=ORIENTED_EDGE('',*,*,#4908,.T.);
#3124=ORIENTED_EDGE('',*,*,#4909,.T.);
#3125=ORIENTED_EDGE('',*,*,#4910,.F.);
#3126=ORIENTED_EDGE('',*,*,#4911,.F.);
#3127=ORIENTED_EDGE('',*,*,#4912,.T.);
#3128=ORIENTED_EDGE('',*,*,#4907,.T.);
#3129=ORIENTED_EDGE('',*,*,#4913,.F.);
#3130=ORIENTED_EDGE('',*,*,#4914,.F.);
#3131=ORIENTED_EDGE('',*,*,#4915,.T.);
#3132=ORIENTED_EDGE('',*,*,#4911,.T.);
#3133=ORIENTED_EDGE('',*,*,#4916,.F.);
#3134=ORIENTED_EDGE('',*,*,#4917,.F.);
#3135=ORIENTED_EDGE('',*,*,#4918,.T.);
#3136=ORIENTED_EDGE('',*,*,#4914,.T.);
#3137=ORIENTED_EDGE('',*,*,#4919,.F.);
#3138=ORIENTED_EDGE('',*,*,#4920,.F.);
#3139=ORIENTED_EDGE('',*,*,#4921,.T.);
#3140=ORIENTED_EDGE('',*,*,#4917,.T.);
#3141=ORIENTED_EDGE('',*,*,#4922,.F.);
#3142=ORIENTED_EDGE('',*,*,#4923,.F.);
#3143=ORIENTED_EDGE('',*,*,#4924,.T.);
#3144=ORIENTED_EDGE('',*,*,#4920,.T.);
#3145=ORIENTED_EDGE('',*,*,#3821,.F.);
#3146=ORIENTED_EDGE('',*,*,#4925,.F.);
#3147=ORIENTED_EDGE('',*,*,#4926,.T.);
#3148=ORIENTED_EDGE('',*,*,#4927,.T.);
#3149=ORIENTED_EDGE('',*,*,#3820,.F.);
#3150=ORIENTED_EDGE('',*,*,#4928,.F.);
#3151=ORIENTED_EDGE('',*,*,#4929,.T.);
#3152=ORIENTED_EDGE('',*,*,#4925,.T.);
#3153=ORIENTED_EDGE('',*,*,#3831,.F.);
#3154=ORIENTED_EDGE('',*,*,#4930,.F.);
#3155=ORIENTED_EDGE('',*,*,#4931,.T.);
#3156=ORIENTED_EDGE('',*,*,#4928,.T.);
#3157=ORIENTED_EDGE('',*,*,#3830,.F.);
#3158=ORIENTED_EDGE('',*,*,#4932,.F.);
#3159=ORIENTED_EDGE('',*,*,#4933,.T.);
#3160=ORIENTED_EDGE('',*,*,#4930,.T.);
#3161=ORIENTED_EDGE('',*,*,#3829,.F.);
#3162=ORIENTED_EDGE('',*,*,#4934,.F.);
#3163=ORIENTED_EDGE('',*,*,#4935,.T.);
#3164=ORIENTED_EDGE('',*,*,#4932,.T.);
#3165=ORIENTED_EDGE('',*,*,#3828,.F.);
#3166=ORIENTED_EDGE('',*,*,#4936,.F.);
#3167=ORIENTED_EDGE('',*,*,#4937,.T.);
#3168=ORIENTED_EDGE('',*,*,#4934,.T.);
#3169=ORIENTED_EDGE('',*,*,#3827,.F.);
#3170=ORIENTED_EDGE('',*,*,#4938,.F.);
#3171=ORIENTED_EDGE('',*,*,#4939,.T.);
#3172=ORIENTED_EDGE('',*,*,#4936,.T.);
#3173=ORIENTED_EDGE('',*,*,#3826,.F.);
#3174=ORIENTED_EDGE('',*,*,#4940,.F.);
#3175=ORIENTED_EDGE('',*,*,#4941,.T.);
#3176=ORIENTED_EDGE('',*,*,#4938,.T.);
#3177=ORIENTED_EDGE('',*,*,#3825,.F.);
#3178=ORIENTED_EDGE('',*,*,#4942,.F.);
#3179=ORIENTED_EDGE('',*,*,#4943,.T.);
#3180=ORIENTED_EDGE('',*,*,#4940,.T.);
#3181=ORIENTED_EDGE('',*,*,#3824,.F.);
#3182=ORIENTED_EDGE('',*,*,#4944,.F.);
#3183=ORIENTED_EDGE('',*,*,#4945,.T.);
#3184=ORIENTED_EDGE('',*,*,#4942,.T.);
#3185=ORIENTED_EDGE('',*,*,#3823,.F.);
#3186=ORIENTED_EDGE('',*,*,#4946,.F.);
#3187=ORIENTED_EDGE('',*,*,#4947,.T.);
#3188=ORIENTED_EDGE('',*,*,#4944,.T.);
#3189=ORIENTED_EDGE('',*,*,#4948,.F.);
#3190=ORIENTED_EDGE('',*,*,#4909,.F.);
#3191=ORIENTED_EDGE('',*,*,#4949,.T.);
#3192=ORIENTED_EDGE('',*,*,#4923,.T.);
#3193=ORIENTED_EDGE('',*,*,#3822,.F.);
#3194=ORIENTED_EDGE('',*,*,#4927,.F.);
#3195=ORIENTED_EDGE('',*,*,#4950,.T.);
#3196=ORIENTED_EDGE('',*,*,#4946,.T.);
#3197=ORIENTED_EDGE('',*,*,#4951,.F.);
#3198=ORIENTED_EDGE('',*,*,#4893,.F.);
#3199=ORIENTED_EDGE('',*,*,#4952,.T.);
#3200=ORIENTED_EDGE('',*,*,#4904,.T.);
#3201=ORIENTED_EDGE('',*,*,#4926,.F.);
#3202=ORIENTED_EDGE('',*,*,#4929,.F.);
#3203=ORIENTED_EDGE('',*,*,#4931,.F.);
#3204=ORIENTED_EDGE('',*,*,#4933,.F.);
#3205=ORIENTED_EDGE('',*,*,#4935,.F.);
#3206=ORIENTED_EDGE('',*,*,#4937,.F.);
#3207=ORIENTED_EDGE('',*,*,#4939,.F.);
#3208=ORIENTED_EDGE('',*,*,#4941,.F.);
#3209=ORIENTED_EDGE('',*,*,#4943,.F.);
#3210=ORIENTED_EDGE('',*,*,#4945,.F.);
#3211=ORIENTED_EDGE('',*,*,#4947,.F.);
#3212=ORIENTED_EDGE('',*,*,#4950,.F.);
#3213=ORIENTED_EDGE('',*,*,#4908,.F.);
#3214=ORIENTED_EDGE('',*,*,#4912,.F.);
#3215=ORIENTED_EDGE('',*,*,#4915,.F.);
#3216=ORIENTED_EDGE('',*,*,#4918,.F.);
#3217=ORIENTED_EDGE('',*,*,#4921,.F.);
#3218=ORIENTED_EDGE('',*,*,#4924,.F.);
#3219=ORIENTED_EDGE('',*,*,#4949,.F.);
#3220=ORIENTED_EDGE('',*,*,#4892,.F.);
#3221=ORIENTED_EDGE('',*,*,#4896,.F.);
#3222=ORIENTED_EDGE('',*,*,#4899,.F.);
#3223=ORIENTED_EDGE('',*,*,#4902,.F.);
#3224=ORIENTED_EDGE('',*,*,#4905,.F.);
#3225=ORIENTED_EDGE('',*,*,#4952,.F.);
#3226=ORIENTED_EDGE('',*,*,#4910,.T.);
#3227=ORIENTED_EDGE('',*,*,#4906,.T.);
#3228=ORIENTED_EDGE('',*,*,#4948,.T.);
#3229=ORIENTED_EDGE('',*,*,#4922,.T.);
#3230=ORIENTED_EDGE('',*,*,#4919,.T.);
#3231=ORIENTED_EDGE('',*,*,#4916,.T.);
#3232=ORIENTED_EDGE('',*,*,#4913,.T.);
#3233=ORIENTED_EDGE('',*,*,#4953,.F.);
#3234=ORIENTED_EDGE('',*,*,#4954,.F.);
#3235=ORIENTED_EDGE('',*,*,#4955,.T.);
#3236=ORIENTED_EDGE('',*,*,#4956,.T.);
#3237=ORIENTED_EDGE('',*,*,#4957,.F.);
#3238=ORIENTED_EDGE('',*,*,#4958,.F.);
#3239=ORIENTED_EDGE('',*,*,#4959,.T.);
#3240=ORIENTED_EDGE('',*,*,#4954,.T.);
#3241=ORIENTED_EDGE('',*,*,#4960,.F.);
#3242=ORIENTED_EDGE('',*,*,#4961,.F.);
#3243=ORIENTED_EDGE('',*,*,#4962,.T.);
#3244=ORIENTED_EDGE('',*,*,#4958,.T.);
#3245=ORIENTED_EDGE('',*,*,#4963,.F.);
#3246=ORIENTED_EDGE('',*,*,#4964,.F.);
#3247=ORIENTED_EDGE('',*,*,#4965,.T.);
#3248=ORIENTED_EDGE('',*,*,#4961,.T.);
#3249=ORIENTED_EDGE('',*,*,#4966,.F.);
#3250=ORIENTED_EDGE('',*,*,#4967,.F.);
#3251=ORIENTED_EDGE('',*,*,#4968,.T.);
#3252=ORIENTED_EDGE('',*,*,#4964,.T.);
#3253=ORIENTED_EDGE('',*,*,#4969,.F.);
#3254=ORIENTED_EDGE('',*,*,#4970,.F.);
#3255=ORIENTED_EDGE('',*,*,#4971,.T.);
#3256=ORIENTED_EDGE('',*,*,#4972,.T.);
#3257=ORIENTED_EDGE('',*,*,#4973,.F.);
#3258=ORIENTED_EDGE('',*,*,#4974,.F.);
#3259=ORIENTED_EDGE('',*,*,#4975,.T.);
#3260=ORIENTED_EDGE('',*,*,#4970,.T.);
#3261=ORIENTED_EDGE('',*,*,#4976,.F.);
#3262=ORIENTED_EDGE('',*,*,#4977,.F.);
#3263=ORIENTED_EDGE('',*,*,#4978,.T.);
#3264=ORIENTED_EDGE('',*,*,#4974,.T.);
#3265=ORIENTED_EDGE('',*,*,#4979,.F.);
#3266=ORIENTED_EDGE('',*,*,#4980,.F.);
#3267=ORIENTED_EDGE('',*,*,#4981,.T.);
#3268=ORIENTED_EDGE('',*,*,#4977,.T.);
#3269=ORIENTED_EDGE('',*,*,#4982,.F.);
#3270=ORIENTED_EDGE('',*,*,#4983,.F.);
#3271=ORIENTED_EDGE('',*,*,#4984,.T.);
#3272=ORIENTED_EDGE('',*,*,#4980,.T.);
#3273=ORIENTED_EDGE('',*,*,#4985,.F.);
#3274=ORIENTED_EDGE('',*,*,#4986,.F.);
#3275=ORIENTED_EDGE('',*,*,#4987,.T.);
#3276=ORIENTED_EDGE('',*,*,#4983,.T.);
#3277=ORIENTED_EDGE('',*,*,#4067,.F.);
#3278=ORIENTED_EDGE('',*,*,#4988,.F.);
#3279=ORIENTED_EDGE('',*,*,#4989,.T.);
#3280=ORIENTED_EDGE('',*,*,#4990,.T.);
#3281=ORIENTED_EDGE('',*,*,#4066,.F.);
#3282=ORIENTED_EDGE('',*,*,#4991,.F.);
#3283=ORIENTED_EDGE('',*,*,#4992,.T.);
#3284=ORIENTED_EDGE('',*,*,#4988,.T.);
#3285=ORIENTED_EDGE('',*,*,#4077,.F.);
#3286=ORIENTED_EDGE('',*,*,#4993,.F.);
#3287=ORIENTED_EDGE('',*,*,#4994,.T.);
#3288=ORIENTED_EDGE('',*,*,#4991,.T.);
#3289=ORIENTED_EDGE('',*,*,#4076,.F.);
#3290=ORIENTED_EDGE('',*,*,#4995,.F.);
#3291=ORIENTED_EDGE('',*,*,#4996,.T.);
#3292=ORIENTED_EDGE('',*,*,#4993,.T.);
#3293=ORIENTED_EDGE('',*,*,#4075,.F.);
#3294=ORIENTED_EDGE('',*,*,#4997,.F.);
#3295=ORIENTED_EDGE('',*,*,#4998,.T.);
#3296=ORIENTED_EDGE('',*,*,#4995,.T.);
#3297=ORIENTED_EDGE('',*,*,#4074,.F.);
#3298=ORIENTED_EDGE('',*,*,#4999,.F.);
#3299=ORIENTED_EDGE('',*,*,#5000,.T.);
#3300=ORIENTED_EDGE('',*,*,#4997,.T.);
#3301=ORIENTED_EDGE('',*,*,#4073,.F.);
#3302=ORIENTED_EDGE('',*,*,#5001,.F.);
#3303=ORIENTED_EDGE('',*,*,#5002,.T.);
#3304=ORIENTED_EDGE('',*,*,#4999,.T.);
#3305=ORIENTED_EDGE('',*,*,#4072,.F.);
#3306=ORIENTED_EDGE('',*,*,#5003,.F.);
#3307=ORIENTED_EDGE('',*,*,#5004,.T.);
#3308=ORIENTED_EDGE('',*,*,#5001,.T.);
#3309=ORIENTED_EDGE('',*,*,#4071,.F.);
#3310=ORIENTED_EDGE('',*,*,#5005,.F.);
#3311=ORIENTED_EDGE('',*,*,#5006,.T.);
#3312=ORIENTED_EDGE('',*,*,#5003,.T.);
#3313=ORIENTED_EDGE('',*,*,#4070,.F.);
#3314=ORIENTED_EDGE('',*,*,#5007,.F.);
#3315=ORIENTED_EDGE('',*,*,#5008,.T.);
#3316=ORIENTED_EDGE('',*,*,#5005,.T.);
#3317=ORIENTED_EDGE('',*,*,#4069,.F.);
#3318=ORIENTED_EDGE('',*,*,#5009,.F.);
#3319=ORIENTED_EDGE('',*,*,#5010,.T.);
#3320=ORIENTED_EDGE('',*,*,#5007,.T.);
#3321=ORIENTED_EDGE('',*,*,#5011,.F.);
#3322=ORIENTED_EDGE('',*,*,#4972,.F.);
#3323=ORIENTED_EDGE('',*,*,#5012,.T.);
#3324=ORIENTED_EDGE('',*,*,#4986,.T.);
#3325=ORIENTED_EDGE('',*,*,#4068,.F.);
#3326=ORIENTED_EDGE('',*,*,#4990,.F.);
#3327=ORIENTED_EDGE('',*,*,#5013,.T.);
#3328=ORIENTED_EDGE('',*,*,#5009,.T.);
#3329=ORIENTED_EDGE('',*,*,#5014,.F.);
#3330=ORIENTED_EDGE('',*,*,#4956,.F.);
#3331=ORIENTED_EDGE('',*,*,#5015,.T.);
#3332=ORIENTED_EDGE('',*,*,#4967,.T.);
#3333=ORIENTED_EDGE('',*,*,#4989,.F.);
#3334=ORIENTED_EDGE('',*,*,#4992,.F.);
#3335=ORIENTED_EDGE('',*,*,#4994,.F.);
#3336=ORIENTED_EDGE('',*,*,#4996,.F.);
#3337=ORIENTED_EDGE('',*,*,#4998,.F.);
#3338=ORIENTED_EDGE('',*,*,#5000,.F.);
#3339=ORIENTED_EDGE('',*,*,#5002,.F.);
#3340=ORIENTED_EDGE('',*,*,#5004,.F.);
#3341=ORIENTED_EDGE('',*,*,#5006,.F.);
#3342=ORIENTED_EDGE('',*,*,#5008,.F.);
#3343=ORIENTED_EDGE('',*,*,#5010,.F.);
#3344=ORIENTED_EDGE('',*,*,#5013,.F.);
#3345=ORIENTED_EDGE('',*,*,#4971,.F.);
#3346=ORIENTED_EDGE('',*,*,#4975,.F.);
#3347=ORIENTED_EDGE('',*,*,#4978,.F.);
#3348=ORIENTED_EDGE('',*,*,#4981,.F.);
#3349=ORIENTED_EDGE('',*,*,#4984,.F.);
#3350=ORIENTED_EDGE('',*,*,#4987,.F.);
#3351=ORIENTED_EDGE('',*,*,#5012,.F.);
#3352=ORIENTED_EDGE('',*,*,#4955,.F.);
#3353=ORIENTED_EDGE('',*,*,#4959,.F.);
#3354=ORIENTED_EDGE('',*,*,#4962,.F.);
#3355=ORIENTED_EDGE('',*,*,#4965,.F.);
#3356=ORIENTED_EDGE('',*,*,#4968,.F.);
#3357=ORIENTED_EDGE('',*,*,#5015,.F.);
#3358=ORIENTED_EDGE('',*,*,#4973,.T.);
#3359=ORIENTED_EDGE('',*,*,#4969,.T.);
#3360=ORIENTED_EDGE('',*,*,#5011,.T.);
#3361=ORIENTED_EDGE('',*,*,#4985,.T.);
#3362=ORIENTED_EDGE('',*,*,#4982,.T.);
#3363=ORIENTED_EDGE('',*,*,#4979,.T.);
#3364=ORIENTED_EDGE('',*,*,#4976,.T.);
#3365=ORIENTED_EDGE('',*,*,#4079,.F.);
#3366=ORIENTED_EDGE('',*,*,#5016,.F.);
#3367=ORIENTED_EDGE('',*,*,#5017,.T.);
#3368=ORIENTED_EDGE('',*,*,#5018,.T.);
#3369=ORIENTED_EDGE('',*,*,#4078,.F.);
#3370=ORIENTED_EDGE('',*,*,#5019,.F.);
#3371=ORIENTED_EDGE('',*,*,#5020,.T.);
#3372=ORIENTED_EDGE('',*,*,#5016,.T.);
#3373=ORIENTED_EDGE('',*,*,#4089,.F.);
#3374=ORIENTED_EDGE('',*,*,#5021,.F.);
#3375=ORIENTED_EDGE('',*,*,#5022,.T.);
#3376=ORIENTED_EDGE('',*,*,#5019,.T.);
#3377=ORIENTED_EDGE('',*,*,#4088,.F.);
#3378=ORIENTED_EDGE('',*,*,#5023,.F.);
#3379=ORIENTED_EDGE('',*,*,#5024,.T.);
#3380=ORIENTED_EDGE('',*,*,#5021,.T.);
#3381=ORIENTED_EDGE('',*,*,#4087,.F.);
#3382=ORIENTED_EDGE('',*,*,#5025,.F.);
#3383=ORIENTED_EDGE('',*,*,#5026,.T.);
#3384=ORIENTED_EDGE('',*,*,#5023,.T.);
#3385=ORIENTED_EDGE('',*,*,#4086,.F.);
#3386=ORIENTED_EDGE('',*,*,#5027,.F.);
#3387=ORIENTED_EDGE('',*,*,#5028,.T.);
#3388=ORIENTED_EDGE('',*,*,#5025,.T.);
#3389=ORIENTED_EDGE('',*,*,#4085,.F.);
#3390=ORIENTED_EDGE('',*,*,#5029,.F.);
#3391=ORIENTED_EDGE('',*,*,#5030,.T.);
#3392=ORIENTED_EDGE('',*,*,#5027,.T.);
#3393=ORIENTED_EDGE('',*,*,#4084,.F.);
#3394=ORIENTED_EDGE('',*,*,#5031,.F.);
#3395=ORIENTED_EDGE('',*,*,#5032,.T.);
#3396=ORIENTED_EDGE('',*,*,#5029,.T.);
#3397=ORIENTED_EDGE('',*,*,#4083,.F.);
#3398=ORIENTED_EDGE('',*,*,#5033,.F.);
#3399=ORIENTED_EDGE('',*,*,#5034,.T.);
#3400=ORIENTED_EDGE('',*,*,#5031,.T.);
#3401=ORIENTED_EDGE('',*,*,#4082,.F.);
#3402=ORIENTED_EDGE('',*,*,#5035,.F.);
#3403=ORIENTED_EDGE('',*,*,#5036,.T.);
#3404=ORIENTED_EDGE('',*,*,#5033,.T.);
#3405=ORIENTED_EDGE('',*,*,#4081,.F.);
#3406=ORIENTED_EDGE('',*,*,#5037,.F.);
#3407=ORIENTED_EDGE('',*,*,#5038,.T.);
#3408=ORIENTED_EDGE('',*,*,#5035,.T.);
#3409=ORIENTED_EDGE('',*,*,#4080,.F.);
#3410=ORIENTED_EDGE('',*,*,#5018,.F.);
#3411=ORIENTED_EDGE('',*,*,#5039,.T.);
#3412=ORIENTED_EDGE('',*,*,#5037,.T.);
#3413=ORIENTED_EDGE('',*,*,#5017,.F.);
#3414=ORIENTED_EDGE('',*,*,#5020,.F.);
#3415=ORIENTED_EDGE('',*,*,#5022,.F.);
#3416=ORIENTED_EDGE('',*,*,#5024,.F.);
#3417=ORIENTED_EDGE('',*,*,#5026,.F.);
#3418=ORIENTED_EDGE('',*,*,#5028,.F.);
#3419=ORIENTED_EDGE('',*,*,#5030,.F.);
#3420=ORIENTED_EDGE('',*,*,#5032,.F.);
#3421=ORIENTED_EDGE('',*,*,#5034,.F.);
#3422=ORIENTED_EDGE('',*,*,#5036,.F.);
#3423=ORIENTED_EDGE('',*,*,#5038,.F.);
#3424=ORIENTED_EDGE('',*,*,#5039,.F.);
#3425=ORIENTED_EDGE('',*,*,#4865,.T.);
#3426=ORIENTED_EDGE('',*,*,#4861,.T.);
#3427=ORIENTED_EDGE('',*,*,#4888,.T.);
#3428=ORIENTED_EDGE('',*,*,#4871,.T.);
#3429=ORIENTED_EDGE('',*,*,#4868,.T.);
#3430=ORIENTED_EDGE('',*,*,#4894,.T.);
#3431=ORIENTED_EDGE('',*,*,#4890,.T.);
#3432=ORIENTED_EDGE('',*,*,#4951,.T.);
#3433=ORIENTED_EDGE('',*,*,#4903,.T.);
#3434=ORIENTED_EDGE('',*,*,#4900,.T.);
#3435=ORIENTED_EDGE('',*,*,#4897,.T.);
#3436=ORIENTED_EDGE('',*,*,#4957,.T.);
#3437=ORIENTED_EDGE('',*,*,#4953,.T.);
#3438=ORIENTED_EDGE('',*,*,#5014,.T.);
#3439=ORIENTED_EDGE('',*,*,#4966,.T.);
#3440=ORIENTED_EDGE('',*,*,#4963,.T.);
#3441=ORIENTED_EDGE('',*,*,#4960,.T.);
#3442=ORIENTED_EDGE('',*,*,#5040,.T.);
#3443=ORIENTED_EDGE('',*,*,#5041,.T.);
#3444=ORIENTED_EDGE('',*,*,#5042,.F.);
#3445=ORIENTED_EDGE('',*,*,#5043,.T.);
#3446=ORIENTED_EDGE('',*,*,#5042,.T.);
#3447=ORIENTED_EDGE('',*,*,#3750,.T.);
#3448=ORIENTED_EDGE('',*,*,#5044,.F.);
#3449=ORIENTED_EDGE('',*,*,#5045,.F.);
#3450=ORIENTED_EDGE('',*,*,#5044,.T.);
#3451=ORIENTED_EDGE('',*,*,#5046,.T.);
#3452=ORIENTED_EDGE('',*,*,#5047,.F.);
#3453=ORIENTED_EDGE('',*,*,#5048,.F.);
#3454=ORIENTED_EDGE('',*,*,#5047,.T.);
#3455=ORIENTED_EDGE('',*,*,#5049,.T.);
#3456=ORIENTED_EDGE('',*,*,#5040,.F.);
#3457=ORIENTED_EDGE('',*,*,#5050,.T.);
#3458=ORIENTED_EDGE('',*,*,#5051,.T.);
#3459=ORIENTED_EDGE('',*,*,#5052,.T.);
#3460=ORIENTED_EDGE('',*,*,#5053,.F.);
#3461=ORIENTED_EDGE('',*,*,#5054,.F.);
#3462=ORIENTED_EDGE('',*,*,#5043,.F.);
#3463=ORIENTED_EDGE('',*,*,#5045,.T.);
#3464=ORIENTED_EDGE('',*,*,#5048,.T.);
#3465=ORIENTED_EDGE('',*,*,#5050,.F.);
#3466=ORIENTED_EDGE('',*,*,#5055,.T.);
#3467=ORIENTED_EDGE('',*,*,#5056,.F.);
#3468=ORIENTED_EDGE('',*,*,#5051,.F.);
#3469=ORIENTED_EDGE('',*,*,#5057,.T.);
#3470=ORIENTED_EDGE('',*,*,#5058,.F.);
#3471=ORIENTED_EDGE('',*,*,#5057,.F.);
#3472=ORIENTED_EDGE('',*,*,#5054,.T.);
#3473=ORIENTED_EDGE('',*,*,#5059,.T.);
#3474=ORIENTED_EDGE('',*,*,#5060,.F.);
#3475=ORIENTED_EDGE('',*,*,#5059,.F.);
#3476=ORIENTED_EDGE('',*,*,#5053,.T.);
#3477=ORIENTED_EDGE('',*,*,#5061,.T.);
#3478=ORIENTED_EDGE('',*,*,#5062,.T.);
#3479=ORIENTED_EDGE('',*,*,#5061,.F.);
#3480=ORIENTED_EDGE('',*,*,#5052,.F.);
#3481=ORIENTED_EDGE('',*,*,#5056,.T.);
#3482=ORIENTED_EDGE('',*,*,#4208,.T.);
#3483=ORIENTED_EDGE('',*,*,#4211,.T.);
#3484=ORIENTED_EDGE('',*,*,#4213,.F.);
#3485=ORIENTED_EDGE('',*,*,#4205,.F.);
#3486=ORIENTED_EDGE('',*,*,#5055,.F.);
#3487=ORIENTED_EDGE('',*,*,#5058,.T.);
#3488=ORIENTED_EDGE('',*,*,#5060,.T.);
#3489=ORIENTED_EDGE('',*,*,#5062,.F.);
#3490=ORIENTED_EDGE('',*,*,#5063,.T.);
#3491=ORIENTED_EDGE('',*,*,#5064,.T.);
#3492=ORIENTED_EDGE('',*,*,#4192,.T.);
#3493=ORIENTED_EDGE('',*,*,#5065,.T.);
#3494=ORIENTED_EDGE('',*,*,#5066,.F.);
#3495=ORIENTED_EDGE('',*,*,#3803,.F.);
#3496=ORIENTED_EDGE('',*,*,#3716,.F.);
#3497=ORIENTED_EDGE('',*,*,#5067,.F.);
#3498=ORIENTED_EDGE('',*,*,#3806,.F.);
#3499=ORIENTED_EDGE('',*,*,#5066,.T.);
#3500=ORIENTED_EDGE('',*,*,#5068,.F.);
#3501=ORIENTED_EDGE('',*,*,#5065,.F.);
#3502=ORIENTED_EDGE('',*,*,#4191,.F.);
#3503=ORIENTED_EDGE('',*,*,#5068,.T.);
#3504=ORIENTED_EDGE('',*,*,#5067,.T.);
#3505=ORIENTED_EDGE('',*,*,#5069,.F.);
#3506=ORIENTED_EDGE('',*,*,#5069,.T.);
#3507=ORIENTED_EDGE('',*,*,#3715,.F.);
#3508=ORIENTED_EDGE('',*,*,#5070,.F.);
#3509=ORIENTED_EDGE('',*,*,#5063,.F.);
#3510=ORIENTED_EDGE('',*,*,#5071,.F.);
#3511=ORIENTED_EDGE('',*,*,#3714,.F.);
#3512=ORIENTED_EDGE('',*,*,#3801,.F.);
#3513=ORIENTED_EDGE('',*,*,#5072,.F.);
#3514=ORIENTED_EDGE('',*,*,#5070,.T.);
#3515=ORIENTED_EDGE('',*,*,#5071,.T.);
#3516=ORIENTED_EDGE('',*,*,#5073,.F.);
#3517=ORIENTED_EDGE('',*,*,#4193,.F.);
#3518=ORIENTED_EDGE('',*,*,#5064,.F.);
#3519=ORIENTED_EDGE('',*,*,#5073,.T.);
#3520=ORIENTED_EDGE('',*,*,#5072,.T.);
#3521=ORIENTED_EDGE('',*,*,#3810,.F.);
#3522=ORIENTED_EDGE('',*,*,#4197,.T.);
#3523=ORIENTED_EDGE('',*,*,#5074,.F.);
#3524=ORIENTED_EDGE('',*,*,#5074,.T.);
#3525=ORIENTED_EDGE('',*,*,#4184,.T.);
#3526=ORIENTED_EDGE('',*,*,#5075,.T.);
#3527=ORIENTED_EDGE('',*,*,#5076,.T.);
#3528=ORIENTED_EDGE('',*,*,#5077,.T.);
#3529=ORIENTED_EDGE('',*,*,#5078,.F.);
#3530=ORIENTED_EDGE('',*,*,#3795,.F.);
#3531=ORIENTED_EDGE('',*,*,#4185,.F.);
#3532=ORIENTED_EDGE('',*,*,#5077,.F.);
#3533=ORIENTED_EDGE('',*,*,#5079,.F.);
#3534=ORIENTED_EDGE('',*,*,#3789,.F.);
#3535=ORIENTED_EDGE('',*,*,#5078,.T.);
#3536=ORIENTED_EDGE('',*,*,#5080,.F.);
#3537=ORIENTED_EDGE('',*,*,#3726,.F.);
#3538=ORIENTED_EDGE('',*,*,#5080,.T.);
#3539=ORIENTED_EDGE('',*,*,#5079,.T.);
#3540=ORIENTED_EDGE('',*,*,#5081,.F.);
#3541=ORIENTED_EDGE('',*,*,#5081,.T.);
#3542=ORIENTED_EDGE('',*,*,#5076,.F.);
#3543=ORIENTED_EDGE('',*,*,#5082,.F.);
#3544=ORIENTED_EDGE('',*,*,#3727,.F.);
#3545=ORIENTED_EDGE('',*,*,#5083,.F.);
#3546=ORIENTED_EDGE('',*,*,#5082,.T.);
#3547=ORIENTED_EDGE('',*,*,#5084,.F.);
#3548=ORIENTED_EDGE('',*,*,#3728,.F.);
#3549=ORIENTED_EDGE('',*,*,#5083,.T.);
#3550=ORIENTED_EDGE('',*,*,#5085,.F.);
#3551=ORIENTED_EDGE('',*,*,#3791,.F.);
#3552=ORIENTED_EDGE('',*,*,#4183,.F.);
#3553=ORIENTED_EDGE('',*,*,#3797,.F.);
#3554=ORIENTED_EDGE('',*,*,#5085,.T.);
#3555=ORIENTED_EDGE('',*,*,#5084,.T.);
#3556=ORIENTED_EDGE('',*,*,#5075,.F.);
#3557=ORIENTED_EDGE('',*,*,#4196,.T.);
#3558=ORIENTED_EDGE('',*,*,#5086,.F.);
#3559=ORIENTED_EDGE('',*,*,#5086,.T.);
#3560=ORIENTED_EDGE('',*,*,#4188,.T.);
#3561=ORIENTED_EDGE('',*,*,#5087,.T.);
#3562=ORIENTED_EDGE('',*,*,#5088,.T.);
#3563=ORIENTED_EDGE('',*,*,#5089,.T.);
#3564=ORIENTED_EDGE('',*,*,#5090,.F.);
#3565=ORIENTED_EDGE('',*,*,#3783,.F.);
#3566=ORIENTED_EDGE('',*,*,#4189,.F.);
#3567=ORIENTED_EDGE('',*,*,#5089,.F.);
#3568=ORIENTED_EDGE('',*,*,#5091,.F.);
#3569=ORIENTED_EDGE('',*,*,#3777,.F.);
#3570=ORIENTED_EDGE('',*,*,#5090,.T.);
#3571=ORIENTED_EDGE('',*,*,#5092,.F.);
#3572=ORIENTED_EDGE('',*,*,#3720,.F.);
#3573=ORIENTED_EDGE('',*,*,#5092,.T.);
#3574=ORIENTED_EDGE('',*,*,#5091,.T.);
#3575=ORIENTED_EDGE('',*,*,#5093,.F.);
#3576=ORIENTED_EDGE('',*,*,#5093,.T.);
#3577=ORIENTED_EDGE('',*,*,#5088,.F.);
#3578=ORIENTED_EDGE('',*,*,#5094,.F.);
#3579=ORIENTED_EDGE('',*,*,#3721,.F.);
#3580=ORIENTED_EDGE('',*,*,#5095,.F.);
#3581=ORIENTED_EDGE('',*,*,#5094,.T.);
#3582=ORIENTED_EDGE('',*,*,#5096,.F.);
#3583=ORIENTED_EDGE('',*,*,#3722,.F.);
#3584=ORIENTED_EDGE('',*,*,#5095,.T.);
#3585=ORIENTED_EDGE('',*,*,#5097,.F.);
#3586=ORIENTED_EDGE('',*,*,#3779,.F.);
#3587=ORIENTED_EDGE('',*,*,#4187,.F.);
#3588=ORIENTED_EDGE('',*,*,#3785,.F.);
#3589=ORIENTED_EDGE('',*,*,#5097,.T.);
#3590=ORIENTED_EDGE('',*,*,#5096,.T.);
#3591=ORIENTED_EDGE('',*,*,#5087,.F.);
#3592=ORIENTED_EDGE('',*,*,#4195,.T.);
#3593=ORIENTED_EDGE('',*,*,#5098,.F.);
#3594=ORIENTED_EDGE('',*,*,#5098,.T.);
#3595=ORIENTED_EDGE('',*,*,#4180,.T.);
#3596=ORIENTED_EDGE('',*,*,#5099,.T.);
#3597=ORIENTED_EDGE('',*,*,#5100,.T.);
#3598=ORIENTED_EDGE('',*,*,#5101,.T.);
#3599=ORIENTED_EDGE('',*,*,#5102,.F.);
#3600=ORIENTED_EDGE('',*,*,#3769,.F.);
#3601=ORIENTED_EDGE('',*,*,#4181,.F.);
#3602=ORIENTED_EDGE('',*,*,#5101,.F.);
#3603=ORIENTED_EDGE('',*,*,#5103,.F.);
#3604=ORIENTED_EDGE('',*,*,#3772,.F.);
#3605=ORIENTED_EDGE('',*,*,#5102,.T.);
#3606=ORIENTED_EDGE('',*,*,#5104,.F.);
#3607=ORIENTED_EDGE('',*,*,#3732,.F.);
#3608=ORIENTED_EDGE('',*,*,#5104,.T.);
#3609=ORIENTED_EDGE('',*,*,#5103,.T.);
#3610=ORIENTED_EDGE('',*,*,#5105,.F.);
#3611=ORIENTED_EDGE('',*,*,#5105,.T.);
#3612=ORIENTED_EDGE('',*,*,#5100,.F.);
#3613=ORIENTED_EDGE('',*,*,#5106,.F.);
#3614=ORIENTED_EDGE('',*,*,#3709,.F.);
#3615=ORIENTED_EDGE('',*,*,#5107,.F.);
#3616=ORIENTED_EDGE('',*,*,#5106,.T.);
#3617=ORIENTED_EDGE('',*,*,#5108,.F.);
#3618=ORIENTED_EDGE('',*,*,#3710,.F.);
#3619=ORIENTED_EDGE('',*,*,#5107,.T.);
#3620=ORIENTED_EDGE('',*,*,#5109,.F.);
#3621=ORIENTED_EDGE('',*,*,#3774,.F.);
#3622=ORIENTED_EDGE('',*,*,#5108,.T.);
#3623=ORIENTED_EDGE('',*,*,#5099,.F.);
#3624=ORIENTED_EDGE('',*,*,#4179,.F.);
#3625=ORIENTED_EDGE('',*,*,#3759,.F.);
#3626=ORIENTED_EDGE('',*,*,#5109,.T.);
#3627=ORIENTED_EDGE('',*,*,#4174,.T.);
#3628=ORIENTED_EDGE('',*,*,#5110,.F.);
#3629=ORIENTED_EDGE('',*,*,#5110,.T.);
#3630=ORIENTED_EDGE('',*,*,#5111,.F.);
#3631=ORIENTED_EDGE('',*,*,#3744,.F.);
#3632=ORIENTED_EDGE('',*,*,#3751,.F.);
#3633=ORIENTED_EDGE('',*,*,#5041,.F.);
#3634=ORIENTED_EDGE('',*,*,#5111,.T.);
#3635=ORIENTED_EDGE('',*,*,#5049,.F.);
#3636=ORIENTED_EDGE('',*,*,#5112,.F.);
#3637=ORIENTED_EDGE('',*,*,#3745,.F.);
#3638=ORIENTED_EDGE('',*,*,#3749,.T.);
#3639=ORIENTED_EDGE('',*,*,#3746,.F.);
#3640=ORIENTED_EDGE('',*,*,#5112,.T.);
#3641=ORIENTED_EDGE('',*,*,#5046,.F.);
#3642=ORIENTED_EDGE('',*,*,#3692,.T.);
#3643=ORIENTED_EDGE('',*,*,#3733,.T.);
#3644=ORIENTED_EDGE('',*,*,#3748,.T.);
#3645=ORIENTED_EDGE('',*,*,#5113,.F.);
#3646=ORIENTED_EDGE('',*,*,#4243,.T.);
#3647=ORIENTED_EDGE('',*,*,#5113,.T.);
#3648=ORIENTED_EDGE('',*,*,#3753,.T.);
#3649=ORIENTED_EDGE('',*,*,#5114,.F.);
#3650=ORIENTED_EDGE('',*,*,#4246,.T.);
#3651=ORIENTED_EDGE('',*,*,#4249,.T.);
#3652=ORIENTED_EDGE('',*,*,#5114,.T.);
#3653=ORIENTED_EDGE('',*,*,#3752,.F.);
#3654=ORIENTED_EDGE('',*,*,#3742,.F.);
#3655=ORIENTED_EDGE('',*,*,#4224,.F.);
#3656=ORIENTED_EDGE('',*,*,#4177,.F.);
#3657=ORIENTED_EDGE('',*,*,#4091,.F.);
#3658=ORIENTED_EDGE('',*,*,#4176,.F.);
#3659=ORIENTED_EDGE('',*,*,#4709,.F.);
#3660=ORIENTED_EDGE('',*,*,#5115,.F.);
#3661=ORIENTED_EDGE('',*,*,#4672,.F.);
#3662=ORIENTED_EDGE('',*,*,#5116,.F.);
#3663=ORIENTED_EDGE('',*,*,#3815,.F.);
#3664=ORIENTED_EDGE('',*,*,#5116,.T.);
#3665=ORIENTED_EDGE('',*,*,#4670,.F.);
#3666=ORIENTED_EDGE('',*,*,#5117,.F.);
#3667=ORIENTED_EDGE('',*,*,#3812,.F.);
#3668=ORIENTED_EDGE('',*,*,#5115,.T.);
#3669=ORIENTED_EDGE('',*,*,#3814,.F.);
#3670=ORIENTED_EDGE('',*,*,#5118,.F.);
#3671=ORIENTED_EDGE('',*,*,#4666,.F.);
#3672=ORIENTED_EDGE('',*,*,#5117,.T.);
#3673=ORIENTED_EDGE('',*,*,#4668,.F.);
#3674=ORIENTED_EDGE('',*,*,#5118,.T.);
#3675=ORIENTED_EDGE('',*,*,#3813,.F.);
#3676=ORIENTED_EDGE('',*,*,#5119,.F.);
#3677=ORIENTED_EDGE('',*,*,#4680,.F.);
#3678=ORIENTED_EDGE('',*,*,#5120,.F.);
#3679=ORIENTED_EDGE('',*,*,#3819,.F.);
#3680=ORIENTED_EDGE('',*,*,#5120,.T.);
#3681=ORIENTED_EDGE('',*,*,#4678,.F.);
#3682=ORIENTED_EDGE('',*,*,#5121,.F.);
#3683=ORIENTED_EDGE('',*,*,#3816,.F.);
#3684=ORIENTED_EDGE('',*,*,#5119,.T.);
#3685=ORIENTED_EDGE('',*,*,#3818,.F.);
#3686=ORIENTED_EDGE('',*,*,#5122,.F.);
#3687=ORIENTED_EDGE('',*,*,#4674,.F.);
#3688=ORIENTED_EDGE('',*,*,#5121,.T.);
#3689=ORIENTED_EDGE('',*,*,#4676,.F.);
#3690=ORIENTED_EDGE('',*,*,#5122,.T.);
#3691=ORIENTED_EDGE('',*,*,#3817,.F.);
#3692=EDGE_CURVE('',#5123,#5124,#6061,.T.);
#3693=EDGE_CURVE('',#5123,#5125,#6062,.T.);
#3694=EDGE_CURVE('',#5126,#5125,#6063,.T.);
#3695=EDGE_CURVE('',#5124,#5126,#6064,.T.);
#3696=EDGE_CURVE('',#5127,#5127,#571,.T.);
#3697=EDGE_CURVE('',#5128,#5128,#572,.T.);
#3698=EDGE_CURVE('',#5129,#5130,#6065,.T.);
#3699=EDGE_CURVE('',#5131,#5129,#573,.F.);
#3700=EDGE_CURVE('',#5131,#5132,#6066,.T.);
#3701=EDGE_CURVE('',#5130,#5132,#574,.F.);
#3702=EDGE_CURVE('',#5133,#5134,#6067,.T.);
#3703=EDGE_CURVE('',#5135,#5133,#575,.F.);
#3704=EDGE_CURVE('',#5135,#5136,#6068,.T.);
#3705=EDGE_CURVE('',#5134,#5136,#576,.F.);
#3706=EDGE_CURVE('',#5137,#5137,#577,.T.);
#3707=EDGE_CURVE('',#5138,#5138,#578,.T.);
#3708=EDGE_CURVE('',#5139,#5139,#579,.T.);
#3709=EDGE_CURVE('',#5140,#5141,#580,.T.);
#3710=EDGE_CURVE('',#5141,#5142,#581,.F.);
#3711=EDGE_CURVE('',#5143,#5142,#6069,.F.);
#3712=EDGE_CURVE('',#5144,#5143,#582,.T.);
#3713=EDGE_CURVE('',#5145,#5144,#6070,.T.);
#3714=EDGE_CURVE('',#5145,#5146,#583,.F.);
#3715=EDGE_CURVE('',#5146,#5147,#584,.T.);
#3716=EDGE_CURVE('',#5147,#5148,#585,.F.);
#3717=EDGE_CURVE('',#5149,#5148,#6071,.T.);
#3718=EDGE_CURVE('',#5150,#5149,#586,.T.);
#3719=EDGE_CURVE('',#5151,#5150,#6072,.T.);
#3720=EDGE_CURVE('',#5151,#5152,#587,.F.);
#3721=EDGE_CURVE('',#5152,#5153,#588,.T.);
#3722=EDGE_CURVE('',#5153,#5154,#589,.F.);
#3723=EDGE_CURVE('',#5155,#5154,#6073,.T.);
#3724=EDGE_CURVE('',#5156,#5155,#590,.T.);
#3725=EDGE_CURVE('',#5157,#5156,#6074,.F.);
#3726=EDGE_CURVE('',#5157,#5158,#591,.F.);
#3727=EDGE_CURVE('',#5158,#5159,#592,.T.);
#3728=EDGE_CURVE('',#5159,#5160,#593,.F.);
#3729=EDGE_CURVE('',#5161,#5160,#6075,.F.);
#3730=EDGE_CURVE('',#5162,#5161,#594,.T.);
#3731=EDGE_CURVE('',#5163,#5162,#6076,.F.);
#3732=EDGE_CURVE('',#5163,#5140,#595,.F.);
#3733=EDGE_CURVE('',#5124,#5164,#6077,.T.);
#3734=EDGE_CURVE('',#5126,#5165,#6078,.T.);
#3735=EDGE_CURVE('',#5166,#5165,#6079,.T.);
#3736=EDGE_CURVE('',#5166,#5167,#6080,.T.);
#3737=EDGE_CURVE('',#5168,#5167,#6081,.T.);
#3738=EDGE_CURVE('',#5169,#5168,#6082,.T.);
#3739=EDGE_CURVE('',#5170,#5169,#6083,.T.);
#3740=EDGE_CURVE('',#5171,#5170,#6084,.T.);
#3741=EDGE_CURVE('',#5171,#5172,#6085,.T.);
#3742=EDGE_CURVE('',#5172,#5173,#6086,.T.);
#3743=EDGE_CURVE('',#5173,#5174,#6087,.F.);
#3744=EDGE_CURVE('',#5174,#5175,#6088,.T.);
#3745=EDGE_CURVE('',#5175,#5176,#6089,.T.);
#3746=EDGE_CURVE('',#5176,#5177,#6090,.F.);
#3747=EDGE_CURVE('',#5177,#5164,#6091,.F.);
#3748=EDGE_CURVE('',#5164,#5178,#596,.F.);
#3749=EDGE_CURVE('',#5179,#5177,#425,.T.);
#3750=EDGE_CURVE('',#5180,#5179,#6092,.T.);
#3751=EDGE_CURVE('',#5180,#5174,#426,.T.);
#3752=EDGE_CURVE('',#5173,#5181,#597,.F.);
#3753=EDGE_CURVE('',#5178,#5181,#6093,.T.);
#3754=EDGE_CURVE('',#5182,#5183,#6094,.T.);
#3755=EDGE_CURVE('',#5183,#5184,#6095,.T.);
#3756=EDGE_CURVE('',#5184,#5185,#6096,.T.);
#3757=EDGE_CURVE('',#5182,#5185,#6097,.T.);
#3758=EDGE_CURVE('',#5186,#5187,#6098,.F.);
#3759=EDGE_CURVE('',#5186,#5188,#6099,.F.);
#3760=EDGE_CURVE('',#5189,#5188,#6100,.T.);
#3761=EDGE_CURVE('',#5190,#5189,#598,.T.);
#3762=EDGE_CURVE('',#5191,#5190,#6101,.T.);
#3763=EDGE_CURVE('',#5187,#5191,#6102,.T.);
#3764=EDGE_CURVE('',#5192,#5193,#6103,.T.);
#3765=EDGE_CURVE('',#5192,#5194,#6104,.T.);
#3766=EDGE_CURVE('',#5194,#5195,#6105,.T.);
#3767=EDGE_CURVE('',#5195,#5193,#6106,.T.);
#3768=EDGE_CURVE('',#5196,#5197,#6107,.T.);
#3769=EDGE_CURVE('',#5196,#5198,#6108,.T.);
#3770=EDGE_CURVE('',#5199,#5198,#6109,.F.);
#3771=EDGE_CURVE('',#5199,#5197,#6110,.T.);
#3772=EDGE_CURVE('',#5198,#5163,#599,.T.);
#3773=EDGE_CURVE('',#5199,#5162,#600,.T.);
#3774=EDGE_CURVE('',#5142,#5186,#601,.T.);
#3775=EDGE_CURVE('',#5187,#5143,#602,.T.);
#3776=EDGE_CURVE('',#5200,#5201,#6111,.T.);
#3777=EDGE_CURVE('',#5201,#5151,#603,.T.);
#3778=EDGE_CURVE('',#5150,#5200,#604,.F.);
#3779=EDGE_CURVE('',#5154,#5202,#605,.T.);
#3780=EDGE_CURVE('',#5202,#5203,#6112,.T.);
#3781=EDGE_CURVE('',#5155,#5203,#606,.F.);
#3782=EDGE_CURVE('',#5204,#5205,#6113,.T.);
#3783=EDGE_CURVE('',#5205,#5201,#6114,.F.);
#3784=EDGE_CURVE('',#5200,#5204,#6115,.T.);
#3785=EDGE_CURVE('',#5202,#5206,#6116,.T.);
#3786=EDGE_CURVE('',#5206,#5207,#6117,.T.);
#3787=EDGE_CURVE('',#5203,#5207,#6118,.T.);
#3788=EDGE_CURVE('',#5208,#5209,#6119,.T.);
#3789=EDGE_CURVE('',#5209,#5157,#607,.T.);
#3790=EDGE_CURVE('',#5156,#5208,#608,.F.);
#3791=EDGE_CURVE('',#5160,#5210,#609,.T.);
#3792=EDGE_CURVE('',#5210,#5211,#6120,.T.);
#3793=EDGE_CURVE('',#5161,#5211,#610,.F.);
#3794=EDGE_CURVE('',#5212,#5213,#6121,.T.);
#3795=EDGE_CURVE('',#5213,#5209,#6122,.F.);
#3796=EDGE_CURVE('',#5208,#5212,#6123,.T.);
#3797=EDGE_CURVE('',#5210,#5214,#6124,.T.);
#3798=EDGE_CURVE('',#5214,#5215,#6125,.T.);
#3799=EDGE_CURVE('',#5211,#5215,#6126,.T.);
#3800=EDGE_CURVE('',#5216,#5217,#6127,.F.);
#3801=EDGE_CURVE('',#5217,#5145,#611,.T.);
#3802=EDGE_CURVE('',#5216,#5144,#612,.T.);
#3803=EDGE_CURVE('',#5148,#5218,#613,.T.);
#3804=EDGE_CURVE('',#5218,#5219,#6128,.F.);
#3805=EDGE_CURVE('',#5219,#5149,#614,.T.);
#3806=EDGE_CURVE('',#5218,#5220,#6129,.F.);
#3807=EDGE_CURVE('',#5221,#5220,#6130,.T.);
#3808=EDGE_CURVE('',#5219,#5221,#6131,.T.);
#3809=EDGE_CURVE('',#5222,#5223,#6132,.T.);
#3810=EDGE_CURVE('',#5222,#5217,#6133,.T.);
#3811=EDGE_CURVE('',#5216,#5223,#6134,.T.);
#3812=EDGE_CURVE('',#5224,#5225,#6135,.F.);
#3813=EDGE_CURVE('',#5225,#5226,#615,.F.);
#3814=EDGE_CURVE('',#5226,#5227,#6136,.T.);
#3815=EDGE_CURVE('',#5227,#5224,#616,.F.);
#3816=EDGE_CURVE('',#5228,#5229,#6137,.F.);
#3817=EDGE_CURVE('',#5229,#5230,#617,.F.);
#3818=EDGE_CURVE('',#5230,#5231,#6138,.T.);
#3819=EDGE_CURVE('',#5231,#5228,#618,.F.);
#3820=EDGE_CURVE('',#5232,#5233,#6139,.T.);
#3821=EDGE_CURVE('',#5233,#5234,#6140,.T.);
#3822=EDGE_CURVE('',#5234,#5235,#169,.T.);
#3823=EDGE_CURVE('',#5235,#5236,#170,.T.);
#3824=EDGE_CURVE('',#5236,#5237,#171,.T.);
#3825=EDGE_CURVE('',#5237,#5238,#619,.F.);
#3826=EDGE_CURVE('',#5238,#5239,#6141,.T.);
#3827=EDGE_CURVE('',#5239,#5240,#172,.T.);
#3828=EDGE_CURVE('',#5240,#5241,#173,.T.);
#3829=EDGE_CURVE('',#5241,#5242,#174,.T.);
#3830=EDGE_CURVE('',#5242,#5243,#175,.T.);
#3831=EDGE_CURVE('',#5243,#5232,#6142,.T.);
#3832=EDGE_CURVE('',#5244,#5245,#176,.T.);
#3833=EDGE_CURVE('',#5245,#5246,#177,.T.);
#3834=EDGE_CURVE('',#5246,#5247,#178,.T.);
#3835=EDGE_CURVE('',#5247,#5248,#6143,.T.);
#3836=EDGE_CURVE('',#5248,#5249,#6144,.T.);
#3837=EDGE_CURVE('',#5249,#5250,#6145,.T.);
#3838=EDGE_CURVE('',#5250,#5251,#6146,.T.);
#3839=EDGE_CURVE('',#5251,#5252,#6147,.T.);
#3840=EDGE_CURVE('',#5252,#5244,#179,.T.);
#3841=EDGE_CURVE('',#5253,#5254,#6148,.T.);
#3842=EDGE_CURVE('',#5254,#5255,#6149,.T.);
#3843=EDGE_CURVE('',#5255,#5256,#6150,.T.);
#3844=EDGE_CURVE('',#5256,#5257,#6151,.T.);
#3845=EDGE_CURVE('',#5257,#5258,#6152,.T.);
#3846=EDGE_CURVE('',#5258,#5259,#6153,.T.);
#3847=EDGE_CURVE('',#5259,#5260,#6154,.T.);
#3848=EDGE_CURVE('',#5260,#5261,#6155,.T.);
#3849=EDGE_CURVE('',#5261,#5262,#6156,.T.);
#3850=EDGE_CURVE('',#5262,#5263,#6157,.T.);
#3851=EDGE_CURVE('',#5263,#5264,#6158,.T.);
#3852=EDGE_CURVE('',#5264,#5253,#6159,.T.);
#3853=EDGE_CURVE('',#5265,#5266,#6160,.T.);
#3854=EDGE_CURVE('',#5266,#5267,#6161,.T.);
#3855=EDGE_CURVE('',#5267,#5268,#6162,.T.);
#3856=EDGE_CURVE('',#5268,#5269,#6163,.T.);
#3857=EDGE_CURVE('',#5269,#5270,#6164,.T.);
#3858=EDGE_CURVE('',#5270,#5271,#6165,.T.);
#3859=EDGE_CURVE('',#5271,#5272,#6166,.T.);
#3860=EDGE_CURVE('',#5272,#5273,#6167,.T.);
#3861=EDGE_CURVE('',#5273,#5274,#6168,.T.);
#3862=EDGE_CURVE('',#5274,#5275,#6169,.T.);
#3863=EDGE_CURVE('',#5275,#5276,#6170,.T.);
#3864=EDGE_CURVE('',#5276,#5265,#6171,.T.);
#3865=EDGE_CURVE('',#5277,#5278,#180,.T.);
#3866=EDGE_CURVE('',#5278,#5279,#181,.T.);
#3867=EDGE_CURVE('',#5279,#5280,#182,.T.);
#3868=EDGE_CURVE('',#5280,#5281,#183,.T.);
#3869=EDGE_CURVE('',#5281,#5282,#6172,.T.);
#3870=EDGE_CURVE('',#5282,#5283,#184,.T.);
#3871=EDGE_CURVE('',#5283,#5284,#620,.T.);
#3872=EDGE_CURVE('',#5284,#5285,#185,.T.);
#3873=EDGE_CURVE('',#5285,#5286,#186,.T.);
#3874=EDGE_CURVE('',#5286,#5287,#621,.T.);
#3875=EDGE_CURVE('',#5287,#5288,#622,.T.);
#3876=EDGE_CURVE('',#5288,#5289,#187,.T.);
#3877=EDGE_CURVE('',#5289,#5290,#188,.T.);
#3878=EDGE_CURVE('',#5290,#5291,#623,.F.);
#3879=EDGE_CURVE('',#5291,#5292,#624,.F.);
#3880=EDGE_CURVE('',#5292,#5293,#189,.T.);
#3881=EDGE_CURVE('',#5293,#5294,#190,.T.);
#3882=EDGE_CURVE('',#5294,#5295,#625,.F.);
#3883=EDGE_CURVE('',#5295,#5296,#626,.F.);
#3884=EDGE_CURVE('',#5296,#5297,#6173,.T.);
#3885=EDGE_CURVE('',#5297,#5298,#627,.T.);
#3886=EDGE_CURVE('',#5298,#5299,#628,.T.);
#3887=EDGE_CURVE('',#5299,#5300,#191,.T.);
#3888=EDGE_CURVE('',#5300,#5301,#629,.T.);
#3889=EDGE_CURVE('',#5301,#5302,#630,.T.);
#3890=EDGE_CURVE('',#5302,#5303,#631,.T.);
#3891=EDGE_CURVE('',#5303,#5304,#192,.T.);
#3892=EDGE_CURVE('',#5304,#5277,#193,.T.);
#3893=EDGE_CURVE('',#5305,#5306,#6174,.T.);
#3894=EDGE_CURVE('',#5306,#5307,#6175,.T.);
#3895=EDGE_CURVE('',#5307,#5308,#6176,.T.);
#3896=EDGE_CURVE('',#5308,#5305,#6177,.T.);
#3897=EDGE_CURVE('',#5309,#5310,#6178,.T.);
#3898=EDGE_CURVE('',#5310,#5311,#6179,.T.);
#3899=EDGE_CURVE('',#5311,#5312,#6180,.T.);
#3900=EDGE_CURVE('',#5312,#5313,#6181,.T.);
#3901=EDGE_CURVE('',#5313,#5314,#6182,.T.);
#3902=EDGE_CURVE('',#5314,#5315,#6183,.T.);
#3903=EDGE_CURVE('',#5315,#5316,#6184,.T.);
#3904=EDGE_CURVE('',#5316,#5309,#6185,.T.);
#3905=EDGE_CURVE('',#5317,#5318,#632,.T.);
#3906=EDGE_CURVE('',#5318,#5319,#194,.T.);
#3907=EDGE_CURVE('',#5319,#5320,#195,.T.);
#3908=EDGE_CURVE('',#5320,#5321,#196,.T.);
#3909=EDGE_CURVE('',#5321,#5322,#197,.T.);
#3910=EDGE_CURVE('',#5322,#5323,#6186,.T.);
#3911=EDGE_CURVE('',#5323,#5324,#633,.F.);
#3912=EDGE_CURVE('',#5324,#5325,#198,.T.);
#3913=EDGE_CURVE('',#5325,#5326,#199,.T.);
#3914=EDGE_CURVE('',#5326,#5327,#200,.T.);
#3915=EDGE_CURVE('',#5327,#5328,#634,.F.);
#3916=EDGE_CURVE('',#5328,#5329,#201,.T.);
#3917=EDGE_CURVE('',#5329,#5330,#202,.T.);
#3918=EDGE_CURVE('',#5330,#5331,#6187,.T.);
#3919=EDGE_CURVE('',#5331,#5317,#635,.T.);
#3920=EDGE_CURVE('',#5332,#5333,#6188,.T.);
#3921=EDGE_CURVE('',#5333,#5334,#6189,.T.);
#3922=EDGE_CURVE('',#5334,#5335,#6190,.T.);
#3923=EDGE_CURVE('',#5335,#5336,#6191,.T.);
#3924=EDGE_CURVE('',#5336,#5337,#6192,.T.);
#3925=EDGE_CURVE('',#5337,#5338,#6193,.T.);
#3926=EDGE_CURVE('',#5338,#5339,#6194,.T.);
#3927=EDGE_CURVE('',#5339,#5340,#6195,.T.);
#3928=EDGE_CURVE('',#5340,#5341,#6196,.T.);
#3929=EDGE_CURVE('',#5341,#5342,#6197,.T.);
#3930=EDGE_CURVE('',#5342,#5343,#6198,.T.);
#3931=EDGE_CURVE('',#5343,#5332,#6199,.T.);
#3932=EDGE_CURVE('',#5344,#5345,#6200,.T.);
#3933=EDGE_CURVE('',#5345,#5346,#6201,.T.);
#3934=EDGE_CURVE('',#5346,#5347,#6202,.T.);
#3935=EDGE_CURVE('',#5347,#5348,#6203,.T.);
#3936=EDGE_CURVE('',#5348,#5349,#6204,.T.);
#3937=EDGE_CURVE('',#5349,#5344,#6205,.T.);
#3938=EDGE_CURVE('',#5350,#5351,#203,.T.);
#3939=EDGE_CURVE('',#5351,#5352,#204,.T.);
#3940=EDGE_CURVE('',#5352,#5353,#205,.T.);
#3941=EDGE_CURVE('',#5353,#5354,#206,.T.);
#3942=EDGE_CURVE('',#5354,#5355,#6206,.T.);
#3943=EDGE_CURVE('',#5355,#5356,#207,.T.);
#3944=EDGE_CURVE('',#5356,#5357,#636,.T.);
#3945=EDGE_CURVE('',#5357,#5358,#208,.T.);
#3946=EDGE_CURVE('',#5358,#5359,#209,.T.);
#3947=EDGE_CURVE('',#5359,#5360,#637,.T.);
#3948=EDGE_CURVE('',#5360,#5361,#638,.T.);
#3949=EDGE_CURVE('',#5361,#5362,#210,.T.);
#3950=EDGE_CURVE('',#5362,#5363,#211,.T.);
#3951=EDGE_CURVE('',#5363,#5364,#639,.F.);
#3952=EDGE_CURVE('',#5364,#5365,#640,.F.);
#3953=EDGE_CURVE('',#5365,#5366,#212,.T.);
#3954=EDGE_CURVE('',#5366,#5367,#213,.T.);
#3955=EDGE_CURVE('',#5367,#5368,#641,.F.);
#3956=EDGE_CURVE('',#5368,#5369,#642,.F.);
#3957=EDGE_CURVE('',#5369,#5370,#6207,.T.);
#3958=EDGE_CURVE('',#5370,#5371,#643,.T.);
#3959=EDGE_CURVE('',#5371,#5372,#644,.T.);
#3960=EDGE_CURVE('',#5372,#5373,#214,.T.);
#3961=EDGE_CURVE('',#5373,#5374,#645,.T.);
#3962=EDGE_CURVE('',#5374,#5375,#646,.T.);
#3963=EDGE_CURVE('',#5375,#5376,#647,.T.);
#3964=EDGE_CURVE('',#5376,#5377,#215,.T.);
#3965=EDGE_CURVE('',#5377,#5350,#216,.T.);
#3966=EDGE_CURVE('',#5378,#5379,#6208,.T.);
#3967=EDGE_CURVE('',#5379,#5380,#6209,.T.);
#3968=EDGE_CURVE('',#5380,#5381,#6210,.T.);
#3969=EDGE_CURVE('',#5381,#5382,#6211,.T.);
#3970=EDGE_CURVE('',#5382,#5383,#6212,.T.);
#3971=EDGE_CURVE('',#5383,#5384,#6213,.T.);
#3972=EDGE_CURVE('',#5384,#5385,#6214,.T.);
#3973=EDGE_CURVE('',#5385,#5386,#6215,.T.);
#3974=EDGE_CURVE('',#5386,#5387,#6216,.T.);
#3975=EDGE_CURVE('',#5387,#5388,#6217,.T.);
#3976=EDGE_CURVE('',#5388,#5389,#6218,.T.);
#3977=EDGE_CURVE('',#5389,#5378,#6219,.T.);
#3978=EDGE_CURVE('',#5390,#5391,#6220,.T.);
#3979=EDGE_CURVE('',#5391,#5392,#6221,.T.);
#3980=EDGE_CURVE('',#5392,#5393,#6222,.T.);
#3981=EDGE_CURVE('',#5393,#5394,#6223,.T.);
#3982=EDGE_CURVE('',#5394,#5395,#6224,.T.);
#3983=EDGE_CURVE('',#5395,#5396,#6225,.T.);
#3984=EDGE_CURVE('',#5396,#5397,#6226,.T.);
#3985=EDGE_CURVE('',#5397,#5390,#6227,.T.);
#3986=EDGE_CURVE('',#5398,#5399,#6228,.T.);
#3987=EDGE_CURVE('',#5399,#5400,#6229,.T.);
#3988=EDGE_CURVE('',#5400,#5401,#6230,.T.);
#3989=EDGE_CURVE('',#5401,#5402,#6231,.T.);
#3990=EDGE_CURVE('',#5402,#5403,#6232,.T.);
#3991=EDGE_CURVE('',#5403,#5404,#6233,.T.);
#3992=EDGE_CURVE('',#5404,#5405,#6234,.T.);
#3993=EDGE_CURVE('',#5405,#5398,#6235,.T.);
#3994=EDGE_CURVE('',#5406,#5407,#6236,.T.);
#3995=EDGE_CURVE('',#5407,#5408,#6237,.T.);
#3996=EDGE_CURVE('',#5408,#5409,#6238,.T.);
#3997=EDGE_CURVE('',#5409,#5410,#6239,.T.);
#3998=EDGE_CURVE('',#5410,#5411,#6240,.T.);
#3999=EDGE_CURVE('',#5411,#5412,#6241,.T.);
#4000=EDGE_CURVE('',#5412,#5413,#6242,.T.);
#4001=EDGE_CURVE('',#5413,#5406,#6243,.T.);
#4002=EDGE_CURVE('',#5414,#5414,#648,.F.);
#4003=EDGE_CURVE('',#5415,#5415,#649,.F.);
#4004=EDGE_CURVE('',#5416,#5417,#6244,.F.);
#4005=EDGE_CURVE('',#5417,#5418,#6245,.F.);
#4006=EDGE_CURVE('',#5418,#5419,#6246,.T.);
#4007=EDGE_CURVE('',#5419,#5416,#6247,.T.);
#4008=EDGE_CURVE('',#5420,#5421,#6248,.F.);
#4009=EDGE_CURVE('',#5421,#5422,#650,.T.);
#4010=EDGE_CURVE('',#5422,#5423,#6249,.T.);
#4011=EDGE_CURVE('',#5423,#5424,#651,.T.);
#4012=EDGE_CURVE('',#5424,#5425,#6250,.T.);
#4013=EDGE_CURVE('',#5425,#5426,#652,.T.);
#4014=EDGE_CURVE('',#5426,#5427,#6251,.F.);
#4015=EDGE_CURVE('',#5427,#5420,#653,.T.);
#4016=EDGE_CURVE('',#5428,#5429,#217,.T.);
#4017=EDGE_CURVE('',#5429,#5430,#218,.T.);
#4018=EDGE_CURVE('',#5430,#5431,#219,.T.);
#4019=EDGE_CURVE('',#5431,#5432,#220,.T.);
#4020=EDGE_CURVE('',#5432,#5433,#6252,.T.);
#4021=EDGE_CURVE('',#5433,#5434,#221,.T.);
#4022=EDGE_CURVE('',#5434,#5435,#654,.T.);
#4023=EDGE_CURVE('',#5435,#5436,#222,.T.);
#4024=EDGE_CURVE('',#5436,#5437,#223,.T.);
#4025=EDGE_CURVE('',#5437,#5438,#655,.T.);
#4026=EDGE_CURVE('',#5438,#5439,#656,.T.);
#4027=EDGE_CURVE('',#5439,#5440,#224,.T.);
#4028=EDGE_CURVE('',#5440,#5441,#225,.T.);
#4029=EDGE_CURVE('',#5441,#5442,#657,.F.);
#4030=EDGE_CURVE('',#5442,#5443,#658,.F.);
#4031=EDGE_CURVE('',#5443,#5444,#226,.T.);
#4032=EDGE_CURVE('',#5444,#5445,#227,.T.);
#4033=EDGE_CURVE('',#5445,#5446,#659,.F.);
#4034=EDGE_CURVE('',#5446,#5447,#660,.F.);
#4035=EDGE_CURVE('',#5447,#5448,#6253,.T.);
#4036=EDGE_CURVE('',#5448,#5449,#661,.T.);
#4037=EDGE_CURVE('',#5449,#5450,#662,.T.);
#4038=EDGE_CURVE('',#5450,#5451,#228,.T.);
#4039=EDGE_CURVE('',#5451,#5452,#663,.T.);
#4040=EDGE_CURVE('',#5452,#5453,#664,.T.);
#4041=EDGE_CURVE('',#5453,#5454,#665,.T.);
#4042=EDGE_CURVE('',#5454,#5455,#229,.T.);
#4043=EDGE_CURVE('',#5455,#5428,#230,.T.);
#4044=EDGE_CURVE('',#5456,#5457,#6254,.T.);
#4045=EDGE_CURVE('',#5457,#5458,#6255,.T.);
#4046=EDGE_CURVE('',#5458,#5459,#6256,.T.);
#4047=EDGE_CURVE('',#5459,#5460,#6257,.T.);
#4048=EDGE_CURVE('',#5460,#5461,#6258,.T.);
#4049=EDGE_CURVE('',#5461,#5462,#231,.T.);
#4050=EDGE_CURVE('',#5462,#5463,#232,.T.);
#4051=EDGE_CURVE('',#5463,#5464,#666,.F.);
#4052=EDGE_CURVE('',#5464,#5465,#233,.T.);
#4053=EDGE_CURVE('',#5465,#5466,#667,.T.);
#4054=EDGE_CURVE('',#5466,#5467,#6259,.T.);
#4055=EDGE_CURVE('',#5467,#5456,#6260,.T.);
#4056=EDGE_CURVE('',#5468,#5468,#668,.T.);
#4057=EDGE_CURVE('',#5469,#5469,#669,.T.);
#4058=EDGE_CURVE('',#5470,#5470,#670,.T.);
#4059=EDGE_CURVE('',#5471,#5472,#234,.T.);
#4060=EDGE_CURVE('',#5472,#5473,#235,.T.);
#4061=EDGE_CURVE('',#5473,#5474,#236,.T.);
#4062=EDGE_CURVE('',#5474,#5475,#6261,.T.);
#4063=EDGE_CURVE('',#5475,#5476,#6262,.T.);
#4064=EDGE_CURVE('',#5476,#5477,#6263,.T.);
#4065=EDGE_CURVE('',#5477,#5471,#237,.T.);
#4066=EDGE_CURVE('',#5478,#5479,#6264,.T.);
#4067=EDGE_CURVE('',#5479,#5480,#6265,.T.);
#4068=EDGE_CURVE('',#5480,#5481,#238,.T.);
#4069=EDGE_CURVE('',#5481,#5482,#239,.T.);
#4070=EDGE_CURVE('',#5482,#5483,#240,.T.);
#4071=EDGE_CURVE('',#5483,#5484,#671,.F.);
#4072=EDGE_CURVE('',#5484,#5485,#6266,.T.);
#4073=EDGE_CURVE('',#5485,#5486,#241,.T.);
#4074=EDGE_CURVE('',#5486,#5487,#242,.T.);
#4075=EDGE_CURVE('',#5487,#5488,#243,.T.);
#4076=EDGE_CURVE('',#5488,#5489,#244,.T.);
#4077=EDGE_CURVE('',#5489,#5478,#6267,.T.);
#4078=EDGE_CURVE('',#5490,#5491,#6268,.T.);
#4079=EDGE_CURVE('',#5491,#5492,#6269,.T.);
#4080=EDGE_CURVE('',#5492,#5493,#6270,.T.);
#4081=EDGE_CURVE('',#5493,#5494,#6271,.T.);
#4082=EDGE_CURVE('',#5494,#5495,#6272,.T.);
#4083=EDGE_CURVE('',#5495,#5496,#6273,.T.);
#4084=EDGE_CURVE('',#5496,#5497,#6274,.T.);
#4085=EDGE_CURVE('',#5497,#5498,#6275,.T.);
#4086=EDGE_CURVE('',#5498,#5499,#6276,.T.);
#4087=EDGE_CURVE('',#5499,#5500,#6277,.T.);
#4088=EDGE_CURVE('',#5500,#5501,#6278,.T.);
#4089=EDGE_CURVE('',#5501,#5490,#6279,.T.);
#4090=EDGE_CURVE('',#5502,#5503,#6280,.T.);
#4091=EDGE_CURVE('',#5503,#5504,#672,.T.);
#4092=EDGE_CURVE('',#5504,#5505,#6281,.T.);
#4093=EDGE_CURVE('',#5506,#5505,#6282,.T.);
#4094=EDGE_CURVE('',#5506,#5507,#6283,.T.);
#4095=EDGE_CURVE('',#5507,#5508,#6284,.T.);
#4096=EDGE_CURVE('',#5508,#5509,#6285,.F.);
#4097=EDGE_CURVE('',#5510,#5509,#6286,.T.);
#4098=EDGE_CURVE('',#5510,#5511,#6287,.F.);
#4099=EDGE_CURVE('',#5511,#5512,#6288,.T.);
#4100=EDGE_CURVE('',#5512,#5513,#6289,.T.);
#4101=EDGE_CURVE('',#5513,#5514,#6290,.F.);
#4102=EDGE_CURVE('',#5514,#5515,#6291,.F.);
#4103=EDGE_CURVE('',#5515,#5502,#6292,.T.);
#4104=EDGE_CURVE('',#5516,#5517,#6293,.T.);
#4105=EDGE_CURVE('',#5517,#5518,#6294,.T.);
#4106=EDGE_CURVE('',#5518,#5519,#245,.T.);
#4107=EDGE_CURVE('',#5519,#5520,#246,.T.);
#4108=EDGE_CURVE('',#5520,#5521,#247,.T.);
#4109=EDGE_CURVE('',#5521,#5522,#673,.F.);
#4110=EDGE_CURVE('',#5522,#5523,#6295,.T.);
#4111=EDGE_CURVE('',#5523,#5524,#248,.T.);
#4112=EDGE_CURVE('',#5524,#5525,#249,.T.);
#4113=EDGE_CURVE('',#5525,#5526,#250,.T.);
#4114=EDGE_CURVE('',#5526,#5527,#251,.T.);
#4115=EDGE_CURVE('',#5527,#5516,#6296,.T.);
#4116=EDGE_CURVE('',#5528,#5528,#674,.F.);
#4117=EDGE_CURVE('',#5529,#5529,#675,.F.);
#4118=EDGE_CURVE('',#5530,#5530,#676,.T.);
#4119=EDGE_CURVE('',#5531,#5532,#6297,.T.);
#4120=EDGE_CURVE('',#5532,#5533,#6298,.T.);
#4121=EDGE_CURVE('',#5533,#5534,#6299,.T.);
#4122=EDGE_CURVE('',#5534,#5535,#6300,.T.);
#4123=EDGE_CURVE('',#5535,#5536,#6301,.T.);
#4124=EDGE_CURVE('',#5536,#5537,#6302,.T.);
#4125=EDGE_CURVE('',#5537,#5538,#6303,.T.);
#4126=EDGE_CURVE('',#5538,#5531,#6304,.T.);
#4127=EDGE_CURVE('',#5539,#5540,#6305,.F.);
#4128=EDGE_CURVE('',#5540,#5541,#6306,.T.);
#4129=EDGE_CURVE('',#5541,#5542,#6307,.T.);
#4130=EDGE_CURVE('',#5542,#5543,#6308,.T.);
#4131=EDGE_CURVE('',#5543,#5544,#6309,.T.);
#4132=EDGE_CURVE('',#5544,#5545,#6310,.F.);
#4133=EDGE_CURVE('',#5545,#5546,#6311,.T.);
#4134=EDGE_CURVE('',#5546,#5547,#6312,.F.);
#4135=EDGE_CURVE('',#5547,#5548,#6313,.F.);
#4136=EDGE_CURVE('',#5548,#5549,#6314,.F.);
#4137=EDGE_CURVE('',#5549,#5550,#6315,.F.);
#4138=EDGE_CURVE('',#5550,#5539,#6316,.T.);
#4139=EDGE_CURVE('',#5551,#5551,#677,.T.);
#4140=EDGE_CURVE('',#5510,#5425,#678,.T.);
#4141=EDGE_CURVE('',#5511,#5424,#679,.T.);
#4142=EDGE_CURVE('',#5552,#5510,#680,.F.);
#4143=EDGE_CURVE('',#5426,#5552,#681,.T.);
#4144=EDGE_CURVE('',#5553,#5552,#6317,.T.);
#4145=EDGE_CURVE('',#5427,#5553,#682,.T.);
#4146=EDGE_CURVE('',#5554,#5553,#683,.F.);
#4147=EDGE_CURVE('',#5420,#5554,#684,.T.);
#4148=EDGE_CURVE('',#5555,#5554,#6318,.T.);
#4149=EDGE_CURVE('',#5421,#5555,#685,.T.);
#4150=EDGE_CURVE('',#5556,#5555,#686,.F.);
#4151=EDGE_CURVE('',#5556,#5422,#687,.T.);
#4152=EDGE_CURVE('',#5557,#5423,#688,.T.);
#4153=EDGE_CURVE('',#5557,#5556,#6319,.F.);
#4154=EDGE_CURVE('',#5511,#5557,#689,.F.);
#4155=EDGE_CURVE('',#5558,#5559,#6320,.F.);
#4156=EDGE_CURVE('',#5559,#5512,#690,.F.);
#4157=EDGE_CURVE('',#5557,#5560,#6321,.T.);
#4158=EDGE_CURVE('',#5560,#5502,#691,.T.);
#4159=EDGE_CURVE('',#5515,#5558,#692,.T.);
#4160=EDGE_CURVE('',#5556,#5561,#6322,.T.);
#4161=EDGE_CURVE('',#5561,#5560,#6323,.T.);
#4162=EDGE_CURVE('',#5555,#5562,#6324,.T.);
#4163=EDGE_CURVE('',#5562,#5561,#693,.T.);
#4164=EDGE_CURVE('',#5562,#5563,#6325,.T.);
#4165=EDGE_CURVE('',#5554,#5563,#6326,.T.);
#4166=EDGE_CURVE('',#5553,#5564,#6327,.T.);
#4167=EDGE_CURVE('',#5564,#5563,#694,.T.);
#4168=EDGE_CURVE('',#5564,#5565,#6328,.T.);
#4169=EDGE_CURVE('',#5552,#5565,#6329,.T.);
#4170=EDGE_CURVE('',#5509,#5566,#695,.T.);
#4171=EDGE_CURVE('',#5566,#5567,#6330,.T.);
#4172=EDGE_CURVE('',#5567,#5506,#696,.F.);
#4173=EDGE_CURVE('',#5505,#5565,#697,.T.);
#4174=EDGE_CURVE('',#5568,#5568,#698,.T.);
#4175=EDGE_CURVE('',#5190,#5569,#6331,.T.);
#4176=EDGE_CURVE('',#5569,#5503,#699,.F.);
#4177=EDGE_CURVE('',#5504,#5570,#700,.F.);
#4178=EDGE_CURVE('',#5189,#5570,#6332,.T.);
#4179=EDGE_CURVE('',#5188,#5571,#701,.T.);
#4180=EDGE_CURVE('',#5572,#5571,#702,.T.);
#4181=EDGE_CURVE('',#5572,#5196,#703,.T.);
#4182=EDGE_CURVE('',#5197,#5215,#704,.T.);
#4183=EDGE_CURVE('',#5214,#5573,#705,.T.);
#4184=EDGE_CURVE('',#5574,#5573,#706,.T.);
#4185=EDGE_CURVE('',#5574,#5213,#707,.T.);
#4186=EDGE_CURVE('',#5212,#5207,#708,.T.);
#4187=EDGE_CURVE('',#5206,#5575,#709,.T.);
#4188=EDGE_CURVE('',#5576,#5575,#710,.T.);
#4189=EDGE_CURVE('',#5576,#5205,#711,.T.);
#4190=EDGE_CURVE('',#5204,#5221,#712,.T.);
#4191=EDGE_CURVE('',#5220,#5577,#713,.T.);
#4192=EDGE_CURVE('',#5578,#5577,#714,.T.);
#4193=EDGE_CURVE('',#5578,#5222,#715,.T.);
#4194=EDGE_CURVE('',#5223,#5191,#716,.T.);
#4195=EDGE_CURVE('',#5579,#5579,#717,.T.);
#4196=EDGE_CURVE('',#5580,#5580,#718,.T.);
#4197=EDGE_CURVE('',#5581,#5581,#719,.T.);
#4198=EDGE_CURVE('',#5211,#5199,#720,.T.);
#4199=EDGE_CURVE('',#5203,#5208,#721,.T.);
#4200=EDGE_CURVE('',#5219,#5200,#722,.T.);
#4201=EDGE_CURVE('',#5187,#5216,#723,.T.);
#4202=EDGE_CURVE('',#5582,#5583,#6333,.T.);
#4203=EDGE_CURVE('',#5583,#5584,#6334,.F.);
#4204=EDGE_CURVE('',#5585,#5584,#6335,.T.);
#4205=EDGE_CURVE('',#5585,#5582,#6336,.T.);
#4206=EDGE_CURVE('',#5584,#5586,#6337,.T.);
#4207=EDGE_CURVE('',#5587,#5586,#6338,.T.);
#4208=EDGE_CURVE('',#5585,#5587,#6339,.T.);
#4209=EDGE_CURVE('',#5586,#5588,#6340,.T.);
#4210=EDGE_CURVE('',#5589,#5588,#6341,.T.);
#4211=EDGE_CURVE('',#5587,#5589,#6342,.T.);
#4212=EDGE_CURVE('',#5588,#5583,#6343,.F.);
#4213=EDGE_CURVE('',#5582,#5589,#6344,.T.);
#4214=EDGE_CURVE('',#5416,#5588,#427,.T.);
#4215=EDGE_CURVE('',#5583,#5419,#428,.F.);
#4216=EDGE_CURVE('',#5584,#5418,#429,.F.);
#4217=EDGE_CURVE('',#5417,#5586,#430,.T.);
#4218=EDGE_CURVE('',#5590,#5590,#724,.T.);
#4219=EDGE_CURVE('',#5591,#5591,#725,.T.);
#4220=EDGE_CURVE('',#5170,#5592,#6345,.T.);
#4221=EDGE_CURVE('',#5592,#5593,#6346,.F.);
#4222=EDGE_CURVE('',#5171,#5593,#6347,.T.);
#4223=EDGE_CURVE('',#5593,#5594,#6348,.T.);
#4224=EDGE_CURVE('',#5594,#5172,#6349,.T.);
#4225=EDGE_CURVE('',#5125,#5595,#6350,.T.);
#4226=EDGE_CURVE('',#5165,#5595,#6351,.T.);
#4227=EDGE_CURVE('',#5595,#5596,#6352,.F.);
#4228=EDGE_CURVE('',#5166,#5596,#6353,.T.);
#4229=EDGE_CURVE('',#5596,#5597,#6354,.T.);
#4230=EDGE_CURVE('',#5167,#5597,#6355,.T.);
#4231=EDGE_CURVE('',#5597,#5598,#6356,.F.);
#4232=EDGE_CURVE('',#5168,#5598,#6357,.T.);
#4233=EDGE_CURVE('',#5598,#5599,#6358,.F.);
#4234=EDGE_CURVE('',#5169,#5599,#6359,.T.);
#4235=EDGE_CURVE('',#5599,#5592,#6360,.F.);
#4236=EDGE_CURVE('',#5546,#5595,#431,.T.);
#4237=EDGE_CURVE('',#5596,#5545,#432,.F.);
#4238=EDGE_CURVE('',#5597,#5544,#433,.F.);
#4239=EDGE_CURVE('',#5547,#5125,#434,.T.);
#4240=EDGE_CURVE('',#5598,#5543,#435,.F.);
#4241=EDGE_CURVE('',#5548,#5123,#436,.T.);
#4242=EDGE_CURVE('',#5599,#5542,#437,.F.);
#4243=EDGE_CURVE('',#5600,#5123,#6361,.T.);
#4244=EDGE_CURVE('',#5549,#5600,#438,.T.);
#4245=EDGE_CURVE('',#5592,#5541,#439,.F.);
#4246=EDGE_CURVE('',#5601,#5600,#6362,.T.);
#4247=EDGE_CURVE('',#5550,#5601,#440,.T.);
#4248=EDGE_CURVE('',#5593,#5540,#441,.F.);
#4249=EDGE_CURVE('',#5594,#5601,#6363,.F.);
#4250=EDGE_CURVE('',#5539,#5594,#442,.T.);
#4251=EDGE_CURVE('',#5602,#5429,#6364,.T.);
#4252=EDGE_CURVE('',#5602,#5603,#252,.T.);
#4253=EDGE_CURVE('',#5603,#5430,#6365,.T.);
#4254=EDGE_CURVE('',#5604,#5428,#6366,.T.);
#4255=EDGE_CURVE('',#5604,#5602,#253,.T.);
#4256=EDGE_CURVE('',#5605,#5455,#6367,.T.);
#4257=EDGE_CURVE('',#5605,#5604,#254,.T.);
#4258=EDGE_CURVE('',#5606,#5454,#6368,.T.);
#4259=EDGE_CURVE('',#5606,#5605,#255,.T.);
#4260=EDGE_CURVE('',#5607,#5453,#6369,.T.);
#4261=EDGE_CURVE('',#5607,#5606,#726,.T.);
#4262=EDGE_CURVE('',#5608,#5452,#6370,.T.);
#4263=EDGE_CURVE('',#5608,#5607,#727,.T.);
#4264=EDGE_CURVE('',#5609,#5451,#6371,.T.);
#4265=EDGE_CURVE('',#5609,#5608,#728,.T.);
#4266=EDGE_CURVE('',#5610,#5450,#6372,.T.);
#4267=EDGE_CURVE('',#5610,#5609,#256,.T.);
#4268=EDGE_CURVE('',#5611,#5449,#6373,.T.);
#4269=EDGE_CURVE('',#5611,#5610,#729,.T.);
#4270=EDGE_CURVE('',#5612,#5448,#6374,.T.);
#4271=EDGE_CURVE('',#5612,#5611,#730,.T.);
#4272=EDGE_CURVE('',#5613,#5447,#6375,.T.);
#4273=EDGE_CURVE('',#5613,#5612,#6376,.T.);
#4274=EDGE_CURVE('',#5614,#5446,#6377,.T.);
#4275=EDGE_CURVE('',#5614,#5613,#731,.F.);
#4276=EDGE_CURVE('',#5615,#5445,#6378,.T.);
#4277=EDGE_CURVE('',#5615,#5614,#732,.F.);
#4278=EDGE_CURVE('',#5616,#5444,#6379,.T.);
#4279=EDGE_CURVE('',#5616,#5615,#257,.T.);
#4280=EDGE_CURVE('',#5617,#5443,#6380,.T.);
#4281=EDGE_CURVE('',#5617,#5616,#258,.T.);
#4282=EDGE_CURVE('',#5618,#5442,#6381,.T.);
#4283=EDGE_CURVE('',#5618,#5617,#733,.F.);
#4284=EDGE_CURVE('',#5619,#5441,#6382,.T.);
#4285=EDGE_CURVE('',#5619,#5618,#734,.F.);
#4286=EDGE_CURVE('',#5620,#5440,#6383,.T.);
#4287=EDGE_CURVE('',#5620,#5619,#259,.T.);
#4288=EDGE_CURVE('',#5621,#5439,#6384,.T.);
#4289=EDGE_CURVE('',#5621,#5620,#260,.T.);
#4290=EDGE_CURVE('',#5622,#5438,#6385,.T.);
#4291=EDGE_CURVE('',#5622,#5621,#735,.T.);
#4292=EDGE_CURVE('',#5623,#5437,#6386,.T.);
#4293=EDGE_CURVE('',#5623,#5622,#736,.T.);
#4294=EDGE_CURVE('',#5624,#5436,#6387,.T.);
#4295=EDGE_CURVE('',#5624,#5623,#261,.T.);
#4296=EDGE_CURVE('',#5625,#5435,#6388,.T.);
#4297=EDGE_CURVE('',#5625,#5624,#262,.T.);
#4298=EDGE_CURVE('',#5626,#5434,#6389,.T.);
#4299=EDGE_CURVE('',#5626,#5625,#737,.T.);
#4300=EDGE_CURVE('',#5627,#5433,#6390,.T.);
#4301=EDGE_CURVE('',#5627,#5626,#263,.T.);
#4302=EDGE_CURVE('',#5628,#5432,#6391,.T.);
#4303=EDGE_CURVE('',#5628,#5627,#6392,.T.);
#4304=EDGE_CURVE('',#5629,#5431,#6393,.T.);
#4305=EDGE_CURVE('',#5629,#5628,#264,.T.);
#4306=EDGE_CURVE('',#5603,#5629,#265,.T.);
#4307=EDGE_CURVE('',#5630,#5457,#6394,.T.);
#4308=EDGE_CURVE('',#5630,#5631,#6395,.T.);
#4309=EDGE_CURVE('',#5631,#5458,#6396,.T.);
#4310=EDGE_CURVE('',#5632,#5456,#6397,.T.);
#4311=EDGE_CURVE('',#5632,#5630,#6398,.T.);
#4312=EDGE_CURVE('',#5633,#5467,#6399,.T.);
#4313=EDGE_CURVE('',#5633,#5632,#6400,.T.);
#4314=EDGE_CURVE('',#5634,#5466,#6401,.T.);
#4315=EDGE_CURVE('',#5634,#5633,#6402,.T.);
#4316=EDGE_CURVE('',#5635,#5465,#6403,.T.);
#4317=EDGE_CURVE('',#5635,#5634,#738,.T.);
#4318=EDGE_CURVE('',#5636,#5464,#6404,.T.);
#4319=EDGE_CURVE('',#5636,#5635,#266,.T.);
#4320=EDGE_CURVE('',#5637,#5463,#6405,.T.);
#4321=EDGE_CURVE('',#5637,#5636,#739,.F.);
#4322=EDGE_CURVE('',#5638,#5462,#6406,.T.);
#4323=EDGE_CURVE('',#5638,#5637,#267,.T.);
#4324=EDGE_CURVE('',#5639,#5461,#6407,.T.);
#4325=EDGE_CURVE('',#5639,#5638,#268,.T.);
#4326=EDGE_CURVE('',#5640,#5460,#6408,.T.);
#4327=EDGE_CURVE('',#5640,#5639,#6409,.T.);
#4328=EDGE_CURVE('',#5641,#5459,#6410,.T.);
#4329=EDGE_CURVE('',#5641,#5640,#6411,.T.);
#4330=EDGE_CURVE('',#5642,#5643,#6412,.T.);
#4331=EDGE_CURVE('',#5644,#5642,#6413,.T.);
#4332=EDGE_CURVE('',#5644,#5645,#6414,.T.);
#4333=EDGE_CURVE('',#5645,#5643,#6415,.T.);
#4334=EDGE_CURVE('',#5646,#5642,#6416,.T.);
#4335=EDGE_CURVE('',#5647,#5646,#6417,.T.);
#4336=EDGE_CURVE('',#5647,#5644,#6418,.T.);
#4337=EDGE_CURVE('',#5648,#5646,#6419,.T.);
#4338=EDGE_CURVE('',#5649,#5648,#6420,.T.);
#4339=EDGE_CURVE('',#5649,#5647,#6421,.T.);
#4340=EDGE_CURVE('',#5650,#5648,#269,.T.);
#4341=EDGE_CURVE('',#5651,#5650,#6422,.T.);
#4342=EDGE_CURVE('',#5651,#5649,#270,.T.);
#4343=EDGE_CURVE('',#5652,#5650,#271,.T.);
#4344=EDGE_CURVE('',#5653,#5652,#6423,.T.);
#4345=EDGE_CURVE('',#5653,#5651,#272,.T.);
#4346=EDGE_CURVE('',#5654,#5652,#273,.T.);
#4347=EDGE_CURVE('',#5655,#5654,#6424,.T.);
#4348=EDGE_CURVE('',#5655,#5653,#274,.T.);
#4349=EDGE_CURVE('',#5643,#5654,#275,.T.);
#4350=EDGE_CURVE('',#5645,#5655,#276,.T.);
#4351=EDGE_CURVE('',#5631,#5641,#6425,.T.);
#4352=EDGE_CURVE('',#5656,#5657,#6426,.T.);
#4353=EDGE_CURVE('',#5658,#5656,#6427,.T.);
#4354=EDGE_CURVE('',#5658,#5659,#6428,.F.);
#4355=EDGE_CURVE('',#5659,#5657,#6429,.T.);
#4356=EDGE_CURVE('',#5660,#5656,#6430,.T.);
#4357=EDGE_CURVE('',#5661,#5660,#6431,.T.);
#4358=EDGE_CURVE('',#5661,#5658,#6432,.T.);
#4359=EDGE_CURVE('',#5662,#5660,#277,.T.);
#4360=EDGE_CURVE('',#5663,#5662,#6433,.T.);
#4361=EDGE_CURVE('',#5663,#5661,#278,.T.);
#4362=EDGE_CURVE('',#5664,#5407,#6434,.T.);
#4363=EDGE_CURVE('',#5664,#5665,#6435,.T.);
#4364=EDGE_CURVE('',#5665,#5408,#6436,.T.);
#4365=EDGE_CURVE('',#5666,#5406,#6437,.T.);
#4366=EDGE_CURVE('',#5666,#5664,#6438,.T.);
#4367=EDGE_CURVE('',#5667,#5413,#6439,.T.);
#4368=EDGE_CURVE('',#5667,#5666,#6440,.T.);
#4369=EDGE_CURVE('',#5668,#5412,#6441,.T.);
#4370=EDGE_CURVE('',#5668,#5667,#6442,.T.);
#4371=EDGE_CURVE('',#5669,#5411,#6443,.T.);
#4372=EDGE_CURVE('',#5669,#5668,#6444,.T.);
#4373=EDGE_CURVE('',#5670,#5410,#6445,.T.);
#4374=EDGE_CURVE('',#5670,#5669,#6446,.T.);
#4375=EDGE_CURVE('',#5671,#5409,#6447,.T.);
#4376=EDGE_CURVE('',#5671,#5670,#6448,.T.);
#4377=EDGE_CURVE('',#5665,#5671,#6449,.T.);
#4378=EDGE_CURVE('',#5657,#5662,#740,.F.);
#4379=EDGE_CURVE('',#5659,#5663,#741,.F.);
#4380=EDGE_CURVE('',#5672,#5399,#6450,.T.);
#4381=EDGE_CURVE('',#5672,#5673,#6451,.T.);
#4382=EDGE_CURVE('',#5673,#5400,#6452,.T.);
#4383=EDGE_CURVE('',#5674,#5398,#6453,.T.);
#4384=EDGE_CURVE('',#5674,#5672,#6454,.T.);
#4385=EDGE_CURVE('',#5675,#5405,#6455,.T.);
#4386=EDGE_CURVE('',#5675,#5674,#6456,.T.);
#4387=EDGE_CURVE('',#5676,#5404,#6457,.T.);
#4388=EDGE_CURVE('',#5676,#5675,#6458,.T.);
#4389=EDGE_CURVE('',#5677,#5403,#6459,.T.);
#4390=EDGE_CURVE('',#5677,#5676,#6460,.T.);
#4391=EDGE_CURVE('',#5678,#5402,#6461,.T.);
#4392=EDGE_CURVE('',#5678,#5677,#6462,.T.);
#4393=EDGE_CURVE('',#5679,#5401,#6463,.T.);
#4394=EDGE_CURVE('',#5679,#5678,#6464,.T.);
#4395=EDGE_CURVE('',#5673,#5679,#6465,.T.);
#4396=EDGE_CURVE('',#5680,#5391,#6466,.T.);
#4397=EDGE_CURVE('',#5680,#5681,#6467,.T.);
#4398=EDGE_CURVE('',#5681,#5392,#6468,.T.);
#4399=EDGE_CURVE('',#5682,#5390,#6469,.T.);
#4400=EDGE_CURVE('',#5682,#5680,#6470,.T.);
#4401=EDGE_CURVE('',#5683,#5397,#6471,.T.);
#4402=EDGE_CURVE('',#5683,#5682,#6472,.T.);
#4403=EDGE_CURVE('',#5684,#5396,#6473,.T.);
#4404=EDGE_CURVE('',#5684,#5683,#6474,.T.);
#4405=EDGE_CURVE('',#5685,#5395,#6475,.T.);
#4406=EDGE_CURVE('',#5685,#5684,#6476,.T.);
#4407=EDGE_CURVE('',#5686,#5394,#6477,.T.);
#4408=EDGE_CURVE('',#5686,#5685,#6478,.T.);
#4409=EDGE_CURVE('',#5687,#5393,#6479,.T.);
#4410=EDGE_CURVE('',#5687,#5686,#6480,.T.);
#4411=EDGE_CURVE('',#5681,#5687,#6481,.T.);
#4412=EDGE_CURVE('',#5688,#5379,#6482,.T.);
#4413=EDGE_CURVE('',#5688,#5689,#6483,.T.);
#4414=EDGE_CURVE('',#5689,#5380,#6484,.T.);
#4415=EDGE_CURVE('',#5690,#5378,#6485,.T.);
#4416=EDGE_CURVE('',#5690,#5688,#6486,.T.);
#4417=EDGE_CURVE('',#5691,#5389,#6487,.T.);
#4418=EDGE_CURVE('',#5691,#5690,#6488,.T.);
#4419=EDGE_CURVE('',#5692,#5388,#6489,.T.);
#4420=EDGE_CURVE('',#5692,#5691,#6490,.T.);
#4421=EDGE_CURVE('',#5693,#5387,#6491,.T.);
#4422=EDGE_CURVE('',#5693,#5692,#6492,.T.);
#4423=EDGE_CURVE('',#5694,#5386,#6493,.T.);
#4424=EDGE_CURVE('',#5694,#5693,#6494,.T.);
#4425=EDGE_CURVE('',#5695,#5385,#6495,.T.);
#4426=EDGE_CURVE('',#5695,#5694,#6496,.T.);
#4427=EDGE_CURVE('',#5696,#5384,#6497,.T.);
#4428=EDGE_CURVE('',#5696,#5695,#6498,.T.);
#4429=EDGE_CURVE('',#5697,#5383,#6499,.T.);
#4430=EDGE_CURVE('',#5697,#5696,#6500,.T.);
#4431=EDGE_CURVE('',#5698,#5382,#6501,.T.);
#4432=EDGE_CURVE('',#5698,#5697,#6502,.T.);
#4433=EDGE_CURVE('',#5699,#5381,#6503,.T.);
#4434=EDGE_CURVE('',#5699,#5698,#6504,.T.);
#4435=EDGE_CURVE('',#5689,#5699,#6505,.T.);
#4436=EDGE_CURVE('',#5700,#5351,#6506,.T.);
#4437=EDGE_CURVE('',#5700,#5701,#279,.T.);
#4438=EDGE_CURVE('',#5701,#5352,#6507,.T.);
#4439=EDGE_CURVE('',#5702,#5350,#6508,.T.);
#4440=EDGE_CURVE('',#5702,#5700,#280,.T.);
#4441=EDGE_CURVE('',#5703,#5377,#6509,.T.);
#4442=EDGE_CURVE('',#5703,#5702,#281,.T.);
#4443=EDGE_CURVE('',#5704,#5376,#6510,.T.);
#4444=EDGE_CURVE('',#5704,#5703,#282,.T.);
#4445=EDGE_CURVE('',#5705,#5375,#6511,.T.);
#4446=EDGE_CURVE('',#5705,#5704,#742,.T.);
#4447=EDGE_CURVE('',#5706,#5374,#6512,.T.);
#4448=EDGE_CURVE('',#5706,#5705,#743,.T.);
#4449=EDGE_CURVE('',#5707,#5373,#6513,.T.);
#4450=EDGE_CURVE('',#5707,#5706,#744,.T.);
#4451=EDGE_CURVE('',#5708,#5372,#6514,.T.);
#4452=EDGE_CURVE('',#5708,#5707,#283,.T.);
#4453=EDGE_CURVE('',#5709,#5371,#6515,.T.);
#4454=EDGE_CURVE('',#5709,#5708,#745,.T.);
#4455=EDGE_CURVE('',#5710,#5370,#6516,.T.);
#4456=EDGE_CURVE('',#5710,#5709,#746,.T.);
#4457=EDGE_CURVE('',#5711,#5369,#6517,.T.);
#4458=EDGE_CURVE('',#5711,#5710,#6518,.T.);
#4459=EDGE_CURVE('',#5712,#5368,#6519,.T.);
#4460=EDGE_CURVE('',#5712,#5711,#747,.F.);
#4461=EDGE_CURVE('',#5713,#5367,#6520,.T.);
#4462=EDGE_CURVE('',#5713,#5712,#748,.F.);
#4463=EDGE_CURVE('',#5714,#5366,#6521,.T.);
#4464=EDGE_CURVE('',#5714,#5713,#284,.T.);
#4465=EDGE_CURVE('',#5715,#5365,#6522,.T.);
#4466=EDGE_CURVE('',#5715,#5714,#285,.T.);
#4467=EDGE_CURVE('',#5716,#5364,#6523,.T.);
#4468=EDGE_CURVE('',#5716,#5715,#749,.F.);
#4469=EDGE_CURVE('',#5717,#5363,#6524,.T.);
#4470=EDGE_CURVE('',#5717,#5716,#750,.F.);
#4471=EDGE_CURVE('',#5718,#5362,#6525,.T.);
#4472=EDGE_CURVE('',#5718,#5717,#286,.T.);
#4473=EDGE_CURVE('',#5719,#5361,#6526,.T.);
#4474=EDGE_CURVE('',#5719,#5718,#287,.T.);
#4475=EDGE_CURVE('',#5720,#5360,#6527,.T.);
#4476=EDGE_CURVE('',#5720,#5719,#751,.T.);
#4477=EDGE_CURVE('',#5721,#5359,#6528,.T.);
#4478=EDGE_CURVE('',#5721,#5720,#752,.T.);
#4479=EDGE_CURVE('',#5722,#5358,#6529,.T.);
#4480=EDGE_CURVE('',#5722,#5721,#288,.T.);
#4481=EDGE_CURVE('',#5723,#5357,#6530,.T.);
#4482=EDGE_CURVE('',#5723,#5722,#289,.T.);
#4483=EDGE_CURVE('',#5724,#5356,#6531,.T.);
#4484=EDGE_CURVE('',#5724,#5723,#753,.T.);
#4485=EDGE_CURVE('',#5725,#5355,#6532,.T.);
#4486=EDGE_CURVE('',#5725,#5724,#290,.T.);
#4487=EDGE_CURVE('',#5726,#5354,#6533,.T.);
#4488=EDGE_CURVE('',#5726,#5725,#6534,.T.);
#4489=EDGE_CURVE('',#5727,#5353,#6535,.T.);
#4490=EDGE_CURVE('',#5727,#5726,#291,.T.);
#4491=EDGE_CURVE('',#5701,#5727,#292,.T.);
#4492=EDGE_CURVE('',#5728,#5345,#6536,.T.);
#4493=EDGE_CURVE('',#5728,#5729,#6537,.T.);
#4494=EDGE_CURVE('',#5729,#5346,#6538,.T.);
#4495=EDGE_CURVE('',#5730,#5344,#6539,.T.);
#4496=EDGE_CURVE('',#5730,#5728,#6540,.T.);
#4497=EDGE_CURVE('',#5731,#5349,#6541,.T.);
#4498=EDGE_CURVE('',#5731,#5730,#6542,.T.);
#4499=EDGE_CURVE('',#5732,#5348,#6543,.T.);
#4500=EDGE_CURVE('',#5732,#5731,#6544,.T.);
#4501=EDGE_CURVE('',#5733,#5347,#6545,.T.);
#4502=EDGE_CURVE('',#5733,#5732,#6546,.T.);
#4503=EDGE_CURVE('',#5729,#5733,#6547,.T.);
#4504=EDGE_CURVE('',#5734,#5333,#6548,.T.);
#4505=EDGE_CURVE('',#5734,#5735,#6549,.T.);
#4506=EDGE_CURVE('',#5735,#5334,#6550,.T.);
#4507=EDGE_CURVE('',#5736,#5332,#6551,.T.);
#4508=EDGE_CURVE('',#5736,#5734,#6552,.T.);
#4509=EDGE_CURVE('',#5737,#5343,#6553,.T.);
#4510=EDGE_CURVE('',#5737,#5736,#6554,.T.);
#4511=EDGE_CURVE('',#5738,#5342,#6555,.T.);
#4512=EDGE_CURVE('',#5738,#5737,#6556,.T.);
#4513=EDGE_CURVE('',#5739,#5341,#6557,.T.);
#4514=EDGE_CURVE('',#5739,#5738,#6558,.T.);
#4515=EDGE_CURVE('',#5740,#5340,#6559,.T.);
#4516=EDGE_CURVE('',#5740,#5739,#6560,.T.);
#4517=EDGE_CURVE('',#5741,#5339,#6561,.T.);
#4518=EDGE_CURVE('',#5741,#5740,#6562,.T.);
#4519=EDGE_CURVE('',#5742,#5338,#6563,.T.);
#4520=EDGE_CURVE('',#5742,#5741,#6564,.T.);
#4521=EDGE_CURVE('',#5743,#5337,#6565,.T.);
#4522=EDGE_CURVE('',#5743,#5742,#6566,.T.);
#4523=EDGE_CURVE('',#5744,#5336,#6567,.T.);
#4524=EDGE_CURVE('',#5744,#5743,#6568,.T.);
#4525=EDGE_CURVE('',#5745,#5335,#6569,.T.);
#4526=EDGE_CURVE('',#5745,#5744,#6570,.T.);
#4527=EDGE_CURVE('',#5735,#5745,#6571,.T.);
#4528=EDGE_CURVE('',#5746,#5318,#6572,.T.);
#4529=EDGE_CURVE('',#5746,#5747,#293,.T.);
#4530=EDGE_CURVE('',#5747,#5319,#6573,.T.);
#4531=EDGE_CURVE('',#5748,#5317,#6574,.T.);
#4532=EDGE_CURVE('',#5748,#5746,#754,.T.);
#4533=EDGE_CURVE('',#5749,#5331,#6575,.T.);
#4534=EDGE_CURVE('',#5749,#5748,#755,.T.);
#4535=EDGE_CURVE('',#5750,#5330,#6576,.T.);
#4536=EDGE_CURVE('',#5750,#5749,#6577,.T.);
#4537=EDGE_CURVE('',#5751,#5329,#6578,.T.);
#4538=EDGE_CURVE('',#5751,#5750,#294,.T.);
#4539=EDGE_CURVE('',#5752,#5328,#6579,.T.);
#4540=EDGE_CURVE('',#5752,#5751,#295,.T.);
#4541=EDGE_CURVE('',#5753,#5327,#6580,.T.);
#4542=EDGE_CURVE('',#5753,#5752,#756,.F.);
#4543=EDGE_CURVE('',#5754,#5326,#6581,.T.);
#4544=EDGE_CURVE('',#5754,#5753,#296,.T.);
#4545=EDGE_CURVE('',#5755,#5325,#6582,.T.);
#4546=EDGE_CURVE('',#5755,#5754,#297,.T.);
#4547=EDGE_CURVE('',#5756,#5324,#6583,.T.);
#4548=EDGE_CURVE('',#5756,#5755,#298,.T.);
#4549=EDGE_CURVE('',#5757,#5323,#6584,.T.);
#4550=EDGE_CURVE('',#5757,#5756,#757,.F.);
#4551=EDGE_CURVE('',#5758,#5322,#6585,.T.);
#4552=EDGE_CURVE('',#5758,#5757,#6586,.T.);
#4553=EDGE_CURVE('',#5759,#5321,#6587,.T.);
#4554=EDGE_CURVE('',#5759,#5758,#299,.T.);
#4555=EDGE_CURVE('',#5760,#5320,#6588,.T.);
#4556=EDGE_CURVE('',#5760,#5759,#300,.T.);
#4557=EDGE_CURVE('',#5747,#5760,#301,.T.);
#4558=EDGE_CURVE('',#5761,#5310,#6589,.T.);
#4559=EDGE_CURVE('',#5761,#5762,#6590,.T.);
#4560=EDGE_CURVE('',#5762,#5311,#6591,.T.);
#4561=EDGE_CURVE('',#5763,#5309,#6592,.T.);
#4562=EDGE_CURVE('',#5763,#5761,#6593,.T.);
#4563=EDGE_CURVE('',#5764,#5316,#6594,.T.);
#4564=EDGE_CURVE('',#5764,#5763,#6595,.T.);
#4565=EDGE_CURVE('',#5765,#5315,#6596,.T.);
#4566=EDGE_CURVE('',#5765,#5764,#6597,.T.);
#4567=EDGE_CURVE('',#5766,#5314,#6598,.T.);
#4568=EDGE_CURVE('',#5766,#5765,#6599,.T.);
#4569=EDGE_CURVE('',#5767,#5313,#6600,.T.);
#4570=EDGE_CURVE('',#5767,#5766,#6601,.T.);
#4571=EDGE_CURVE('',#5768,#5312,#6602,.T.);
#4572=EDGE_CURVE('',#5768,#5767,#6603,.T.);
#4573=EDGE_CURVE('',#5762,#5768,#6604,.T.);
#4574=EDGE_CURVE('',#5769,#5770,#6605,.T.);
#4575=EDGE_CURVE('',#5769,#5771,#6606,.T.);
#4576=EDGE_CURVE('',#5771,#5772,#6607,.T.);
#4577=EDGE_CURVE('',#5770,#5772,#6608,.T.);
#4578=EDGE_CURVE('',#5773,#5774,#6609,.T.);
#4579=EDGE_CURVE('',#5773,#5769,#6610,.T.);
#4580=EDGE_CURVE('',#5774,#5770,#6611,.T.);
#4581=EDGE_CURVE('',#5775,#5776,#6612,.T.);
#4582=EDGE_CURVE('',#5775,#5773,#302,.T.);
#4583=EDGE_CURVE('',#5776,#5774,#303,.T.);
#4584=EDGE_CURVE('',#5777,#5778,#6613,.T.);
#4585=EDGE_CURVE('',#5777,#5775,#304,.T.);
#4586=EDGE_CURVE('',#5778,#5776,#305,.T.);
#4587=EDGE_CURVE('',#5779,#5780,#6614,.T.);
#4588=EDGE_CURVE('',#5779,#5777,#306,.T.);
#4589=EDGE_CURVE('',#5780,#5778,#307,.T.);
#4590=EDGE_CURVE('',#5781,#5782,#6615,.T.);
#4591=EDGE_CURVE('',#5781,#5783,#6616,.T.);
#4592=EDGE_CURVE('',#5783,#5784,#6617,.T.);
#4593=EDGE_CURVE('',#5782,#5784,#6618,.T.);
#4594=EDGE_CURVE('',#5785,#5786,#6619,.T.);
#4595=EDGE_CURVE('',#5785,#5781,#6620,.T.);
#4596=EDGE_CURVE('',#5786,#5782,#6621,.T.);
#4597=EDGE_CURVE('',#5787,#5788,#6622,.T.);
#4598=EDGE_CURVE('',#5787,#5785,#6623,.T.);
#4599=EDGE_CURVE('',#5788,#5786,#6624,.T.);
#4600=EDGE_CURVE('',#5789,#5790,#6625,.T.);
#4601=EDGE_CURVE('',#5789,#5787,#308,.T.);
#4602=EDGE_CURVE('',#5790,#5788,#309,.T.);
#4603=EDGE_CURVE('',#5791,#5792,#6626,.T.);
#4604=EDGE_CURVE('',#5791,#5789,#310,.T.);
#4605=EDGE_CURVE('',#5792,#5790,#311,.T.);
#4606=EDGE_CURVE('',#5793,#5794,#6627,.T.);
#4607=EDGE_CURVE('',#5793,#5791,#312,.T.);
#4608=EDGE_CURVE('',#5794,#5792,#313,.T.);
#4609=EDGE_CURVE('',#5795,#5517,#6628,.T.);
#4610=EDGE_CURVE('',#5795,#5796,#6629,.T.);
#4611=EDGE_CURVE('',#5796,#5518,#6630,.T.);
#4612=EDGE_CURVE('',#5797,#5516,#6631,.T.);
#4613=EDGE_CURVE('',#5797,#5795,#6632,.T.);
#4614=EDGE_CURVE('',#5798,#5527,#6633,.T.);
#4615=EDGE_CURVE('',#5798,#5797,#6634,.T.);
#4616=EDGE_CURVE('',#5799,#5526,#6635,.T.);
#4617=EDGE_CURVE('',#5799,#5798,#314,.T.);
#4618=EDGE_CURVE('',#5800,#5525,#6636,.T.);
#4619=EDGE_CURVE('',#5800,#5799,#315,.T.);
#4620=EDGE_CURVE('',#5801,#5524,#6637,.T.);
#4621=EDGE_CURVE('',#5801,#5800,#316,.T.);
#4622=EDGE_CURVE('',#5802,#5523,#6638,.T.);
#4623=EDGE_CURVE('',#5802,#5801,#317,.T.);
#4624=EDGE_CURVE('',#5803,#5522,#6639,.T.);
#4625=EDGE_CURVE('',#5803,#5802,#6640,.T.);
#4626=EDGE_CURVE('',#5804,#5521,#6641,.T.);
#4627=EDGE_CURVE('',#5804,#5803,#758,.F.);
#4628=EDGE_CURVE('',#5805,#5520,#6642,.T.);
#4629=EDGE_CURVE('',#5805,#5804,#318,.T.);
#4630=EDGE_CURVE('',#5806,#5519,#6643,.T.);
#4631=EDGE_CURVE('',#5806,#5805,#319,.T.);
#4632=EDGE_CURVE('',#5783,#5793,#320,.T.);
#4633=EDGE_CURVE('',#5784,#5794,#321,.T.);
#4634=EDGE_CURVE('',#5796,#5806,#322,.T.);
#4635=EDGE_CURVE('',#5771,#5779,#6644,.T.);
#4636=EDGE_CURVE('',#5772,#5780,#6645,.T.);
#4637=EDGE_CURVE('',#5807,#5808,#6646,.T.);
#4638=EDGE_CURVE('',#5807,#5809,#759,.F.);
#4639=EDGE_CURVE('',#5809,#5810,#6647,.T.);
#4640=EDGE_CURVE('',#5808,#5810,#760,.F.);
#4641=EDGE_CURVE('',#5811,#5812,#6648,.T.);
#4642=EDGE_CURVE('',#5811,#5807,#6649,.T.);
#4643=EDGE_CURVE('',#5812,#5808,#6650,.T.);
#4644=EDGE_CURVE('',#5813,#5814,#6651,.T.);
#4645=EDGE_CURVE('',#5813,#5811,#323,.T.);
#4646=EDGE_CURVE('',#5814,#5812,#324,.T.);
#4647=EDGE_CURVE('',#5815,#5532,#6652,.T.);
#4648=EDGE_CURVE('',#5815,#5816,#6653,.T.);
#4649=EDGE_CURVE('',#5816,#5533,#6654,.T.);
#4650=EDGE_CURVE('',#5817,#5531,#6655,.T.);
#4651=EDGE_CURVE('',#5817,#5815,#6656,.T.);
#4652=EDGE_CURVE('',#5818,#5538,#6657,.T.);
#4653=EDGE_CURVE('',#5818,#5817,#6658,.T.);
#4654=EDGE_CURVE('',#5819,#5537,#6659,.T.);
#4655=EDGE_CURVE('',#5819,#5818,#6660,.T.);
#4656=EDGE_CURVE('',#5820,#5536,#6661,.T.);
#4657=EDGE_CURVE('',#5820,#5819,#6662,.T.);
#4658=EDGE_CURVE('',#5821,#5535,#6663,.T.);
#4659=EDGE_CURVE('',#5821,#5820,#6664,.T.);
#4660=EDGE_CURVE('',#5822,#5534,#6665,.T.);
#4661=EDGE_CURVE('',#5822,#5821,#6666,.T.);
#4662=EDGE_CURVE('',#5816,#5822,#6667,.T.);
#4663=EDGE_CURVE('',#5809,#5813,#761,.F.);
#4664=EDGE_CURVE('',#5810,#5814,#762,.F.);
#4665=EDGE_CURVE('',#5130,#5823,#6668,.T.);
#4666=EDGE_CURVE('',#5823,#5824,#6669,.F.);
#4667=EDGE_CURVE('',#5129,#5824,#6670,.T.);
#4668=EDGE_CURVE('',#5824,#5825,#763,.T.);
#4669=EDGE_CURVE('',#5131,#5825,#6671,.T.);
#4670=EDGE_CURVE('',#5825,#5826,#6672,.T.);
#4671=EDGE_CURVE('',#5132,#5826,#6673,.T.);
#4672=EDGE_CURVE('',#5826,#5823,#764,.T.);
#4673=EDGE_CURVE('',#5134,#5827,#6674,.T.);
#4674=EDGE_CURVE('',#5827,#5828,#6675,.F.);
#4675=EDGE_CURVE('',#5133,#5828,#6676,.T.);
#4676=EDGE_CURVE('',#5828,#5829,#765,.T.);
#4677=EDGE_CURVE('',#5135,#5829,#6677,.T.);
#4678=EDGE_CURVE('',#5829,#5830,#6678,.T.);
#4679=EDGE_CURVE('',#5136,#5830,#6679,.T.);
#4680=EDGE_CURVE('',#5830,#5827,#766,.T.);
#4681=EDGE_CURVE('',#5185,#5831,#767,.T.);
#4682=EDGE_CURVE('',#5831,#5832,#768,.F.);
#4683=EDGE_CURVE('',#5832,#5833,#6680,.T.);
#4684=EDGE_CURVE('',#5833,#5182,#769,.T.);
#4685=EDGE_CURVE('',#5834,#5835,#6681,.F.);
#4686=EDGE_CURVE('',#5835,#5836,#770,.T.);
#4687=EDGE_CURVE('',#5836,#5184,#771,.F.);
#4688=EDGE_CURVE('',#5183,#5834,#772,.F.);
#4689=EDGE_CURVE('',#5837,#5838,#6682,.F.);
#4690=EDGE_CURVE('',#5838,#5839,#773,.T.);
#4691=EDGE_CURVE('',#5839,#5195,#774,.F.);
#4692=EDGE_CURVE('',#5194,#5837,#775,.F.);
#4693=EDGE_CURVE('',#5193,#5840,#776,.T.);
#4694=EDGE_CURVE('',#5840,#5841,#777,.F.);
#4695=EDGE_CURVE('',#5841,#5842,#6683,.T.);
#4696=EDGE_CURVE('',#5842,#5192,#778,.T.);
#4697=EDGE_CURVE('',#5836,#5559,#325,.T.);
#4698=EDGE_CURVE('',#5558,#5831,#326,.T.);
#4699=EDGE_CURVE('',#5839,#5567,#327,.T.);
#4700=EDGE_CURVE('',#5566,#5840,#328,.T.);
#4701=EDGE_CURVE('',#5834,#5513,#329,.T.);
#4702=EDGE_CURVE('',#5835,#5512,#779,.T.);
#4703=EDGE_CURVE('',#5514,#5833,#330,.F.);
#4704=EDGE_CURVE('',#5515,#5832,#780,.T.);
#4705=EDGE_CURVE('',#5508,#5842,#331,.F.);
#4706=EDGE_CURVE('',#5509,#5841,#781,.T.);
#4707=EDGE_CURVE('',#5837,#5507,#332,.T.);
#4708=EDGE_CURVE('',#5838,#5506,#782,.T.);
#4709=EDGE_CURVE('',#5570,#5569,#783,.F.);
#4710=EDGE_CURVE('',#5843,#5306,#6684,.T.);
#4711=EDGE_CURVE('',#5843,#5844,#6685,.T.);
#4712=EDGE_CURVE('',#5844,#5307,#6686,.T.);
#4713=EDGE_CURVE('',#5845,#5305,#6687,.T.);
#4714=EDGE_CURVE('',#5845,#5843,#6688,.T.);
#4715=EDGE_CURVE('',#5846,#5308,#6689,.T.);
#4716=EDGE_CURVE('',#5846,#5845,#6690,.T.);
#4717=EDGE_CURVE('',#5844,#5846,#6691,.T.);
#4718=EDGE_CURVE('',#5847,#5278,#6692,.T.);
#4719=EDGE_CURVE('',#5847,#5848,#333,.T.);
#4720=EDGE_CURVE('',#5848,#5279,#6693,.T.);
#4721=EDGE_CURVE('',#5849,#5277,#6694,.T.);
#4722=EDGE_CURVE('',#5849,#5847,#334,.T.);
#4723=EDGE_CURVE('',#5850,#5304,#6695,.T.);
#4724=EDGE_CURVE('',#5850,#5849,#335,.T.);
#4725=EDGE_CURVE('',#5851,#5303,#6696,.T.);
#4726=EDGE_CURVE('',#5851,#5850,#336,.T.);
#4727=EDGE_CURVE('',#5852,#5302,#6697,.T.);
#4728=EDGE_CURVE('',#5852,#5851,#784,.T.);
#4729=EDGE_CURVE('',#5853,#5301,#6698,.T.);
#4730=EDGE_CURVE('',#5853,#5852,#785,.T.);
#4731=EDGE_CURVE('',#5854,#5300,#6699,.T.);
#4732=EDGE_CURVE('',#5854,#5853,#786,.T.);
#4733=EDGE_CURVE('',#5855,#5299,#6700,.T.);
#4734=EDGE_CURVE('',#5855,#5854,#337,.T.);
#4735=EDGE_CURVE('',#5856,#5298,#6701,.T.);
#4736=EDGE_CURVE('',#5856,#5855,#787,.T.);
#4737=EDGE_CURVE('',#5857,#5297,#6702,.T.);
#4738=EDGE_CURVE('',#5857,#5856,#788,.T.);
#4739=EDGE_CURVE('',#5858,#5296,#6703,.T.);
#4740=EDGE_CURVE('',#5858,#5857,#6704,.T.);
#4741=EDGE_CURVE('',#5859,#5295,#6705,.T.);
#4742=EDGE_CURVE('',#5859,#5858,#789,.F.);
#4743=EDGE_CURVE('',#5860,#5294,#6706,.T.);
#4744=EDGE_CURVE('',#5860,#5859,#790,.F.);
#4745=EDGE_CURVE('',#5861,#5293,#6707,.T.);
#4746=EDGE_CURVE('',#5861,#5860,#338,.T.);
#4747=EDGE_CURVE('',#5862,#5292,#6708,.T.);
#4748=EDGE_CURVE('',#5862,#5861,#339,.T.);
#4749=EDGE_CURVE('',#5863,#5291,#6709,.T.);
#4750=EDGE_CURVE('',#5863,#5862,#791,.F.);
#4751=EDGE_CURVE('',#5864,#5290,#6710,.T.);
#4752=EDGE_CURVE('',#5864,#5863,#792,.F.);
#4753=EDGE_CURVE('',#5865,#5289,#6711,.T.);
#4754=EDGE_CURVE('',#5865,#5864,#340,.T.);
#4755=EDGE_CURVE('',#5866,#5288,#6712,.T.);
#4756=EDGE_CURVE('',#5866,#5865,#341,.T.);
#4757=EDGE_CURVE('',#5867,#5287,#6713,.T.);
#4758=EDGE_CURVE('',#5867,#5866,#793,.T.);
#4759=EDGE_CURVE('',#5868,#5286,#6714,.T.);
#4760=EDGE_CURVE('',#5868,#5867,#794,.T.);
#4761=EDGE_CURVE('',#5869,#5285,#6715,.T.);
#4762=EDGE_CURVE('',#5869,#5868,#342,.T.);
#4763=EDGE_CURVE('',#5870,#5284,#6716,.T.);
#4764=EDGE_CURVE('',#5870,#5869,#343,.T.);
#4765=EDGE_CURVE('',#5871,#5283,#6717,.T.);
#4766=EDGE_CURVE('',#5871,#5870,#795,.T.);
#4767=EDGE_CURVE('',#5872,#5282,#6718,.T.);
#4768=EDGE_CURVE('',#5872,#5871,#344,.T.);
#4769=EDGE_CURVE('',#5873,#5281,#6719,.T.);
#4770=EDGE_CURVE('',#5873,#5872,#6720,.T.);
#4771=EDGE_CURVE('',#5874,#5280,#6721,.T.);
#4772=EDGE_CURVE('',#5874,#5873,#345,.T.);
#4773=EDGE_CURVE('',#5848,#5874,#346,.T.);
#4774=EDGE_CURVE('',#5875,#5266,#6722,.T.);
#4775=EDGE_CURVE('',#5875,#5876,#6723,.T.);
#4776=EDGE_CURVE('',#5876,#5267,#6724,.T.);
#4777=EDGE_CURVE('',#5877,#5265,#6725,.T.);
#4778=EDGE_CURVE('',#5877,#5875,#6726,.T.);
#4779=EDGE_CURVE('',#5878,#5276,#6727,.T.);
#4780=EDGE_CURVE('',#5878,#5877,#6728,.T.);
#4781=EDGE_CURVE('',#5879,#5275,#6729,.T.);
#4782=EDGE_CURVE('',#5879,#5878,#6730,.T.);
#4783=EDGE_CURVE('',#5880,#5274,#6731,.T.);
#4784=EDGE_CURVE('',#5880,#5879,#6732,.T.);
#4785=EDGE_CURVE('',#5881,#5273,#6733,.T.);
#4786=EDGE_CURVE('',#5881,#5880,#6734,.T.);
#4787=EDGE_CURVE('',#5882,#5272,#6735,.T.);
#4788=EDGE_CURVE('',#5882,#5881,#6736,.T.);
#4789=EDGE_CURVE('',#5883,#5271,#6737,.T.);
#4790=EDGE_CURVE('',#5883,#5882,#6738,.T.);
#4791=EDGE_CURVE('',#5884,#5270,#6739,.T.);
#4792=EDGE_CURVE('',#5884,#5883,#6740,.T.);
#4793=EDGE_CURVE('',#5885,#5269,#6741,.T.);
#4794=EDGE_CURVE('',#5885,#5884,#6742,.T.);
#4795=EDGE_CURVE('',#5886,#5268,#6743,.T.);
#4796=EDGE_CURVE('',#5886,#5885,#6744,.T.);
#4797=EDGE_CURVE('',#5876,#5886,#6745,.T.);
#4798=EDGE_CURVE('',#5887,#5254,#6746,.T.);
#4799=EDGE_CURVE('',#5887,#5888,#6747,.T.);
#4800=EDGE_CURVE('',#5888,#5255,#6748,.T.);
#4801=EDGE_CURVE('',#5889,#5253,#6749,.T.);
#4802=EDGE_CURVE('',#5889,#5887,#6750,.T.);
#4803=EDGE_CURVE('',#5890,#5264,#6751,.T.);
#4804=EDGE_CURVE('',#5890,#5889,#6752,.T.);
#4805=EDGE_CURVE('',#5891,#5263,#6753,.T.);
#4806=EDGE_CURVE('',#5891,#5890,#6754,.T.);
#4807=EDGE_CURVE('',#5892,#5262,#6755,.T.);
#4808=EDGE_CURVE('',#5892,#5891,#6756,.T.);
#4809=EDGE_CURVE('',#5893,#5261,#6757,.T.);
#4810=EDGE_CURVE('',#5893,#5892,#6758,.T.);
#4811=EDGE_CURVE('',#5894,#5260,#6759,.T.);
#4812=EDGE_CURVE('',#5894,#5893,#6760,.T.);
#4813=EDGE_CURVE('',#5895,#5259,#6761,.T.);
#4814=EDGE_CURVE('',#5895,#5894,#6762,.T.);
#4815=EDGE_CURVE('',#5896,#5258,#6763,.T.);
#4816=EDGE_CURVE('',#5896,#5895,#6764,.T.);
#4817=EDGE_CURVE('',#5897,#5257,#6765,.T.);
#4818=EDGE_CURVE('',#5897,#5896,#6766,.T.);
#4819=EDGE_CURVE('',#5898,#5256,#6767,.T.);
#4820=EDGE_CURVE('',#5898,#5897,#6768,.T.);
#4821=EDGE_CURVE('',#5888,#5898,#6769,.T.);
#4822=EDGE_CURVE('',#5899,#5245,#6770,.T.);
#4823=EDGE_CURVE('',#5899,#5900,#347,.T.);
#4824=EDGE_CURVE('',#5900,#5246,#6771,.T.);
#4825=EDGE_CURVE('',#5901,#5244,#6772,.T.);
#4826=EDGE_CURVE('',#5901,#5899,#348,.T.);
#4827=EDGE_CURVE('',#5902,#5252,#6773,.T.);
#4828=EDGE_CURVE('',#5902,#5901,#349,.T.);
#4829=EDGE_CURVE('',#5903,#5251,#6774,.T.);
#4830=EDGE_CURVE('',#5903,#5902,#6775,.T.);
#4831=EDGE_CURVE('',#5904,#5250,#6776,.T.);
#4832=EDGE_CURVE('',#5904,#5903,#6777,.T.);
#4833=EDGE_CURVE('',#5905,#5249,#6778,.T.);
#4834=EDGE_CURVE('',#5905,#5904,#6779,.T.);
#4835=EDGE_CURVE('',#5906,#5248,#6780,.T.);
#4836=EDGE_CURVE('',#5906,#5905,#6781,.T.);
#4837=EDGE_CURVE('',#5907,#5247,#6782,.T.);
#4838=EDGE_CURVE('',#5907,#5906,#6783,.T.);
#4839=EDGE_CURVE('',#5908,#5909,#6784,.T.);
#4840=EDGE_CURVE('',#5910,#5908,#6785,.T.);
#4841=EDGE_CURVE('',#5910,#5911,#6786,.T.);
#4842=EDGE_CURVE('',#5911,#5909,#6787,.T.);
#4843=EDGE_CURVE('',#5912,#5908,#6788,.T.);
#4844=EDGE_CURVE('',#5913,#5912,#6789,.T.);
#4845=EDGE_CURVE('',#5913,#5910,#6790,.T.);
#4846=EDGE_CURVE('',#5914,#5912,#6791,.T.);
#4847=EDGE_CURVE('',#5915,#5914,#6792,.T.);
#4848=EDGE_CURVE('',#5915,#5913,#6793,.T.);
#4849=EDGE_CURVE('',#5916,#5914,#350,.T.);
#4850=EDGE_CURVE('',#5917,#5916,#6794,.T.);
#4851=EDGE_CURVE('',#5917,#5915,#351,.T.);
#4852=EDGE_CURVE('',#5918,#5916,#352,.T.);
#4853=EDGE_CURVE('',#5919,#5918,#6795,.T.);
#4854=EDGE_CURVE('',#5919,#5917,#353,.T.);
#4855=EDGE_CURVE('',#5920,#5918,#354,.T.);
#4856=EDGE_CURVE('',#5921,#5920,#6796,.T.);
#4857=EDGE_CURVE('',#5921,#5919,#355,.T.);
#4858=EDGE_CURVE('',#5909,#5920,#356,.T.);
#4859=EDGE_CURVE('',#5911,#5921,#357,.T.);
#4860=EDGE_CURVE('',#5900,#5907,#358,.T.);
#4861=EDGE_CURVE('',#5922,#5923,#359,.T.);
#4862=EDGE_CURVE('',#5924,#5922,#6797,.T.);
#4863=EDGE_CURVE('',#5924,#5925,#360,.T.);
#4864=EDGE_CURVE('',#5925,#5923,#6798,.T.);
#4865=EDGE_CURVE('',#5926,#5922,#361,.T.);
#4866=EDGE_CURVE('',#5927,#5926,#6799,.T.);
#4867=EDGE_CURVE('',#5927,#5924,#362,.T.);
#4868=EDGE_CURVE('',#5928,#5926,#6800,.T.);
#4869=EDGE_CURVE('',#5929,#5928,#6801,.T.);
#4870=EDGE_CURVE('',#5929,#5927,#6802,.T.);
#4871=EDGE_CURVE('',#5930,#5928,#6803,.T.);
#4872=EDGE_CURVE('',#5931,#5930,#6804,.T.);
#4873=EDGE_CURVE('',#5931,#5929,#6805,.T.);
#4874=EDGE_CURVE('',#5932,#5472,#6806,.T.);
#4875=EDGE_CURVE('',#5932,#5933,#363,.T.);
#4876=EDGE_CURVE('',#5933,#5473,#6807,.T.);
#4877=EDGE_CURVE('',#5934,#5471,#6808,.T.);
#4878=EDGE_CURVE('',#5934,#5932,#364,.T.);
#4879=EDGE_CURVE('',#5935,#5477,#6809,.T.);
#4880=EDGE_CURVE('',#5935,#5934,#365,.T.);
#4881=EDGE_CURVE('',#5936,#5476,#6810,.T.);
#4882=EDGE_CURVE('',#5936,#5935,#6811,.T.);
#4883=EDGE_CURVE('',#5937,#5475,#6812,.T.);
#4884=EDGE_CURVE('',#5937,#5936,#6813,.T.);
#4885=EDGE_CURVE('',#5938,#5474,#6814,.T.);
#4886=EDGE_CURVE('',#5938,#5937,#6815,.T.);
#4887=EDGE_CURVE('',#5933,#5938,#366,.T.);
#4888=EDGE_CURVE('',#5923,#5930,#6816,.T.);
#4889=EDGE_CURVE('',#5925,#5931,#6817,.T.);
#4890=EDGE_CURVE('',#5939,#5940,#6818,.T.);
#4891=EDGE_CURVE('',#5941,#5939,#6819,.T.);
#4892=EDGE_CURVE('',#5941,#5942,#6820,.T.);
#4893=EDGE_CURVE('',#5942,#5940,#6821,.T.);
#4894=EDGE_CURVE('',#5943,#5939,#6822,.T.);
#4895=EDGE_CURVE('',#5944,#5943,#6823,.T.);
#4896=EDGE_CURVE('',#5944,#5941,#6824,.T.);
#4897=EDGE_CURVE('',#5945,#5943,#367,.T.);
#4898=EDGE_CURVE('',#5946,#5945,#6825,.T.);
#4899=EDGE_CURVE('',#5946,#5944,#368,.T.);
#4900=EDGE_CURVE('',#5947,#5945,#369,.T.);
#4901=EDGE_CURVE('',#5948,#5947,#6826,.T.);
#4902=EDGE_CURVE('',#5948,#5946,#370,.T.);
#4903=EDGE_CURVE('',#5949,#5947,#371,.T.);
#4904=EDGE_CURVE('',#5950,#5949,#6827,.T.);
#4905=EDGE_CURVE('',#5950,#5948,#372,.T.);
#4906=EDGE_CURVE('',#5951,#5952,#6828,.T.);
#4907=EDGE_CURVE('',#5953,#5951,#6829,.T.);
#4908=EDGE_CURVE('',#5953,#5954,#6830,.T.);
#4909=EDGE_CURVE('',#5954,#5952,#6831,.T.);
#4910=EDGE_CURVE('',#5955,#5951,#6832,.T.);
#4911=EDGE_CURVE('',#5956,#5955,#6833,.T.);
#4912=EDGE_CURVE('',#5956,#5953,#6834,.T.);
#4913=EDGE_CURVE('',#5957,#5955,#6835,.T.);
#4914=EDGE_CURVE('',#5958,#5957,#6836,.T.);
#4915=EDGE_CURVE('',#5958,#5956,#6837,.T.);
#4916=EDGE_CURVE('',#5959,#5957,#373,.T.);
#4917=EDGE_CURVE('',#5960,#5959,#6838,.T.);
#4918=EDGE_CURVE('',#5960,#5958,#374,.T.);
#4919=EDGE_CURVE('',#5961,#5959,#375,.T.);
#4920=EDGE_CURVE('',#5962,#5961,#6839,.T.);
#4921=EDGE_CURVE('',#5962,#5960,#376,.T.);
#4922=EDGE_CURVE('',#5963,#5961,#377,.T.);
#4923=EDGE_CURVE('',#5964,#5963,#6840,.T.);
#4924=EDGE_CURVE('',#5964,#5962,#378,.T.);
#4925=EDGE_CURVE('',#5965,#5233,#6841,.T.);
#4926=EDGE_CURVE('',#5965,#5966,#6842,.T.);
#4927=EDGE_CURVE('',#5966,#5234,#6843,.T.);
#4928=EDGE_CURVE('',#5967,#5232,#6844,.T.);
#4929=EDGE_CURVE('',#5967,#5965,#6845,.T.);
#4930=EDGE_CURVE('',#5968,#5243,#6846,.T.);
#4931=EDGE_CURVE('',#5968,#5967,#6847,.T.);
#4932=EDGE_CURVE('',#5969,#5242,#6848,.T.);
#4933=EDGE_CURVE('',#5969,#5968,#379,.T.);
#4934=EDGE_CURVE('',#5970,#5241,#6849,.T.);
#4935=EDGE_CURVE('',#5970,#5969,#380,.T.);
#4936=EDGE_CURVE('',#5971,#5240,#6850,.T.);
#4937=EDGE_CURVE('',#5971,#5970,#381,.T.);
#4938=EDGE_CURVE('',#5972,#5239,#6851,.T.);
#4939=EDGE_CURVE('',#5972,#5971,#382,.T.);
#4940=EDGE_CURVE('',#5973,#5238,#6852,.T.);
#4941=EDGE_CURVE('',#5973,#5972,#6853,.T.);
#4942=EDGE_CURVE('',#5974,#5237,#6854,.T.);
#4943=EDGE_CURVE('',#5974,#5973,#796,.F.);
#4944=EDGE_CURVE('',#5975,#5236,#6855,.T.);
#4945=EDGE_CURVE('',#5975,#5974,#383,.T.);
#4946=EDGE_CURVE('',#5976,#5235,#6856,.T.);
#4947=EDGE_CURVE('',#5976,#5975,#384,.T.);
#4948=EDGE_CURVE('',#5952,#5963,#385,.T.);
#4949=EDGE_CURVE('',#5954,#5964,#386,.T.);
#4950=EDGE_CURVE('',#5966,#5976,#387,.T.);
#4951=EDGE_CURVE('',#5940,#5949,#6857,.T.);
#4952=EDGE_CURVE('',#5942,#5950,#6858,.T.);
#4953=EDGE_CURVE('',#5977,#5978,#6859,.T.);
#4954=EDGE_CURVE('',#5979,#5977,#6860,.T.);
#4955=EDGE_CURVE('',#5979,#5980,#6861,.T.);
#4956=EDGE_CURVE('',#5980,#5978,#6862,.T.);
#4957=EDGE_CURVE('',#5981,#5977,#6863,.T.);
#4958=EDGE_CURVE('',#5982,#5981,#6864,.T.);
#4959=EDGE_CURVE('',#5982,#5979,#6865,.T.);
#4960=EDGE_CURVE('',#5983,#5981,#388,.T.);
#4961=EDGE_CURVE('',#5984,#5983,#6866,.T.);
#4962=EDGE_CURVE('',#5984,#5982,#389,.T.);
#4963=EDGE_CURVE('',#5985,#5983,#390,.T.);
#4964=EDGE_CURVE('',#5986,#5985,#6867,.T.);
#4965=EDGE_CURVE('',#5986,#5984,#391,.T.);
#4966=EDGE_CURVE('',#5987,#5985,#392,.T.);
#4967=EDGE_CURVE('',#5988,#5987,#6868,.T.);
#4968=EDGE_CURVE('',#5988,#5986,#393,.T.);
#4969=EDGE_CURVE('',#5989,#5990,#6869,.T.);
#4970=EDGE_CURVE('',#5991,#5989,#6870,.T.);
#4971=EDGE_CURVE('',#5991,#5992,#6871,.T.);
#4972=EDGE_CURVE('',#5992,#5990,#6872,.T.);
#4973=EDGE_CURVE('',#5993,#5989,#6873,.T.);
#4974=EDGE_CURVE('',#5994,#5993,#6874,.T.);
#4975=EDGE_CURVE('',#5994,#5991,#6875,.T.);
#4976=EDGE_CURVE('',#5995,#5993,#6876,.T.);
#4977=EDGE_CURVE('',#5996,#5995,#6877,.T.);
#4978=EDGE_CURVE('',#5996,#5994,#6878,.T.);
#4979=EDGE_CURVE('',#5997,#5995,#394,.T.);
#4980=EDGE_CURVE('',#5998,#5997,#6879,.T.);
#4981=EDGE_CURVE('',#5998,#5996,#395,.T.);
#4982=EDGE_CURVE('',#5999,#5997,#396,.T.);
#4983=EDGE_CURVE('',#6000,#5999,#6880,.T.);
#4984=EDGE_CURVE('',#6000,#5998,#397,.T.);
#4985=EDGE_CURVE('',#6001,#5999,#398,.T.);
#4986=EDGE_CURVE('',#6002,#6001,#6881,.T.);
#4987=EDGE_CURVE('',#6002,#6000,#399,.T.);
#4988=EDGE_CURVE('',#6003,#5479,#6882,.T.);
#4989=EDGE_CURVE('',#6003,#6004,#6883,.T.);
#4990=EDGE_CURVE('',#6004,#5480,#6884,.T.);
#4991=EDGE_CURVE('',#6005,#5478,#6885,.T.);
#4992=EDGE_CURVE('',#6005,#6003,#6886,.T.);
#4993=EDGE_CURVE('',#6006,#5489,#6887,.T.);
#4994=EDGE_CURVE('',#6006,#6005,#6888,.T.);
#4995=EDGE_CURVE('',#6007,#5488,#6889,.T.);
#4996=EDGE_CURVE('',#6007,#6006,#400,.T.);
#4997=EDGE_CURVE('',#6008,#5487,#6890,.T.);
#4998=EDGE_CURVE('',#6008,#6007,#401,.T.);
#4999=EDGE_CURVE('',#6009,#5486,#6891,.T.);
#5000=EDGE_CURVE('',#6009,#6008,#402,.T.);
#5001=EDGE_CURVE('',#6010,#5485,#6892,.T.);
#5002=EDGE_CURVE('',#6010,#6009,#403,.T.);
#5003=EDGE_CURVE('',#6011,#5484,#6893,.T.);
#5004=EDGE_CURVE('',#6011,#6010,#6894,.T.);
#5005=EDGE_CURVE('',#6012,#5483,#6895,.T.);
#5006=EDGE_CURVE('',#6012,#6011,#797,.F.);
#5007=EDGE_CURVE('',#6013,#5482,#6896,.T.);
#5008=EDGE_CURVE('',#6013,#6012,#404,.T.);
#5009=EDGE_CURVE('',#6014,#5481,#6897,.T.);
#5010=EDGE_CURVE('',#6014,#6013,#405,.T.);
#5011=EDGE_CURVE('',#5990,#6001,#406,.T.);
#5012=EDGE_CURVE('',#5992,#6002,#407,.T.);
#5013=EDGE_CURVE('',#6004,#6014,#408,.T.);
#5014=EDGE_CURVE('',#5978,#5987,#6898,.T.);
#5015=EDGE_CURVE('',#5980,#5988,#6899,.T.);
#5016=EDGE_CURVE('',#6015,#5491,#6900,.T.);
#5017=EDGE_CURVE('',#6015,#6016,#6901,.T.);
#5018=EDGE_CURVE('',#6016,#5492,#6902,.T.);
#5019=EDGE_CURVE('',#6017,#5490,#6903,.T.);
#5020=EDGE_CURVE('',#6017,#6015,#6904,.T.);
#5021=EDGE_CURVE('',#6018,#5501,#6905,.T.);
#5022=EDGE_CURVE('',#6018,#6017,#6906,.T.);
#5023=EDGE_CURVE('',#6019,#5500,#6907,.T.);
#5024=EDGE_CURVE('',#6019,#6018,#6908,.T.);
#5025=EDGE_CURVE('',#6020,#5499,#6909,.T.);
#5026=EDGE_CURVE('',#6020,#6019,#6910,.T.);
#5027=EDGE_CURVE('',#6021,#5498,#6911,.T.);
#5028=EDGE_CURVE('',#6021,#6020,#6912,.T.);
#5029=EDGE_CURVE('',#6022,#5497,#6913,.T.);
#5030=EDGE_CURVE('',#6022,#6021,#6914,.T.);
#5031=EDGE_CURVE('',#6023,#5496,#6915,.T.);
#5032=EDGE_CURVE('',#6023,#6022,#6916,.T.);
#5033=EDGE_CURVE('',#6024,#5495,#6917,.T.);
#5034=EDGE_CURVE('',#6024,#6023,#6918,.T.);
#5035=EDGE_CURVE('',#6025,#5494,#6919,.T.);
#5036=EDGE_CURVE('',#6025,#6024,#6920,.T.);
#5037=EDGE_CURVE('',#6026,#5493,#6921,.T.);
#5038=EDGE_CURVE('',#6026,#6025,#6922,.T.);
#5039=EDGE_CURVE('',#6016,#6026,#6923,.T.);
#5040=EDGE_CURVE('',#6027,#6028,#6924,.T.);
#5041=EDGE_CURVE('',#6028,#5180,#6925,.F.);
#5042=EDGE_CURVE('',#6029,#5180,#6926,.T.);
#5043=EDGE_CURVE('',#6029,#6027,#6927,.T.);
#5044=EDGE_CURVE('',#6030,#5179,#6928,.T.);
#5045=EDGE_CURVE('',#6029,#6030,#6929,.T.);
#5046=EDGE_CURVE('',#5179,#6031,#6930,.T.);
#5047=EDGE_CURVE('',#6032,#6031,#6931,.T.);
#5048=EDGE_CURVE('',#6030,#6032,#6932,.T.);
#5049=EDGE_CURVE('',#6031,#6028,#6933,.F.);
#5050=EDGE_CURVE('',#6027,#6032,#6934,.T.);
#5051=EDGE_CURVE('',#6033,#6034,#6935,.T.);
#5052=EDGE_CURVE('',#6034,#6035,#6936,.T.);
#5053=EDGE_CURVE('',#6036,#6035,#6937,.T.);
#5054=EDGE_CURVE('',#6033,#6036,#6938,.T.);
#5055=EDGE_CURVE('',#6037,#6038,#6939,.T.);
#5056=EDGE_CURVE('',#6034,#6038,#6940,.T.);
#5057=EDGE_CURVE('',#6033,#6037,#6941,.T.);
#5058=EDGE_CURVE('',#6037,#6039,#6942,.T.);
#5059=EDGE_CURVE('',#6036,#6039,#6943,.T.);
#5060=EDGE_CURVE('',#6039,#6040,#6944,.T.);
#5061=EDGE_CURVE('',#6035,#6040,#6945,.T.);
#5062=EDGE_CURVE('',#6038,#6040,#6946,.T.);
#5063=EDGE_CURVE('',#6041,#6042,#798,.F.);
#5064=EDGE_CURVE('',#6042,#5578,#6947,.F.);
#5065=EDGE_CURVE('',#5577,#6041,#6948,.T.);
#5066=EDGE_CURVE('',#5218,#6043,#799,.T.);
#5067=EDGE_CURVE('',#6043,#5147,#800,.T.);
#5068=EDGE_CURVE('',#6041,#6043,#409,.F.);
#5069=EDGE_CURVE('',#6041,#5147,#410,.F.);
#5070=EDGE_CURVE('',#6042,#5146,#411,.F.);
#5071=EDGE_CURVE('',#5146,#6044,#801,.T.);
#5072=EDGE_CURVE('',#6044,#5217,#802,.T.);
#5073=EDGE_CURVE('',#6042,#6044,#412,.F.);
#5074=EDGE_CURVE('',#6045,#6045,#803,.F.);
#5075=EDGE_CURVE('',#5573,#6046,#6949,.T.);
#5076=EDGE_CURVE('',#6046,#6047,#804,.F.);
#5077=EDGE_CURVE('',#6047,#5574,#6950,.F.);
#5078=EDGE_CURVE('',#5209,#6048,#805,.F.);
#5079=EDGE_CURVE('',#6048,#6047,#413,.T.);
#5080=EDGE_CURVE('',#5158,#6048,#806,.T.);
#5081=EDGE_CURVE('',#5158,#6047,#414,.T.);
#5082=EDGE_CURVE('',#5159,#6046,#415,.T.);
#5083=EDGE_CURVE('',#5159,#6049,#807,.F.);
#5084=EDGE_CURVE('',#6049,#6046,#416,.T.);
#5085=EDGE_CURVE('',#5210,#6049,#808,.T.);
#5086=EDGE_CURVE('',#6050,#6050,#809,.F.);
#5087=EDGE_CURVE('',#5575,#6051,#6951,.T.);
#5088=EDGE_CURVE('',#6051,#6052,#810,.F.);
#5089=EDGE_CURVE('',#6052,#5576,#6952,.F.);
#5090=EDGE_CURVE('',#5201,#6053,#811,.F.);
#5091=EDGE_CURVE('',#6053,#6052,#417,.T.);
#5092=EDGE_CURVE('',#5152,#6053,#812,.T.);
#5093=EDGE_CURVE('',#5152,#6052,#418,.T.);
#5094=EDGE_CURVE('',#5153,#6051,#419,.T.);
#5095=EDGE_CURVE('',#5153,#6054,#813,.F.);
#5096=EDGE_CURVE('',#6054,#6051,#420,.T.);
#5097=EDGE_CURVE('',#5202,#6054,#814,.T.);
#5098=EDGE_CURVE('',#6055,#6055,#815,.F.);
#5099=EDGE_CURVE('',#5571,#6056,#6953,.T.);
#5100=EDGE_CURVE('',#6056,#6057,#816,.F.);
#5101=EDGE_CURVE('',#6057,#5572,#6954,.F.);
#5102=EDGE_CURVE('',#5198,#6058,#817,.F.);
#5103=EDGE_CURVE('',#6058,#6057,#421,.T.);
#5104=EDGE_CURVE('',#5140,#6058,#818,.T.);
#5105=EDGE_CURVE('',#5140,#6057,#422,.T.);
#5106=EDGE_CURVE('',#5141,#6056,#423,.T.);
#5107=EDGE_CURVE('',#5141,#6059,#819,.F.);
#5108=EDGE_CURVE('',#6059,#6056,#424,.T.);
#5109=EDGE_CURVE('',#5186,#6059,#820,.T.);
#5110=EDGE_CURVE('',#6060,#6060,#821,.F.);
#5111=EDGE_CURVE('',#5175,#6028,#443,.F.);
#5112=EDGE_CURVE('',#5176,#6031,#444,.F.);
#5113=EDGE_CURVE('',#5600,#5178,#6955,.T.);
#5114=EDGE_CURVE('',#5601,#5181,#6956,.T.);
#5115=EDGE_CURVE('',#5823,#5227,#822,.T.);
#5116=EDGE_CURVE('',#5224,#5826,#823,.T.);
#5117=EDGE_CURVE('',#5225,#5825,#824,.T.);
#5118=EDGE_CURVE('',#5824,#5226,#825,.T.);
#5119=EDGE_CURVE('',#5827,#5231,#826,.T.);
#5120=EDGE_CURVE('',#5228,#5830,#827,.T.);
#5121=EDGE_CURVE('',#5229,#5829,#828,.T.);
#5122=EDGE_CURVE('',#5828,#5230,#829,.T.);
#5123=VERTEX_POINT('',#12917);
#5124=VERTEX_POINT('',#12918);
#5125=VERTEX_POINT('',#12920);
#5126=VERTEX_POINT('',#12922);
#5127=VERTEX_POINT('',#12926);
#5128=VERTEX_POINT('',#12928);
#5129=VERTEX_POINT('',#12930);
#5130=VERTEX_POINT('',#12931);
#5131=VERTEX_POINT('',#12933);
#5132=VERTEX_POINT('',#12935);
#5133=VERTEX_POINT('',#12938);
#5134=VERTEX_POINT('',#12939);
#5135=VERTEX_POINT('',#12941);
#5136=VERTEX_POINT('',#12943);
#5137=VERTEX_POINT('',#12946);
#5138=VERTEX_POINT('',#12948);
#5139=VERTEX_POINT('',#12950);
#5140=VERTEX_POINT('',#12952);
#5141=VERTEX_POINT('',#12953);
#5142=VERTEX_POINT('',#12955);
#5143=VERTEX_POINT('',#12957);
#5144=VERTEX_POINT('',#12959);
#5145=VERTEX_POINT('',#12961);
#5146=VERTEX_POINT('',#12963);
#5147=VERTEX_POINT('',#12965);
#5148=VERTEX_POINT('',#12967);
#5149=VERTEX_POINT('',#12969);
#5150=VERTEX_POINT('',#12971);
#5151=VERTEX_POINT('',#12973);
#5152=VERTEX_POINT('',#12975);
#5153=VERTEX_POINT('',#12977);
#5154=VERTEX_POINT('',#12979);
#5155=VERTEX_POINT('',#12981);
#5156=VERTEX_POINT('',#12983);
#5157=VERTEX_POINT('',#12985);
#5158=VERTEX_POINT('',#12987);
#5159=VERTEX_POINT('',#12989);
#5160=VERTEX_POINT('',#12991);
#5161=VERTEX_POINT('',#12993);
#5162=VERTEX_POINT('',#12995);
#5163=VERTEX_POINT('',#12997);
#5164=VERTEX_POINT('',#13000);
#5165=VERTEX_POINT('',#13002);
#5166=VERTEX_POINT('',#13004);
#5167=VERTEX_POINT('',#13006);
#5168=VERTEX_POINT('',#13008);
#5169=VERTEX_POINT('',#13010);
#5170=VERTEX_POINT('',#13012);
#5171=VERTEX_POINT('',#13014);
#5172=VERTEX_POINT('',#13016);
#5173=VERTEX_POINT('',#13018);
#5174=VERTEX_POINT('',#13020);
#5175=VERTEX_POINT('',#13022);
#5176=VERTEX_POINT('',#13024);
#5177=VERTEX_POINT('',#13026);
#5178=VERTEX_POINT('',#13030);
#5179=VERTEX_POINT('',#13032);
#5180=VERTEX_POINT('',#13034);
#5181=VERTEX_POINT('',#13037);
#5182=VERTEX_POINT('',#13041);
#5183=VERTEX_POINT('',#13042);
#5184=VERTEX_POINT('',#13044);
#5185=VERTEX_POINT('',#13046);
#5186=VERTEX_POINT('',#13049);
#5187=VERTEX_POINT('',#13050);
#5188=VERTEX_POINT('',#13052);
#5189=VERTEX_POINT('',#13054);
#5190=VERTEX_POINT('',#13056);
#5191=VERTEX_POINT('',#13058);
#5192=VERTEX_POINT('',#13062);
#5193=VERTEX_POINT('',#13063);
#5194=VERTEX_POINT('',#13065);
#5195=VERTEX_POINT('',#13067);
#5196=VERTEX_POINT('',#13070);
#5197=VERTEX_POINT('',#13071);
#5198=VERTEX_POINT('',#13073);
#5199=VERTEX_POINT('',#13075);
#5200=VERTEX_POINT('',#13085);
#5201=VERTEX_POINT('',#13086);
#5202=VERTEX_POINT('',#13091);
#5203=VERTEX_POINT('',#13093);
#5204=VERTEX_POINT('',#13097);
#5205=VERTEX_POINT('',#13098);
#5206=VERTEX_POINT('',#13103);
#5207=VERTEX_POINT('',#13105);
#5208=VERTEX_POINT('',#13109);
#5209=VERTEX_POINT('',#13110);
#5210=VERTEX_POINT('',#13115);
#5211=VERTEX_POINT('',#13117);
#5212=VERTEX_POINT('',#13121);
#5213=VERTEX_POINT('',#13122);
#5214=VERTEX_POINT('',#13127);
#5215=VERTEX_POINT('',#13129);
#5216=VERTEX_POINT('',#13133);
#5217=VERTEX_POINT('',#13134);
#5218=VERTEX_POINT('',#13139);
#5219=VERTEX_POINT('',#13141);
#5220=VERTEX_POINT('',#13145);
#5221=VERTEX_POINT('',#13147);
#5222=VERTEX_POINT('',#13151);
#5223=VERTEX_POINT('',#13152);
#5224=VERTEX_POINT('',#13157);
#5225=VERTEX_POINT('',#13158);
#5226=VERTEX_POINT('',#13160);
#5227=VERTEX_POINT('',#13162);
#5228=VERTEX_POINT('',#13165);
#5229=VERTEX_POINT('',#13166);
#5230=VERTEX_POINT('',#13168);
#5231=VERTEX_POINT('',#13170);
#5232=VERTEX_POINT('',#13173);
#5233=VERTEX_POINT('',#13174);
#5234=VERTEX_POINT('',#13176);
#5235=VERTEX_POINT('',#13180);
#5236=VERTEX_POINT('',#13184);
#5237=VERTEX_POINT('',#13188);
#5238=VERTEX_POINT('',#13190);
#5239=VERTEX_POINT('',#13192);
#5240=VERTEX_POINT('',#13196);
#5241=VERTEX_POINT('',#13200);
#5242=VERTEX_POINT('',#13204);
#5243=VERTEX_POINT('',#13208);
#5244=VERTEX_POINT('',#13213);
#5245=VERTEX_POINT('',#13214);
#5246=VERTEX_POINT('',#13218);
#5247=VERTEX_POINT('',#13222);
#5248=VERTEX_POINT('',#13224);
#5249=VERTEX_POINT('',#13226);
#5250=VERTEX_POINT('',#13228);
#5251=VERTEX_POINT('',#13230);
#5252=VERTEX_POINT('',#13232);
#5253=VERTEX_POINT('',#13237);
#5254=VERTEX_POINT('',#13238);
#5255=VERTEX_POINT('',#13240);
#5256=VERTEX_POINT('',#13242);
#5257=VERTEX_POINT('',#13244);
#5258=VERTEX_POINT('',#13246);
#5259=VERTEX_POINT('',#13248);
#5260=VERTEX_POINT('',#13250);
#5261=VERTEX_POINT('',#13252);
#5262=VERTEX_POINT('',#13254);
#5263=VERTEX_POINT('',#13256);
#5264=VERTEX_POINT('',#13258);
#5265=VERTEX_POINT('',#13261);
#5266=VERTEX_POINT('',#13262);
#5267=VERTEX_POINT('',#13264);
#5268=VERTEX_POINT('',#13266);
#5269=VERTEX_POINT('',#13268);
#5270=VERTEX_POINT('',#13270);
#5271=VERTEX_POINT('',#13272);
#5272=VERTEX_POINT('',#13274);
#5273=VERTEX_POINT('',#13276);
#5274=VERTEX_POINT('',#13278);
#5275=VERTEX_POINT('',#13280);
#5276=VERTEX_POINT('',#13282);
#5277=VERTEX_POINT('',#13287);
#5278=VERTEX_POINT('',#13288);
#5279=VERTEX_POINT('',#13292);
#5280=VERTEX_POINT('',#13296);
#5281=VERTEX_POINT('',#13300);
#5282=VERTEX_POINT('',#13302);
#5283=VERTEX_POINT('',#13306);
#5284=VERTEX_POINT('',#13308);
#5285=VERTEX_POINT('',#13312);
#5286=VERTEX_POINT('',#13316);
#5287=VERTEX_POINT('',#13318);
#5288=VERTEX_POINT('',#13320);
#5289=VERTEX_POINT('',#13324);
#5290=VERTEX_POINT('',#13328);
#5291=VERTEX_POINT('',#13330);
#5292=VERTEX_POINT('',#13332);
#5293=VERTEX_POINT('',#13336);
#5294=VERTEX_POINT('',#13340);
#5295=VERTEX_POINT('',#13342);
#5296=VERTEX_POINT('',#13344);
#5297=VERTEX_POINT('',#13346);
#5298=VERTEX_POINT('',#13348);
#5299=VERTEX_POINT('',#13350);
#5300=VERTEX_POINT('',#13354);
#5301=VERTEX_POINT('',#13356);
#5302=VERTEX_POINT('',#13358);
#5303=VERTEX_POINT('',#13360);
#5304=VERTEX_POINT('',#13364);
#5305=VERTEX_POINT('',#13369);
#5306=VERTEX_POINT('',#13370);
#5307=VERTEX_POINT('',#13372);
#5308=VERTEX_POINT('',#13374);
#5309=VERTEX_POINT('',#13377);
#5310=VERTEX_POINT('',#13378);
#5311=VERTEX_POINT('',#13380);
#5312=VERTEX_POINT('',#13382);
#5313=VERTEX_POINT('',#13384);
#5314=VERTEX_POINT('',#13386);
#5315=VERTEX_POINT('',#13388);
#5316=VERTEX_POINT('',#13390);
#5317=VERTEX_POINT('',#13393);
#5318=VERTEX_POINT('',#13394);
#5319=VERTEX_POINT('',#13398);
#5320=VERTEX_POINT('',#13402);
#5321=VERTEX_POINT('',#13406);
#5322=VERTEX_POINT('',#13410);
#5323=VERTEX_POINT('',#13412);
#5324=VERTEX_POINT('',#13414);
#5325=VERTEX_POINT('',#13418);
#5326=VERTEX_POINT('',#13422);
#5327=VERTEX_POINT('',#13426);
#5328=VERTEX_POINT('',#13428);
#5329=VERTEX_POINT('',#13432);
#5330=VERTEX_POINT('',#13436);
#5331=VERTEX_POINT('',#13438);
#5332=VERTEX_POINT('',#13441);
#5333=VERTEX_POINT('',#13442);
#5334=VERTEX_POINT('',#13444);
#5335=VERTEX_POINT('',#13446);
#5336=VERTEX_POINT('',#13448);
#5337=VERTEX_POINT('',#13450);
#5338=VERTEX_POINT('',#13452);
#5339=VERTEX_POINT('',#13454);
#5340=VERTEX_POINT('',#13456);
#5341=VERTEX_POINT('',#13458);
#5342=VERTEX_POINT('',#13460);
#5343=VERTEX_POINT('',#13462);
#5344=VERTEX_POINT('',#13465);
#5345=VERTEX_POINT('',#13466);
#5346=VERTEX_POINT('',#13468);
#5347=VERTEX_POINT('',#13470);
#5348=VERTEX_POINT('',#13472);
#5349=VERTEX_POINT('',#13474);
#5350=VERTEX_POINT('',#13479);
#5351=VERTEX_POINT('',#13480);
#5352=VERTEX_POINT('',#13484);
#5353=VERTEX_POINT('',#13488);
#5354=VERTEX_POINT('',#13492);
#5355=VERTEX_POINT('',#13494);
#5356=VERTEX_POINT('',#13498);
#5357=VERTEX_POINT('',#13500);
#5358=VERTEX_POINT('',#13504);
#5359=VERTEX_POINT('',#13508);
#5360=VERTEX_POINT('',#13510);
#5361=VERTEX_POINT('',#13512);
#5362=VERTEX_POINT('',#13516);
#5363=VERTEX_POINT('',#13520);
#5364=VERTEX_POINT('',#13522);
#5365=VERTEX_POINT('',#13524);
#5366=VERTEX_POINT('',#13528);
#5367=VERTEX_POINT('',#13532);
#5368=VERTEX_POINT('',#13534);
#5369=VERTEX_POINT('',#13536);
#5370=VERTEX_POINT('',#13538);
#5371=VERTEX_POINT('',#13540);
#5372=VERTEX_POINT('',#13542);
#5373=VERTEX_POINT('',#13546);
#5374=VERTEX_POINT('',#13548);
#5375=VERTEX_POINT('',#13550);
#5376=VERTEX_POINT('',#13552);
#5377=VERTEX_POINT('',#13556);
#5378=VERTEX_POINT('',#13561);
#5379=VERTEX_POINT('',#13562);
#5380=VERTEX_POINT('',#13564);
#5381=VERTEX_POINT('',#13566);
#5382=VERTEX_POINT('',#13568);
#5383=VERTEX_POINT('',#13570);
#5384=VERTEX_POINT('',#13572);
#5385=VERTEX_POINT('',#13574);
#5386=VERTEX_POINT('',#13576);
#5387=VERTEX_POINT('',#13578);
#5388=VERTEX_POINT('',#13580);
#5389=VERTEX_POINT('',#13582);
#5390=VERTEX_POINT('',#13585);
#5391=VERTEX_POINT('',#13586);
#5392=VERTEX_POINT('',#13588);
#5393=VERTEX_POINT('',#13590);
#5394=VERTEX_POINT('',#13592);
#5395=VERTEX_POINT('',#13594);
#5396=VERTEX_POINT('',#13596);
#5397=VERTEX_POINT('',#13598);
#5398=VERTEX_POINT('',#13601);
#5399=VERTEX_POINT('',#13602);
#5400=VERTEX_POINT('',#13604);
#5401=VERTEX_POINT('',#13606);
#5402=VERTEX_POINT('',#13608);
#5403=VERTEX_POINT('',#13610);
#5404=VERTEX_POINT('',#13612);
#5405=VERTEX_POINT('',#13614);
#5406=VERTEX_POINT('',#13617);
#5407=VERTEX_POINT('',#13618);
#5408=VERTEX_POINT('',#13620);
#5409=VERTEX_POINT('',#13622);
#5410=VERTEX_POINT('',#13624);
#5411=VERTEX_POINT('',#13626);
#5412=VERTEX_POINT('',#13628);
#5413=VERTEX_POINT('',#13630);
#5414=VERTEX_POINT('',#13633);
#5415=VERTEX_POINT('',#13635);
#5416=VERTEX_POINT('',#13637);
#5417=VERTEX_POINT('',#13638);
#5418=VERTEX_POINT('',#13640);
#5419=VERTEX_POINT('',#13642);
#5420=VERTEX_POINT('',#13645);
#5421=VERTEX_POINT('',#13646);
#5422=VERTEX_POINT('',#13648);
#5423=VERTEX_POINT('',#13650);
#5424=VERTEX_POINT('',#13652);
#5425=VERTEX_POINT('',#13654);
#5426=VERTEX_POINT('',#13656);
#5427=VERTEX_POINT('',#13658);
#5428=VERTEX_POINT('',#13663);
#5429=VERTEX_POINT('',#13664);
#5430=VERTEX_POINT('',#13668);
#5431=VERTEX_POINT('',#13672);
#5432=VERTEX_POINT('',#13676);
#5433=VERTEX_POINT('',#13678);
#5434=VERTEX_POINT('',#13682);
#5435=VERTEX_POINT('',#13684);
#5436=VERTEX_POINT('',#13688);
#5437=VERTEX_POINT('',#13692);
#5438=VERTEX_POINT('',#13694);
#5439=VERTEX_POINT('',#13696);
#5440=VERTEX_POINT('',#13700);
#5441=VERTEX_POINT('',#13704);
#5442=VERTEX_POINT('',#13706);
#5443=VERTEX_POINT('',#13708);
#5444=VERTEX_POINT('',#13712);
#5445=VERTEX_POINT('',#13716);
#5446=VERTEX_POINT('',#13718);
#5447=VERTEX_POINT('',#13720);
#5448=VERTEX_POINT('',#13722);
#5449=VERTEX_POINT('',#13724);
#5450=VERTEX_POINT('',#13726);
#5451=VERTEX_POINT('',#13730);
#5452=VERTEX_POINT('',#13732);
#5453=VERTEX_POINT('',#13734);
#5454=VERTEX_POINT('',#13736);
#5455=VERTEX_POINT('',#13740);
#5456=VERTEX_POINT('',#13745);
#5457=VERTEX_POINT('',#13746);
#5458=VERTEX_POINT('',#13748);
#5459=VERTEX_POINT('',#13750);
#5460=VERTEX_POINT('',#13752);
#5461=VERTEX_POINT('',#13754);
#5462=VERTEX_POINT('',#13758);
#5463=VERTEX_POINT('',#13762);
#5464=VERTEX_POINT('',#13764);
#5465=VERTEX_POINT('',#13768);
#5466=VERTEX_POINT('',#13770);
#5467=VERTEX_POINT('',#13772);
#5468=VERTEX_POINT('',#13775);
#5469=VERTEX_POINT('',#13777);
#5470=VERTEX_POINT('',#13779);
#5471=VERTEX_POINT('',#13783);
#5472=VERTEX_POINT('',#13784);
#5473=VERTEX_POINT('',#13788);
#5474=VERTEX_POINT('',#13792);
#5475=VERTEX_POINT('',#13794);
#5476=VERTEX_POINT('',#13796);
#5477=VERTEX_POINT('',#13798);
#5478=VERTEX_POINT('',#13803);
#5479=VERTEX_POINT('',#13804);
#5480=VERTEX_POINT('',#13806);
#5481=VERTEX_POINT('',#13810);
#5482=VERTEX_POINT('',#13814);
#5483=VERTEX_POINT('',#13818);
#5484=VERTEX_POINT('',#13820);
#5485=VERTEX_POINT('',#13822);
#5486=VERTEX_POINT('',#13826);
#5487=VERTEX_POINT('',#13830);
#5488=VERTEX_POINT('',#13834);
#5489=VERTEX_POINT('',#13838);
#5490=VERTEX_POINT('',#13841);
#5491=VERTEX_POINT('',#13842);
#5492=VERTEX_POINT('',#13844);
#5493=VERTEX_POINT('',#13846);
#5494=VERTEX_POINT('',#13848);
#5495=VERTEX_POINT('',#13850);
#5496=VERTEX_POINT('',#13852);
#5497=VERTEX_POINT('',#13854);
#5498=VERTEX_POINT('',#13856);
#5499=VERTEX_POINT('',#13858);
#5500=VERTEX_POINT('',#13860);
#5501=VERTEX_POINT('',#13862);
#5502=VERTEX_POINT('',#13866);
#5503=VERTEX_POINT('',#13867);
#5504=VERTEX_POINT('',#13869);
#5505=VERTEX_POINT('',#13871);
#5506=VERTEX_POINT('',#13873);
#5507=VERTEX_POINT('',#13875);
#5508=VERTEX_POINT('',#13877);
#5509=VERTEX_POINT('',#13879);
#5510=VERTEX_POINT('',#13881);
#5511=VERTEX_POINT('',#13883);
#5512=VERTEX_POINT('',#13885);
#5513=VERTEX_POINT('',#13887);
#5514=VERTEX_POINT('',#13889);
#5515=VERTEX_POINT('',#13891);
#5516=VERTEX_POINT('',#13895);
#5517=VERTEX_POINT('',#13896);
#5518=VERTEX_POINT('',#13898);
#5519=VERTEX_POINT('',#13902);
#5520=VERTEX_POINT('',#13906);
#5521=VERTEX_POINT('',#13910);
#5522=VERTEX_POINT('',#13912);
#5523=VERTEX_POINT('',#13914);
#5524=VERTEX_POINT('',#13918);
#5525=VERTEX_POINT('',#13922);
#5526=VERTEX_POINT('',#13926);
#5527=VERTEX_POINT('',#13930);
#5528=VERTEX_POINT('',#13933);
#5529=VERTEX_POINT('',#13935);
#5530=VERTEX_POINT('',#13937);
#5531=VERTEX_POINT('',#13939);
#5532=VERTEX_POINT('',#13940);
#5533=VERTEX_POINT('',#13942);
#5534=VERTEX_POINT('',#13944);
#5535=VERTEX_POINT('',#13946);
#5536=VERTEX_POINT('',#13948);
#5537=VERTEX_POINT('',#13950);
#5538=VERTEX_POINT('',#13952);
#5539=VERTEX_POINT('',#13956);
#5540=VERTEX_POINT('',#13957);
#5541=VERTEX_POINT('',#13959);
#5542=VERTEX_POINT('',#13961);
#5543=VERTEX_POINT('',#13963);
#5544=VERTEX_POINT('',#13965);
#5545=VERTEX_POINT('',#13967);
#5546=VERTEX_POINT('',#13969);
#5547=VERTEX_POINT('',#13971);
#5548=VERTEX_POINT('',#13973);
#5549=VERTEX_POINT('',#13975);
#5550=VERTEX_POINT('',#13977);
#5551=VERTEX_POINT('',#13980);
#5552=VERTEX_POINT('',#13986);
#5553=VERTEX_POINT('',#13990);
#5554=VERTEX_POINT('',#13994);
#5555=VERTEX_POINT('',#13998);
#5556=VERTEX_POINT('',#14002);
#5557=VERTEX_POINT('',#14006);
#5558=VERTEX_POINT('',#14012);
#5559=VERTEX_POINT('',#14013);
#5560=VERTEX_POINT('',#14016);
#5561=VERTEX_POINT('',#14021);
#5562=VERTEX_POINT('',#14025);
#5563=VERTEX_POINT('',#14029);
#5564=VERTEX_POINT('',#14033);
#5565=VERTEX_POINT('',#14037);
#5566=VERTEX_POINT('',#14041);
#5567=VERTEX_POINT('',#14043);
#5568=VERTEX_POINT('',#14048);
#5569=VERTEX_POINT('',#14050);
#5570=VERTEX_POINT('',#14053);
#5571=VERTEX_POINT('',#14056);
#5572=VERTEX_POINT('',#14058);
#5573=VERTEX_POINT('',#14062);
#5574=VERTEX_POINT('',#14064);
#5575=VERTEX_POINT('',#14068);
#5576=VERTEX_POINT('',#14070);
#5577=VERTEX_POINT('',#14074);
#5578=VERTEX_POINT('',#14076);
#5579=VERTEX_POINT('',#14080);
#5580=VERTEX_POINT('',#14082);
#5581=VERTEX_POINT('',#14084);
#5582=VERTEX_POINT('',#14099);
#5583=VERTEX_POINT('',#14100);
#5584=VERTEX_POINT('',#14102);
#5585=VERTEX_POINT('',#14104);
#5586=VERTEX_POINT('',#14108);
#5587=VERTEX_POINT('',#14110);
#5588=VERTEX_POINT('',#14114);
#5589=VERTEX_POINT('',#14116);
#5590=VERTEX_POINT('',#14133);
#5591=VERTEX_POINT('',#14136);
#5592=VERTEX_POINT('',#14141);
#5593=VERTEX_POINT('',#14143);
#5594=VERTEX_POINT('',#14147);
#5595=VERTEX_POINT('',#14151);
#5596=VERTEX_POINT('',#14155);
#5597=VERTEX_POINT('',#14159);
#5598=VERTEX_POINT('',#14163);
#5599=VERTEX_POINT('',#14167);
#5600=VERTEX_POINT('',#14186);
#5601=VERTEX_POINT('',#14192);
#5602=VERTEX_POINT('',#14209);
#5603=VERTEX_POINT('',#14213);
#5604=VERTEX_POINT('',#14224);
#5605=VERTEX_POINT('',#14237);
#5606=VERTEX_POINT('',#14250);
#5607=VERTEX_POINT('',#14256);
#5608=VERTEX_POINT('',#14260);
#5609=VERTEX_POINT('',#14264);
#5610=VERTEX_POINT('',#14275);
#5611=VERTEX_POINT('',#14281);
#5612=VERTEX_POINT('',#14285);
#5613=VERTEX_POINT('',#14289);
#5614=VERTEX_POINT('',#14293);
#5615=VERTEX_POINT('',#14297);
#5616=VERTEX_POINT('',#14308);
#5617=VERTEX_POINT('',#14321);
#5618=VERTEX_POINT('',#14327);
#5619=VERTEX_POINT('',#14331);
#5620=VERTEX_POINT('',#14342);
#5621=VERTEX_POINT('',#14355);
#5622=VERTEX_POINT('',#14361);
#5623=VERTEX_POINT('',#14365);
#5624=VERTEX_POINT('',#14376);
#5625=VERTEX_POINT('',#14389);
#5626=VERTEX_POINT('',#14395);
#5627=VERTEX_POINT('',#14406);
#5628=VERTEX_POINT('',#14412);
#5629=VERTEX_POINT('',#14423);
#5630=VERTEX_POINT('',#14441);
#5631=VERTEX_POINT('',#14443);
#5632=VERTEX_POINT('',#14447);
#5633=VERTEX_POINT('',#14451);
#5634=VERTEX_POINT('',#14455);
#5635=VERTEX_POINT('',#14459);
#5636=VERTEX_POINT('',#14470);
#5637=VERTEX_POINT('',#14476);
#5638=VERTEX_POINT('',#14487);
#5639=VERTEX_POINT('',#14500);
#5640=VERTEX_POINT('',#14506);
#5641=VERTEX_POINT('',#14510);
#5642=VERTEX_POINT('',#14514);
#5643=VERTEX_POINT('',#14515);
#5644=VERTEX_POINT('',#14517);
#5645=VERTEX_POINT('',#14519);
#5646=VERTEX_POINT('',#14523);
#5647=VERTEX_POINT('',#14525);
#5648=VERTEX_POINT('',#14529);
#5649=VERTEX_POINT('',#14531);
#5650=VERTEX_POINT('',#14544);
#5651=VERTEX_POINT('',#14546);
#5652=VERTEX_POINT('',#14561);
#5653=VERTEX_POINT('',#14563);
#5654=VERTEX_POINT('',#14578);
#5655=VERTEX_POINT('',#14580);
#5656=VERTEX_POINT('',#14604);
#5657=VERTEX_POINT('',#14605);
#5658=VERTEX_POINT('',#14607);
#5659=VERTEX_POINT('',#14609);
#5660=VERTEX_POINT('',#14613);
#5661=VERTEX_POINT('',#14615);
#5662=VERTEX_POINT('',#14628);
#5663=VERTEX_POINT('',#14630);
#5664=VERTEX_POINT('',#14636);
#5665=VERTEX_POINT('',#14638);
#5666=VERTEX_POINT('',#14642);
#5667=VERTEX_POINT('',#14646);
#5668=VERTEX_POINT('',#14650);
#5669=VERTEX_POINT('',#14654);
#5670=VERTEX_POINT('',#14658);
#5671=VERTEX_POINT('',#14662);
#5672=VERTEX_POINT('',#14672);
#5673=VERTEX_POINT('',#14674);
#5674=VERTEX_POINT('',#14678);
#5675=VERTEX_POINT('',#14682);
#5676=VERTEX_POINT('',#14686);
#5677=VERTEX_POINT('',#14690);
#5678=VERTEX_POINT('',#14694);
#5679=VERTEX_POINT('',#14698);
#5680=VERTEX_POINT('',#14705);
#5681=VERTEX_POINT('',#14707);
#5682=VERTEX_POINT('',#14711);
#5683=VERTEX_POINT('',#14715);
#5684=VERTEX_POINT('',#14719);
#5685=VERTEX_POINT('',#14723);
#5686=VERTEX_POINT('',#14727);
#5687=VERTEX_POINT('',#14731);
#5688=VERTEX_POINT('',#14738);
#5689=VERTEX_POINT('',#14740);
#5690=VERTEX_POINT('',#14744);
#5691=VERTEX_POINT('',#14748);
#5692=VERTEX_POINT('',#14752);
#5693=VERTEX_POINT('',#14756);
#5694=VERTEX_POINT('',#14760);
#5695=VERTEX_POINT('',#14764);
#5696=VERTEX_POINT('',#14768);
#5697=VERTEX_POINT('',#14772);
#5698=VERTEX_POINT('',#14776);
#5699=VERTEX_POINT('',#14780);
#5700=VERTEX_POINT('',#14794);
#5701=VERTEX_POINT('',#14798);
#5702=VERTEX_POINT('',#14809);
#5703=VERTEX_POINT('',#14822);
#5704=VERTEX_POINT('',#14835);
#5705=VERTEX_POINT('',#14841);
#5706=VERTEX_POINT('',#14845);
#5707=VERTEX_POINT('',#14849);
#5708=VERTEX_POINT('',#14860);
#5709=VERTEX_POINT('',#14866);
#5710=VERTEX_POINT('',#14870);
#5711=VERTEX_POINT('',#14874);
#5712=VERTEX_POINT('',#14878);
#5713=VERTEX_POINT('',#14882);
#5714=VERTEX_POINT('',#14893);
#5715=VERTEX_POINT('',#14906);
#5716=VERTEX_POINT('',#14912);
#5717=VERTEX_POINT('',#14916);
#5718=VERTEX_POINT('',#14927);
#5719=VERTEX_POINT('',#14940);
#5720=VERTEX_POINT('',#14946);
#5721=VERTEX_POINT('',#14950);
#5722=VERTEX_POINT('',#14961);
#5723=VERTEX_POINT('',#14974);
#5724=VERTEX_POINT('',#14980);
#5725=VERTEX_POINT('',#14991);
#5726=VERTEX_POINT('',#14997);
#5727=VERTEX_POINT('',#15008);
#5728=VERTEX_POINT('',#15026);
#5729=VERTEX_POINT('',#15028);
#5730=VERTEX_POINT('',#15032);
#5731=VERTEX_POINT('',#15036);
#5732=VERTEX_POINT('',#15040);
#5733=VERTEX_POINT('',#15044);
#5734=VERTEX_POINT('',#15051);
#5735=VERTEX_POINT('',#15053);
#5736=VERTEX_POINT('',#15057);
#5737=VERTEX_POINT('',#15061);
#5738=VERTEX_POINT('',#15065);
#5739=VERTEX_POINT('',#15069);
#5740=VERTEX_POINT('',#15073);
#5741=VERTEX_POINT('',#15077);
#5742=VERTEX_POINT('',#15081);
#5743=VERTEX_POINT('',#15085);
#5744=VERTEX_POINT('',#15089);
#5745=VERTEX_POINT('',#15093);
#5746=VERTEX_POINT('',#15107);
#5747=VERTEX_POINT('',#15111);
#5748=VERTEX_POINT('',#15115);
#5749=VERTEX_POINT('',#15119);
#5750=VERTEX_POINT('',#15123);
#5751=VERTEX_POINT('',#15134);
#5752=VERTEX_POINT('',#15147);
#5753=VERTEX_POINT('',#15153);
#5754=VERTEX_POINT('',#15164);
#5755=VERTEX_POINT('',#15177);
#5756=VERTEX_POINT('',#15190);
#5757=VERTEX_POINT('',#15196);
#5758=VERTEX_POINT('',#15200);
#5759=VERTEX_POINT('',#15211);
#5760=VERTEX_POINT('',#15224);
#5761=VERTEX_POINT('',#15242);
#5762=VERTEX_POINT('',#15244);
#5763=VERTEX_POINT('',#15248);
#5764=VERTEX_POINT('',#15252);
#5765=VERTEX_POINT('',#15256);
#5766=VERTEX_POINT('',#15260);
#5767=VERTEX_POINT('',#15264);
#5768=VERTEX_POINT('',#15268);
#5769=VERTEX_POINT('',#15276);
#5770=VERTEX_POINT('',#15277);
#5771=VERTEX_POINT('',#15279);
#5772=VERTEX_POINT('',#15281);
#5773=VERTEX_POINT('',#15285);
#5774=VERTEX_POINT('',#15286);
#5775=VERTEX_POINT('',#15298);
#5776=VERTEX_POINT('',#15299);
#5777=VERTEX_POINT('',#15315);
#5778=VERTEX_POINT('',#15316);
#5779=VERTEX_POINT('',#15332);
#5780=VERTEX_POINT('',#15333);
#5781=VERTEX_POINT('',#15342);
#5782=VERTEX_POINT('',#15343);
#5783=VERTEX_POINT('',#15345);
#5784=VERTEX_POINT('',#15347);
#5785=VERTEX_POINT('',#15351);
#5786=VERTEX_POINT('',#15352);
#5787=VERTEX_POINT('',#15357);
#5788=VERTEX_POINT('',#15358);
#5789=VERTEX_POINT('',#15370);
#5790=VERTEX_POINT('',#15371);
#5791=VERTEX_POINT('',#15387);
#5792=VERTEX_POINT('',#15388);
#5793=VERTEX_POINT('',#15404);
#5794=VERTEX_POINT('',#15405);
#5795=VERTEX_POINT('',#15414);
#5796=VERTEX_POINT('',#15416);
#5797=VERTEX_POINT('',#15420);
#5798=VERTEX_POINT('',#15424);
#5799=VERTEX_POINT('',#15435);
#5800=VERTEX_POINT('',#15448);
#5801=VERTEX_POINT('',#15461);
#5802=VERTEX_POINT('',#15474);
#5803=VERTEX_POINT('',#15480);
#5804=VERTEX_POINT('',#15484);
#5805=VERTEX_POINT('',#15495);
#5806=VERTEX_POINT('',#15508);
#5807=VERTEX_POINT('',#15544);
#5808=VERTEX_POINT('',#15545);
#5809=VERTEX_POINT('',#15547);
#5810=VERTEX_POINT('',#15549);
#5811=VERTEX_POINT('',#15553);
#5812=VERTEX_POINT('',#15554);
#5813=VERTEX_POINT('',#15566);
#5814=VERTEX_POINT('',#15567);
#5815=VERTEX_POINT('',#15576);
#5816=VERTEX_POINT('',#15578);
#5817=VERTEX_POINT('',#15582);
#5818=VERTEX_POINT('',#15586);
#5819=VERTEX_POINT('',#15590);
#5820=VERTEX_POINT('',#15594);
#5821=VERTEX_POINT('',#15598);
#5822=VERTEX_POINT('',#15602);
#5823=VERTEX_POINT('',#15614);
#5824=VERTEX_POINT('',#15616);
#5825=VERTEX_POINT('',#15620);
#5826=VERTEX_POINT('',#15624);
#5827=VERTEX_POINT('',#15630);
#5828=VERTEX_POINT('',#15632);
#5829=VERTEX_POINT('',#15636);
#5830=VERTEX_POINT('',#15640);
#5831=VERTEX_POINT('',#15646);
#5832=VERTEX_POINT('',#15648);
#5833=VERTEX_POINT('',#15650);
#5834=VERTEX_POINT('',#15654);
#5835=VERTEX_POINT('',#15655);
#5836=VERTEX_POINT('',#15657);
#5837=VERTEX_POINT('',#15662);
#5838=VERTEX_POINT('',#15663);
#5839=VERTEX_POINT('',#15665);
#5840=VERTEX_POINT('',#15670);
#5841=VERTEX_POINT('',#15672);
#5842=VERTEX_POINT('',#15674);
#5843=VERTEX_POINT('',#15745);
#5844=VERTEX_POINT('',#15747);
#5845=VERTEX_POINT('',#15751);
#5846=VERTEX_POINT('',#15755);
#5847=VERTEX_POINT('',#15769);
#5848=VERTEX_POINT('',#15773);
#5849=VERTEX_POINT('',#15784);
#5850=VERTEX_POINT('',#15797);
#5851=VERTEX_POINT('',#15810);
#5852=VERTEX_POINT('',#15816);
#5853=VERTEX_POINT('',#15820);
#5854=VERTEX_POINT('',#15824);
#5855=VERTEX_POINT('',#15835);
#5856=VERTEX_POINT('',#15841);
#5857=VERTEX_POINT('',#15845);
#5858=VERTEX_POINT('',#15849);
#5859=VERTEX_POINT('',#15853);
#5860=VERTEX_POINT('',#15857);
#5861=VERTEX_POINT('',#15868);
#5862=VERTEX_POINT('',#15881);
#5863=VERTEX_POINT('',#15887);
#5864=VERTEX_POINT('',#15891);
#5865=VERTEX_POINT('',#15902);
#5866=VERTEX_POINT('',#15915);
#5867=VERTEX_POINT('',#15921);
#5868=VERTEX_POINT('',#15925);
#5869=VERTEX_POINT('',#15936);
#5870=VERTEX_POINT('',#15949);
#5871=VERTEX_POINT('',#15955);
#5872=VERTEX_POINT('',#15966);
#5873=VERTEX_POINT('',#15972);
#5874=VERTEX_POINT('',#15983);
#5875=VERTEX_POINT('',#16001);
#5876=VERTEX_POINT('',#16003);
#5877=VERTEX_POINT('',#16007);
#5878=VERTEX_POINT('',#16011);
#5879=VERTEX_POINT('',#16015);
#5880=VERTEX_POINT('',#16019);
#5881=VERTEX_POINT('',#16023);
#5882=VERTEX_POINT('',#16027);
#5883=VERTEX_POINT('',#16031);
#5884=VERTEX_POINT('',#16035);
#5885=VERTEX_POINT('',#16039);
#5886=VERTEX_POINT('',#16043);
#5887=VERTEX_POINT('',#16050);
#5888=VERTEX_POINT('',#16052);
#5889=VERTEX_POINT('',#16056);
#5890=VERTEX_POINT('',#16060);
#5891=VERTEX_POINT('',#16064);
#5892=VERTEX_POINT('',#16068);
#5893=VERTEX_POINT('',#16072);
#5894=VERTEX_POINT('',#16076);
#5895=VERTEX_POINT('',#16080);
#5896=VERTEX_POINT('',#16084);
#5897=VERTEX_POINT('',#16088);
#5898=VERTEX_POINT('',#16092);
#5899=VERTEX_POINT('',#16106);
#5900=VERTEX_POINT('',#16110);
#5901=VERTEX_POINT('',#16121);
#5902=VERTEX_POINT('',#16134);
#5903=VERTEX_POINT('',#16140);
#5904=VERTEX_POINT('',#16144);
#5905=VERTEX_POINT('',#16148);
#5906=VERTEX_POINT('',#16152);
#5907=VERTEX_POINT('',#16156);
#5908=VERTEX_POINT('',#16160);
#5909=VERTEX_POINT('',#16161);
#5910=VERTEX_POINT('',#16163);
#5911=VERTEX_POINT('',#16165);
#5912=VERTEX_POINT('',#16169);
#5913=VERTEX_POINT('',#16171);
#5914=VERTEX_POINT('',#16175);
#5915=VERTEX_POINT('',#16177);
#5916=VERTEX_POINT('',#16190);
#5917=VERTEX_POINT('',#16192);
#5918=VERTEX_POINT('',#16207);
#5919=VERTEX_POINT('',#16209);
#5920=VERTEX_POINT('',#16224);
#5921=VERTEX_POINT('',#16226);
#5922=VERTEX_POINT('',#16268);
#5923=VERTEX_POINT('',#16269);
#5924=VERTEX_POINT('',#16271);
#5925=VERTEX_POINT('',#16275);
#5926=VERTEX_POINT('',#16288);
#5927=VERTEX_POINT('',#16290);
#5928=VERTEX_POINT('',#16296);
#5929=VERTEX_POINT('',#16298);
#5930=VERTEX_POINT('',#16302);
#5931=VERTEX_POINT('',#16304);
#5932=VERTEX_POINT('',#16315);
#5933=VERTEX_POINT('',#16319);
#5934=VERTEX_POINT('',#16330);
#5935=VERTEX_POINT('',#16343);
#5936=VERTEX_POINT('',#16349);
#5937=VERTEX_POINT('',#16353);
#5938=VERTEX_POINT('',#16357);
#5939=VERTEX_POINT('',#16376);
#5940=VERTEX_POINT('',#16377);
#5941=VERTEX_POINT('',#16379);
#5942=VERTEX_POINT('',#16381);
#5943=VERTEX_POINT('',#16385);
#5944=VERTEX_POINT('',#16387);
#5945=VERTEX_POINT('',#16400);
#5946=VERTEX_POINT('',#16402);
#5947=VERTEX_POINT('',#16417);
#5948=VERTEX_POINT('',#16419);
#5949=VERTEX_POINT('',#16434);
#5950=VERTEX_POINT('',#16436);
#5951=VERTEX_POINT('',#16442);
#5952=VERTEX_POINT('',#16443);
#5953=VERTEX_POINT('',#16445);
#5954=VERTEX_POINT('',#16447);
#5955=VERTEX_POINT('',#16451);
#5956=VERTEX_POINT('',#16453);
#5957=VERTEX_POINT('',#16457);
#5958=VERTEX_POINT('',#16459);
#5959=VERTEX_POINT('',#16472);
#5960=VERTEX_POINT('',#16474);
#5961=VERTEX_POINT('',#16489);
#5962=VERTEX_POINT('',#16491);
#5963=VERTEX_POINT('',#16506);
#5964=VERTEX_POINT('',#16508);
#5965=VERTEX_POINT('',#16514);
#5966=VERTEX_POINT('',#16516);
#5967=VERTEX_POINT('',#16520);
#5968=VERTEX_POINT('',#16524);
#5969=VERTEX_POINT('',#16535);
#5970=VERTEX_POINT('',#16548);
#5971=VERTEX_POINT('',#16561);
#5972=VERTEX_POINT('',#16574);
#5973=VERTEX_POINT('',#16580);
#5974=VERTEX_POINT('',#16584);
#5975=VERTEX_POINT('',#16595);
#5976=VERTEX_POINT('',#16608);
#5977=VERTEX_POINT('',#16644);
#5978=VERTEX_POINT('',#16645);
#5979=VERTEX_POINT('',#16647);
#5980=VERTEX_POINT('',#16649);
#5981=VERTEX_POINT('',#16653);
#5982=VERTEX_POINT('',#16655);
#5983=VERTEX_POINT('',#16668);
#5984=VERTEX_POINT('',#16670);
#5985=VERTEX_POINT('',#16685);
#5986=VERTEX_POINT('',#16687);
#5987=VERTEX_POINT('',#16702);
#5988=VERTEX_POINT('',#16704);
#5989=VERTEX_POINT('',#16710);
#5990=VERTEX_POINT('',#16711);
#5991=VERTEX_POINT('',#16713);
#5992=VERTEX_POINT('',#16715);
#5993=VERTEX_POINT('',#16719);
#5994=VERTEX_POINT('',#16721);
#5995=VERTEX_POINT('',#16725);
#5996=VERTEX_POINT('',#16727);
#5997=VERTEX_POINT('',#16740);
#5998=VERTEX_POINT('',#16742);
#5999=VERTEX_POINT('',#16757);
#6000=VERTEX_POINT('',#16759);
#6001=VERTEX_POINT('',#16774);
#6002=VERTEX_POINT('',#16776);
#6003=VERTEX_POINT('',#16782);
#6004=VERTEX_POINT('',#16784);
#6005=VERTEX_POINT('',#16788);
#6006=VERTEX_POINT('',#16792);
#6007=VERTEX_POINT('',#16803);
#6008=VERTEX_POINT('',#16816);
#6009=VERTEX_POINT('',#16829);
#6010=VERTEX_POINT('',#16842);
#6011=VERTEX_POINT('',#16848);
#6012=VERTEX_POINT('',#16852);
#6013=VERTEX_POINT('',#16863);
#6014=VERTEX_POINT('',#16876);
#6015=VERTEX_POINT('',#16912);
#6016=VERTEX_POINT('',#16914);
#6017=VERTEX_POINT('',#16918);
#6018=VERTEX_POINT('',#16922);
#6019=VERTEX_POINT('',#16926);
#6020=VERTEX_POINT('',#16930);
#6021=VERTEX_POINT('',#16934);
#6022=VERTEX_POINT('',#16938);
#6023=VERTEX_POINT('',#16942);
#6024=VERTEX_POINT('',#16946);
#6025=VERTEX_POINT('',#16950);
#6026=VERTEX_POINT('',#16954);
#6027=VERTEX_POINT('',#16964);
#6028=VERTEX_POINT('',#16965);
#6029=VERTEX_POINT('',#16968);
#6030=VERTEX_POINT('',#16972);
#6031=VERTEX_POINT('',#16976);
#6032=VERTEX_POINT('',#16978);
#6033=VERTEX_POINT('',#16985);
#6034=VERTEX_POINT('',#16986);
#6035=VERTEX_POINT('',#16988);
#6036=VERTEX_POINT('',#16990);
#6037=VERTEX_POINT('',#16994);
#6038=VERTEX_POINT('',#16995);
#6039=VERTEX_POINT('',#17000);
#6040=VERTEX_POINT('',#17004);
#6041=VERTEX_POINT('',#17011);
#6042=VERTEX_POINT('',#17012);
#6043=VERTEX_POINT('',#17017);
#6044=VERTEX_POINT('',#17059);
#6045=VERTEX_POINT('',#17090);
#6046=VERTEX_POINT('',#17094);
#6047=VERTEX_POINT('',#17096);
#6048=VERTEX_POINT('',#17100);
#6049=VERTEX_POINT('',#17162);
#6050=VERTEX_POINT('',#17173);
#6051=VERTEX_POINT('',#17177);
#6052=VERTEX_POINT('',#17179);
#6053=VERTEX_POINT('',#17183);
#6054=VERTEX_POINT('',#17245);
#6055=VERTEX_POINT('',#17256);
#6056=VERTEX_POINT('',#17260);
#6057=VERTEX_POINT('',#17262);
#6058=VERTEX_POINT('',#17266);
#6059=VERTEX_POINT('',#17328);
#6060=VERTEX_POINT('',#17339);
#6061=LINE('',#12916,#6957);
#6062=LINE('',#12919,#6958);
#6063=LINE('',#12921,#6959);
#6064=LINE('',#12923,#6960);
#6065=LINE('',#12929,#6961);
#6066=LINE('',#12934,#6962);
#6067=LINE('',#12937,#6963);
#6068=LINE('',#12942,#6964);
#6069=LINE('',#12956,#6965);
#6070=LINE('',#12960,#6966);
#6071=LINE('',#12968,#6967);
#6072=LINE('',#12972,#6968);
#6073=LINE('',#12980,#6969);
#6074=LINE('',#12984,#6970);
#6075=LINE('',#12992,#6971);
#6076=LINE('',#12996,#6972);
#6077=LINE('',#12999,#6973);
#6078=LINE('',#13001,#6974);
#6079=LINE('',#13003,#6975);
#6080=LINE('',#13005,#6976);
#6081=LINE('',#13007,#6977);
#6082=LINE('',#13009,#6978);
#6083=LINE('',#13011,#6979);
#6084=LINE('',#13013,#6980);
#6085=LINE('',#13015,#6981);
#6086=LINE('',#13017,#6982);
#6087=LINE('',#13019,#6983);
#6088=LINE('',#13021,#6984);
#6089=LINE('',#13023,#6985);
#6090=LINE('',#13025,#6986);
#6091=LINE('',#13027,#6987);
#6092=LINE('',#13033,#6988);
#6093=LINE('',#13038,#6989);
#6094=LINE('',#13040,#6990);
#6095=LINE('',#13043,#6991);
#6096=LINE('',#13045,#6992);
#6097=LINE('',#13047,#6993);
#6098=LINE('',#13048,#6994);
#6099=LINE('',#13051,#6995);
#6100=LINE('',#13053,#6996);
#6101=LINE('',#13057,#6997);
#6102=LINE('',#13059,#6998);
#6103=LINE('',#13061,#6999);
#6104=LINE('',#13064,#7000);
#6105=LINE('',#13066,#7001);
#6106=LINE('',#13068,#7002);
#6107=LINE('',#13069,#7003);
#6108=LINE('',#13072,#7004);
#6109=LINE('',#13074,#7005);
#6110=LINE('',#13076,#7006);
#6111=LINE('',#13084,#7007);
#6112=LINE('',#13092,#7008);
#6113=LINE('',#13096,#7009);
#6114=LINE('',#13099,#7010);
#6115=LINE('',#13100,#7011);
#6116=LINE('',#13102,#7012);
#6117=LINE('',#13104,#7013);
#6118=LINE('',#13106,#7014);
#6119=LINE('',#13108,#7015);
#6120=LINE('',#13116,#7016);
#6121=LINE('',#13120,#7017);
#6122=LINE('',#13123,#7018);
#6123=LINE('',#13124,#7019);
#6124=LINE('',#13126,#7020);
#6125=LINE('',#13128,#7021);
#6126=LINE('',#13130,#7022);
#6127=LINE('',#13132,#7023);
#6128=LINE('',#13140,#7024);
#6129=LINE('',#13144,#7025);
#6130=LINE('',#13146,#7026);
#6131=LINE('',#13148,#7027);
#6132=LINE('',#13150,#7028);
#6133=LINE('',#13153,#7029);
#6134=LINE('',#13154,#7030);
#6135=LINE('',#13156,#7031);
#6136=LINE('',#13161,#7032);
#6137=LINE('',#13164,#7033);
#6138=LINE('',#13169,#7034);
#6139=LINE('',#13172,#7035);
#6140=LINE('',#13175,#7036);
#6141=LINE('',#13191,#7037);
#6142=LINE('',#13209,#7038);
#6143=LINE('',#13223,#7039);
#6144=LINE('',#13225,#7040);
#6145=LINE('',#13227,#7041);
#6146=LINE('',#13229,#7042);
#6147=LINE('',#13231,#7043);
#6148=LINE('',#13236,#7044);
#6149=LINE('',#13239,#7045);
#6150=LINE('',#13241,#7046);
#6151=LINE('',#13243,#7047);
#6152=LINE('',#13245,#7048);
#6153=LINE('',#13247,#7049);
#6154=LINE('',#13249,#7050);
#6155=LINE('',#13251,#7051);
#6156=LINE('',#13253,#7052);
#6157=LINE('',#13255,#7053);
#6158=LINE('',#13257,#7054);
#6159=LINE('',#13259,#7055);
#6160=LINE('',#13260,#7056);
#6161=LINE('',#13263,#7057);
#6162=LINE('',#13265,#7058);
#6163=LINE('',#13267,#7059);
#6164=LINE('',#13269,#7060);
#6165=LINE('',#13271,#7061);
#6166=LINE('',#13273,#7062);
#6167=LINE('',#13275,#7063);
#6168=LINE('',#13277,#7064);
#6169=LINE('',#13279,#7065);
#6170=LINE('',#13281,#7066);
#6171=LINE('',#13283,#7067);
#6172=LINE('',#13301,#7068);
#6173=LINE('',#13345,#7069);
#6174=LINE('',#13368,#7070);
#6175=LINE('',#13371,#7071);
#6176=LINE('',#13373,#7072);
#6177=LINE('',#13375,#7073);
#6178=LINE('',#13376,#7074);
#6179=LINE('',#13379,#7075);
#6180=LINE('',#13381,#7076);
#6181=LINE('',#13383,#7077);
#6182=LINE('',#13385,#7078);
#6183=LINE('',#13387,#7079);
#6184=LINE('',#13389,#7080);
#6185=LINE('',#13391,#7081);
#6186=LINE('',#13411,#7082);
#6187=LINE('',#13437,#7083);
#6188=LINE('',#13440,#7084);
#6189=LINE('',#13443,#7085);
#6190=LINE('',#13445,#7086);
#6191=LINE('',#13447,#7087);
#6192=LINE('',#13449,#7088);
#6193=LINE('',#13451,#7089);
#6194=LINE('',#13453,#7090);
#6195=LINE('',#13455,#7091);
#6196=LINE('',#13457,#7092);
#6197=LINE('',#13459,#7093);
#6198=LINE('',#13461,#7094);
#6199=LINE('',#13463,#7095);
#6200=LINE('',#13464,#7096);
#6201=LINE('',#13467,#7097);
#6202=LINE('',#13469,#7098);
#6203=LINE('',#13471,#7099);
#6204=LINE('',#13473,#7100);
#6205=LINE('',#13475,#7101);
#6206=LINE('',#13493,#7102);
#6207=LINE('',#13537,#7103);
#6208=LINE('',#13560,#7104);
#6209=LINE('',#13563,#7105);
#6210=LINE('',#13565,#7106);
#6211=LINE('',#13567,#7107);
#6212=LINE('',#13569,#7108);
#6213=LINE('',#13571,#7109);
#6214=LINE('',#13573,#7110);
#6215=LINE('',#13575,#7111);
#6216=LINE('',#13577,#7112);
#6217=LINE('',#13579,#7113);
#6218=LINE('',#13581,#7114);
#6219=LINE('',#13583,#7115);
#6220=LINE('',#13584,#7116);
#6221=LINE('',#13587,#7117);
#6222=LINE('',#13589,#7118);
#6223=LINE('',#13591,#7119);
#6224=LINE('',#13593,#7120);
#6225=LINE('',#13595,#7121);
#6226=LINE('',#13597,#7122);
#6227=LINE('',#13599,#7123);
#6228=LINE('',#13600,#7124);
#6229=LINE('',#13603,#7125);
#6230=LINE('',#13605,#7126);
#6231=LINE('',#13607,#7127);
#6232=LINE('',#13609,#7128);
#6233=LINE('',#13611,#7129);
#6234=LINE('',#13613,#7130);
#6235=LINE('',#13615,#7131);
#6236=LINE('',#13616,#7132);
#6237=LINE('',#13619,#7133);
#6238=LINE('',#13621,#7134);
#6239=LINE('',#13623,#7135);
#6240=LINE('',#13625,#7136);
#6241=LINE('',#13627,#7137);
#6242=LINE('',#13629,#7138);
#6243=LINE('',#13631,#7139);
#6244=LINE('',#13636,#7140);
#6245=LINE('',#13639,#7141);
#6246=LINE('',#13641,#7142);
#6247=LINE('',#13643,#7143);
#6248=LINE('',#13644,#7144);
#6249=LINE('',#13649,#7145);
#6250=LINE('',#13653,#7146);
#6251=LINE('',#13657,#7147);
#6252=LINE('',#13677,#7148);
#6253=LINE('',#13721,#7149);
#6254=LINE('',#13744,#7150);
#6255=LINE('',#13747,#7151);
#6256=LINE('',#13749,#7152);
#6257=LINE('',#13751,#7153);
#6258=LINE('',#13753,#7154);
#6259=LINE('',#13771,#7155);
#6260=LINE('',#13773,#7156);
#6261=LINE('',#13793,#7157);
#6262=LINE('',#13795,#7158);
#6263=LINE('',#13797,#7159);
#6264=LINE('',#13802,#7160);
#6265=LINE('',#13805,#7161);
#6266=LINE('',#13821,#7162);
#6267=LINE('',#13839,#7163);
#6268=LINE('',#13840,#7164);
#6269=LINE('',#13843,#7165);
#6270=LINE('',#13845,#7166);
#6271=LINE('',#13847,#7167);
#6272=LINE('',#13849,#7168);
#6273=LINE('',#13851,#7169);
#6274=LINE('',#13853,#7170);
#6275=LINE('',#13855,#7171);
#6276=LINE('',#13857,#7172);
#6277=LINE('',#13859,#7173);
#6278=LINE('',#13861,#7174);
#6279=LINE('',#13863,#7175);
#6280=LINE('',#13865,#7176);
#6281=LINE('',#13870,#7177);
#6282=LINE('',#13872,#7178);
#6283=LINE('',#13874,#7179);
#6284=LINE('',#13876,#7180);
#6285=LINE('',#13878,#7181);
#6286=LINE('',#13880,#7182);
#6287=LINE('',#13882,#7183);
#6288=LINE('',#13884,#7184);
#6289=LINE('',#13886,#7185);
#6290=LINE('',#13888,#7186);
#6291=LINE('',#13890,#7187);
#6292=LINE('',#13892,#7188);
#6293=LINE('',#13894,#7189);
#6294=LINE('',#13897,#7190);
#6295=LINE('',#13913,#7191);
#6296=LINE('',#13931,#7192);
#6297=LINE('',#13938,#7193);
#6298=LINE('',#13941,#7194);
#6299=LINE('',#13943,#7195);
#6300=LINE('',#13945,#7196);
#6301=LINE('',#13947,#7197);
#6302=LINE('',#13949,#7198);
#6303=LINE('',#13951,#7199);
#6304=LINE('',#13953,#7200);
#6305=LINE('',#13955,#7201);
#6306=LINE('',#13958,#7202);
#6307=LINE('',#13960,#7203);
#6308=LINE('',#13962,#7204);
#6309=LINE('',#13964,#7205);
#6310=LINE('',#13966,#7206);
#6311=LINE('',#13968,#7207);
#6312=LINE('',#13970,#7208);
#6313=LINE('',#13972,#7209);
#6314=LINE('',#13974,#7210);
#6315=LINE('',#13976,#7211);
#6316=LINE('',#13978,#7212);
#6317=LINE('',#13989,#7213);
#6318=LINE('',#13997,#7214);
#6319=LINE('',#14007,#7215);
#6320=LINE('',#14011,#7216);
#6321=LINE('',#14015,#7217);
#6322=LINE('',#14020,#7218);
#6323=LINE('',#14022,#7219);
#6324=LINE('',#14024,#7220);
#6325=LINE('',#14028,#7221);
#6326=LINE('',#14030,#7222);
#6327=LINE('',#14032,#7223);
#6328=LINE('',#14036,#7224);
#6329=LINE('',#14038,#7225);
#6330=LINE('',#14042,#7226);
#6331=LINE('',#14049,#7227);
#6332=LINE('',#14054,#7228);
#6333=LINE('',#14098,#7229);
#6334=LINE('',#14101,#7230);
#6335=LINE('',#14103,#7231);
#6336=LINE('',#14105,#7232);
#6337=LINE('',#14107,#7233);
#6338=LINE('',#14109,#7234);
#6339=LINE('',#14111,#7235);
#6340=LINE('',#14113,#7236);
#6341=LINE('',#14115,#7237);
#6342=LINE('',#14117,#7238);
#6343=LINE('',#14119,#7239);
#6344=LINE('',#14120,#7240);
#6345=LINE('',#14140,#7241);
#6346=LINE('',#14142,#7242);
#6347=LINE('',#14144,#7243);
#6348=LINE('',#14146,#7244);
#6349=LINE('',#14148,#7245);
#6350=LINE('',#14150,#7246);
#6351=LINE('',#14152,#7247);
#6352=LINE('',#14154,#7248);
#6353=LINE('',#14156,#7249);
#6354=LINE('',#14158,#7250);
#6355=LINE('',#14160,#7251);
#6356=LINE('',#14162,#7252);
#6357=LINE('',#14164,#7253);
#6358=LINE('',#14166,#7254);
#6359=LINE('',#14168,#7255);
#6360=LINE('',#14170,#7256);
#6361=LINE('',#14185,#7257);
#6362=LINE('',#14191,#7258);
#6363=LINE('',#14197,#7259);
#6364=LINE('',#14208,#7260);
#6365=LINE('',#14214,#7261);
#6366=LINE('',#14223,#7262);
#6367=LINE('',#14236,#7263);
#6368=LINE('',#14249,#7264);
#6369=LINE('',#14255,#7265);
#6370=LINE('',#14259,#7266);
#6371=LINE('',#14263,#7267);
#6372=LINE('',#14274,#7268);
#6373=LINE('',#14280,#7269);
#6374=LINE('',#14284,#7270);
#6375=LINE('',#14288,#7271);
#6376=LINE('',#14290,#7272);
#6377=LINE('',#14292,#7273);
#6378=LINE('',#14296,#7274);
#6379=LINE('',#14307,#7275);
#6380=LINE('',#14320,#7276);
#6381=LINE('',#14326,#7277);
#6382=LINE('',#14330,#7278);
#6383=LINE('',#14341,#7279);
#6384=LINE('',#14354,#7280);
#6385=LINE('',#14360,#7281);
#6386=LINE('',#14364,#7282);
#6387=LINE('',#14375,#7283);
#6388=LINE('',#14388,#7284);
#6389=LINE('',#14394,#7285);
#6390=LINE('',#14405,#7286);
#6391=LINE('',#14411,#7287);
#6392=LINE('',#14413,#7288);
#6393=LINE('',#14422,#7289);
#6394=LINE('',#14440,#7290);
#6395=LINE('',#14442,#7291);
#6396=LINE('',#14444,#7292);
#6397=LINE('',#14446,#7293);
#6398=LINE('',#14448,#7294);
#6399=LINE('',#14450,#7295);
#6400=LINE('',#14452,#7296);
#6401=LINE('',#14454,#7297);
#6402=LINE('',#14456,#7298);
#6403=LINE('',#14458,#7299);
#6404=LINE('',#14469,#7300);
#6405=LINE('',#14475,#7301);
#6406=LINE('',#14486,#7302);
#6407=LINE('',#14499,#7303);
#6408=LINE('',#14505,#7304);
#6409=LINE('',#14507,#7305);
#6410=LINE('',#14509,#7306);
#6411=LINE('',#14511,#7307);
#6412=LINE('',#14513,#7308);
#6413=LINE('',#14516,#7309);
#6414=LINE('',#14518,#7310);
#6415=LINE('',#14520,#7311);
#6416=LINE('',#14522,#7312);
#6417=LINE('',#14524,#7313);
#6418=LINE('',#14526,#7314);
#6419=LINE('',#14528,#7315);
#6420=LINE('',#14530,#7316);
#6421=LINE('',#14532,#7317);
#6422=LINE('',#14545,#7318);
#6423=LINE('',#14562,#7319);
#6424=LINE('',#14579,#7320);
#6425=LINE('',#14599,#7321);
#6426=LINE('',#14603,#7322);
#6427=LINE('',#14606,#7323);
#6428=LINE('',#14608,#7324);
#6429=LINE('',#14610,#7325);
#6430=LINE('',#14612,#7326);
#6431=LINE('',#14614,#7327);
#6432=LINE('',#14616,#7328);
#6433=LINE('',#14629,#7329);
#6434=LINE('',#14635,#7330);
#6435=LINE('',#14637,#7331);
#6436=LINE('',#14639,#7332);
#6437=LINE('',#14641,#7333);
#6438=LINE('',#14643,#7334);
#6439=LINE('',#14645,#7335);
#6440=LINE('',#14647,#7336);
#6441=LINE('',#14649,#7337);
#6442=LINE('',#14651,#7338);
#6443=LINE('',#14653,#7339);
#6444=LINE('',#14655,#7340);
#6445=LINE('',#14657,#7341);
#6446=LINE('',#14659,#7342);
#6447=LINE('',#14661,#7343);
#6448=LINE('',#14663,#7344);
#6449=LINE('',#14665,#7345);
#6450=LINE('',#14671,#7346);
#6451=LINE('',#14673,#7347);
#6452=LINE('',#14675,#7348);
#6453=LINE('',#14677,#7349);
#6454=LINE('',#14679,#7350);
#6455=LINE('',#14681,#7351);
#6456=LINE('',#14683,#7352);
#6457=LINE('',#14685,#7353);
#6458=LINE('',#14687,#7354);
#6459=LINE('',#14689,#7355);
#6460=LINE('',#14691,#7356);
#6461=LINE('',#14693,#7357);
#6462=LINE('',#14695,#7358);
#6463=LINE('',#14697,#7359);
#6464=LINE('',#14699,#7360);
#6465=LINE('',#14701,#7361);
#6466=LINE('',#14704,#7362);
#6467=LINE('',#14706,#7363);
#6468=LINE('',#14708,#7364);
#6469=LINE('',#14710,#7365);
#6470=LINE('',#14712,#7366);
#6471=LINE('',#14714,#7367);
#6472=LINE('',#14716,#7368);
#6473=LINE('',#14718,#7369);
#6474=LINE('',#14720,#7370);
#6475=LINE('',#14722,#7371);
#6476=LINE('',#14724,#7372);
#6477=LINE('',#14726,#7373);
#6478=LINE('',#14728,#7374);
#6479=LINE('',#14730,#7375);
#6480=LINE('',#14732,#7376);
#6481=LINE('',#14734,#7377);
#6482=LINE('',#14737,#7378);
#6483=LINE('',#14739,#7379);
#6484=LINE('',#14741,#7380);
#6485=LINE('',#14743,#7381);
#6486=LINE('',#14745,#7382);
#6487=LINE('',#14747,#7383);
#6488=LINE('',#14749,#7384);
#6489=LINE('',#14751,#7385);
#6490=LINE('',#14753,#7386);
#6491=LINE('',#14755,#7387);
#6492=LINE('',#14757,#7388);
#6493=LINE('',#14759,#7389);
#6494=LINE('',#14761,#7390);
#6495=LINE('',#14763,#7391);
#6496=LINE('',#14765,#7392);
#6497=LINE('',#14767,#7393);
#6498=LINE('',#14769,#7394);
#6499=LINE('',#14771,#7395);
#6500=LINE('',#14773,#7396);
#6501=LINE('',#14775,#7397);
#6502=LINE('',#14777,#7398);
#6503=LINE('',#14779,#7399);
#6504=LINE('',#14781,#7400);
#6505=LINE('',#14783,#7401);
#6506=LINE('',#14793,#7402);
#6507=LINE('',#14799,#7403);
#6508=LINE('',#14808,#7404);
#6509=LINE('',#14821,#7405);
#6510=LINE('',#14834,#7406);
#6511=LINE('',#14840,#7407);
#6512=LINE('',#14844,#7408);
#6513=LINE('',#14848,#7409);
#6514=LINE('',#14859,#7410);
#6515=LINE('',#14865,#7411);
#6516=LINE('',#14869,#7412);
#6517=LINE('',#14873,#7413);
#6518=LINE('',#14875,#7414);
#6519=LINE('',#14877,#7415);
#6520=LINE('',#14881,#7416);
#6521=LINE('',#14892,#7417);
#6522=LINE('',#14905,#7418);
#6523=LINE('',#14911,#7419);
#6524=LINE('',#14915,#7420);
#6525=LINE('',#14926,#7421);
#6526=LINE('',#14939,#7422);
#6527=LINE('',#14945,#7423);
#6528=LINE('',#14949,#7424);
#6529=LINE('',#14960,#7425);
#6530=LINE('',#14973,#7426);
#6531=LINE('',#14979,#7427);
#6532=LINE('',#14990,#7428);
#6533=LINE('',#14996,#7429);
#6534=LINE('',#14998,#7430);
#6535=LINE('',#15007,#7431);
#6536=LINE('',#15025,#7432);
#6537=LINE('',#15027,#7433);
#6538=LINE('',#15029,#7434);
#6539=LINE('',#15031,#7435);
#6540=LINE('',#15033,#7436);
#6541=LINE('',#15035,#7437);
#6542=LINE('',#15037,#7438);
#6543=LINE('',#15039,#7439);
#6544=LINE('',#15041,#7440);
#6545=LINE('',#15043,#7441);
#6546=LINE('',#15045,#7442);
#6547=LINE('',#15047,#7443);
#6548=LINE('',#15050,#7444);
#6549=LINE('',#15052,#7445);
#6550=LINE('',#15054,#7446);
#6551=LINE('',#15056,#7447);
#6552=LINE('',#15058,#7448);
#6553=LINE('',#15060,#7449);
#6554=LINE('',#15062,#7450);
#6555=LINE('',#15064,#7451);
#6556=LINE('',#15066,#7452);
#6557=LINE('',#15068,#7453);
#6558=LINE('',#15070,#7454);
#6559=LINE('',#15072,#7455);
#6560=LINE('',#15074,#7456);
#6561=LINE('',#15076,#7457);
#6562=LINE('',#15078,#7458);
#6563=LINE('',#15080,#7459);
#6564=LINE('',#15082,#7460);
#6565=LINE('',#15084,#7461);
#6566=LINE('',#15086,#7462);
#6567=LINE('',#15088,#7463);
#6568=LINE('',#15090,#7464);
#6569=LINE('',#15092,#7465);
#6570=LINE('',#15094,#7466);
#6571=LINE('',#15096,#7467);
#6572=LINE('',#15106,#7468);
#6573=LINE('',#15112,#7469);
#6574=LINE('',#15114,#7470);
#6575=LINE('',#15118,#7471);
#6576=LINE('',#15122,#7472);
#6577=LINE('',#15124,#7473);
#6578=LINE('',#15133,#7474);
#6579=LINE('',#15146,#7475);
#6580=LINE('',#15152,#7476);
#6581=LINE('',#15163,#7477);
#6582=LINE('',#15176,#7478);
#6583=LINE('',#15189,#7479);
#6584=LINE('',#15195,#7480);
#6585=LINE('',#15199,#7481);
#6586=LINE('',#15201,#7482);
#6587=LINE('',#15210,#7483);
#6588=LINE('',#15223,#7484);
#6589=LINE('',#15241,#7485);
#6590=LINE('',#15243,#7486);
#6591=LINE('',#15245,#7487);
#6592=LINE('',#15247,#7488);
#6593=LINE('',#15249,#7489);
#6594=LINE('',#15251,#7490);
#6595=LINE('',#15253,#7491);
#6596=LINE('',#15255,#7492);
#6597=LINE('',#15257,#7493);
#6598=LINE('',#15259,#7494);
#6599=LINE('',#15261,#7495);
#6600=LINE('',#15263,#7496);
#6601=LINE('',#15265,#7497);
#6602=LINE('',#15267,#7498);
#6603=LINE('',#15269,#7499);
#6604=LINE('',#15271,#7500);
#6605=LINE('',#15275,#7501);
#6606=LINE('',#15278,#7502);
#6607=LINE('',#15280,#7503);
#6608=LINE('',#15282,#7504);
#6609=LINE('',#15284,#7505);
#6610=LINE('',#15287,#7506);
#6611=LINE('',#15288,#7507);
#6612=LINE('',#15297,#7508);
#6613=LINE('',#15314,#7509);
#6614=LINE('',#15331,#7510);
#6615=LINE('',#15341,#7511);
#6616=LINE('',#15344,#7512);
#6617=LINE('',#15346,#7513);
#6618=LINE('',#15348,#7514);
#6619=LINE('',#15350,#7515);
#6620=LINE('',#15353,#7516);
#6621=LINE('',#15354,#7517);
#6622=LINE('',#15356,#7518);
#6623=LINE('',#15359,#7519);
#6624=LINE('',#15360,#7520);
#6625=LINE('',#15369,#7521);
#6626=LINE('',#15386,#7522);
#6627=LINE('',#15403,#7523);
#6628=LINE('',#15413,#7524);
#6629=LINE('',#15415,#7525);
#6630=LINE('',#15417,#7526);
#6631=LINE('',#15419,#7527);
#6632=LINE('',#15421,#7528);
#6633=LINE('',#15423,#7529);
#6634=LINE('',#15425,#7530);
#6635=LINE('',#15434,#7531);
#6636=LINE('',#15447,#7532);
#6637=LINE('',#15460,#7533);
#6638=LINE('',#15473,#7534);
#6639=LINE('',#15479,#7535);
#6640=LINE('',#15481,#7536);
#6641=LINE('',#15483,#7537);
#6642=LINE('',#15494,#7538);
#6643=LINE('',#15507,#7539);
#6644=LINE('',#15538,#7540);
#6645=LINE('',#15539,#7541);
#6646=LINE('',#15543,#7542);
#6647=LINE('',#15548,#7543);
#6648=LINE('',#15552,#7544);
#6649=LINE('',#15555,#7545);
#6650=LINE('',#15556,#7546);
#6651=LINE('',#15565,#7547);
#6652=LINE('',#15575,#7548);
#6653=LINE('',#15577,#7549);
#6654=LINE('',#15579,#7550);
#6655=LINE('',#15581,#7551);
#6656=LINE('',#15583,#7552);
#6657=LINE('',#15585,#7553);
#6658=LINE('',#15587,#7554);
#6659=LINE('',#15589,#7555);
#6660=LINE('',#15591,#7556);
#6661=LINE('',#15593,#7557);
#6662=LINE('',#15595,#7558);
#6663=LINE('',#15597,#7559);
#6664=LINE('',#15599,#7560);
#6665=LINE('',#15601,#7561);
#6666=LINE('',#15603,#7562);
#6667=LINE('',#15605,#7563);
#6668=LINE('',#15613,#7564);
#6669=LINE('',#15615,#7565);
#6670=LINE('',#15617,#7566);
#6671=LINE('',#15621,#7567);
#6672=LINE('',#15623,#7568);
#6673=LINE('',#15625,#7569);
#6674=LINE('',#15629,#7570);
#6675=LINE('',#15631,#7571);
#6676=LINE('',#15633,#7572);
#6677=LINE('',#15637,#7573);
#6678=LINE('',#15639,#7574);
#6679=LINE('',#15641,#7575);
#6680=LINE('',#15649,#7576);
#6681=LINE('',#15653,#7577);
#6682=LINE('',#15661,#7578);
#6683=LINE('',#15673,#7579);
#6684=LINE('',#15744,#7580);
#6685=LINE('',#15746,#7581);
#6686=LINE('',#15748,#7582);
#6687=LINE('',#15750,#7583);
#6688=LINE('',#15752,#7584);
#6689=LINE('',#15754,#7585);
#6690=LINE('',#15756,#7586);
#6691=LINE('',#15758,#7587);
#6692=LINE('',#15768,#7588);
#6693=LINE('',#15774,#7589);
#6694=LINE('',#15783,#7590);
#6695=LINE('',#15796,#7591);
#6696=LINE('',#15809,#7592);
#6697=LINE('',#15815,#7593);
#6698=LINE('',#15819,#7594);
#6699=LINE('',#15823,#7595);
#6700=LINE('',#15834,#7596);
#6701=LINE('',#15840,#7597);
#6702=LINE('',#15844,#7598);
#6703=LINE('',#15848,#7599);
#6704=LINE('',#15850,#7600);
#6705=LINE('',#15852,#7601);
#6706=LINE('',#15856,#7602);
#6707=LINE('',#15867,#7603);
#6708=LINE('',#15880,#7604);
#6709=LINE('',#15886,#7605);
#6710=LINE('',#15890,#7606);
#6711=LINE('',#15901,#7607);
#6712=LINE('',#15914,#7608);
#6713=LINE('',#15920,#7609);
#6714=LINE('',#15924,#7610);
#6715=LINE('',#15935,#7611);
#6716=LINE('',#15948,#7612);
#6717=LINE('',#15954,#7613);
#6718=LINE('',#15965,#7614);
#6719=LINE('',#15971,#7615);
#6720=LINE('',#15973,#7616);
#6721=LINE('',#15982,#7617);
#6722=LINE('',#16000,#7618);
#6723=LINE('',#16002,#7619);
#6724=LINE('',#16004,#7620);
#6725=LINE('',#16006,#7621);
#6726=LINE('',#16008,#7622);
#6727=LINE('',#16010,#7623);
#6728=LINE('',#16012,#7624);
#6729=LINE('',#16014,#7625);
#6730=LINE('',#16016,#7626);
#6731=LINE('',#16018,#7627);
#6732=LINE('',#16020,#7628);
#6733=LINE('',#16022,#7629);
#6734=LINE('',#16024,#7630);
#6735=LINE('',#16026,#7631);
#6736=LINE('',#16028,#7632);
#6737=LINE('',#16030,#7633);
#6738=LINE('',#16032,#7634);
#6739=LINE('',#16034,#7635);
#6740=LINE('',#16036,#7636);
#6741=LINE('',#16038,#7637);
#6742=LINE('',#16040,#7638);
#6743=LINE('',#16042,#7639);
#6744=LINE('',#16044,#7640);
#6745=LINE('',#16046,#7641);
#6746=LINE('',#16049,#7642);
#6747=LINE('',#16051,#7643);
#6748=LINE('',#16053,#7644);
#6749=LINE('',#16055,#7645);
#6750=LINE('',#16057,#7646);
#6751=LINE('',#16059,#7647);
#6752=LINE('',#16061,#7648);
#6753=LINE('',#16063,#7649);
#6754=LINE('',#16065,#7650);
#6755=LINE('',#16067,#7651);
#6756=LINE('',#16069,#7652);
#6757=LINE('',#16071,#7653);
#6758=LINE('',#16073,#7654);
#6759=LINE('',#16075,#7655);
#6760=LINE('',#16077,#7656);
#6761=LINE('',#16079,#7657);
#6762=LINE('',#16081,#7658);
#6763=LINE('',#16083,#7659);
#6764=LINE('',#16085,#7660);
#6765=LINE('',#16087,#7661);
#6766=LINE('',#16089,#7662);
#6767=LINE('',#16091,#7663);
#6768=LINE('',#16093,#7664);
#6769=LINE('',#16095,#7665);
#6770=LINE('',#16105,#7666);
#6771=LINE('',#16111,#7667);
#6772=LINE('',#16120,#7668);
#6773=LINE('',#16133,#7669);
#6774=LINE('',#16139,#7670);
#6775=LINE('',#16141,#7671);
#6776=LINE('',#16143,#7672);
#6777=LINE('',#16145,#7673);
#6778=LINE('',#16147,#7674);
#6779=LINE('',#16149,#7675);
#6780=LINE('',#16151,#7676);
#6781=LINE('',#16153,#7677);
#6782=LINE('',#16155,#7678);
#6783=LINE('',#16157,#7679);
#6784=LINE('',#16159,#7680);
#6785=LINE('',#16162,#7681);
#6786=LINE('',#16164,#7682);
#6787=LINE('',#16166,#7683);
#6788=LINE('',#16168,#7684);
#6789=LINE('',#16170,#7685);
#6790=LINE('',#16172,#7686);
#6791=LINE('',#16174,#7687);
#6792=LINE('',#16176,#7688);
#6793=LINE('',#16178,#7689);
#6794=LINE('',#16191,#7690);
#6795=LINE('',#16208,#7691);
#6796=LINE('',#16225,#7692);
#6797=LINE('',#16270,#7693);
#6798=LINE('',#16276,#7694);
#6799=LINE('',#16289,#7695);
#6800=LINE('',#16295,#7696);
#6801=LINE('',#16297,#7697);
#6802=LINE('',#16299,#7698);
#6803=LINE('',#16301,#7699);
#6804=LINE('',#16303,#7700);
#6805=LINE('',#16305,#7701);
#6806=LINE('',#16314,#7702);
#6807=LINE('',#16320,#7703);
#6808=LINE('',#16329,#7704);
#6809=LINE('',#16342,#7705);
#6810=LINE('',#16348,#7706);
#6811=LINE('',#16350,#7707);
#6812=LINE('',#16352,#7708);
#6813=LINE('',#16354,#7709);
#6814=LINE('',#16356,#7710);
#6815=LINE('',#16358,#7711);
#6816=LINE('',#16371,#7712);
#6817=LINE('',#16372,#7713);
#6818=LINE('',#16375,#7714);
#6819=LINE('',#16378,#7715);
#6820=LINE('',#16380,#7716);
#6821=LINE('',#16382,#7717);
#6822=LINE('',#16384,#7718);
#6823=LINE('',#16386,#7719);
#6824=LINE('',#16388,#7720);
#6825=LINE('',#16401,#7721);
#6826=LINE('',#16418,#7722);
#6827=LINE('',#16435,#7723);
#6828=LINE('',#16441,#7724);
#6829=LINE('',#16444,#7725);
#6830=LINE('',#16446,#7726);
#6831=LINE('',#16448,#7727);
#6832=LINE('',#16450,#7728);
#6833=LINE('',#16452,#7729);
#6834=LINE('',#16454,#7730);
#6835=LINE('',#16456,#7731);
#6836=LINE('',#16458,#7732);
#6837=LINE('',#16460,#7733);
#6838=LINE('',#16473,#7734);
#6839=LINE('',#16490,#7735);
#6840=LINE('',#16507,#7736);
#6841=LINE('',#16513,#7737);
#6842=LINE('',#16515,#7738);
#6843=LINE('',#16517,#7739);
#6844=LINE('',#16519,#7740);
#6845=LINE('',#16521,#7741);
#6846=LINE('',#16523,#7742);
#6847=LINE('',#16525,#7743);
#6848=LINE('',#16534,#7744);
#6849=LINE('',#16547,#7745);
#6850=LINE('',#16560,#7746);
#6851=LINE('',#16573,#7747);
#6852=LINE('',#16579,#7748);
#6853=LINE('',#16581,#7749);
#6854=LINE('',#16583,#7750);
#6855=LINE('',#16594,#7751);
#6856=LINE('',#16607,#7752);
#6857=LINE('',#16638,#7753);
#6858=LINE('',#16639,#7754);
#6859=LINE('',#16643,#7755);
#6860=LINE('',#16646,#7756);
#6861=LINE('',#16648,#7757);
#6862=LINE('',#16650,#7758);
#6863=LINE('',#16652,#7759);
#6864=LINE('',#16654,#7760);
#6865=LINE('',#16656,#7761);
#6866=LINE('',#16669,#7762);
#6867=LINE('',#16686,#7763);
#6868=LINE('',#16703,#7764);
#6869=LINE('',#16709,#7765);
#6870=LINE('',#16712,#7766);
#6871=LINE('',#16714,#7767);
#6872=LINE('',#16716,#7768);
#6873=LINE('',#16718,#7769);
#6874=LINE('',#16720,#7770);
#6875=LINE('',#16722,#7771);
#6876=LINE('',#16724,#7772);
#6877=LINE('',#16726,#7773);
#6878=LINE('',#16728,#7774);
#6879=LINE('',#16741,#7775);
#6880=LINE('',#16758,#7776);
#6881=LINE('',#16775,#7777);
#6882=LINE('',#16781,#7778);
#6883=LINE('',#16783,#7779);
#6884=LINE('',#16785,#7780);
#6885=LINE('',#16787,#7781);
#6886=LINE('',#16789,#7782);
#6887=LINE('',#16791,#7783);
#6888=LINE('',#16793,#7784);
#6889=LINE('',#16802,#7785);
#6890=LINE('',#16815,#7786);
#6891=LINE('',#16828,#7787);
#6892=LINE('',#16841,#7788);
#6893=LINE('',#16847,#7789);
#6894=LINE('',#16849,#7790);
#6895=LINE('',#16851,#7791);
#6896=LINE('',#16862,#7792);
#6897=LINE('',#16875,#7793);
#6898=LINE('',#16906,#7794);
#6899=LINE('',#16907,#7795);
#6900=LINE('',#16911,#7796);
#6901=LINE('',#16913,#7797);
#6902=LINE('',#16915,#7798);
#6903=LINE('',#16917,#7799);
#6904=LINE('',#16919,#7800);
#6905=LINE('',#16921,#7801);
#6906=LINE('',#16923,#7802);
#6907=LINE('',#16925,#7803);
#6908=LINE('',#16927,#7804);
#6909=LINE('',#16929,#7805);
#6910=LINE('',#16931,#7806);
#6911=LINE('',#16933,#7807);
#6912=LINE('',#16935,#7808);
#6913=LINE('',#16937,#7809);
#6914=LINE('',#16939,#7810);
#6915=LINE('',#16941,#7811);
#6916=LINE('',#16943,#7812);
#6917=LINE('',#16945,#7813);
#6918=LINE('',#16947,#7814);
#6919=LINE('',#16949,#7815);
#6920=LINE('',#16951,#7816);
#6921=LINE('',#16953,#7817);
#6922=LINE('',#16955,#7818);
#6923=LINE('',#16957,#7819);
#6924=LINE('',#16963,#7820);
#6925=LINE('',#16966,#7821);
#6926=LINE('',#16967,#7822);
#6927=LINE('',#16969,#7823);
#6928=LINE('',#16971,#7824);
#6929=LINE('',#16973,#7825);
#6930=LINE('',#16975,#7826);
#6931=LINE('',#16977,#7827);
#6932=LINE('',#16979,#7828);
#6933=LINE('',#16981,#7829);
#6934=LINE('',#16982,#7830);
#6935=LINE('',#16984,#7831);
#6936=LINE('',#16987,#7832);
#6937=LINE('',#16989,#7833);
#6938=LINE('',#16991,#7834);
#6939=LINE('',#16993,#7835);
#6940=LINE('',#16996,#7836);
#6941=LINE('',#16997,#7837);
#6942=LINE('',#16999,#7838);
#6943=LINE('',#17001,#7839);
#6944=LINE('',#17003,#7840);
#6945=LINE('',#17005,#7841);
#6946=LINE('',#17007,#7842);
#6947=LINE('',#17013,#7843);
#6948=LINE('',#17014,#7844);
#6949=LINE('',#17093,#7845);
#6950=LINE('',#17097,#7846);
#6951=LINE('',#17176,#7847);
#6952=LINE('',#17180,#7848);
#6953=LINE('',#17259,#7849);
#6954=LINE('',#17263,#7850);
#6955=LINE('',#17347,#7851);
#6956=LINE('',#17349,#7852);
#6957=VECTOR('',#10618,1.);
#6958=VECTOR('',#10619,1.);
#6959=VECTOR('',#10620,1.);
#6960=VECTOR('',#10621,1.);
#6961=VECTOR('',#10628,1.);
#6962=VECTOR('',#10631,1.);
#6963=VECTOR('',#10634,1.);
#6964=VECTOR('',#10637,1.);
#6965=VECTOR('',#10650,1.);
#6966=VECTOR('',#10653,1.);
#6967=VECTOR('',#10660,1.);
#6968=VECTOR('',#10663,1.);
#6969=VECTOR('',#10670,1.);
#6970=VECTOR('',#10673,1.);
#6971=VECTOR('',#10680,1.);
#6972=VECTOR('',#10683,1.);
#6973=VECTOR('',#10686,1.);
#6974=VECTOR('',#10687,1.);
#6975=VECTOR('',#10688,1.);
#6976=VECTOR('',#10689,1.);
#6977=VECTOR('',#10690,1.);
#6978=VECTOR('',#10691,1.);
#6979=VECTOR('',#10692,1.);
#6980=VECTOR('',#10693,1.);
#6981=VECTOR('',#10694,1.);
#6982=VECTOR('',#10695,1.);
#6983=VECTOR('',#10696,1.);
#6984=VECTOR('',#10697,1.);
#6985=VECTOR('',#10698,1.);
#6986=VECTOR('',#10699,1.);
#6987=VECTOR('',#10700,1.);
#6988=VECTOR('',#10707,1.);
#6989=VECTOR('',#10712,1.);
#6990=VECTOR('',#10715,1.);
#6991=VECTOR('',#10716,1.);
#6992=VECTOR('',#10717,1.);
#6993=VECTOR('',#10718,1.);
#6994=VECTOR('',#10719,1.);
#6995=VECTOR('',#10720,1.);
#6996=VECTOR('',#10721,1.);
#6997=VECTOR('',#10724,1.);
#6998=VECTOR('',#10725,1.);
#6999=VECTOR('',#10728,1.);
#7000=VECTOR('',#10729,1.);
#7001=VECTOR('',#10730,1.);
#7002=VECTOR('',#10731,1.);
#7003=VECTOR('',#10732,1.);
#7004=VECTOR('',#10733,1.);
#7005=VECTOR('',#10734,1.);
#7006=VECTOR('',#10735,1.);
#7007=VECTOR('',#10750,1.);
#7008=VECTOR('',#10759,1.);
#7009=VECTOR('',#10764,1.);
#7010=VECTOR('',#10765,1.);
#7011=VECTOR('',#10766,1.);
#7012=VECTOR('',#10769,1.);
#7013=VECTOR('',#10770,1.);
#7014=VECTOR('',#10771,1.);
#7015=VECTOR('',#10774,1.);
#7016=VECTOR('',#10783,1.);
#7017=VECTOR('',#10788,1.);
#7018=VECTOR('',#10789,1.);
#7019=VECTOR('',#10790,1.);
#7020=VECTOR('',#10793,1.);
#7021=VECTOR('',#10794,1.);
#7022=VECTOR('',#10795,1.);
#7023=VECTOR('',#10798,1.);
#7024=VECTOR('',#10807,1.);
#7025=VECTOR('',#10812,1.);
#7026=VECTOR('',#10813,1.);
#7027=VECTOR('',#10814,1.);
#7028=VECTOR('',#10817,1.);
#7029=VECTOR('',#10818,1.);
#7030=VECTOR('',#10819,1.);
#7031=VECTOR('',#10822,1.);
#7032=VECTOR('',#10825,1.);
#7033=VECTOR('',#10828,1.);
#7034=VECTOR('',#10831,1.);
#7035=VECTOR('',#10834,1.);
#7036=VECTOR('',#10835,1.);
#7037=VECTOR('',#10838,1.);
#7038=VECTOR('',#10839,1.);
#7039=VECTOR('',#10840,1.);
#7040=VECTOR('',#10841,1.);
#7041=VECTOR('',#10842,1.);
#7042=VECTOR('',#10843,1.);
#7043=VECTOR('',#10844,1.);
#7044=VECTOR('',#10845,1.);
#7045=VECTOR('',#10846,1.);
#7046=VECTOR('',#10847,1.);
#7047=VECTOR('',#10848,1.);
#7048=VECTOR('',#10849,1.);
#7049=VECTOR('',#10850,1.);
#7050=VECTOR('',#10851,1.);
#7051=VECTOR('',#10852,1.);
#7052=VECTOR('',#10853,1.);
#7053=VECTOR('',#10854,1.);
#7054=VECTOR('',#10855,1.);
#7055=VECTOR('',#10856,1.);
#7056=VECTOR('',#10857,1.);
#7057=VECTOR('',#10858,1.);
#7058=VECTOR('',#10859,1.);
#7059=VECTOR('',#10860,1.);
#7060=VECTOR('',#10861,1.);
#7061=VECTOR('',#10862,1.);
#7062=VECTOR('',#10863,1.);
#7063=VECTOR('',#10864,1.);
#7064=VECTOR('',#10865,1.);
#7065=VECTOR('',#10866,1.);
#7066=VECTOR('',#10867,1.);
#7067=VECTOR('',#10868,1.);
#7068=VECTOR('',#10869,1.);
#7069=VECTOR('',#10884,1.);
#7070=VECTOR('',#10895,1.);
#7071=VECTOR('',#10896,1.);
#7072=VECTOR('',#10897,1.);
#7073=VECTOR('',#10898,1.);
#7074=VECTOR('',#10899,1.);
#7075=VECTOR('',#10900,1.);
#7076=VECTOR('',#10901,1.);
#7077=VECTOR('',#10902,1.);
#7078=VECTOR('',#10903,1.);
#7079=VECTOR('',#10904,1.);
#7080=VECTOR('',#10905,1.);
#7081=VECTOR('',#10906,1.);
#7082=VECTOR('',#10909,1.);
#7083=VECTOR('',#10914,1.);
#7084=VECTOR('',#10917,1.);
#7085=VECTOR('',#10918,1.);
#7086=VECTOR('',#10919,1.);
#7087=VECTOR('',#10920,1.);
#7088=VECTOR('',#10921,1.);
#7089=VECTOR('',#10922,1.);
#7090=VECTOR('',#10923,1.);
#7091=VECTOR('',#10924,1.);
#7092=VECTOR('',#10925,1.);
#7093=VECTOR('',#10926,1.);
#7094=VECTOR('',#10927,1.);
#7095=VECTOR('',#10928,1.);
#7096=VECTOR('',#10929,1.);
#7097=VECTOR('',#10930,1.);
#7098=VECTOR('',#10931,1.);
#7099=VECTOR('',#10932,1.);
#7100=VECTOR('',#10933,1.);
#7101=VECTOR('',#10934,1.);
#7102=VECTOR('',#10935,1.);
#7103=VECTOR('',#10950,1.);
#7104=VECTOR('',#10961,1.);
#7105=VECTOR('',#10962,1.);
#7106=VECTOR('',#10963,1.);
#7107=VECTOR('',#10964,1.);
#7108=VECTOR('',#10965,1.);
#7109=VECTOR('',#10966,1.);
#7110=VECTOR('',#10967,1.);
#7111=VECTOR('',#10968,1.);
#7112=VECTOR('',#10969,1.);
#7113=VECTOR('',#10970,1.);
#7114=VECTOR('',#10971,1.);
#7115=VECTOR('',#10972,1.);
#7116=VECTOR('',#10973,1.);
#7117=VECTOR('',#10974,1.);
#7118=VECTOR('',#10975,1.);
#7119=VECTOR('',#10976,1.);
#7120=VECTOR('',#10977,1.);
#7121=VECTOR('',#10978,1.);
#7122=VECTOR('',#10979,1.);
#7123=VECTOR('',#10980,1.);
#7124=VECTOR('',#10981,1.);
#7125=VECTOR('',#10982,1.);
#7126=VECTOR('',#10983,1.);
#7127=VECTOR('',#10984,1.);
#7128=VECTOR('',#10985,1.);
#7129=VECTOR('',#10986,1.);
#7130=VECTOR('',#10987,1.);
#7131=VECTOR('',#10988,1.);
#7132=VECTOR('',#10989,1.);
#7133=VECTOR('',#10990,1.);
#7134=VECTOR('',#10991,1.);
#7135=VECTOR('',#10992,1.);
#7136=VECTOR('',#10993,1.);
#7137=VECTOR('',#10994,1.);
#7138=VECTOR('',#10995,1.);
#7139=VECTOR('',#10996,1.);
#7140=VECTOR('',#11001,1.);
#7141=VECTOR('',#11002,1.);
#7142=VECTOR('',#11003,1.);
#7143=VECTOR('',#11004,1.);
#7144=VECTOR('',#11005,1.);
#7145=VECTOR('',#11008,1.);
#7146=VECTOR('',#11011,1.);
#7147=VECTOR('',#11014,1.);
#7148=VECTOR('',#11017,1.);
#7149=VECTOR('',#11032,1.);
#7150=VECTOR('',#11043,1.);
#7151=VECTOR('',#11044,1.);
#7152=VECTOR('',#11045,1.);
#7153=VECTOR('',#11046,1.);
#7154=VECTOR('',#11047,1.);
#7155=VECTOR('',#11052,1.);
#7156=VECTOR('',#11053,1.);
#7157=VECTOR('',#11060,1.);
#7158=VECTOR('',#11061,1.);
#7159=VECTOR('',#11062,1.);
#7160=VECTOR('',#11063,1.);
#7161=VECTOR('',#11064,1.);
#7162=VECTOR('',#11067,1.);
#7163=VECTOR('',#11068,1.);
#7164=VECTOR('',#11069,1.);
#7165=VECTOR('',#11070,1.);
#7166=VECTOR('',#11071,1.);
#7167=VECTOR('',#11072,1.);
#7168=VECTOR('',#11073,1.);
#7169=VECTOR('',#11074,1.);
#7170=VECTOR('',#11075,1.);
#7171=VECTOR('',#11076,1.);
#7172=VECTOR('',#11077,1.);
#7173=VECTOR('',#11078,1.);
#7174=VECTOR('',#11079,1.);
#7175=VECTOR('',#11080,1.);
#7176=VECTOR('',#11083,1.);
#7177=VECTOR('',#11086,1.);
#7178=VECTOR('',#11087,1.);
#7179=VECTOR('',#11088,1.);
#7180=VECTOR('',#11089,1.);
#7181=VECTOR('',#11090,1.);
#7182=VECTOR('',#11091,1.);
#7183=VECTOR('',#11092,1.);
#7184=VECTOR('',#11093,1.);
#7185=VECTOR('',#11094,1.);
#7186=VECTOR('',#11095,1.);
#7187=VECTOR('',#11096,1.);
#7188=VECTOR('',#11097,1.);
#7189=VECTOR('',#11100,1.);
#7190=VECTOR('',#11101,1.);
#7191=VECTOR('',#11104,1.);
#7192=VECTOR('',#11105,1.);
#7193=VECTOR('',#11112,1.);
#7194=VECTOR('',#11113,1.);
#7195=VECTOR('',#11114,1.);
#7196=VECTOR('',#11115,1.);
#7197=VECTOR('',#11116,1.);
#7198=VECTOR('',#11117,1.);
#7199=VECTOR('',#11118,1.);
#7200=VECTOR('',#11119,1.);
#7201=VECTOR('',#11122,1.);
#7202=VECTOR('',#11123,1.);
#7203=VECTOR('',#11124,1.);
#7204=VECTOR('',#11125,1.);
#7205=VECTOR('',#11126,1.);
#7206=VECTOR('',#11127,1.);
#7207=VECTOR('',#11128,1.);
#7208=VECTOR('',#11129,1.);
#7209=VECTOR('',#11130,1.);
#7210=VECTOR('',#11131,1.);
#7211=VECTOR('',#11132,1.);
#7212=VECTOR('',#11133,1.);
#7213=VECTOR('',#11150,1.);
#7214=VECTOR('',#11161,1.);
#7215=VECTOR('',#11174,1.);
#7216=VECTOR('',#11181,1.);
#7217=VECTOR('',#11184,1.);
#7218=VECTOR('',#11191,1.);
#7219=VECTOR('',#11192,1.);
#7220=VECTOR('',#11195,1.);
#7221=VECTOR('',#11200,1.);
#7222=VECTOR('',#11201,1.);
#7223=VECTOR('',#11204,1.);
#7224=VECTOR('',#11209,1.);
#7225=VECTOR('',#11210,1.);
#7226=VECTOR('',#11215,1.);
#7227=VECTOR('',#11224,1.);
#7228=VECTOR('',#11229,1.);
#7229=VECTOR('',#11294,1.);
#7230=VECTOR('',#11295,1.);
#7231=VECTOR('',#11296,1.);
#7232=VECTOR('',#11297,1.);
#7233=VECTOR('',#11300,1.);
#7234=VECTOR('',#11301,1.);
#7235=VECTOR('',#11302,1.);
#7236=VECTOR('',#11305,1.);
#7237=VECTOR('',#11306,1.);
#7238=VECTOR('',#11307,1.);
#7239=VECTOR('',#11310,1.);
#7240=VECTOR('',#11311,1.);
#7241=VECTOR('',#11346,1.);
#7242=VECTOR('',#11347,1.);
#7243=VECTOR('',#11348,1.);
#7244=VECTOR('',#11351,1.);
#7245=VECTOR('',#11352,1.);
#7246=VECTOR('',#11355,1.);
#7247=VECTOR('',#11356,1.);
#7248=VECTOR('',#11359,1.);
#7249=VECTOR('',#11360,1.);
#7250=VECTOR('',#11363,1.);
#7251=VECTOR('',#11364,1.);
#7252=VECTOR('',#11367,1.);
#7253=VECTOR('',#11368,1.);
#7254=VECTOR('',#11371,1.);
#7255=VECTOR('',#11372,1.);
#7256=VECTOR('',#11375,1.);
#7257=VECTOR('',#11404,1.);
#7258=VECTOR('',#11413,1.);
#7259=VECTOR('',#11422,1.);
#7260=VECTOR('',#11427,1.);
#7261=VECTOR('',#11428,1.);
#7262=VECTOR('',#11429,1.);
#7263=VECTOR('',#11430,1.);
#7264=VECTOR('',#11431,1.);
#7265=VECTOR('',#11434,1.);
#7266=VECTOR('',#11439,1.);
#7267=VECTOR('',#11444,1.);
#7268=VECTOR('',#11447,1.);
#7269=VECTOR('',#11450,1.);
#7270=VECTOR('',#11455,1.);
#7271=VECTOR('',#11460,1.);
#7272=VECTOR('',#11461,1.);
#7273=VECTOR('',#11464,1.);
#7274=VECTOR('',#11469,1.);
#7275=VECTOR('',#11472,1.);
#7276=VECTOR('',#11473,1.);
#7277=VECTOR('',#11476,1.);
#7278=VECTOR('',#11481,1.);
#7279=VECTOR('',#11484,1.);
#7280=VECTOR('',#11485,1.);
#7281=VECTOR('',#11488,1.);
#7282=VECTOR('',#11493,1.);
#7283=VECTOR('',#11496,1.);
#7284=VECTOR('',#11497,1.);
#7285=VECTOR('',#11500,1.);
#7286=VECTOR('',#11503,1.);
#7287=VECTOR('',#11506,1.);
#7288=VECTOR('',#11507,1.);
#7289=VECTOR('',#11508,1.);
#7290=VECTOR('',#11513,1.);
#7291=VECTOR('',#11514,1.);
#7292=VECTOR('',#11515,1.);
#7293=VECTOR('',#11518,1.);
#7294=VECTOR('',#11519,1.);
#7295=VECTOR('',#11522,1.);
#7296=VECTOR('',#11523,1.);
#7297=VECTOR('',#11526,1.);
#7298=VECTOR('',#11527,1.);
#7299=VECTOR('',#11530,1.);
#7300=VECTOR('',#11533,1.);
#7301=VECTOR('',#11536,1.);
#7302=VECTOR('',#11539,1.);
#7303=VECTOR('',#11540,1.);
#7304=VECTOR('',#11543,1.);
#7305=VECTOR('',#11544,1.);
#7306=VECTOR('',#11547,1.);
#7307=VECTOR('',#11548,1.);
#7308=VECTOR('',#11551,1.);
#7309=VECTOR('',#11552,1.);
#7310=VECTOR('',#11553,1.);
#7311=VECTOR('',#11554,1.);
#7312=VECTOR('',#11557,1.);
#7313=VECTOR('',#11558,1.);
#7314=VECTOR('',#11559,1.);
#7315=VECTOR('',#11562,1.);
#7316=VECTOR('',#11563,1.);
#7317=VECTOR('',#11564,1.);
#7318=VECTOR('',#11565,1.);
#7319=VECTOR('',#11566,1.);
#7320=VECTOR('',#11567,1.);
#7321=VECTOR('',#11570,1.);
#7322=VECTOR('',#11577,1.);
#7323=VECTOR('',#11578,1.);
#7324=VECTOR('',#11579,1.);
#7325=VECTOR('',#11580,1.);
#7326=VECTOR('',#11583,1.);
#7327=VECTOR('',#11584,1.);
#7328=VECTOR('',#11585,1.);
#7329=VECTOR('',#11586,1.);
#7330=VECTOR('',#11589,1.);
#7331=VECTOR('',#11590,1.);
#7332=VECTOR('',#11591,1.);
#7333=VECTOR('',#11594,1.);
#7334=VECTOR('',#11595,1.);
#7335=VECTOR('',#11598,1.);
#7336=VECTOR('',#11599,1.);
#7337=VECTOR('',#11602,1.);
#7338=VECTOR('',#11603,1.);
#7339=VECTOR('',#11606,1.);
#7340=VECTOR('',#11607,1.);
#7341=VECTOR('',#11610,1.);
#7342=VECTOR('',#11611,1.);
#7343=VECTOR('',#11614,1.);
#7344=VECTOR('',#11615,1.);
#7345=VECTOR('',#11618,1.);
#7346=VECTOR('',#11629,1.);
#7347=VECTOR('',#11630,1.);
#7348=VECTOR('',#11631,1.);
#7349=VECTOR('',#11634,1.);
#7350=VECTOR('',#11635,1.);
#7351=VECTOR('',#11638,1.);
#7352=VECTOR('',#11639,1.);
#7353=VECTOR('',#11642,1.);
#7354=VECTOR('',#11643,1.);
#7355=VECTOR('',#11646,1.);
#7356=VECTOR('',#11647,1.);
#7357=VECTOR('',#11650,1.);
#7358=VECTOR('',#11651,1.);
#7359=VECTOR('',#11654,1.);
#7360=VECTOR('',#11655,1.);
#7361=VECTOR('',#11658,1.);
#7362=VECTOR('',#11663,1.);
#7363=VECTOR('',#11664,1.);
#7364=VECTOR('',#11665,1.);
#7365=VECTOR('',#11668,1.);
#7366=VECTOR('',#11669,1.);
#7367=VECTOR('',#11672,1.);
#7368=VECTOR('',#11673,1.);
#7369=VECTOR('',#11676,1.);
#7370=VECTOR('',#11677,1.);
#7371=VECTOR('',#11680,1.);
#7372=VECTOR('',#11681,1.);
#7373=VECTOR('',#11684,1.);
#7374=VECTOR('',#11685,1.);
#7375=VECTOR('',#11688,1.);
#7376=VECTOR('',#11689,1.);
#7377=VECTOR('',#11692,1.);
#7378=VECTOR('',#11697,1.);
#7379=VECTOR('',#11698,1.);
#7380=VECTOR('',#11699,1.);
#7381=VECTOR('',#11702,1.);
#7382=VECTOR('',#11703,1.);
#7383=VECTOR('',#11706,1.);
#7384=VECTOR('',#11707,1.);
#7385=VECTOR('',#11710,1.);
#7386=VECTOR('',#11711,1.);
#7387=VECTOR('',#11714,1.);
#7388=VECTOR('',#11715,1.);
#7389=VECTOR('',#11718,1.);
#7390=VECTOR('',#11719,1.);
#7391=VECTOR('',#11722,1.);
#7392=VECTOR('',#11723,1.);
#7393=VECTOR('',#11726,1.);
#7394=VECTOR('',#11727,1.);
#7395=VECTOR('',#11730,1.);
#7396=VECTOR('',#11731,1.);
#7397=VECTOR('',#11734,1.);
#7398=VECTOR('',#11735,1.);
#7399=VECTOR('',#11738,1.);
#7400=VECTOR('',#11739,1.);
#7401=VECTOR('',#11742,1.);
#7402=VECTOR('',#11745,1.);
#7403=VECTOR('',#11746,1.);
#7404=VECTOR('',#11747,1.);
#7405=VECTOR('',#11748,1.);
#7406=VECTOR('',#11749,1.);
#7407=VECTOR('',#11752,1.);
#7408=VECTOR('',#11757,1.);
#7409=VECTOR('',#11762,1.);
#7410=VECTOR('',#11765,1.);
#7411=VECTOR('',#11768,1.);
#7412=VECTOR('',#11773,1.);
#7413=VECTOR('',#11778,1.);
#7414=VECTOR('',#11779,1.);
#7415=VECTOR('',#11782,1.);
#7416=VECTOR('',#11787,1.);
#7417=VECTOR('',#11790,1.);
#7418=VECTOR('',#11791,1.);
#7419=VECTOR('',#11794,1.);
#7420=VECTOR('',#11799,1.);
#7421=VECTOR('',#11802,1.);
#7422=VECTOR('',#11803,1.);
#7423=VECTOR('',#11806,1.);
#7424=VECTOR('',#11811,1.);
#7425=VECTOR('',#11814,1.);
#7426=VECTOR('',#11815,1.);
#7427=VECTOR('',#11818,1.);
#7428=VECTOR('',#11821,1.);
#7429=VECTOR('',#11824,1.);
#7430=VECTOR('',#11825,1.);
#7431=VECTOR('',#11826,1.);
#7432=VECTOR('',#11831,1.);
#7433=VECTOR('',#11832,1.);
#7434=VECTOR('',#11833,1.);
#7435=VECTOR('',#11836,1.);
#7436=VECTOR('',#11837,1.);
#7437=VECTOR('',#11840,1.);
#7438=VECTOR('',#11841,1.);
#7439=VECTOR('',#11844,1.);
#7440=VECTOR('',#11845,1.);
#7441=VECTOR('',#11848,1.);
#7442=VECTOR('',#11849,1.);
#7443=VECTOR('',#11852,1.);
#7444=VECTOR('',#11857,1.);
#7445=VECTOR('',#11858,1.);
#7446=VECTOR('',#11859,1.);
#7447=VECTOR('',#11862,1.);
#7448=VECTOR('',#11863,1.);
#7449=VECTOR('',#11866,1.);
#7450=VECTOR('',#11867,1.);
#7451=VECTOR('',#11870,1.);
#7452=VECTOR('',#11871,1.);
#7453=VECTOR('',#11874,1.);
#7454=VECTOR('',#11875,1.);
#7455=VECTOR('',#11878,1.);
#7456=VECTOR('',#11879,1.);
#7457=VECTOR('',#11882,1.);
#7458=VECTOR('',#11883,1.);
#7459=VECTOR('',#11886,1.);
#7460=VECTOR('',#11887,1.);
#7461=VECTOR('',#11890,1.);
#7462=VECTOR('',#11891,1.);
#7463=VECTOR('',#11894,1.);
#7464=VECTOR('',#11895,1.);
#7465=VECTOR('',#11898,1.);
#7466=VECTOR('',#11899,1.);
#7467=VECTOR('',#11902,1.);
#7468=VECTOR('',#11905,1.);
#7469=VECTOR('',#11906,1.);
#7470=VECTOR('',#11909,1.);
#7471=VECTOR('',#11914,1.);
#7472=VECTOR('',#11919,1.);
#7473=VECTOR('',#11920,1.);
#7474=VECTOR('',#11921,1.);
#7475=VECTOR('',#11922,1.);
#7476=VECTOR('',#11925,1.);
#7477=VECTOR('',#11928,1.);
#7478=VECTOR('',#11929,1.);
#7479=VECTOR('',#11930,1.);
#7480=VECTOR('',#11933,1.);
#7481=VECTOR('',#11938,1.);
#7482=VECTOR('',#11939,1.);
#7483=VECTOR('',#11940,1.);
#7484=VECTOR('',#11941,1.);
#7485=VECTOR('',#11946,1.);
#7486=VECTOR('',#11947,1.);
#7487=VECTOR('',#11948,1.);
#7488=VECTOR('',#11951,1.);
#7489=VECTOR('',#11952,1.);
#7490=VECTOR('',#11955,1.);
#7491=VECTOR('',#11956,1.);
#7492=VECTOR('',#11959,1.);
#7493=VECTOR('',#11960,1.);
#7494=VECTOR('',#11963,1.);
#7495=VECTOR('',#11964,1.);
#7496=VECTOR('',#11967,1.);
#7497=VECTOR('',#11968,1.);
#7498=VECTOR('',#11971,1.);
#7499=VECTOR('',#11972,1.);
#7500=VECTOR('',#11975,1.);
#7501=VECTOR('',#11982,1.);
#7502=VECTOR('',#11983,1.);
#7503=VECTOR('',#11984,1.);
#7504=VECTOR('',#11985,1.);
#7505=VECTOR('',#11988,1.);
#7506=VECTOR('',#11989,1.);
#7507=VECTOR('',#11990,1.);
#7508=VECTOR('',#11991,1.);
#7509=VECTOR('',#11992,1.);
#7510=VECTOR('',#11993,1.);
#7511=VECTOR('',#11996,1.);
#7512=VECTOR('',#11997,1.);
#7513=VECTOR('',#11998,1.);
#7514=VECTOR('',#11999,1.);
#7515=VECTOR('',#12002,1.);
#7516=VECTOR('',#12003,1.);
#7517=VECTOR('',#12004,1.);
#7518=VECTOR('',#12007,1.);
#7519=VECTOR('',#12008,1.);
#7520=VECTOR('',#12009,1.);
#7521=VECTOR('',#12010,1.);
#7522=VECTOR('',#12011,1.);
#7523=VECTOR('',#12012,1.);
#7524=VECTOR('',#12015,1.);
#7525=VECTOR('',#12016,1.);
#7526=VECTOR('',#12017,1.);
#7527=VECTOR('',#12020,1.);
#7528=VECTOR('',#12021,1.);
#7529=VECTOR('',#12024,1.);
#7530=VECTOR('',#12025,1.);
#7531=VECTOR('',#12026,1.);
#7532=VECTOR('',#12027,1.);
#7533=VECTOR('',#12028,1.);
#7534=VECTOR('',#12029,1.);
#7535=VECTOR('',#12032,1.);
#7536=VECTOR('',#12033,1.);
#7537=VECTOR('',#12036,1.);
#7538=VECTOR('',#12039,1.);
#7539=VECTOR('',#12040,1.);
#7540=VECTOR('',#12043,1.);
#7541=VECTOR('',#12044,1.);
#7542=VECTOR('',#12051,1.);
#7543=VECTOR('',#12054,1.);
#7544=VECTOR('',#12059,1.);
#7545=VECTOR('',#12060,1.);
#7546=VECTOR('',#12061,1.);
#7547=VECTOR('',#12062,1.);
#7548=VECTOR('',#12065,1.);
#7549=VECTOR('',#12066,1.);
#7550=VECTOR('',#12067,1.);
#7551=VECTOR('',#12070,1.);
#7552=VECTOR('',#12071,1.);
#7553=VECTOR('',#12074,1.);
#7554=VECTOR('',#12075,1.);
#7555=VECTOR('',#12078,1.);
#7556=VECTOR('',#12079,1.);
#7557=VECTOR('',#12082,1.);
#7558=VECTOR('',#12083,1.);
#7559=VECTOR('',#12086,1.);
#7560=VECTOR('',#12087,1.);
#7561=VECTOR('',#12090,1.);
#7562=VECTOR('',#12091,1.);
#7563=VECTOR('',#12094,1.);
#7564=VECTOR('',#12109,1.);
#7565=VECTOR('',#12110,1.);
#7566=VECTOR('',#12111,1.);
#7567=VECTOR('',#12116,1.);
#7568=VECTOR('',#12119,1.);
#7569=VECTOR('',#12120,1.);
#7570=VECTOR('',#12127,1.);
#7571=VECTOR('',#12128,1.);
#7572=VECTOR('',#12129,1.);
#7573=VECTOR('',#12134,1.);
#7574=VECTOR('',#12137,1.);
#7575=VECTOR('',#12138,1.);
#7576=VECTOR('',#12149,1.);
#7577=VECTOR('',#12154,1.);
#7578=VECTOR('',#12163,1.);
#7579=VECTOR('',#12176,1.);
#7580=VECTOR('',#12223,1.);
#7581=VECTOR('',#12224,1.);
#7582=VECTOR('',#12225,1.);
#7583=VECTOR('',#12228,1.);
#7584=VECTOR('',#12229,1.);
#7585=VECTOR('',#12232,1.);
#7586=VECTOR('',#12233,1.);
#7587=VECTOR('',#12236,1.);
#7588=VECTOR('',#12239,1.);
#7589=VECTOR('',#12240,1.);
#7590=VECTOR('',#12241,1.);
#7591=VECTOR('',#12242,1.);
#7592=VECTOR('',#12243,1.);
#7593=VECTOR('',#12246,1.);
#7594=VECTOR('',#12251,1.);
#7595=VECTOR('',#12256,1.);
#7596=VECTOR('',#12259,1.);
#7597=VECTOR('',#12262,1.);
#7598=VECTOR('',#12267,1.);
#7599=VECTOR('',#12272,1.);
#7600=VECTOR('',#12273,1.);
#7601=VECTOR('',#12276,1.);
#7602=VECTOR('',#12281,1.);
#7603=VECTOR('',#12284,1.);
#7604=VECTOR('',#12285,1.);
#7605=VECTOR('',#12288,1.);
#7606=VECTOR('',#12293,1.);
#7607=VECTOR('',#12296,1.);
#7608=VECTOR('',#12297,1.);
#7609=VECTOR('',#12300,1.);
#7610=VECTOR('',#12305,1.);
#7611=VECTOR('',#12308,1.);
#7612=VECTOR('',#12309,1.);
#7613=VECTOR('',#12312,1.);
#7614=VECTOR('',#12315,1.);
#7615=VECTOR('',#12318,1.);
#7616=VECTOR('',#12319,1.);
#7617=VECTOR('',#12320,1.);
#7618=VECTOR('',#12325,1.);
#7619=VECTOR('',#12326,1.);
#7620=VECTOR('',#12327,1.);
#7621=VECTOR('',#12330,1.);
#7622=VECTOR('',#12331,1.);
#7623=VECTOR('',#12334,1.);
#7624=VECTOR('',#12335,1.);
#7625=VECTOR('',#12338,1.);
#7626=VECTOR('',#12339,1.);
#7627=VECTOR('',#12342,1.);
#7628=VECTOR('',#12343,1.);
#7629=VECTOR('',#12346,1.);
#7630=VECTOR('',#12347,1.);
#7631=VECTOR('',#12350,1.);
#7632=VECTOR('',#12351,1.);
#7633=VECTOR('',#12354,1.);
#7634=VECTOR('',#12355,1.);
#7635=VECTOR('',#12358,1.);
#7636=VECTOR('',#12359,1.);
#7637=VECTOR('',#12362,1.);
#7638=VECTOR('',#12363,1.);
#7639=VECTOR('',#12366,1.);
#7640=VECTOR('',#12367,1.);
#7641=VECTOR('',#12370,1.);
#7642=VECTOR('',#12375,1.);
#7643=VECTOR('',#12376,1.);
#7644=VECTOR('',#12377,1.);
#7645=VECTOR('',#12380,1.);
#7646=VECTOR('',#12381,1.);
#7647=VECTOR('',#12384,1.);
#7648=VECTOR('',#12385,1.);
#7649=VECTOR('',#12388,1.);
#7650=VECTOR('',#12389,1.);
#7651=VECTOR('',#12392,1.);
#7652=VECTOR('',#12393,1.);
#7653=VECTOR('',#12396,1.);
#7654=VECTOR('',#12397,1.);
#7655=VECTOR('',#12400,1.);
#7656=VECTOR('',#12401,1.);
#7657=VECTOR('',#12404,1.);
#7658=VECTOR('',#12405,1.);
#7659=VECTOR('',#12408,1.);
#7660=VECTOR('',#12409,1.);
#7661=VECTOR('',#12412,1.);
#7662=VECTOR('',#12413,1.);
#7663=VECTOR('',#12416,1.);
#7664=VECTOR('',#12417,1.);
#7665=VECTOR('',#12420,1.);
#7666=VECTOR('',#12423,1.);
#7667=VECTOR('',#12424,1.);
#7668=VECTOR('',#12425,1.);
#7669=VECTOR('',#12426,1.);
#7670=VECTOR('',#12429,1.);
#7671=VECTOR('',#12430,1.);
#7672=VECTOR('',#12433,1.);
#7673=VECTOR('',#12434,1.);
#7674=VECTOR('',#12437,1.);
#7675=VECTOR('',#12438,1.);
#7676=VECTOR('',#12441,1.);
#7677=VECTOR('',#12442,1.);
#7678=VECTOR('',#12445,1.);
#7679=VECTOR('',#12446,1.);
#7680=VECTOR('',#12449,1.);
#7681=VECTOR('',#12450,1.);
#7682=VECTOR('',#12451,1.);
#7683=VECTOR('',#12452,1.);
#7684=VECTOR('',#12455,1.);
#7685=VECTOR('',#12456,1.);
#7686=VECTOR('',#12457,1.);
#7687=VECTOR('',#12460,1.);
#7688=VECTOR('',#12461,1.);
#7689=VECTOR('',#12462,1.);
#7690=VECTOR('',#12463,1.);
#7691=VECTOR('',#12464,1.);
#7692=VECTOR('',#12465,1.);
#7693=VECTOR('',#12470,1.);
#7694=VECTOR('',#12471,1.);
#7695=VECTOR('',#12472,1.);
#7696=VECTOR('',#12475,1.);
#7697=VECTOR('',#12476,1.);
#7698=VECTOR('',#12477,1.);
#7699=VECTOR('',#12480,1.);
#7700=VECTOR('',#12481,1.);
#7701=VECTOR('',#12482,1.);
#7702=VECTOR('',#12483,1.);
#7703=VECTOR('',#12484,1.);
#7704=VECTOR('',#12485,1.);
#7705=VECTOR('',#12486,1.);
#7706=VECTOR('',#12489,1.);
#7707=VECTOR('',#12490,1.);
#7708=VECTOR('',#12493,1.);
#7709=VECTOR('',#12494,1.);
#7710=VECTOR('',#12497,1.);
#7711=VECTOR('',#12498,1.);
#7712=VECTOR('',#12501,1.);
#7713=VECTOR('',#12502,1.);
#7714=VECTOR('',#12507,1.);
#7715=VECTOR('',#12508,1.);
#7716=VECTOR('',#12509,1.);
#7717=VECTOR('',#12510,1.);
#7718=VECTOR('',#12513,1.);
#7719=VECTOR('',#12514,1.);
#7720=VECTOR('',#12515,1.);
#7721=VECTOR('',#12516,1.);
#7722=VECTOR('',#12517,1.);
#7723=VECTOR('',#12518,1.);
#7724=VECTOR('',#12521,1.);
#7725=VECTOR('',#12522,1.);
#7726=VECTOR('',#12523,1.);
#7727=VECTOR('',#12524,1.);
#7728=VECTOR('',#12527,1.);
#7729=VECTOR('',#12528,1.);
#7730=VECTOR('',#12529,1.);
#7731=VECTOR('',#12532,1.);
#7732=VECTOR('',#12533,1.);
#7733=VECTOR('',#12534,1.);
#7734=VECTOR('',#12535,1.);
#7735=VECTOR('',#12536,1.);
#7736=VECTOR('',#12537,1.);
#7737=VECTOR('',#12540,1.);
#7738=VECTOR('',#12541,1.);
#7739=VECTOR('',#12542,1.);
#7740=VECTOR('',#12545,1.);
#7741=VECTOR('',#12546,1.);
#7742=VECTOR('',#12549,1.);
#7743=VECTOR('',#12550,1.);
#7744=VECTOR('',#12551,1.);
#7745=VECTOR('',#12552,1.);
#7746=VECTOR('',#12553,1.);
#7747=VECTOR('',#12554,1.);
#7748=VECTOR('',#12557,1.);
#7749=VECTOR('',#12558,1.);
#7750=VECTOR('',#12561,1.);
#7751=VECTOR('',#12564,1.);
#7752=VECTOR('',#12565,1.);
#7753=VECTOR('',#12568,1.);
#7754=VECTOR('',#12569,1.);
#7755=VECTOR('',#12576,1.);
#7756=VECTOR('',#12577,1.);
#7757=VECTOR('',#12578,1.);
#7758=VECTOR('',#12579,1.);
#7759=VECTOR('',#12582,1.);
#7760=VECTOR('',#12583,1.);
#7761=VECTOR('',#12584,1.);
#7762=VECTOR('',#12585,1.);
#7763=VECTOR('',#12586,1.);
#7764=VECTOR('',#12587,1.);
#7765=VECTOR('',#12590,1.);
#7766=VECTOR('',#12591,1.);
#7767=VECTOR('',#12592,1.);
#7768=VECTOR('',#12593,1.);
#7769=VECTOR('',#12596,1.);
#7770=VECTOR('',#12597,1.);
#7771=VECTOR('',#12598,1.);
#7772=VECTOR('',#12601,1.);
#7773=VECTOR('',#12602,1.);
#7774=VECTOR('',#12603,1.);
#7775=VECTOR('',#12604,1.);
#7776=VECTOR('',#12605,1.);
#7777=VECTOR('',#12606,1.);
#7778=VECTOR('',#12609,1.);
#7779=VECTOR('',#12610,1.);
#7780=VECTOR('',#12611,1.);
#7781=VECTOR('',#12614,1.);
#7782=VECTOR('',#12615,1.);
#7783=VECTOR('',#12618,1.);
#7784=VECTOR('',#12619,1.);
#7785=VECTOR('',#12620,1.);
#7786=VECTOR('',#12621,1.);
#7787=VECTOR('',#12622,1.);
#7788=VECTOR('',#12623,1.);
#7789=VECTOR('',#12626,1.);
#7790=VECTOR('',#12627,1.);
#7791=VECTOR('',#12630,1.);
#7792=VECTOR('',#12633,1.);
#7793=VECTOR('',#12634,1.);
#7794=VECTOR('',#12637,1.);
#7795=VECTOR('',#12638,1.);
#7796=VECTOR('',#12645,1.);
#7797=VECTOR('',#12646,1.);
#7798=VECTOR('',#12647,1.);
#7799=VECTOR('',#12650,1.);
#7800=VECTOR('',#12651,1.);
#7801=VECTOR('',#12654,1.);
#7802=VECTOR('',#12655,1.);
#7803=VECTOR('',#12658,1.);
#7804=VECTOR('',#12659,1.);
#7805=VECTOR('',#12662,1.);
#7806=VECTOR('',#12663,1.);
#7807=VECTOR('',#12666,1.);
#7808=VECTOR('',#12667,1.);
#7809=VECTOR('',#12670,1.);
#7810=VECTOR('',#12671,1.);
#7811=VECTOR('',#12674,1.);
#7812=VECTOR('',#12675,1.);
#7813=VECTOR('',#12678,1.);
#7814=VECTOR('',#12679,1.);
#7815=VECTOR('',#12682,1.);
#7816=VECTOR('',#12683,1.);
#7817=VECTOR('',#12686,1.);
#7818=VECTOR('',#12687,1.);
#7819=VECTOR('',#12690,1.);
#7820=VECTOR('',#12701,1.);
#7821=VECTOR('',#12702,1.);
#7822=VECTOR('',#12703,1.);
#7823=VECTOR('',#12704,1.);
#7824=VECTOR('',#12707,1.);
#7825=VECTOR('',#12708,1.);
#7826=VECTOR('',#12711,1.);
#7827=VECTOR('',#12712,1.);
#7828=VECTOR('',#12713,1.);
#7829=VECTOR('',#12716,1.);
#7830=VECTOR('',#12717,1.);
#7831=VECTOR('',#12720,1.);
#7832=VECTOR('',#12721,1.);
#7833=VECTOR('',#12722,1.);
#7834=VECTOR('',#12723,1.);
#7835=VECTOR('',#12726,1.);
#7836=VECTOR('',#12727,1.);
#7837=VECTOR('',#12728,1.);
#7838=VECTOR('',#12731,1.);
#7839=VECTOR('',#12732,1.);
#7840=VECTOR('',#12735,1.);
#7841=VECTOR('',#12736,1.);
#7842=VECTOR('',#12739,1.);
#7843=VECTOR('',#12746,1.);
#7844=VECTOR('',#12747,1.);
#7845=VECTOR('',#12774,1.);
#7846=VECTOR('',#12777,1.);
#7847=VECTOR('',#12804,1.);
#7848=VECTOR('',#12807,1.);
#7849=VECTOR('',#12834,1.);
#7850=VECTOR('',#12837,1.);
#7851=VECTOR('',#12874,1.);
#7852=VECTOR('',#12877,1.);
#7853=EDGE_LOOP('',(#830,#831,#832,#833));
#7854=EDGE_LOOP('',(#834));
#7855=EDGE_LOOP('',(#835));
#7856=EDGE_LOOP('',(#836,#837,#838,#839));
#7857=EDGE_LOOP('',(#840,#841,#842,#843));
#7858=EDGE_LOOP('',(#844));
#7859=EDGE_LOOP('',(#845));
#7860=EDGE_LOOP('',(#846));
#7861=EDGE_LOOP('',(#847,#848,#849,#850,#851,#852,#853,#854,#855,#856,#857,
#858,#859,#860,#861,#862,#863,#864,#865,#866,#867,#868,#869,#870));
#7862=EDGE_LOOP('',(#871,#872,#873,#874,#875,#876,#877,#878,#879,#880,#881,
#882,#883,#884,#885,#886));
#7863=EDGE_LOOP('',(#887,#888,#889,#890,#891,#892,#893,#894));
#7864=EDGE_LOOP('',(#895,#896,#897,#898));
#7865=EDGE_LOOP('',(#899,#900,#901,#902,#903,#904));
#7866=EDGE_LOOP('',(#905,#906,#907,#908));
#7867=EDGE_LOOP('',(#909,#910,#911,#912));
#7868=EDGE_LOOP('',(#913,#914,#915,#916));
#7869=EDGE_LOOP('',(#917,#918,#919,#920));
#7870=EDGE_LOOP('',(#921,#922,#923,#924));
#7871=EDGE_LOOP('',(#925,#926,#927,#928));
#7872=EDGE_LOOP('',(#929,#930,#931,#932));
#7873=EDGE_LOOP('',(#933,#934,#935,#936));
#7874=EDGE_LOOP('',(#937,#938,#939,#940));
#7875=EDGE_LOOP('',(#941,#942,#943,#944));
#7876=EDGE_LOOP('',(#945,#946,#947,#948));
#7877=EDGE_LOOP('',(#949,#950,#951,#952));
#7878=EDGE_LOOP('',(#953,#954,#955,#956));
#7879=EDGE_LOOP('',(#957,#958,#959,#960));
#7880=EDGE_LOOP('',(#961,#962,#963,#964));
#7881=EDGE_LOOP('',(#965,#966,#967,#968));
#7882=EDGE_LOOP('',(#969,#970,#971,#972));
#7883=EDGE_LOOP('',(#973,#974,#975,#976));
#7884=EDGE_LOOP('',(#977,#978,#979,#980,#981,#982,#983,#984,#985,#986,#987,
#988));
#7885=EDGE_LOOP('',(#989,#990,#991,#992,#993,#994,#995,#996,#997));
#7886=EDGE_LOOP('',(#998,#999,#1000,#1001,#1002,#1003,#1004,#1005,#1006,
#1007,#1008,#1009));
#7887=EDGE_LOOP('',(#1010,#1011,#1012,#1013,#1014,#1015,#1016,#1017,#1018,
#1019,#1020,#1021));
#7888=EDGE_LOOP('',(#1022,#1023,#1024,#1025,#1026,#1027,#1028,#1029,#1030,
#1031,#1032,#1033,#1034,#1035,#1036,#1037,#1038,#1039,#1040,#1041,#1042,
#1043,#1044,#1045,#1046,#1047,#1048,#1049));
#7889=EDGE_LOOP('',(#1050,#1051,#1052,#1053));
#7890=EDGE_LOOP('',(#1054,#1055,#1056,#1057,#1058,#1059,#1060,#1061));
#7891=EDGE_LOOP('',(#1062,#1063,#1064,#1065,#1066,#1067,#1068,#1069,#1070,
#1071,#1072,#1073,#1074,#1075,#1076));
#7892=EDGE_LOOP('',(#1077,#1078,#1079,#1080,#1081,#1082,#1083,#1084,#1085,
#1086,#1087,#1088));
#7893=EDGE_LOOP('',(#1089,#1090,#1091,#1092,#1093,#1094));
#7894=EDGE_LOOP('',(#1095,#1096,#1097,#1098,#1099,#1100,#1101,#1102,#1103,
#1104,#1105,#1106,#1107,#1108,#1109,#1110,#1111,#1112,#1113,#1114,#1115,
#1116,#1117,#1118,#1119,#1120,#1121,#1122));
#7895=EDGE_LOOP('',(#1123,#1124,#1125,#1126,#1127,#1128,#1129,#1130,#1131,
#1132,#1133,#1134));
#7896=EDGE_LOOP('',(#1135,#1136,#1137,#1138,#1139,#1140,#1141,#1142));
#7897=EDGE_LOOP('',(#1143,#1144,#1145,#1146,#1147,#1148,#1149,#1150));
#7898=EDGE_LOOP('',(#1151,#1152,#1153,#1154,#1155,#1156,#1157,#1158));
#7899=EDGE_LOOP('',(#1159));
#7900=EDGE_LOOP('',(#1160));
#7901=EDGE_LOOP('',(#1161,#1162,#1163,#1164));
#7902=EDGE_LOOP('',(#1165,#1166,#1167,#1168,#1169,#1170,#1171,#1172));
#7903=EDGE_LOOP('',(#1173,#1174,#1175,#1176,#1177,#1178,#1179,#1180,#1181,
#1182,#1183,#1184,#1185,#1186,#1187,#1188,#1189,#1190,#1191,#1192,#1193,
#1194,#1195,#1196,#1197,#1198,#1199,#1200));
#7904=EDGE_LOOP('',(#1201,#1202,#1203,#1204,#1205,#1206,#1207,#1208,#1209,
#1210,#1211,#1212));
#7905=EDGE_LOOP('',(#1213));
#7906=EDGE_LOOP('',(#1214));
#7907=EDGE_LOOP('',(#1215));
#7908=EDGE_LOOP('',(#1216,#1217,#1218,#1219,#1220,#1221,#1222));
#7909=EDGE_LOOP('',(#1223,#1224,#1225,#1226,#1227,#1228,#1229,#1230,#1231,
#1232,#1233,#1234));
#7910=EDGE_LOOP('',(#1235,#1236,#1237,#1238,#1239,#1240,#1241,#1242,#1243,
#1244,#1245,#1246));
#7911=EDGE_LOOP('',(#1247,#1248,#1249,#1250,#1251,#1252,#1253,#1254,#1255,
#1256,#1257,#1258,#1259,#1260));
#7912=EDGE_LOOP('',(#1261,#1262,#1263,#1264,#1265,#1266,#1267,#1268,#1269,
#1270,#1271,#1272));
#7913=EDGE_LOOP('',(#1273));
#7914=EDGE_LOOP('',(#1274));
#7915=EDGE_LOOP('',(#1275));
#7916=EDGE_LOOP('',(#1276,#1277,#1278,#1279,#1280,#1281,#1282,#1283));
#7917=EDGE_LOOP('',(#1284,#1285,#1286,#1287,#1288,#1289,#1290,#1291,#1292,
#1293,#1294,#1295));
#7918=EDGE_LOOP('',(#1296));
#7919=EDGE_LOOP('',(#1297,#1298,#1299,#1300));
#7920=EDGE_LOOP('',(#1301,#1302,#1303,#1304));
#7921=EDGE_LOOP('',(#1305,#1306,#1307,#1308));
#7922=EDGE_LOOP('',(#1309,#1310,#1311,#1312));
#7923=EDGE_LOOP('',(#1313,#1314,#1315,#1316));
#7924=EDGE_LOOP('',(#1317,#1318,#1319,#1320));
#7925=EDGE_LOOP('',(#1321,#1322,#1323,#1324));
#7926=EDGE_LOOP('',(#1325,#1326,#1327,#1328));
#7927=EDGE_LOOP('',(#1329,#1330,#1331,#1332,#1333,#1334,#1335,#1336));
#7928=EDGE_LOOP('',(#1337,#1338,#1339,#1340));
#7929=EDGE_LOOP('',(#1341,#1342,#1343,#1344));
#7930=EDGE_LOOP('',(#1345,#1346,#1347,#1348));
#7931=EDGE_LOOP('',(#1349,#1350,#1351,#1352));
#7932=EDGE_LOOP('',(#1353,#1354,#1355,#1356));
#7933=EDGE_LOOP('',(#1357,#1358,#1359,#1360,#1361,#1362,#1363,#1364));
#7934=EDGE_LOOP('',(#1365));
#7935=EDGE_LOOP('',(#1366,#1367,#1368,#1369,#1370,#1371,#1372,#1373,#1374,
#1375,#1376,#1377,#1378,#1379,#1380,#1381,#1382,#1383,#1384,#1385,#1386,
#1387,#1388,#1389,#1390,#1391,#1392,#1393,#1394,#1395,#1396,#1397,#1398,
#1399,#1400,#1401,#1402,#1403));
#7936=EDGE_LOOP('',(#1404));
#7937=EDGE_LOOP('',(#1405));
#7938=EDGE_LOOP('',(#1406));
#7939=EDGE_LOOP('',(#1407,#1408,#1409,#1410));
#7940=EDGE_LOOP('',(#1411,#1412,#1413,#1414));
#7941=EDGE_LOOP('',(#1415,#1416,#1417,#1418));
#7942=EDGE_LOOP('',(#1419,#1420,#1421,#1422));
#7943=EDGE_LOOP('',(#1423,#1424,#1425,#1426));
#7944=EDGE_LOOP('',(#1427,#1428,#1429,#1430));
#7945=EDGE_LOOP('',(#1431,#1432,#1433,#1434));
#7946=EDGE_LOOP('',(#1435,#1436,#1437,#1438));
#7947=EDGE_LOOP('',(#1439,#1440,#1441,#1442));
#7948=EDGE_LOOP('',(#1443,#1444,#1445,#1446));
#7949=EDGE_LOOP('',(#1447,#1448,#1449,#1450));
#7950=EDGE_LOOP('',(#1451,#1452,#1453,#1454));
#7951=EDGE_LOOP('',(#1455,#1456,#1457,#1458));
#7952=EDGE_LOOP('',(#1459,#1460,#1461,#1462));
#7953=EDGE_LOOP('',(#1463,#1464,#1465,#1466));
#7954=EDGE_LOOP('',(#1467,#1468,#1469,#1470));
#7955=EDGE_LOOP('',(#1471));
#7956=EDGE_LOOP('',(#1472));
#7957=EDGE_LOOP('',(#1473));
#7958=EDGE_LOOP('',(#1474));
#7959=EDGE_LOOP('',(#1475));
#7960=EDGE_LOOP('',(#1476));
#7961=EDGE_LOOP('',(#1477));
#7962=EDGE_LOOP('',(#1478));
#7963=EDGE_LOOP('',(#1479));
#7964=EDGE_LOOP('',(#1480));
#7965=EDGE_LOOP('',(#1481));
#7966=EDGE_LOOP('',(#1482));
#7967=EDGE_LOOP('',(#1483,#1484,#1485,#1486));
#7968=EDGE_LOOP('',(#1487,#1488,#1489,#1490));
#7969=EDGE_LOOP('',(#1491,#1492,#1493,#1494));
#7970=EDGE_LOOP('',(#1495,#1496,#1497,#1498));
#7971=EDGE_LOOP('',(#1499,#1500,#1501,#1502));
#7972=EDGE_LOOP('',(#1503,#1504,#1505,#1506));
#7973=EDGE_LOOP('',(#1507,#1508,#1509,#1510));
#7974=EDGE_LOOP('',(#1511,#1512,#1513,#1514));
#7975=EDGE_LOOP('',(#1515,#1516,#1517,#1518));
#7976=EDGE_LOOP('',(#1519,#1520,#1521,#1522));
#7977=EDGE_LOOP('',(#1523,#1524,#1525,#1526));
#7978=EDGE_LOOP('',(#1527,#1528,#1529,#1530));
#7979=EDGE_LOOP('',(#1531,#1532,#1533,#1534));
#7980=EDGE_LOOP('',(#1535,#1536,#1537,#1538));
#7981=EDGE_LOOP('',(#1539,#1540,#1541,#1542));
#7982=EDGE_LOOP('',(#1543,#1544,#1545,#1546));
#7983=EDGE_LOOP('',(#1547,#1548,#1549,#1550));
#7984=EDGE_LOOP('',(#1551,#1552,#1553,#1554));
#7985=EDGE_LOOP('',(#1555,#1556,#1557,#1558));
#7986=EDGE_LOOP('',(#1559,#1560,#1561,#1562));
#7987=EDGE_LOOP('',(#1563,#1564,#1565,#1566));
#7988=EDGE_LOOP('',(#1567,#1568,#1569,#1570));
#7989=EDGE_LOOP('',(#1571,#1572,#1573,#1574));
#7990=EDGE_LOOP('',(#1575,#1576,#1577,#1578));
#7991=EDGE_LOOP('',(#1579,#1580,#1581,#1582));
#7992=EDGE_LOOP('',(#1583,#1584,#1585,#1586));
#7993=EDGE_LOOP('',(#1587,#1588,#1589,#1590));
#7994=EDGE_LOOP('',(#1591,#1592,#1593,#1594));
#7995=EDGE_LOOP('',(#1595,#1596,#1597,#1598));
#7996=EDGE_LOOP('',(#1599,#1600,#1601,#1602));
#7997=EDGE_LOOP('',(#1603,#1604,#1605,#1606));
#7998=EDGE_LOOP('',(#1607,#1608,#1609,#1610));
#7999=EDGE_LOOP('',(#1611,#1612,#1613,#1614));
#8000=EDGE_LOOP('',(#1615,#1616,#1617,#1618));
#8001=EDGE_LOOP('',(#1619,#1620,#1621,#1622));
#8002=EDGE_LOOP('',(#1623,#1624,#1625,#1626));
#8003=EDGE_LOOP('',(#1627,#1628,#1629,#1630));
#8004=EDGE_LOOP('',(#1631,#1632,#1633,#1634));
#8005=EDGE_LOOP('',(#1635,#1636,#1637,#1638));
#8006=EDGE_LOOP('',(#1639,#1640,#1641,#1642));
#8007=EDGE_LOOP('',(#1643,#1644,#1645,#1646));
#8008=EDGE_LOOP('',(#1647,#1648,#1649,#1650));
#8009=EDGE_LOOP('',(#1651,#1652,#1653,#1654));
#8010=EDGE_LOOP('',(#1655,#1656,#1657,#1658));
#8011=EDGE_LOOP('',(#1659,#1660,#1661,#1662));
#8012=EDGE_LOOP('',(#1663,#1664,#1665,#1666));
#8013=EDGE_LOOP('',(#1667,#1668,#1669,#1670));
#8014=EDGE_LOOP('',(#1671,#1672,#1673,#1674));
#8015=EDGE_LOOP('',(#1675,#1676,#1677,#1678,#1679,#1680,#1681,#1682,#1683,
#1684,#1685,#1686,#1687,#1688,#1689,#1690,#1691,#1692,#1693,#1694,#1695,
#1696,#1697,#1698,#1699,#1700,#1701,#1702));
#8016=EDGE_LOOP('',(#1703,#1704,#1705,#1706));
#8017=EDGE_LOOP('',(#1707,#1708,#1709,#1710));
#8018=EDGE_LOOP('',(#1711,#1712,#1713,#1714));
#8019=EDGE_LOOP('',(#1715,#1716,#1717,#1718));
#8020=EDGE_LOOP('',(#1719,#1720,#1721,#1722));
#8021=EDGE_LOOP('',(#1723,#1724,#1725,#1726));
#8022=EDGE_LOOP('',(#1727,#1728,#1729,#1730));
#8023=EDGE_LOOP('',(#1731,#1732,#1733,#1734));
#8024=EDGE_LOOP('',(#1735,#1736,#1737,#1738));
#8025=EDGE_LOOP('',(#1739,#1740,#1741,#1742));
#8026=EDGE_LOOP('',(#1743,#1744,#1745,#1746));
#8027=EDGE_LOOP('',(#1747,#1748,#1749,#1750));
#8028=EDGE_LOOP('',(#1751,#1752,#1753,#1754));
#8029=EDGE_LOOP('',(#1755,#1756,#1757,#1758));
#8030=EDGE_LOOP('',(#1759,#1760,#1761,#1762));
#8031=EDGE_LOOP('',(#1763,#1764,#1765,#1766));
#8032=EDGE_LOOP('',(#1767,#1768,#1769,#1770));
#8033=EDGE_LOOP('',(#1771,#1772,#1773,#1774));
#8034=EDGE_LOOP('',(#1775,#1776,#1777,#1778));
#8035=EDGE_LOOP('',(#1779,#1780,#1781,#1782,#1783,#1784,#1785));
#8036=EDGE_LOOP('',(#1786,#1787,#1788,#1789,#1790,#1791,#1792,#1793,#1794,
#1795,#1796,#1797));
#8037=EDGE_LOOP('',(#1798,#1799,#1800,#1801,#1802,#1803,#1804));
#8038=EDGE_LOOP('',(#1805,#1806,#1807,#1808));
#8039=EDGE_LOOP('',(#1809,#1810,#1811,#1812));
#8040=EDGE_LOOP('',(#1813,#1814,#1815,#1816));
#8041=EDGE_LOOP('',(#1817,#1818,#1819,#1820));
#8042=EDGE_LOOP('',(#1821,#1822,#1823,#1824));
#8043=EDGE_LOOP('',(#1825,#1826,#1827,#1828));
#8044=EDGE_LOOP('',(#1829,#1830,#1831,#1832));
#8045=EDGE_LOOP('',(#1833,#1834,#1835,#1836));
#8046=EDGE_LOOP('',(#1837,#1838,#1839,#1840));
#8047=EDGE_LOOP('',(#1841,#1842,#1843,#1844));
#8048=EDGE_LOOP('',(#1845,#1846,#1847,#1848));
#8049=EDGE_LOOP('',(#1849,#1850,#1851,#1852));
#8050=EDGE_LOOP('',(#1853,#1854,#1855,#1856,#1857,#1858,#1859,#1860));
#8051=EDGE_LOOP('',(#1861,#1862,#1863,#1864));
#8052=EDGE_LOOP('',(#1865,#1866,#1867,#1868));
#8053=EDGE_LOOP('',(#1869,#1870,#1871,#1872));
#8054=EDGE_LOOP('',(#1873,#1874,#1875,#1876));
#8055=EDGE_LOOP('',(#1877,#1878,#1879,#1880));
#8056=EDGE_LOOP('',(#1881,#1882,#1883,#1884));
#8057=EDGE_LOOP('',(#1885,#1886,#1887,#1888));
#8058=EDGE_LOOP('',(#1889,#1890,#1891,#1892));
#8059=EDGE_LOOP('',(#1893,#1894,#1895,#1896));
#8060=EDGE_LOOP('',(#1897,#1898,#1899,#1900,#1901,#1902,#1903,#1904));
#8061=EDGE_LOOP('',(#1905,#1906,#1907,#1908));
#8062=EDGE_LOOP('',(#1909,#1910,#1911,#1912));
#8063=EDGE_LOOP('',(#1913,#1914,#1915,#1916));
#8064=EDGE_LOOP('',(#1917,#1918,#1919,#1920));
#8065=EDGE_LOOP('',(#1921,#1922,#1923,#1924));
#8066=EDGE_LOOP('',(#1925,#1926,#1927,#1928));
#8067=EDGE_LOOP('',(#1929,#1930,#1931,#1932));
#8068=EDGE_LOOP('',(#1933,#1934,#1935,#1936));
#8069=EDGE_LOOP('',(#1937,#1938,#1939,#1940,#1941,#1942,#1943,#1944));
#8070=EDGE_LOOP('',(#1945,#1946,#1947,#1948));
#8071=EDGE_LOOP('',(#1949,#1950,#1951,#1952));
#8072=EDGE_LOOP('',(#1953,#1954,#1955,#1956));
#8073=EDGE_LOOP('',(#1957,#1958,#1959,#1960));
#8074=EDGE_LOOP('',(#1961,#1962,#1963,#1964));
#8075=EDGE_LOOP('',(#1965,#1966,#1967,#1968));
#8076=EDGE_LOOP('',(#1969,#1970,#1971,#1972));
#8077=EDGE_LOOP('',(#1973,#1974,#1975,#1976));
#8078=EDGE_LOOP('',(#1977,#1978,#1979,#1980));
#8079=EDGE_LOOP('',(#1981,#1982,#1983,#1984));
#8080=EDGE_LOOP('',(#1985,#1986,#1987,#1988));
#8081=EDGE_LOOP('',(#1989,#1990,#1991,#1992));
#8082=EDGE_LOOP('',(#1993,#1994,#1995,#1996,#1997,#1998,#1999,#2000,#2001,
#2002,#2003,#2004));
#8083=EDGE_LOOP('',(#2005,#2006,#2007,#2008));
#8084=EDGE_LOOP('',(#2009,#2010,#2011,#2012));
#8085=EDGE_LOOP('',(#2013,#2014,#2015,#2016));
#8086=EDGE_LOOP('',(#2017,#2018,#2019,#2020));
#8087=EDGE_LOOP('',(#2021,#2022,#2023,#2024));
#8088=EDGE_LOOP('',(#2025,#2026,#2027,#2028));
#8089=EDGE_LOOP('',(#2029,#2030,#2031,#2032));
#8090=EDGE_LOOP('',(#2033,#2034,#2035,#2036));
#8091=EDGE_LOOP('',(#2037,#2038,#2039,#2040));
#8092=EDGE_LOOP('',(#2041,#2042,#2043,#2044));
#8093=EDGE_LOOP('',(#2045,#2046,#2047,#2048));
#8094=EDGE_LOOP('',(#2049,#2050,#2051,#2052));
#8095=EDGE_LOOP('',(#2053,#2054,#2055,#2056));
#8096=EDGE_LOOP('',(#2057,#2058,#2059,#2060));
#8097=EDGE_LOOP('',(#2061,#2062,#2063,#2064));
#8098=EDGE_LOOP('',(#2065,#2066,#2067,#2068));
#8099=EDGE_LOOP('',(#2069,#2070,#2071,#2072));
#8100=EDGE_LOOP('',(#2073,#2074,#2075,#2076));
#8101=EDGE_LOOP('',(#2077,#2078,#2079,#2080));
#8102=EDGE_LOOP('',(#2081,#2082,#2083,#2084));
#8103=EDGE_LOOP('',(#2085,#2086,#2087,#2088));
#8104=EDGE_LOOP('',(#2089,#2090,#2091,#2092));
#8105=EDGE_LOOP('',(#2093,#2094,#2095,#2096));
#8106=EDGE_LOOP('',(#2097,#2098,#2099,#2100));
#8107=EDGE_LOOP('',(#2101,#2102,#2103,#2104));
#8108=EDGE_LOOP('',(#2105,#2106,#2107,#2108));
#8109=EDGE_LOOP('',(#2109,#2110,#2111,#2112));
#8110=EDGE_LOOP('',(#2113,#2114,#2115,#2116));
#8111=EDGE_LOOP('',(#2117,#2118,#2119,#2120,#2121,#2122,#2123,#2124,#2125,
#2126,#2127,#2128,#2129,#2130,#2131,#2132,#2133,#2134,#2135,#2136,#2137,
#2138,#2139,#2140,#2141,#2142,#2143,#2144));
#8112=EDGE_LOOP('',(#2145,#2146,#2147,#2148));
#8113=EDGE_LOOP('',(#2149,#2150,#2151,#2152));
#8114=EDGE_LOOP('',(#2153,#2154,#2155,#2156));
#8115=EDGE_LOOP('',(#2157,#2158,#2159,#2160));
#8116=EDGE_LOOP('',(#2161,#2162,#2163,#2164));
#8117=EDGE_LOOP('',(#2165,#2166,#2167,#2168));
#8118=EDGE_LOOP('',(#2169,#2170,#2171,#2172,#2173,#2174));
#8119=EDGE_LOOP('',(#2175,#2176,#2177,#2178));
#8120=EDGE_LOOP('',(#2179,#2180,#2181,#2182));
#8121=EDGE_LOOP('',(#2183,#2184,#2185,#2186));
#8122=EDGE_LOOP('',(#2187,#2188,#2189,#2190));
#8123=EDGE_LOOP('',(#2191,#2192,#2193,#2194));
#8124=EDGE_LOOP('',(#2195,#2196,#2197,#2198));
#8125=EDGE_LOOP('',(#2199,#2200,#2201,#2202));
#8126=EDGE_LOOP('',(#2203,#2204,#2205,#2206));
#8127=EDGE_LOOP('',(#2207,#2208,#2209,#2210));
#8128=EDGE_LOOP('',(#2211,#2212,#2213,#2214));
#8129=EDGE_LOOP('',(#2215,#2216,#2217,#2218));
#8130=EDGE_LOOP('',(#2219,#2220,#2221,#2222));
#8131=EDGE_LOOP('',(#2223,#2224,#2225,#2226,#2227,#2228,#2229,#2230,#2231,
#2232,#2233,#2234));
#8132=EDGE_LOOP('',(#2235,#2236,#2237,#2238));
#8133=EDGE_LOOP('',(#2239,#2240,#2241,#2242));
#8134=EDGE_LOOP('',(#2243,#2244,#2245,#2246));
#8135=EDGE_LOOP('',(#2247,#2248,#2249,#2250));
#8136=EDGE_LOOP('',(#2251,#2252,#2253,#2254));
#8137=EDGE_LOOP('',(#2255,#2256,#2257,#2258));
#8138=EDGE_LOOP('',(#2259,#2260,#2261,#2262));
#8139=EDGE_LOOP('',(#2263,#2264,#2265,#2266));
#8140=EDGE_LOOP('',(#2267,#2268,#2269,#2270));
#8141=EDGE_LOOP('',(#2271,#2272,#2273,#2274));
#8142=EDGE_LOOP('',(#2275,#2276,#2277,#2278));
#8143=EDGE_LOOP('',(#2279,#2280,#2281,#2282));
#8144=EDGE_LOOP('',(#2283,#2284,#2285,#2286));
#8145=EDGE_LOOP('',(#2287,#2288,#2289,#2290));
#8146=EDGE_LOOP('',(#2291,#2292,#2293,#2294));
#8147=EDGE_LOOP('',(#2295,#2296,#2297,#2298,#2299,#2300,#2301,#2302,#2303,
#2304,#2305,#2306,#2307,#2308,#2309));
#8148=EDGE_LOOP('',(#2310,#2311,#2312,#2313));
#8149=EDGE_LOOP('',(#2314,#2315,#2316,#2317));
#8150=EDGE_LOOP('',(#2318,#2319,#2320,#2321));
#8151=EDGE_LOOP('',(#2322,#2323,#2324,#2325));
#8152=EDGE_LOOP('',(#2326,#2327,#2328,#2329));
#8153=EDGE_LOOP('',(#2330,#2331,#2332,#2333));
#8154=EDGE_LOOP('',(#2334,#2335,#2336,#2337));
#8155=EDGE_LOOP('',(#2338,#2339,#2340,#2341));
#8156=EDGE_LOOP('',(#2342,#2343,#2344,#2345,#2346,#2347,#2348,#2349));
#8157=EDGE_LOOP('',(#2350,#2351,#2352,#2353));
#8158=EDGE_LOOP('',(#2354,#2355,#2356,#2357));
#8159=EDGE_LOOP('',(#2358,#2359,#2360,#2361));
#8160=EDGE_LOOP('',(#2362,#2363,#2364,#2365));
#8161=EDGE_LOOP('',(#2366,#2367,#2368,#2369));
#8162=EDGE_LOOP('',(#2370,#2371,#2372,#2373));
#8163=EDGE_LOOP('',(#2374,#2375,#2376,#2377));
#8164=EDGE_LOOP('',(#2378,#2379,#2380,#2381));
#8165=EDGE_LOOP('',(#2382,#2383,#2384,#2385));
#8166=EDGE_LOOP('',(#2386,#2387,#2388,#2389));
#8167=EDGE_LOOP('',(#2390,#2391,#2392,#2393));
#8168=EDGE_LOOP('',(#2394,#2395,#2396,#2397));
#8169=EDGE_LOOP('',(#2398,#2399,#2400,#2401));
#8170=EDGE_LOOP('',(#2402,#2403,#2404,#2405));
#8171=EDGE_LOOP('',(#2406,#2407,#2408,#2409));
#8172=EDGE_LOOP('',(#2410,#2411,#2412,#2413));
#8173=EDGE_LOOP('',(#2414,#2415,#2416,#2417));
#8174=EDGE_LOOP('',(#2418,#2419,#2420,#2421));
#8175=EDGE_LOOP('',(#2422,#2423,#2424,#2425));
#8176=EDGE_LOOP('',(#2426,#2427,#2428,#2429));
#8177=EDGE_LOOP('',(#2430,#2431,#2432,#2433));
#8178=EDGE_LOOP('',(#2434,#2435,#2436,#2437));
#8179=EDGE_LOOP('',(#2438,#2439,#2440,#2441));
#8180=EDGE_LOOP('',(#2442,#2443,#2444,#2445));
#8181=EDGE_LOOP('',(#2446,#2447,#2448,#2449));
#8182=EDGE_LOOP('',(#2450,#2451,#2452,#2453));
#8183=EDGE_LOOP('',(#2454,#2455,#2456,#2457,#2458,#2459,#2460,#2461,#2462,
#2463,#2464,#2465));
#8184=EDGE_LOOP('',(#2466,#2467,#2468,#2469,#2470,#2471,#2472));
#8185=EDGE_LOOP('',(#2473,#2474,#2475,#2476,#2477,#2478));
#8186=EDGE_LOOP('',(#2479,#2480,#2481,#2482,#2483,#2484,#2485));
#8187=EDGE_LOOP('',(#2486,#2487,#2488,#2489));
#8188=EDGE_LOOP('',(#2490,#2491,#2492,#2493));
#8189=EDGE_LOOP('',(#2494,#2495,#2496,#2497));
#8190=EDGE_LOOP('',(#2498,#2499,#2500,#2501));
#8191=EDGE_LOOP('',(#2502,#2503,#2504,#2505));
#8192=EDGE_LOOP('',(#2506,#2507,#2508,#2509));
#8193=EDGE_LOOP('',(#2510,#2511,#2512,#2513));
#8194=EDGE_LOOP('',(#2514,#2515,#2516,#2517));
#8195=EDGE_LOOP('',(#2518,#2519,#2520,#2521));
#8196=EDGE_LOOP('',(#2522,#2523,#2524,#2525));
#8197=EDGE_LOOP('',(#2526,#2527,#2528,#2529));
#8198=EDGE_LOOP('',(#2530,#2531,#2532,#2533));
#8199=EDGE_LOOP('',(#2534,#2535,#2536,#2537,#2538,#2539,#2540,#2541));
#8200=EDGE_LOOP('',(#2542,#2543,#2544,#2545));
#8201=EDGE_LOOP('',(#2546,#2547,#2548,#2549,#2550,#2551));
#8202=EDGE_LOOP('',(#2552,#2553,#2554,#2555));
#8203=EDGE_LOOP('',(#2556,#2557,#2558,#2559));
#8204=EDGE_LOOP('',(#2560,#2561,#2562,#2563));
#8205=EDGE_LOOP('',(#2564,#2565,#2566,#2567));
#8206=EDGE_LOOP('',(#2568,#2569,#2570,#2571));
#8207=EDGE_LOOP('',(#2572,#2573,#2574,#2575));
#8208=EDGE_LOOP('',(#2576,#2577,#2578,#2579));
#8209=EDGE_LOOP('',(#2580,#2581,#2582,#2583));
#8210=EDGE_LOOP('',(#2584,#2585,#2586,#2587));
#8211=EDGE_LOOP('',(#2588,#2589,#2590,#2591,#2592));
#8212=EDGE_LOOP('',(#2593,#2594,#2595,#2596,#2597));
#8213=EDGE_LOOP('',(#2598,#2599,#2600,#2601,#2602));
#8214=EDGE_LOOP('',(#2603,#2604,#2605,#2606,#2607));
#8215=EDGE_LOOP('',(#2608,#2609,#2610,#2611,#2612,#2613));
#8216=EDGE_LOOP('',(#2614,#2615,#2616,#2617,#2618,#2619));
#8217=EDGE_LOOP('',(#2620,#2621,#2622,#2623));
#8218=EDGE_LOOP('',(#2624,#2625,#2626,#2627));
#8219=EDGE_LOOP('',(#2628,#2629,#2630,#2631));
#8220=EDGE_LOOP('',(#2632,#2633,#2634,#2635));
#8221=EDGE_LOOP('',(#2636,#2637,#2638,#2639));
#8222=EDGE_LOOP('',(#2640,#2641,#2642,#2643));
#8223=EDGE_LOOP('',(#2644,#2645,#2646,#2647));
#8224=EDGE_LOOP('',(#2648,#2649,#2650,#2651));
#8225=EDGE_LOOP('',(#2652,#2653,#2654,#2655,#2656,#2657));
#8226=EDGE_LOOP('',(#2658,#2659,#2660,#2661,#2662,#2663));
#8227=EDGE_LOOP('',(#2664,#2665,#2666,#2667));
#8228=EDGE_LOOP('',(#2668));
#8229=EDGE_LOOP('',(#2669));
#8230=EDGE_LOOP('',(#2670));
#8231=EDGE_LOOP('',(#2671));
#8232=EDGE_LOOP('',(#2672));
#8233=EDGE_LOOP('',(#2673));
#8234=EDGE_LOOP('',(#2674,#2675,#2676,#2677));
#8235=EDGE_LOOP('',(#2678,#2679,#2680,#2681));
#8236=EDGE_LOOP('',(#2682,#2683,#2684,#2685));
#8237=EDGE_LOOP('',(#2686,#2687,#2688,#2689));
#8238=EDGE_LOOP('',(#2690,#2691,#2692,#2693));
#8239=EDGE_LOOP('',(#2694,#2695,#2696,#2697));
#8240=EDGE_LOOP('',(#2698,#2699,#2700,#2701));
#8241=EDGE_LOOP('',(#2702,#2703,#2704,#2705));
#8242=EDGE_LOOP('',(#2706,#2707,#2708,#2709));
#8243=EDGE_LOOP('',(#2710,#2711,#2712,#2713));
#8244=EDGE_LOOP('',(#2714,#2715,#2716,#2717));
#8245=EDGE_LOOP('',(#2718,#2719,#2720,#2721));
#8246=EDGE_LOOP('',(#2722,#2723,#2724,#2725));
#8247=EDGE_LOOP('',(#2726,#2727,#2728,#2729));
#8248=EDGE_LOOP('',(#2730,#2731,#2732,#2733));
#8249=EDGE_LOOP('',(#2734,#2735,#2736,#2737));
#8250=EDGE_LOOP('',(#2738,#2739,#2740,#2741));
#8251=EDGE_LOOP('',(#2742,#2743,#2744,#2745));
#8252=EDGE_LOOP('',(#2746,#2747,#2748,#2749));
#8253=EDGE_LOOP('',(#2750,#2751,#2752,#2753));
#8254=EDGE_LOOP('',(#2754,#2755,#2756,#2757));
#8255=EDGE_LOOP('',(#2758,#2759,#2760,#2761));
#8256=EDGE_LOOP('',(#2762,#2763,#2764,#2765));
#8257=EDGE_LOOP('',(#2766,#2767,#2768,#2769));
#8258=EDGE_LOOP('',(#2770,#2771,#2772,#2773));
#8259=EDGE_LOOP('',(#2774,#2775,#2776,#2777));
#8260=EDGE_LOOP('',(#2778,#2779,#2780,#2781));
#8261=EDGE_LOOP('',(#2782,#2783,#2784,#2785));
#8262=EDGE_LOOP('',(#2786,#2787,#2788,#2789));
#8263=EDGE_LOOP('',(#2790,#2791,#2792,#2793));
#8264=EDGE_LOOP('',(#2794,#2795,#2796,#2797));
#8265=EDGE_LOOP('',(#2798,#2799,#2800,#2801));
#8266=EDGE_LOOP('',(#2802,#2803,#2804,#2805));
#8267=EDGE_LOOP('',(#2806,#2807,#2808,#2809,#2810,#2811,#2812,#2813,#2814,
#2815,#2816,#2817,#2818,#2819,#2820,#2821,#2822,#2823,#2824,#2825,#2826,
#2827,#2828,#2829,#2830,#2831,#2832,#2833));
#8268=EDGE_LOOP('',(#2834,#2835,#2836,#2837));
#8269=EDGE_LOOP('',(#2838,#2839,#2840,#2841));
#8270=EDGE_LOOP('',(#2842,#2843,#2844,#2845));
#8271=EDGE_LOOP('',(#2846,#2847,#2848,#2849));
#8272=EDGE_LOOP('',(#2850,#2851,#2852,#2853));
#8273=EDGE_LOOP('',(#2854,#2855,#2856,#2857));
#8274=EDGE_LOOP('',(#2858,#2859,#2860,#2861));
#8275=EDGE_LOOP('',(#2862,#2863,#2864,#2865));
#8276=EDGE_LOOP('',(#2866,#2867,#2868,#2869));
#8277=EDGE_LOOP('',(#2870,#2871,#2872,#2873));
#8278=EDGE_LOOP('',(#2874,#2875,#2876,#2877));
#8279=EDGE_LOOP('',(#2878,#2879,#2880,#2881));
#8280=EDGE_LOOP('',(#2882,#2883,#2884,#2885,#2886,#2887,#2888,#2889,#2890,
#2891,#2892,#2893));
#8281=EDGE_LOOP('',(#2894,#2895,#2896,#2897));
#8282=EDGE_LOOP('',(#2898,#2899,#2900,#2901));
#8283=EDGE_LOOP('',(#2902,#2903,#2904,#2905));
#8284=EDGE_LOOP('',(#2906,#2907,#2908,#2909));
#8285=EDGE_LOOP('',(#2910,#2911,#2912,#2913));
#8286=EDGE_LOOP('',(#2914,#2915,#2916,#2917));
#8287=EDGE_LOOP('',(#2918,#2919,#2920,#2921));
#8288=EDGE_LOOP('',(#2922,#2923,#2924,#2925));
#8289=EDGE_LOOP('',(#2926,#2927,#2928,#2929));
#8290=EDGE_LOOP('',(#2930,#2931,#2932,#2933));
#8291=EDGE_LOOP('',(#2934,#2935,#2936,#2937));
#8292=EDGE_LOOP('',(#2938,#2939,#2940,#2941));
#8293=EDGE_LOOP('',(#2942,#2943,#2944,#2945,#2946,#2947,#2948,#2949,#2950,
#2951,#2952,#2953));
#8294=EDGE_LOOP('',(#2954,#2955,#2956,#2957));
#8295=EDGE_LOOP('',(#2958,#2959,#2960,#2961));
#8296=EDGE_LOOP('',(#2962,#2963,#2964,#2965));
#8297=EDGE_LOOP('',(#2966,#2967,#2968,#2969));
#8298=EDGE_LOOP('',(#2970,#2971,#2972,#2973));
#8299=EDGE_LOOP('',(#2974,#2975,#2976,#2977));
#8300=EDGE_LOOP('',(#2978,#2979,#2980,#2981));
#8301=EDGE_LOOP('',(#2982,#2983,#2984,#2985));
#8302=EDGE_LOOP('',(#2986,#2987,#2988,#2989));
#8303=EDGE_LOOP('',(#2990,#2991,#2992,#2993));
#8304=EDGE_LOOP('',(#2994,#2995,#2996,#2997));
#8305=EDGE_LOOP('',(#2998,#2999,#3000,#3001));
#8306=EDGE_LOOP('',(#3002,#3003,#3004,#3005));
#8307=EDGE_LOOP('',(#3006,#3007,#3008,#3009));
#8308=EDGE_LOOP('',(#3010,#3011,#3012,#3013));
#8309=EDGE_LOOP('',(#3014,#3015,#3016,#3017));
#8310=EDGE_LOOP('',(#3018,#3019,#3020,#3021,#3022,#3023,#3024));
#8311=EDGE_LOOP('',(#3025,#3026,#3027,#3028,#3029,#3030,#3031,#3032,#3033));
#8312=EDGE_LOOP('',(#3034,#3035,#3036,#3037,#3038,#3039,#3040));
#8313=EDGE_LOOP('',(#3041,#3042,#3043,#3044));
#8314=EDGE_LOOP('',(#3045,#3046,#3047,#3048));
#8315=EDGE_LOOP('',(#3049,#3050,#3051,#3052));
#8316=EDGE_LOOP('',(#3053,#3054,#3055,#3056));
#8317=EDGE_LOOP('',(#3057,#3058,#3059,#3060));
#8318=EDGE_LOOP('',(#3061,#3062,#3063,#3064));
#8319=EDGE_LOOP('',(#3065,#3066,#3067,#3068));
#8320=EDGE_LOOP('',(#3069,#3070,#3071,#3072));
#8321=EDGE_LOOP('',(#3073,#3074,#3075,#3076));
#8322=EDGE_LOOP('',(#3077,#3078,#3079,#3080));
#8323=EDGE_LOOP('',(#3081,#3082,#3083,#3084));
#8324=EDGE_LOOP('',(#3085,#3086,#3087,#3088));
#8325=EDGE_LOOP('',(#3089,#3090,#3091,#3092,#3093,#3094,#3095));
#8326=EDGE_LOOP('',(#3096,#3097,#3098,#3099,#3100));
#8327=EDGE_LOOP('',(#3101,#3102,#3103,#3104));
#8328=EDGE_LOOP('',(#3105,#3106,#3107,#3108));
#8329=EDGE_LOOP('',(#3109,#3110,#3111,#3112));
#8330=EDGE_LOOP('',(#3113,#3114,#3115,#3116));
#8331=EDGE_LOOP('',(#3117,#3118,#3119,#3120));
#8332=EDGE_LOOP('',(#3121,#3122,#3123,#3124));
#8333=EDGE_LOOP('',(#3125,#3126,#3127,#3128));
#8334=EDGE_LOOP('',(#3129,#3130,#3131,#3132));
#8335=EDGE_LOOP('',(#3133,#3134,#3135,#3136));
#8336=EDGE_LOOP('',(#3137,#3138,#3139,#3140));
#8337=EDGE_LOOP('',(#3141,#3142,#3143,#3144));
#8338=EDGE_LOOP('',(#3145,#3146,#3147,#3148));
#8339=EDGE_LOOP('',(#3149,#3150,#3151,#3152));
#8340=EDGE_LOOP('',(#3153,#3154,#3155,#3156));
#8341=EDGE_LOOP('',(#3157,#3158,#3159,#3160));
#8342=EDGE_LOOP('',(#3161,#3162,#3163,#3164));
#8343=EDGE_LOOP('',(#3165,#3166,#3167,#3168));
#8344=EDGE_LOOP('',(#3169,#3170,#3171,#3172));
#8345=EDGE_LOOP('',(#3173,#3174,#3175,#3176));
#8346=EDGE_LOOP('',(#3177,#3178,#3179,#3180));
#8347=EDGE_LOOP('',(#3181,#3182,#3183,#3184));
#8348=EDGE_LOOP('',(#3185,#3186,#3187,#3188));
#8349=EDGE_LOOP('',(#3189,#3190,#3191,#3192));
#8350=EDGE_LOOP('',(#3193,#3194,#3195,#3196));
#8351=EDGE_LOOP('',(#3197,#3198,#3199,#3200));
#8352=EDGE_LOOP('',(#3201,#3202,#3203,#3204,#3205,#3206,#3207,#3208,#3209,
#3210,#3211,#3212));
#8353=EDGE_LOOP('',(#3213,#3214,#3215,#3216,#3217,#3218,#3219));
#8354=EDGE_LOOP('',(#3220,#3221,#3222,#3223,#3224,#3225));
#8355=EDGE_LOOP('',(#3226,#3227,#3228,#3229,#3230,#3231,#3232));
#8356=EDGE_LOOP('',(#3233,#3234,#3235,#3236));
#8357=EDGE_LOOP('',(#3237,#3238,#3239,#3240));
#8358=EDGE_LOOP('',(#3241,#3242,#3243,#3244));
#8359=EDGE_LOOP('',(#3245,#3246,#3247,#3248));
#8360=EDGE_LOOP('',(#3249,#3250,#3251,#3252));
#8361=EDGE_LOOP('',(#3253,#3254,#3255,#3256));
#8362=EDGE_LOOP('',(#3257,#3258,#3259,#3260));
#8363=EDGE_LOOP('',(#3261,#3262,#3263,#3264));
#8364=EDGE_LOOP('',(#3265,#3266,#3267,#3268));
#8365=EDGE_LOOP('',(#3269,#3270,#3271,#3272));
#8366=EDGE_LOOP('',(#3273,#3274,#3275,#3276));
#8367=EDGE_LOOP('',(#3277,#3278,#3279,#3280));
#8368=EDGE_LOOP('',(#3281,#3282,#3283,#3284));
#8369=EDGE_LOOP('',(#3285,#3286,#3287,#3288));
#8370=EDGE_LOOP('',(#3289,#3290,#3291,#3292));
#8371=EDGE_LOOP('',(#3293,#3294,#3295,#3296));
#8372=EDGE_LOOP('',(#3297,#3298,#3299,#3300));
#8373=EDGE_LOOP('',(#3301,#3302,#3303,#3304));
#8374=EDGE_LOOP('',(#3305,#3306,#3307,#3308));
#8375=EDGE_LOOP('',(#3309,#3310,#3311,#3312));
#8376=EDGE_LOOP('',(#3313,#3314,#3315,#3316));
#8377=EDGE_LOOP('',(#3317,#3318,#3319,#3320));
#8378=EDGE_LOOP('',(#3321,#3322,#3323,#3324));
#8379=EDGE_LOOP('',(#3325,#3326,#3327,#3328));
#8380=EDGE_LOOP('',(#3329,#3330,#3331,#3332));
#8381=EDGE_LOOP('',(#3333,#3334,#3335,#3336,#3337,#3338,#3339,#3340,#3341,
#3342,#3343,#3344));
#8382=EDGE_LOOP('',(#3345,#3346,#3347,#3348,#3349,#3350,#3351));
#8383=EDGE_LOOP('',(#3352,#3353,#3354,#3355,#3356,#3357));
#8384=EDGE_LOOP('',(#3358,#3359,#3360,#3361,#3362,#3363,#3364));
#8385=EDGE_LOOP('',(#3365,#3366,#3367,#3368));
#8386=EDGE_LOOP('',(#3369,#3370,#3371,#3372));
#8387=EDGE_LOOP('',(#3373,#3374,#3375,#3376));
#8388=EDGE_LOOP('',(#3377,#3378,#3379,#3380));
#8389=EDGE_LOOP('',(#3381,#3382,#3383,#3384));
#8390=EDGE_LOOP('',(#3385,#3386,#3387,#3388));
#8391=EDGE_LOOP('',(#3389,#3390,#3391,#3392));
#8392=EDGE_LOOP('',(#3393,#3394,#3395,#3396));
#8393=EDGE_LOOP('',(#3397,#3398,#3399,#3400));
#8394=EDGE_LOOP('',(#3401,#3402,#3403,#3404));
#8395=EDGE_LOOP('',(#3405,#3406,#3407,#3408));
#8396=EDGE_LOOP('',(#3409,#3410,#3411,#3412));
#8397=EDGE_LOOP('',(#3413,#3414,#3415,#3416,#3417,#3418,#3419,#3420,#3421,
#3422,#3423,#3424));
#8398=EDGE_LOOP('',(#3425,#3426,#3427,#3428,#3429));
#8399=EDGE_LOOP('',(#3430,#3431,#3432,#3433,#3434,#3435));
#8400=EDGE_LOOP('',(#3436,#3437,#3438,#3439,#3440,#3441));
#8401=EDGE_LOOP('',(#3442,#3443,#3444,#3445));
#8402=EDGE_LOOP('',(#3446,#3447,#3448,#3449));
#8403=EDGE_LOOP('',(#3450,#3451,#3452,#3453));
#8404=EDGE_LOOP('',(#3454,#3455,#3456,#3457));
#8405=EDGE_LOOP('',(#3458,#3459,#3460,#3461));
#8406=EDGE_LOOP('',(#3462,#3463,#3464,#3465));
#8407=EDGE_LOOP('',(#3466,#3467,#3468,#3469));
#8408=EDGE_LOOP('',(#3470,#3471,#3472,#3473));
#8409=EDGE_LOOP('',(#3474,#3475,#3476,#3477));
#8410=EDGE_LOOP('',(#3478,#3479,#3480,#3481));
#8411=EDGE_LOOP('',(#3482,#3483,#3484,#3485));
#8412=EDGE_LOOP('',(#3486,#3487,#3488,#3489));
#8413=EDGE_LOOP('',(#3490,#3491,#3492,#3493));
#8414=EDGE_LOOP('',(#3494,#3495,#3496,#3497));
#8415=EDGE_LOOP('',(#3498,#3499,#3500,#3501,#3502));
#8416=EDGE_LOOP('',(#3503,#3504,#3505));
#8417=EDGE_LOOP('',(#3506,#3507,#3508,#3509));
#8418=EDGE_LOOP('',(#3510,#3511,#3512,#3513));
#8419=EDGE_LOOP('',(#3514,#3515,#3516));
#8420=EDGE_LOOP('',(#3517,#3518,#3519,#3520,#3521));
#8421=EDGE_LOOP('',(#3522));
#8422=EDGE_LOOP('',(#3523));
#8423=EDGE_LOOP('',(#3524));
#8424=EDGE_LOOP('',(#3525,#3526,#3527,#3528));
#8425=EDGE_LOOP('',(#3529,#3530,#3531,#3532,#3533));
#8426=EDGE_LOOP('',(#3534,#3535,#3536,#3537));
#8427=EDGE_LOOP('',(#3538,#3539,#3540));
#8428=EDGE_LOOP('',(#3541,#3542,#3543,#3544));
#8429=EDGE_LOOP('',(#3545,#3546,#3547));
#8430=EDGE_LOOP('',(#3548,#3549,#3550,#3551));
#8431=EDGE_LOOP('',(#3552,#3553,#3554,#3555,#3556));
#8432=EDGE_LOOP('',(#3557));
#8433=EDGE_LOOP('',(#3558));
#8434=EDGE_LOOP('',(#3559));
#8435=EDGE_LOOP('',(#3560,#3561,#3562,#3563));
#8436=EDGE_LOOP('',(#3564,#3565,#3566,#3567,#3568));
#8437=EDGE_LOOP('',(#3569,#3570,#3571,#3572));
#8438=EDGE_LOOP('',(#3573,#3574,#3575));
#8439=EDGE_LOOP('',(#3576,#3577,#3578,#3579));
#8440=EDGE_LOOP('',(#3580,#3581,#3582));
#8441=EDGE_LOOP('',(#3583,#3584,#3585,#3586));
#8442=EDGE_LOOP('',(#3587,#3588,#3589,#3590,#3591));
#8443=EDGE_LOOP('',(#3592));
#8444=EDGE_LOOP('',(#3593));
#8445=EDGE_LOOP('',(#3594));
#8446=EDGE_LOOP('',(#3595,#3596,#3597,#3598));
#8447=EDGE_LOOP('',(#3599,#3600,#3601,#3602,#3603));
#8448=EDGE_LOOP('',(#3604,#3605,#3606,#3607));
#8449=EDGE_LOOP('',(#3608,#3609,#3610));
#8450=EDGE_LOOP('',(#3611,#3612,#3613,#3614));
#8451=EDGE_LOOP('',(#3615,#3616,#3617));
#8452=EDGE_LOOP('',(#3618,#3619,#3620,#3621));
#8453=EDGE_LOOP('',(#3622,#3623,#3624,#3625,#3626));
#8454=EDGE_LOOP('',(#3627));
#8455=EDGE_LOOP('',(#3628));
#8456=EDGE_LOOP('',(#3629));
#8457=EDGE_LOOP('',(#3630,#3631,#3632,#3633));
#8458=EDGE_LOOP('',(#3634,#3635,#3636,#3637));
#8459=EDGE_LOOP('',(#3638,#3639,#3640,#3641));
#8460=EDGE_LOOP('',(#3642,#3643,#3644,#3645,#3646));
#8461=EDGE_LOOP('',(#3647,#3648,#3649,#3650));
#8462=EDGE_LOOP('',(#3651,#3652,#3653,#3654,#3655));
#8463=EDGE_LOOP('',(#3656,#3657,#3658,#3659));
#8464=EDGE_LOOP('',(#3660,#3661,#3662,#3663));
#8465=EDGE_LOOP('',(#3664,#3665,#3666,#3667));
#8466=EDGE_LOOP('',(#3668,#3669,#3670,#3671));
#8467=EDGE_LOOP('',(#3672,#3673,#3674,#3675));
#8468=EDGE_LOOP('',(#3676,#3677,#3678,#3679));
#8469=EDGE_LOOP('',(#3680,#3681,#3682,#3683));
#8470=EDGE_LOOP('',(#3684,#3685,#3686,#3687));
#8471=EDGE_LOOP('',(#3688,#3689,#3690,#3691));
#8472=FACE_BOUND('',#7853,.T.);
#8473=FACE_BOUND('',#7854,.T.);
#8474=FACE_BOUND('',#7855,.T.);
#8475=FACE_BOUND('',#7856,.T.);
#8476=FACE_BOUND('',#7857,.T.);
#8477=FACE_BOUND('',#7858,.T.);
#8478=FACE_BOUND('',#7859,.T.);
#8479=FACE_BOUND('',#7860,.T.);
#8480=FACE_BOUND('',#7861,.T.);
#8481=FACE_BOUND('',#7862,.T.);
#8482=FACE_BOUND('',#7863,.T.);
#8483=FACE_BOUND('',#7864,.T.);
#8484=FACE_BOUND('',#7865,.T.);
#8485=FACE_BOUND('',#7866,.T.);
#8486=FACE_BOUND('',#7867,.T.);
#8487=FACE_BOUND('',#7868,.T.);
#8488=FACE_BOUND('',#7869,.T.);
#8489=FACE_BOUND('',#7870,.T.);
#8490=FACE_BOUND('',#7871,.T.);
#8491=FACE_BOUND('',#7872,.T.);
#8492=FACE_BOUND('',#7873,.T.);
#8493=FACE_BOUND('',#7874,.T.);
#8494=FACE_BOUND('',#7875,.T.);
#8495=FACE_BOUND('',#7876,.T.);
#8496=FACE_BOUND('',#7877,.T.);
#8497=FACE_BOUND('',#7878,.T.);
#8498=FACE_BOUND('',#7879,.T.);
#8499=FACE_BOUND('',#7880,.T.);
#8500=FACE_BOUND('',#7881,.T.);
#8501=FACE_BOUND('',#7882,.T.);
#8502=FACE_BOUND('',#7883,.T.);
#8503=FACE_BOUND('',#7884,.T.);
#8504=FACE_BOUND('',#7885,.T.);
#8505=FACE_BOUND('',#7886,.T.);
#8506=FACE_BOUND('',#7887,.T.);
#8507=FACE_BOUND('',#7888,.T.);
#8508=FACE_BOUND('',#7889,.T.);
#8509=FACE_BOUND('',#7890,.T.);
#8510=FACE_BOUND('',#7891,.T.);
#8511=FACE_BOUND('',#7892,.T.);
#8512=FACE_BOUND('',#7893,.T.);
#8513=FACE_BOUND('',#7894,.T.);
#8514=FACE_BOUND('',#7895,.T.);
#8515=FACE_BOUND('',#7896,.T.);
#8516=FACE_BOUND('',#7897,.T.);
#8517=FACE_BOUND('',#7898,.T.);
#8518=FACE_BOUND('',#7899,.T.);
#8519=FACE_BOUND('',#7900,.T.);
#8520=FACE_BOUND('',#7901,.T.);
#8521=FACE_BOUND('',#7902,.T.);
#8522=FACE_BOUND('',#7903,.T.);
#8523=FACE_BOUND('',#7904,.T.);
#8524=FACE_BOUND('',#7905,.T.);
#8525=FACE_BOUND('',#7906,.T.);
#8526=FACE_BOUND('',#7907,.T.);
#8527=FACE_BOUND('',#7908,.T.);
#8528=FACE_BOUND('',#7909,.T.);
#8529=FACE_BOUND('',#7910,.T.);
#8530=FACE_BOUND('',#7911,.T.);
#8531=FACE_BOUND('',#7912,.T.);
#8532=FACE_BOUND('',#7913,.T.);
#8533=FACE_BOUND('',#7914,.T.);
#8534=FACE_BOUND('',#7915,.T.);
#8535=FACE_BOUND('',#7916,.T.);
#8536=FACE_BOUND('',#7917,.T.);
#8537=FACE_BOUND('',#7918,.T.);
#8538=FACE_BOUND('',#7919,.T.);
#8539=FACE_BOUND('',#7920,.T.);
#8540=FACE_BOUND('',#7921,.T.);
#8541=FACE_BOUND('',#7922,.T.);
#8542=FACE_BOUND('',#7923,.T.);
#8543=FACE_BOUND('',#7924,.T.);
#8544=FACE_BOUND('',#7925,.T.);
#8545=FACE_BOUND('',#7926,.T.);
#8546=FACE_BOUND('',#7927,.T.);
#8547=FACE_BOUND('',#7928,.T.);
#8548=FACE_BOUND('',#7929,.T.);
#8549=FACE_BOUND('',#7930,.T.);
#8550=FACE_BOUND('',#7931,.T.);
#8551=FACE_BOUND('',#7932,.T.);
#8552=FACE_BOUND('',#7933,.T.);
#8553=FACE_BOUND('',#7934,.T.);
#8554=FACE_BOUND('',#7935,.T.);
#8555=FACE_BOUND('',#7936,.T.);
#8556=FACE_BOUND('',#7937,.T.);
#8557=FACE_BOUND('',#7938,.T.);
#8558=FACE_BOUND('',#7939,.T.);
#8559=FACE_BOUND('',#7940,.T.);
#8560=FACE_BOUND('',#7941,.T.);
#8561=FACE_BOUND('',#7942,.T.);
#8562=FACE_BOUND('',#7943,.T.);
#8563=FACE_BOUND('',#7944,.T.);
#8564=FACE_BOUND('',#7945,.T.);
#8565=FACE_BOUND('',#7946,.T.);
#8566=FACE_BOUND('',#7947,.T.);
#8567=FACE_BOUND('',#7948,.T.);
#8568=FACE_BOUND('',#7949,.T.);
#8569=FACE_BOUND('',#7950,.T.);
#8570=FACE_BOUND('',#7951,.T.);
#8571=FACE_BOUND('',#7952,.T.);
#8572=FACE_BOUND('',#7953,.T.);
#8573=FACE_BOUND('',#7954,.T.);
#8574=FACE_BOUND('',#7955,.T.);
#8575=FACE_BOUND('',#7956,.T.);
#8576=FACE_BOUND('',#7957,.T.);
#8577=FACE_BOUND('',#7958,.T.);
#8578=FACE_BOUND('',#7959,.T.);
#8579=FACE_BOUND('',#7960,.T.);
#8580=FACE_BOUND('',#7961,.T.);
#8581=FACE_BOUND('',#7962,.T.);
#8582=FACE_BOUND('',#7963,.T.);
#8583=FACE_BOUND('',#7964,.T.);
#8584=FACE_BOUND('',#7965,.T.);
#8585=FACE_BOUND('',#7966,.T.);
#8586=FACE_BOUND('',#7967,.T.);
#8587=FACE_BOUND('',#7968,.T.);
#8588=FACE_BOUND('',#7969,.T.);
#8589=FACE_BOUND('',#7970,.T.);
#8590=FACE_BOUND('',#7971,.T.);
#8591=FACE_BOUND('',#7972,.T.);
#8592=FACE_BOUND('',#7973,.T.);
#8593=FACE_BOUND('',#7974,.T.);
#8594=FACE_BOUND('',#7975,.T.);
#8595=FACE_BOUND('',#7976,.T.);
#8596=FACE_BOUND('',#7977,.T.);
#8597=FACE_BOUND('',#7978,.T.);
#8598=FACE_BOUND('',#7979,.T.);
#8599=FACE_BOUND('',#7980,.T.);
#8600=FACE_BOUND('',#7981,.T.);
#8601=FACE_BOUND('',#7982,.T.);
#8602=FACE_BOUND('',#7983,.T.);
#8603=FACE_BOUND('',#7984,.T.);
#8604=FACE_BOUND('',#7985,.T.);
#8605=FACE_BOUND('',#7986,.T.);
#8606=FACE_BOUND('',#7987,.T.);
#8607=FACE_BOUND('',#7988,.T.);
#8608=FACE_BOUND('',#7989,.T.);
#8609=FACE_BOUND('',#7990,.T.);
#8610=FACE_BOUND('',#7991,.T.);
#8611=FACE_BOUND('',#7992,.T.);
#8612=FACE_BOUND('',#7993,.T.);
#8613=FACE_BOUND('',#7994,.T.);
#8614=FACE_BOUND('',#7995,.T.);
#8615=FACE_BOUND('',#7996,.T.);
#8616=FACE_BOUND('',#7997,.T.);
#8617=FACE_BOUND('',#7998,.T.);
#8618=FACE_BOUND('',#7999,.T.);
#8619=FACE_BOUND('',#8000,.T.);
#8620=FACE_BOUND('',#8001,.T.);
#8621=FACE_BOUND('',#8002,.T.);
#8622=FACE_BOUND('',#8003,.T.);
#8623=FACE_BOUND('',#8004,.T.);
#8624=FACE_BOUND('',#8005,.T.);
#8625=FACE_BOUND('',#8006,.T.);
#8626=FACE_BOUND('',#8007,.T.);
#8627=FACE_BOUND('',#8008,.T.);
#8628=FACE_BOUND('',#8009,.T.);
#8629=FACE_BOUND('',#8010,.T.);
#8630=FACE_BOUND('',#8011,.T.);
#8631=FACE_BOUND('',#8012,.T.);
#8632=FACE_BOUND('',#8013,.T.);
#8633=FACE_BOUND('',#8014,.T.);
#8634=FACE_BOUND('',#8015,.T.);
#8635=FACE_BOUND('',#8016,.T.);
#8636=FACE_BOUND('',#8017,.T.);
#8637=FACE_BOUND('',#8018,.T.);
#8638=FACE_BOUND('',#8019,.T.);
#8639=FACE_BOUND('',#8020,.T.);
#8640=FACE_BOUND('',#8021,.T.);
#8641=FACE_BOUND('',#8022,.T.);
#8642=FACE_BOUND('',#8023,.T.);
#8643=FACE_BOUND('',#8024,.T.);
#8644=FACE_BOUND('',#8025,.T.);
#8645=FACE_BOUND('',#8026,.T.);
#8646=FACE_BOUND('',#8027,.T.);
#8647=FACE_BOUND('',#8028,.T.);
#8648=FACE_BOUND('',#8029,.T.);
#8649=FACE_BOUND('',#8030,.T.);
#8650=FACE_BOUND('',#8031,.T.);
#8651=FACE_BOUND('',#8032,.T.);
#8652=FACE_BOUND('',#8033,.T.);
#8653=FACE_BOUND('',#8034,.T.);
#8654=FACE_BOUND('',#8035,.T.);
#8655=FACE_BOUND('',#8036,.T.);
#8656=FACE_BOUND('',#8037,.T.);
#8657=FACE_BOUND('',#8038,.T.);
#8658=FACE_BOUND('',#8039,.T.);
#8659=FACE_BOUND('',#8040,.T.);
#8660=FACE_BOUND('',#8041,.T.);
#8661=FACE_BOUND('',#8042,.T.);
#8662=FACE_BOUND('',#8043,.T.);
#8663=FACE_BOUND('',#8044,.T.);
#8664=FACE_BOUND('',#8045,.T.);
#8665=FACE_BOUND('',#8046,.T.);
#8666=FACE_BOUND('',#8047,.T.);
#8667=FACE_BOUND('',#8048,.T.);
#8668=FACE_BOUND('',#8049,.T.);
#8669=FACE_BOUND('',#8050,.T.);
#8670=FACE_BOUND('',#8051,.T.);
#8671=FACE_BOUND('',#8052,.T.);
#8672=FACE_BOUND('',#8053,.T.);
#8673=FACE_BOUND('',#8054,.T.);
#8674=FACE_BOUND('',#8055,.T.);
#8675=FACE_BOUND('',#8056,.T.);
#8676=FACE_BOUND('',#8057,.T.);
#8677=FACE_BOUND('',#8058,.T.);
#8678=FACE_BOUND('',#8059,.T.);
#8679=FACE_BOUND('',#8060,.T.);
#8680=FACE_BOUND('',#8061,.T.);
#8681=FACE_BOUND('',#8062,.T.);
#8682=FACE_BOUND('',#8063,.T.);
#8683=FACE_BOUND('',#8064,.T.);
#8684=FACE_BOUND('',#8065,.T.);
#8685=FACE_BOUND('',#8066,.T.);
#8686=FACE_BOUND('',#8067,.T.);
#8687=FACE_BOUND('',#8068,.T.);
#8688=FACE_BOUND('',#8069,.T.);
#8689=FACE_BOUND('',#8070,.T.);
#8690=FACE_BOUND('',#8071,.T.);
#8691=FACE_BOUND('',#8072,.T.);
#8692=FACE_BOUND('',#8073,.T.);
#8693=FACE_BOUND('',#8074,.T.);
#8694=FACE_BOUND('',#8075,.T.);
#8695=FACE_BOUND('',#8076,.T.);
#8696=FACE_BOUND('',#8077,.T.);
#8697=FACE_BOUND('',#8078,.T.);
#8698=FACE_BOUND('',#8079,.T.);
#8699=FACE_BOUND('',#8080,.T.);
#8700=FACE_BOUND('',#8081,.T.);
#8701=FACE_BOUND('',#8082,.T.);
#8702=FACE_BOUND('',#8083,.T.);
#8703=FACE_BOUND('',#8084,.T.);
#8704=FACE_BOUND('',#8085,.T.);
#8705=FACE_BOUND('',#8086,.T.);
#8706=FACE_BOUND('',#8087,.T.);
#8707=FACE_BOUND('',#8088,.T.);
#8708=FACE_BOUND('',#8089,.T.);
#8709=FACE_BOUND('',#8090,.T.);
#8710=FACE_BOUND('',#8091,.T.);
#8711=FACE_BOUND('',#8092,.T.);
#8712=FACE_BOUND('',#8093,.T.);
#8713=FACE_BOUND('',#8094,.T.);
#8714=FACE_BOUND('',#8095,.T.);
#8715=FACE_BOUND('',#8096,.T.);
#8716=FACE_BOUND('',#8097,.T.);
#8717=FACE_BOUND('',#8098,.T.);
#8718=FACE_BOUND('',#8099,.T.);
#8719=FACE_BOUND('',#8100,.T.);
#8720=FACE_BOUND('',#8101,.T.);
#8721=FACE_BOUND('',#8102,.T.);
#8722=FACE_BOUND('',#8103,.T.);
#8723=FACE_BOUND('',#8104,.T.);
#8724=FACE_BOUND('',#8105,.T.);
#8725=FACE_BOUND('',#8106,.T.);
#8726=FACE_BOUND('',#8107,.T.);
#8727=FACE_BOUND('',#8108,.T.);
#8728=FACE_BOUND('',#8109,.T.);
#8729=FACE_BOUND('',#8110,.T.);
#8730=FACE_BOUND('',#8111,.T.);
#8731=FACE_BOUND('',#8112,.T.);
#8732=FACE_BOUND('',#8113,.T.);
#8733=FACE_BOUND('',#8114,.T.);
#8734=FACE_BOUND('',#8115,.T.);
#8735=FACE_BOUND('',#8116,.T.);
#8736=FACE_BOUND('',#8117,.T.);
#8737=FACE_BOUND('',#8118,.T.);
#8738=FACE_BOUND('',#8119,.T.);
#8739=FACE_BOUND('',#8120,.T.);
#8740=FACE_BOUND('',#8121,.T.);
#8741=FACE_BOUND('',#8122,.T.);
#8742=FACE_BOUND('',#8123,.T.);
#8743=FACE_BOUND('',#8124,.T.);
#8744=FACE_BOUND('',#8125,.T.);
#8745=FACE_BOUND('',#8126,.T.);
#8746=FACE_BOUND('',#8127,.T.);
#8747=FACE_BOUND('',#8128,.T.);
#8748=FACE_BOUND('',#8129,.T.);
#8749=FACE_BOUND('',#8130,.T.);
#8750=FACE_BOUND('',#8131,.T.);
#8751=FACE_BOUND('',#8132,.T.);
#8752=FACE_BOUND('',#8133,.T.);
#8753=FACE_BOUND('',#8134,.T.);
#8754=FACE_BOUND('',#8135,.T.);
#8755=FACE_BOUND('',#8136,.T.);
#8756=FACE_BOUND('',#8137,.T.);
#8757=FACE_BOUND('',#8138,.T.);
#8758=FACE_BOUND('',#8139,.T.);
#8759=FACE_BOUND('',#8140,.T.);
#8760=FACE_BOUND('',#8141,.T.);
#8761=FACE_BOUND('',#8142,.T.);
#8762=FACE_BOUND('',#8143,.T.);
#8763=FACE_BOUND('',#8144,.T.);
#8764=FACE_BOUND('',#8145,.T.);
#8765=FACE_BOUND('',#8146,.T.);
#8766=FACE_BOUND('',#8147,.T.);
#8767=FACE_BOUND('',#8148,.T.);
#8768=FACE_BOUND('',#8149,.T.);
#8769=FACE_BOUND('',#8150,.T.);
#8770=FACE_BOUND('',#8151,.T.);
#8771=FACE_BOUND('',#8152,.T.);
#8772=FACE_BOUND('',#8153,.T.);
#8773=FACE_BOUND('',#8154,.T.);
#8774=FACE_BOUND('',#8155,.T.);
#8775=FACE_BOUND('',#8156,.T.);
#8776=FACE_BOUND('',#8157,.T.);
#8777=FACE_BOUND('',#8158,.T.);
#8778=FACE_BOUND('',#8159,.T.);
#8779=FACE_BOUND('',#8160,.T.);
#8780=FACE_BOUND('',#8161,.T.);
#8781=FACE_BOUND('',#8162,.T.);
#8782=FACE_BOUND('',#8163,.T.);
#8783=FACE_BOUND('',#8164,.T.);
#8784=FACE_BOUND('',#8165,.T.);
#8785=FACE_BOUND('',#8166,.T.);
#8786=FACE_BOUND('',#8167,.T.);
#8787=FACE_BOUND('',#8168,.T.);
#8788=FACE_BOUND('',#8169,.T.);
#8789=FACE_BOUND('',#8170,.T.);
#8790=FACE_BOUND('',#8171,.T.);
#8791=FACE_BOUND('',#8172,.T.);
#8792=FACE_BOUND('',#8173,.T.);
#8793=FACE_BOUND('',#8174,.T.);
#8794=FACE_BOUND('',#8175,.T.);
#8795=FACE_BOUND('',#8176,.T.);
#8796=FACE_BOUND('',#8177,.T.);
#8797=FACE_BOUND('',#8178,.T.);
#8798=FACE_BOUND('',#8179,.T.);
#8799=FACE_BOUND('',#8180,.T.);
#8800=FACE_BOUND('',#8181,.T.);
#8801=FACE_BOUND('',#8182,.T.);
#8802=FACE_BOUND('',#8183,.T.);
#8803=FACE_BOUND('',#8184,.T.);
#8804=FACE_BOUND('',#8185,.T.);
#8805=FACE_BOUND('',#8186,.T.);
#8806=FACE_BOUND('',#8187,.T.);
#8807=FACE_BOUND('',#8188,.T.);
#8808=FACE_BOUND('',#8189,.T.);
#8809=FACE_BOUND('',#8190,.T.);
#8810=FACE_BOUND('',#8191,.T.);
#8811=FACE_BOUND('',#8192,.T.);
#8812=FACE_BOUND('',#8193,.T.);
#8813=FACE_BOUND('',#8194,.T.);
#8814=FACE_BOUND('',#8195,.T.);
#8815=FACE_BOUND('',#8196,.T.);
#8816=FACE_BOUND('',#8197,.T.);
#8817=FACE_BOUND('',#8198,.T.);
#8818=FACE_BOUND('',#8199,.T.);
#8819=FACE_BOUND('',#8200,.T.);
#8820=FACE_BOUND('',#8201,.T.);
#8821=FACE_BOUND('',#8202,.T.);
#8822=FACE_BOUND('',#8203,.T.);
#8823=FACE_BOUND('',#8204,.T.);
#8824=FACE_BOUND('',#8205,.T.);
#8825=FACE_BOUND('',#8206,.T.);
#8826=FACE_BOUND('',#8207,.T.);
#8827=FACE_BOUND('',#8208,.T.);
#8828=FACE_BOUND('',#8209,.T.);
#8829=FACE_BOUND('',#8210,.T.);
#8830=FACE_BOUND('',#8211,.T.);
#8831=FACE_BOUND('',#8212,.T.);
#8832=FACE_BOUND('',#8213,.T.);
#8833=FACE_BOUND('',#8214,.T.);
#8834=FACE_BOUND('',#8215,.T.);
#8835=FACE_BOUND('',#8216,.T.);
#8836=FACE_BOUND('',#8217,.T.);
#8837=FACE_BOUND('',#8218,.T.);
#8838=FACE_BOUND('',#8219,.T.);
#8839=FACE_BOUND('',#8220,.T.);
#8840=FACE_BOUND('',#8221,.T.);
#8841=FACE_BOUND('',#8222,.T.);
#8842=FACE_BOUND('',#8223,.T.);
#8843=FACE_BOUND('',#8224,.T.);
#8844=FACE_BOUND('',#8225,.T.);
#8845=FACE_BOUND('',#8226,.T.);
#8846=FACE_BOUND('',#8227,.T.);
#8847=FACE_BOUND('',#8228,.T.);
#8848=FACE_BOUND('',#8229,.T.);
#8849=FACE_BOUND('',#8230,.T.);
#8850=FACE_BOUND('',#8231,.T.);
#8851=FACE_BOUND('',#8232,.T.);
#8852=FACE_BOUND('',#8233,.T.);
#8853=FACE_BOUND('',#8234,.T.);
#8854=FACE_BOUND('',#8235,.T.);
#8855=FACE_BOUND('',#8236,.T.);
#8856=FACE_BOUND('',#8237,.T.);
#8857=FACE_BOUND('',#8238,.T.);
#8858=FACE_BOUND('',#8239,.T.);
#8859=FACE_BOUND('',#8240,.T.);
#8860=FACE_BOUND('',#8241,.T.);
#8861=FACE_BOUND('',#8242,.T.);
#8862=FACE_BOUND('',#8243,.T.);
#8863=FACE_BOUND('',#8244,.T.);
#8864=FACE_BOUND('',#8245,.T.);
#8865=FACE_BOUND('',#8246,.T.);
#8866=FACE_BOUND('',#8247,.T.);
#8867=FACE_BOUND('',#8248,.T.);
#8868=FACE_BOUND('',#8249,.T.);
#8869=FACE_BOUND('',#8250,.T.);
#8870=FACE_BOUND('',#8251,.T.);
#8871=FACE_BOUND('',#8252,.T.);
#8872=FACE_BOUND('',#8253,.T.);
#8873=FACE_BOUND('',#8254,.T.);
#8874=FACE_BOUND('',#8255,.T.);
#8875=FACE_BOUND('',#8256,.T.);
#8876=FACE_BOUND('',#8257,.T.);
#8877=FACE_BOUND('',#8258,.T.);
#8878=FACE_BOUND('',#8259,.T.);
#8879=FACE_BOUND('',#8260,.T.);
#8880=FACE_BOUND('',#8261,.T.);
#8881=FACE_BOUND('',#8262,.T.);
#8882=FACE_BOUND('',#8263,.T.);
#8883=FACE_BOUND('',#8264,.T.);
#8884=FACE_BOUND('',#8265,.T.);
#8885=FACE_BOUND('',#8266,.T.);
#8886=FACE_BOUND('',#8267,.T.);
#8887=FACE_BOUND('',#8268,.T.);
#8888=FACE_BOUND('',#8269,.T.);
#8889=FACE_BOUND('',#8270,.T.);
#8890=FACE_BOUND('',#8271,.T.);
#8891=FACE_BOUND('',#8272,.T.);
#8892=FACE_BOUND('',#8273,.T.);
#8893=FACE_BOUND('',#8274,.T.);
#8894=FACE_BOUND('',#8275,.T.);
#8895=FACE_BOUND('',#8276,.T.);
#8896=FACE_BOUND('',#8277,.T.);
#8897=FACE_BOUND('',#8278,.T.);
#8898=FACE_BOUND('',#8279,.T.);
#8899=FACE_BOUND('',#8280,.T.);
#8900=FACE_BOUND('',#8281,.T.);
#8901=FACE_BOUND('',#8282,.T.);
#8902=FACE_BOUND('',#8283,.T.);
#8903=FACE_BOUND('',#8284,.T.);
#8904=FACE_BOUND('',#8285,.T.);
#8905=FACE_BOUND('',#8286,.T.);
#8906=FACE_BOUND('',#8287,.T.);
#8907=FACE_BOUND('',#8288,.T.);
#8908=FACE_BOUND('',#8289,.T.);
#8909=FACE_BOUND('',#8290,.T.);
#8910=FACE_BOUND('',#8291,.T.);
#8911=FACE_BOUND('',#8292,.T.);
#8912=FACE_BOUND('',#8293,.T.);
#8913=FACE_BOUND('',#8294,.T.);
#8914=FACE_BOUND('',#8295,.T.);
#8915=FACE_BOUND('',#8296,.T.);
#8916=FACE_BOUND('',#8297,.T.);
#8917=FACE_BOUND('',#8298,.T.);
#8918=FACE_BOUND('',#8299,.T.);
#8919=FACE_BOUND('',#8300,.T.);
#8920=FACE_BOUND('',#8301,.T.);
#8921=FACE_BOUND('',#8302,.T.);
#8922=FACE_BOUND('',#8303,.T.);
#8923=FACE_BOUND('',#8304,.T.);
#8924=FACE_BOUND('',#8305,.T.);
#8925=FACE_BOUND('',#8306,.T.);
#8926=FACE_BOUND('',#8307,.T.);
#8927=FACE_BOUND('',#8308,.T.);
#8928=FACE_BOUND('',#8309,.T.);
#8929=FACE_BOUND('',#8310,.T.);
#8930=FACE_BOUND('',#8311,.T.);
#8931=FACE_BOUND('',#8312,.T.);
#8932=FACE_BOUND('',#8313,.T.);
#8933=FACE_BOUND('',#8314,.T.);
#8934=FACE_BOUND('',#8315,.T.);
#8935=FACE_BOUND('',#8316,.T.);
#8936=FACE_BOUND('',#8317,.T.);
#8937=FACE_BOUND('',#8318,.T.);
#8938=FACE_BOUND('',#8319,.T.);
#8939=FACE_BOUND('',#8320,.T.);
#8940=FACE_BOUND('',#8321,.T.);
#8941=FACE_BOUND('',#8322,.T.);
#8942=FACE_BOUND('',#8323,.T.);
#8943=FACE_BOUND('',#8324,.T.);
#8944=FACE_BOUND('',#8325,.T.);
#8945=FACE_BOUND('',#8326,.T.);
#8946=FACE_BOUND('',#8327,.T.);
#8947=FACE_BOUND('',#8328,.T.);
#8948=FACE_BOUND('',#8329,.T.);
#8949=FACE_BOUND('',#8330,.T.);
#8950=FACE_BOUND('',#8331,.T.);
#8951=FACE_BOUND('',#8332,.T.);
#8952=FACE_BOUND('',#8333,.T.);
#8953=FACE_BOUND('',#8334,.T.);
#8954=FACE_BOUND('',#8335,.T.);
#8955=FACE_BOUND('',#8336,.T.);
#8956=FACE_BOUND('',#8337,.T.);
#8957=FACE_BOUND('',#8338,.T.);
#8958=FACE_BOUND('',#8339,.T.);
#8959=FACE_BOUND('',#8340,.T.);
#8960=FACE_BOUND('',#8341,.T.);
#8961=FACE_BOUND('',#8342,.T.);
#8962=FACE_BOUND('',#8343,.T.);
#8963=FACE_BOUND('',#8344,.T.);
#8964=FACE_BOUND('',#8345,.T.);
#8965=FACE_BOUND('',#8346,.T.);
#8966=FACE_BOUND('',#8347,.T.);
#8967=FACE_BOUND('',#8348,.T.);
#8968=FACE_BOUND('',#8349,.T.);
#8969=FACE_BOUND('',#8350,.T.);
#8970=FACE_BOUND('',#8351,.T.);
#8971=FACE_BOUND('',#8352,.T.);
#8972=FACE_BOUND('',#8353,.T.);
#8973=FACE_BOUND('',#8354,.T.);
#8974=FACE_BOUND('',#8355,.T.);
#8975=FACE_BOUND('',#8356,.T.);
#8976=FACE_BOUND('',#8357,.T.);
#8977=FACE_BOUND('',#8358,.T.);
#8978=FACE_BOUND('',#8359,.T.);
#8979=FACE_BOUND('',#8360,.T.);
#8980=FACE_BOUND('',#8361,.T.);
#8981=FACE_BOUND('',#8362,.T.);
#8982=FACE_BOUND('',#8363,.T.);
#8983=FACE_BOUND('',#8364,.T.);
#8984=FACE_BOUND('',#8365,.T.);
#8985=FACE_BOUND('',#8366,.T.);
#8986=FACE_BOUND('',#8367,.T.);
#8987=FACE_BOUND('',#8368,.T.);
#8988=FACE_BOUND('',#8369,.T.);
#8989=FACE_BOUND('',#8370,.T.);
#8990=FACE_BOUND('',#8371,.T.);
#8991=FACE_BOUND('',#8372,.T.);
#8992=FACE_BOUND('',#8373,.T.);
#8993=FACE_BOUND('',#8374,.T.);
#8994=FACE_BOUND('',#8375,.T.);
#8995=FACE_BOUND('',#8376,.T.);
#8996=FACE_BOUND('',#8377,.T.);
#8997=FACE_BOUND('',#8378,.T.);
#8998=FACE_BOUND('',#8379,.T.);
#8999=FACE_BOUND('',#8380,.T.);
#9000=FACE_BOUND('',#8381,.T.);
#9001=FACE_BOUND('',#8382,.T.);
#9002=FACE_BOUND('',#8383,.T.);
#9003=FACE_BOUND('',#8384,.T.);
#9004=FACE_BOUND('',#8385,.T.);
#9005=FACE_BOUND('',#8386,.T.);
#9006=FACE_BOUND('',#8387,.T.);
#9007=FACE_BOUND('',#8388,.T.);
#9008=FACE_BOUND('',#8389,.T.);
#9009=FACE_BOUND('',#8390,.T.);
#9010=FACE_BOUND('',#8391,.T.);
#9011=FACE_BOUND('',#8392,.T.);
#9012=FACE_BOUND('',#8393,.T.);
#9013=FACE_BOUND('',#8394,.T.);
#9014=FACE_BOUND('',#8395,.T.);
#9015=FACE_BOUND('',#8396,.T.);
#9016=FACE_BOUND('',#8397,.T.);
#9017=FACE_BOUND('',#8398,.T.);
#9018=FACE_BOUND('',#8399,.T.);
#9019=FACE_BOUND('',#8400,.T.);
#9020=FACE_BOUND('',#8401,.T.);
#9021=FACE_BOUND('',#8402,.T.);
#9022=FACE_BOUND('',#8403,.T.);
#9023=FACE_BOUND('',#8404,.T.);
#9024=FACE_BOUND('',#8405,.T.);
#9025=FACE_BOUND('',#8406,.T.);
#9026=FACE_BOUND('',#8407,.T.);
#9027=FACE_BOUND('',#8408,.T.);
#9028=FACE_BOUND('',#8409,.T.);
#9029=FACE_BOUND('',#8410,.T.);
#9030=FACE_BOUND('',#8411,.T.);
#9031=FACE_BOUND('',#8412,.T.);
#9032=FACE_BOUND('',#8413,.T.);
#9033=FACE_BOUND('',#8414,.T.);
#9034=FACE_BOUND('',#8415,.T.);
#9035=FACE_BOUND('',#8416,.T.);
#9036=FACE_BOUND('',#8417,.T.);
#9037=FACE_BOUND('',#8418,.T.);
#9038=FACE_BOUND('',#8419,.T.);
#9039=FACE_BOUND('',#8420,.T.);
#9040=FACE_BOUND('',#8421,.T.);
#9041=FACE_BOUND('',#8422,.T.);
#9042=FACE_BOUND('',#8423,.T.);
#9043=FACE_BOUND('',#8424,.T.);
#9044=FACE_BOUND('',#8425,.T.);
#9045=FACE_BOUND('',#8426,.T.);
#9046=FACE_BOUND('',#8427,.T.);
#9047=FACE_BOUND('',#8428,.T.);
#9048=FACE_BOUND('',#8429,.T.);
#9049=FACE_BOUND('',#8430,.T.);
#9050=FACE_BOUND('',#8431,.T.);
#9051=FACE_BOUND('',#8432,.T.);
#9052=FACE_BOUND('',#8433,.T.);
#9053=FACE_BOUND('',#8434,.T.);
#9054=FACE_BOUND('',#8435,.T.);
#9055=FACE_BOUND('',#8436,.T.);
#9056=FACE_BOUND('',#8437,.T.);
#9057=FACE_BOUND('',#8438,.T.);
#9058=FACE_BOUND('',#8439,.T.);
#9059=FACE_BOUND('',#8440,.T.);
#9060=FACE_BOUND('',#8441,.T.);
#9061=FACE_BOUND('',#8442,.T.);
#9062=FACE_BOUND('',#8443,.T.);
#9063=FACE_BOUND('',#8444,.T.);
#9064=FACE_BOUND('',#8445,.T.);
#9065=FACE_BOUND('',#8446,.T.);
#9066=FACE_BOUND('',#8447,.T.);
#9067=FACE_BOUND('',#8448,.T.);
#9068=FACE_BOUND('',#8449,.T.);
#9069=FACE_BOUND('',#8450,.T.);
#9070=FACE_BOUND('',#8451,.T.);
#9071=FACE_BOUND('',#8452,.T.);
#9072=FACE_BOUND('',#8453,.T.);
#9073=FACE_BOUND('',#8454,.T.);
#9074=FACE_BOUND('',#8455,.T.);
#9075=FACE_BOUND('',#8456,.T.);
#9076=FACE_BOUND('',#8457,.T.);
#9077=FACE_BOUND('',#8458,.T.);
#9078=FACE_BOUND('',#8459,.T.);
#9079=FACE_BOUND('',#8460,.T.);
#9080=FACE_BOUND('',#8461,.T.);
#9081=FACE_BOUND('',#8462,.T.);
#9082=FACE_BOUND('',#8463,.T.);
#9083=FACE_BOUND('',#8464,.T.);
#9084=FACE_BOUND('',#8465,.T.);
#9085=FACE_BOUND('',#8466,.T.);
#9086=FACE_BOUND('',#8467,.T.);
#9087=FACE_BOUND('',#8468,.T.);
#9088=FACE_BOUND('',#8469,.T.);
#9089=FACE_BOUND('',#8470,.T.);
#9090=FACE_BOUND('',#8471,.T.);
#9091=PLANE('',#9913);
#9092=PLANE('',#9914);
#9093=PLANE('',#9945);
#9094=PLANE('',#9947);
#9095=PLANE('',#9960);
#9096=PLANE('',#9961);
#9097=PLANE('',#9968);
#9098=PLANE('',#9969);
#9099=PLANE('',#9976);
#9100=PLANE('',#9977);
#9101=PLANE('',#9978);
#9102=PLANE('',#10036);
#9103=PLANE('',#10038);
#9104=PLANE('',#10043);
#9105=PLANE('',#10069);
#9106=PLANE('',#10072);
#9107=PLANE('',#10075);
#9108=PLANE('',#10080);
#9109=PLANE('',#10115);
#9110=PLANE('',#10116);
#9111=PLANE('',#10117);
#9112=PLANE('',#10118);
#9113=PLANE('',#10135);
#9114=PLANE('',#10136);
#9115=PLANE('',#10137);
#9116=PLANE('',#10138);
#9117=PLANE('',#10139);
#9118=PLANE('',#10140);
#9119=PLANE('',#10141);
#9120=PLANE('',#10142);
#9121=PLANE('',#10177);
#9122=PLANE('',#10192);
#9123=PLANE('',#10193);
#9124=PLANE('',#10194);
#9125=PLANE('',#10195);
#9126=PLANE('',#10196);
#9127=PLANE('',#10197);
#9128=PLANE('',#10202);
#9129=PLANE('',#10203);
#9130=PLANE('',#10204);
#9131=PLANE('',#10205);
#9132=PLANE('',#10206);
#9133=PLANE('',#10207);
#9134=PLANE('',#10208);
#9135=PLANE('',#10209);
#9136=PLANE('',#10210);
#9137=PLANE('',#10211);
#9138=PLANE('',#10212);
#9139=PLANE('',#10213);
#9140=PLANE('',#10214);
#9141=PLANE('',#10215);
#9142=PLANE('',#10216);
#9143=PLANE('',#10217);
#9144=PLANE('',#10218);
#9145=PLANE('',#10219);
#9146=PLANE('',#10223);
#9147=PLANE('',#10224);
#9148=PLANE('',#10225);
#9149=PLANE('',#10226);
#9150=PLANE('',#10227);
#9151=PLANE('',#10228);
#9152=PLANE('',#10229);
#9153=PLANE('',#10230);
#9154=PLANE('',#10231);
#9155=PLANE('',#10232);
#9156=PLANE('',#10233);
#9157=PLANE('',#10234);
#9158=PLANE('',#10235);
#9159=PLANE('',#10236);
#9160=PLANE('',#10237);
#9161=PLANE('',#10238);
#9162=PLANE('',#10239);
#9163=PLANE('',#10240);
#9164=PLANE('',#10241);
#9165=PLANE('',#10242);
#9166=PLANE('',#10243);
#9167=PLANE('',#10244);
#9168=PLANE('',#10245);
#9169=PLANE('',#10246);
#9170=PLANE('',#10247);
#9171=PLANE('',#10248);
#9172=PLANE('',#10249);
#9173=PLANE('',#10250);
#9174=PLANE('',#10251);
#9175=PLANE('',#10252);
#9176=PLANE('',#10253);
#9177=PLANE('',#10254);
#9178=PLANE('',#10265);
#9179=PLANE('',#10280);
#9180=PLANE('',#10281);
#9181=PLANE('',#10282);
#9182=PLANE('',#10283);
#9183=PLANE('',#10284);
#9184=PLANE('',#10285);
#9185=PLANE('',#10286);
#9186=PLANE('',#10287);
#9187=PLANE('',#10288);
#9188=PLANE('',#10289);
#9189=PLANE('',#10290);
#9190=PLANE('',#10291);
#9191=PLANE('',#10292);
#9192=PLANE('',#10293);
#9193=PLANE('',#10294);
#9194=PLANE('',#10295);
#9195=PLANE('',#10296);
#9196=PLANE('',#10297);
#9197=PLANE('',#10298);
#9198=PLANE('',#10299);
#9199=PLANE('',#10300);
#9200=PLANE('',#10301);
#9201=PLANE('',#10306);
#9202=PLANE('',#10311);
#9203=PLANE('',#10312);
#9204=PLANE('',#10313);
#9205=PLANE('',#10314);
#9206=PLANE('',#10315);
#9207=PLANE('',#10316);
#9208=PLANE('',#10317);
#9209=PLANE('',#10318);
#9210=PLANE('',#10319);
#9211=PLANE('',#10320);
#9212=PLANE('',#10321);
#9213=PLANE('',#10322);
#9214=PLANE('',#10323);
#9215=PLANE('',#10324);
#9216=PLANE('',#10325);
#9217=PLANE('',#10326);
#9218=PLANE('',#10327);
#9219=PLANE('',#10328);
#9220=PLANE('',#10329);
#9221=PLANE('',#10330);
#9222=PLANE('',#10331);
#9223=PLANE('',#10334);
#9224=PLANE('',#10335);
#9225=PLANE('',#10336);
#9226=PLANE('',#10340);
#9227=PLANE('',#10341);
#9228=PLANE('',#10342);
#9229=PLANE('',#10343);
#9230=PLANE('',#10344);
#9231=PLANE('',#10345);
#9232=PLANE('',#10346);
#9233=PLANE('',#10347);
#9234=PLANE('',#10348);
#9235=PLANE('',#10352);
#9236=PLANE('',#10353);
#9237=PLANE('',#10354);
#9238=PLANE('',#10355);
#9239=PLANE('',#10358);
#9240=PLANE('',#10361);
#9241=PLANE('',#10364);
#9242=PLANE('',#10367);
#9243=PLANE('',#10371);
#9244=PLANE('',#10375);
#9245=PLANE('',#10379);
#9246=PLANE('',#10404);
#9247=PLANE('',#10405);
#9248=PLANE('',#10406);
#9249=PLANE('',#10407);
#9250=PLANE('',#10408);
#9251=PLANE('',#10419);
#9252=PLANE('',#10434);
#9253=PLANE('',#10435);
#9254=PLANE('',#10436);
#9255=PLANE('',#10437);
#9256=PLANE('',#10438);
#9257=PLANE('',#10439);
#9258=PLANE('',#10440);
#9259=PLANE('',#10441);
#9260=PLANE('',#10442);
#9261=PLANE('',#10443);
#9262=PLANE('',#10444);
#9263=PLANE('',#10445);
#9264=PLANE('',#10446);
#9265=PLANE('',#10447);
#9266=PLANE('',#10448);
#9267=PLANE('',#10449);
#9268=PLANE('',#10450);
#9269=PLANE('',#10451);
#9270=PLANE('',#10452);
#9271=PLANE('',#10453);
#9272=PLANE('',#10454);
#9273=PLANE('',#10455);
#9274=PLANE('',#10456);
#9275=PLANE('',#10457);
#9276=PLANE('',#10458);
#9277=PLANE('',#10459);
#9278=PLANE('',#10460);
#9279=PLANE('',#10461);
#9280=PLANE('',#10462);
#9281=PLANE('',#10463);
#9282=PLANE('',#10464);
#9283=PLANE('',#10465);
#9284=PLANE('',#10466);
#9285=PLANE('',#10467);
#9286=PLANE('',#10468);
#9287=PLANE('',#10469);
#9288=PLANE('',#10470);
#9289=PLANE('',#10471);
#9290=PLANE('',#10472);
#9291=PLANE('',#10473);
#9292=PLANE('',#10474);
#9293=PLANE('',#10475);
#9294=PLANE('',#10476);
#9295=PLANE('',#10477);
#9296=PLANE('',#10478);
#9297=PLANE('',#10479);
#9298=PLANE('',#10480);
#9299=PLANE('',#10481);
#9300=PLANE('',#10482);
#9301=PLANE('',#10483);
#9302=PLANE('',#10484);
#9303=PLANE('',#10485);
#9304=PLANE('',#10486);
#9305=PLANE('',#10487);
#9306=PLANE('',#10490);
#9307=PLANE('',#10491);
#9308=PLANE('',#10492);
#9309=PLANE('',#10493);
#9310=PLANE('',#10494);
#9311=PLANE('',#10495);
#9312=PLANE('',#10496);
#9313=PLANE('',#10497);
#9314=PLANE('',#10498);
#9315=PLANE('',#10499);
#9316=PLANE('',#10500);
#9317=PLANE('',#10501);
#9318=PLANE('',#10504);
#9319=PLANE('',#10505);
#9320=PLANE('',#10506);
#9321=PLANE('',#10507);
#9322=PLANE('',#10508);
#9323=PLANE('',#10509);
#9324=PLANE('',#10510);
#9325=PLANE('',#10511);
#9326=PLANE('',#10512);
#9327=PLANE('',#10513);
#9328=PLANE('',#10514);
#9329=PLANE('',#10515);
#9330=PLANE('',#10516);
#9331=PLANE('',#10517);
#9332=PLANE('',#10518);
#9333=PLANE('',#10519);
#9334=PLANE('',#10520);
#9335=PLANE('',#10521);
#9336=PLANE('',#10522);
#9337=PLANE('',#10523);
#9338=PLANE('',#10524);
#9339=PLANE('',#10525);
#9340=PLANE('',#10526);
#9341=PLANE('',#10527);
#9342=PLANE('',#10528);
#9343=PLANE('',#10529);
#9344=PLANE('',#10530);
#9345=PLANE('',#10531);
#9346=PLANE('',#10532);
#9347=PLANE('',#10546);
#9348=PLANE('',#10560);
#9349=PLANE('',#10574);
#9350=PLANE('',#10588);
#9351=PLANE('',#10594);
#9352=PLANE('',#10595);
#9353=PLANE('',#10596);
#9354=ADVANCED_FACE('',(#8472),#9091,.F.);
#9355=ADVANCED_FACE('',(#8473,#8474,#8475,#8476,#8477,#8478,#8479,#8480,
#8481),#9092,.F.);
#9356=ADVANCED_FACE('',(#8482),#445,.F.);
#9357=ADVANCED_FACE('',(#8483,#8484),#9093,.T.);
#9358=ADVANCED_FACE('',(#8485,#8486),#9094,.T.);
#9359=ADVANCED_FACE('',(#8487),#446,.F.);
#9360=ADVANCED_FACE('',(#8488),#447,.F.);
#9361=ADVANCED_FACE('',(#8489),#448,.F.);
#9362=ADVANCED_FACE('',(#8490),#449,.F.);
#9363=ADVANCED_FACE('',(#8491),#9095,.F.);
#9364=ADVANCED_FACE('',(#8492),#9096,.F.);
#9365=ADVANCED_FACE('',(#8493),#450,.F.);
#9366=ADVANCED_FACE('',(#8494),#451,.F.);
#9367=ADVANCED_FACE('',(#8495),#9097,.F.);
#9368=ADVANCED_FACE('',(#8496),#9098,.F.);
#9369=ADVANCED_FACE('',(#8497),#452,.F.);
#9370=ADVANCED_FACE('',(#8498),#453,.F.);
#9371=ADVANCED_FACE('',(#8499),#9099,.T.);
#9372=ADVANCED_FACE('',(#8500),#9100,.T.);
#9373=ADVANCED_FACE('',(#8501,#8502,#8503,#8504,#8505,#8506,#8507,#8508,
#8509,#8510,#8511,#8512,#8513,#8514,#8515,#8516,#8517,#8518,#8519,#8520,
#8521,#8522,#8523,#8524,#8525,#8526,#8527,#8528,#8529),#9101,.T.);
#9374=ADVANCED_FACE('',(#8530),#9102,.F.);
#9375=ADVANCED_FACE('',(#8531,#8532,#8533,#8534,#8535),#9103,.T.);
#9376=ADVANCED_FACE('',(#8536,#8537),#9104,.T.);
#9377=ADVANCED_FACE('',(#8538),#454,.T.);
#9378=ADVANCED_FACE('',(#8539),#136,.T.);
#9379=ADVANCED_FACE('',(#8540),#455,.T.);
#9380=ADVANCED_FACE('',(#8541),#137,.T.);
#9381=ADVANCED_FACE('',(#8542),#456,.T.);
#9382=ADVANCED_FACE('',(#8543),#138,.T.);
#9383=ADVANCED_FACE('',(#8544),#457,.T.);
#9384=ADVANCED_FACE('',(#8545),#139,.T.);
#9385=ADVANCED_FACE('',(#8546),#458,.T.);
#9386=ADVANCED_FACE('',(#8547),#9105,.F.);
#9387=ADVANCED_FACE('',(#8548),#459,.T.);
#9388=ADVANCED_FACE('',(#8549),#9106,.T.);
#9389=ADVANCED_FACE('',(#8550),#460,.T.);
#9390=ADVANCED_FACE('',(#8551),#9107,.T.);
#9391=ADVANCED_FACE('',(#8552),#461,.T.);
#9392=ADVANCED_FACE('',(#8553,#8554,#8555,#8556,#8557),#9108,.F.);
#9393=ADVANCED_FACE('',(#8558),#140,.F.);
#9394=ADVANCED_FACE('',(#8559),#141,.F.);
#9395=ADVANCED_FACE('',(#8560),#142,.F.);
#9396=ADVANCED_FACE('',(#8561),#143,.F.);
#9397=ADVANCED_FACE('',(#8562),#462,.F.);
#9398=ADVANCED_FACE('',(#8563),#463,.F.);
#9399=ADVANCED_FACE('',(#8564),#464,.F.);
#9400=ADVANCED_FACE('',(#8565),#465,.F.);
#9401=ADVANCED_FACE('',(#8566),#9109,.T.);
#9402=ADVANCED_FACE('',(#8567),#9110,.F.);
#9403=ADVANCED_FACE('',(#8568),#9111,.F.);
#9404=ADVANCED_FACE('',(#8569),#9112,.T.);
#9405=ADVANCED_FACE('',(#8570),#466,.T.);
#9406=ADVANCED_FACE('',(#8571),#467,.T.);
#9407=ADVANCED_FACE('',(#8572),#468,.T.);
#9408=ADVANCED_FACE('',(#8573),#469,.T.);
#9409=ADVANCED_FACE('',(#8574,#8575),#144,.T.);
#9410=ADVANCED_FACE('',(#8576,#8577),#145,.T.);
#9411=ADVANCED_FACE('',(#8578,#8579),#470,.F.);
#9412=ADVANCED_FACE('',(#8580,#8581),#471,.F.);
#9413=ADVANCED_FACE('',(#8582,#8583),#146,.T.);
#9414=ADVANCED_FACE('',(#8584,#8585),#147,.T.);
#9415=ADVANCED_FACE('',(#8586),#9113,.T.);
#9416=ADVANCED_FACE('',(#8587),#9114,.F.);
#9417=ADVANCED_FACE('',(#8588),#9115,.F.);
#9418=ADVANCED_FACE('',(#8589),#9116,.T.);
#9419=ADVANCED_FACE('',(#8590),#9117,.F.);
#9420=ADVANCED_FACE('',(#8591),#9118,.T.);
#9421=ADVANCED_FACE('',(#8592),#9119,.T.);
#9422=ADVANCED_FACE('',(#8593),#9120,.T.);
#9423=ADVANCED_FACE('',(#8594),#472,.T.);
#9424=ADVANCED_FACE('',(#8595),#473,.T.);
#9425=ADVANCED_FACE('',(#8596),#474,.T.);
#9426=ADVANCED_FACE('',(#8597),#475,.T.);
#9427=ADVANCED_FACE('',(#8598),#476,.T.);
#9428=ADVANCED_FACE('',(#8599),#477,.T.);
#9429=ADVANCED_FACE('',(#8600),#478,.T.);
#9430=ADVANCED_FACE('',(#8601),#479,.T.);
#9431=ADVANCED_FACE('',(#8602),#480,.T.);
#9432=ADVANCED_FACE('',(#8603),#481,.T.);
#9433=ADVANCED_FACE('',(#8604),#482,.T.);
#9434=ADVANCED_FACE('',(#8605),#483,.T.);
#9435=ADVANCED_FACE('',(#8606),#20,.T.);
#9436=ADVANCED_FACE('',(#8607),#21,.T.);
#9437=ADVANCED_FACE('',(#8608),#22,.T.);
#9438=ADVANCED_FACE('',(#8609),#23,.T.);
#9439=ADVANCED_FACE('',(#8610),#484,.T.);
#9440=ADVANCED_FACE('',(#8611),#485,.T.);
#9441=ADVANCED_FACE('',(#8612),#486,.T.);
#9442=ADVANCED_FACE('',(#8613),#24,.T.);
#9443=ADVANCED_FACE('',(#8614),#487,.T.);
#9444=ADVANCED_FACE('',(#8615),#488,.T.);
#9445=ADVANCED_FACE('',(#8616),#9121,.T.);
#9446=ADVANCED_FACE('',(#8617),#489,.F.);
#9447=ADVANCED_FACE('',(#8618),#490,.F.);
#9448=ADVANCED_FACE('',(#8619),#25,.T.);
#9449=ADVANCED_FACE('',(#8620),#26,.T.);
#9450=ADVANCED_FACE('',(#8621),#491,.F.);
#9451=ADVANCED_FACE('',(#8622),#492,.F.);
#9452=ADVANCED_FACE('',(#8623),#27,.T.);
#9453=ADVANCED_FACE('',(#8624),#28,.T.);
#9454=ADVANCED_FACE('',(#8625),#493,.T.);
#9455=ADVANCED_FACE('',(#8626),#494,.T.);
#9456=ADVANCED_FACE('',(#8627),#29,.T.);
#9457=ADVANCED_FACE('',(#8628),#30,.T.);
#9458=ADVANCED_FACE('',(#8629),#495,.T.);
#9459=ADVANCED_FACE('',(#8630),#31,.T.);
#9460=ADVANCED_FACE('',(#8631),#9122,.T.);
#9461=ADVANCED_FACE('',(#8632),#32,.T.);
#9462=ADVANCED_FACE('',(#8633),#33,.T.);
#9463=ADVANCED_FACE('',(#8634),#9123,.T.);
#9464=ADVANCED_FACE('',(#8635),#9124,.T.);
#9465=ADVANCED_FACE('',(#8636),#9125,.T.);
#9466=ADVANCED_FACE('',(#8637),#9126,.T.);
#9467=ADVANCED_FACE('',(#8638),#9127,.T.);
#9468=ADVANCED_FACE('',(#8639),#496,.T.);
#9469=ADVANCED_FACE('',(#8640),#34,.T.);
#9470=ADVANCED_FACE('',(#8641),#497,.F.);
#9471=ADVANCED_FACE('',(#8642),#35,.T.);
#9472=ADVANCED_FACE('',(#8643),#36,.T.);
#9473=ADVANCED_FACE('',(#8644),#9128,.T.);
#9474=ADVANCED_FACE('',(#8645),#9129,.T.);
#9475=ADVANCED_FACE('',(#8646),#9130,.T.);
#9476=ADVANCED_FACE('',(#8647),#9131,.T.);
#9477=ADVANCED_FACE('',(#8648),#9132,.T.);
#9478=ADVANCED_FACE('',(#8649),#37,.T.);
#9479=ADVANCED_FACE('',(#8650),#38,.T.);
#9480=ADVANCED_FACE('',(#8651),#39,.T.);
#9481=ADVANCED_FACE('',(#8652),#40,.T.);
#9482=ADVANCED_FACE('',(#8653),#9133,.T.);
#9483=ADVANCED_FACE('',(#8654,#8655),#9134,.T.);
#9484=ADVANCED_FACE('',(#8656),#9135,.T.);
#9485=ADVANCED_FACE('',(#8657),#9136,.T.);
#9486=ADVANCED_FACE('',(#8658),#9137,.T.);
#9487=ADVANCED_FACE('',(#8659),#41,.T.);
#9488=ADVANCED_FACE('',(#8660),#9138,.T.);
#9489=ADVANCED_FACE('',(#8661),#9139,.T.);
#9490=ADVANCED_FACE('',(#8662),#9140,.T.);
#9491=ADVANCED_FACE('',(#8663),#9141,.T.);
#9492=ADVANCED_FACE('',(#8664),#9142,.T.);
#9493=ADVANCED_FACE('',(#8665),#9143,.T.);
#9494=ADVANCED_FACE('',(#8666),#9144,.T.);
#9495=ADVANCED_FACE('',(#8667),#9145,.T.);
#9496=ADVANCED_FACE('',(#8668),#498,.F.);
#9497=ADVANCED_FACE('',(#8669,#8670),#9146,.T.);
#9498=ADVANCED_FACE('',(#8671),#9147,.T.);
#9499=ADVANCED_FACE('',(#8672),#9148,.T.);
#9500=ADVANCED_FACE('',(#8673),#9149,.T.);
#9501=ADVANCED_FACE('',(#8674),#9150,.T.);
#9502=ADVANCED_FACE('',(#8675),#9151,.T.);
#9503=ADVANCED_FACE('',(#8676),#9152,.T.);
#9504=ADVANCED_FACE('',(#8677),#9153,.T.);
#9505=ADVANCED_FACE('',(#8678),#9154,.T.);
#9506=ADVANCED_FACE('',(#8679),#9155,.T.);
#9507=ADVANCED_FACE('',(#8680),#9156,.T.);
#9508=ADVANCED_FACE('',(#8681),#9157,.T.);
#9509=ADVANCED_FACE('',(#8682),#9158,.T.);
#9510=ADVANCED_FACE('',(#8683),#9159,.T.);
#9511=ADVANCED_FACE('',(#8684),#9160,.T.);
#9512=ADVANCED_FACE('',(#8685),#9161,.T.);
#9513=ADVANCED_FACE('',(#8686),#9162,.T.);
#9514=ADVANCED_FACE('',(#8687),#9163,.T.);
#9515=ADVANCED_FACE('',(#8688),#9164,.T.);
#9516=ADVANCED_FACE('',(#8689),#9165,.T.);
#9517=ADVANCED_FACE('',(#8690),#9166,.T.);
#9518=ADVANCED_FACE('',(#8691),#9167,.T.);
#9519=ADVANCED_FACE('',(#8692),#9168,.T.);
#9520=ADVANCED_FACE('',(#8693),#9169,.T.);
#9521=ADVANCED_FACE('',(#8694),#9170,.T.);
#9522=ADVANCED_FACE('',(#8695),#9171,.T.);
#9523=ADVANCED_FACE('',(#8696),#9172,.T.);
#9524=ADVANCED_FACE('',(#8697),#9173,.T.);
#9525=ADVANCED_FACE('',(#8698),#9174,.T.);
#9526=ADVANCED_FACE('',(#8699),#9175,.T.);
#9527=ADVANCED_FACE('',(#8700),#9176,.T.);
#9528=ADVANCED_FACE('',(#8701),#9177,.T.);
#9529=ADVANCED_FACE('',(#8702),#42,.T.);
#9530=ADVANCED_FACE('',(#8703),#43,.T.);
#9531=ADVANCED_FACE('',(#8704),#44,.T.);
#9532=ADVANCED_FACE('',(#8705),#45,.T.);
#9533=ADVANCED_FACE('',(#8706),#499,.T.);
#9534=ADVANCED_FACE('',(#8707),#500,.T.);
#9535=ADVANCED_FACE('',(#8708),#501,.T.);
#9536=ADVANCED_FACE('',(#8709),#46,.T.);
#9537=ADVANCED_FACE('',(#8710),#502,.T.);
#9538=ADVANCED_FACE('',(#8711),#503,.T.);
#9539=ADVANCED_FACE('',(#8712),#9178,.T.);
#9540=ADVANCED_FACE('',(#8713),#504,.F.);
#9541=ADVANCED_FACE('',(#8714),#505,.F.);
#9542=ADVANCED_FACE('',(#8715),#47,.T.);
#9543=ADVANCED_FACE('',(#8716),#48,.T.);
#9544=ADVANCED_FACE('',(#8717),#506,.F.);
#9545=ADVANCED_FACE('',(#8718),#507,.F.);
#9546=ADVANCED_FACE('',(#8719),#49,.T.);
#9547=ADVANCED_FACE('',(#8720),#50,.T.);
#9548=ADVANCED_FACE('',(#8721),#508,.T.);
#9549=ADVANCED_FACE('',(#8722),#509,.T.);
#9550=ADVANCED_FACE('',(#8723),#51,.T.);
#9551=ADVANCED_FACE('',(#8724),#52,.T.);
#9552=ADVANCED_FACE('',(#8725),#510,.T.);
#9553=ADVANCED_FACE('',(#8726),#53,.T.);
#9554=ADVANCED_FACE('',(#8727),#9179,.T.);
#9555=ADVANCED_FACE('',(#8728),#54,.T.);
#9556=ADVANCED_FACE('',(#8729),#55,.T.);
#9557=ADVANCED_FACE('',(#8730),#9180,.T.);
#9558=ADVANCED_FACE('',(#8731),#9181,.T.);
#9559=ADVANCED_FACE('',(#8732),#9182,.T.);
#9560=ADVANCED_FACE('',(#8733),#9183,.T.);
#9561=ADVANCED_FACE('',(#8734),#9184,.T.);
#9562=ADVANCED_FACE('',(#8735),#9185,.T.);
#9563=ADVANCED_FACE('',(#8736),#9186,.T.);
#9564=ADVANCED_FACE('',(#8737),#9187,.T.);
#9565=ADVANCED_FACE('',(#8738),#9188,.T.);
#9566=ADVANCED_FACE('',(#8739),#9189,.T.);
#9567=ADVANCED_FACE('',(#8740),#9190,.T.);
#9568=ADVANCED_FACE('',(#8741),#9191,.T.);
#9569=ADVANCED_FACE('',(#8742),#9192,.T.);
#9570=ADVANCED_FACE('',(#8743),#9193,.T.);
#9571=ADVANCED_FACE('',(#8744),#9194,.T.);
#9572=ADVANCED_FACE('',(#8745),#9195,.T.);
#9573=ADVANCED_FACE('',(#8746),#9196,.T.);
#9574=ADVANCED_FACE('',(#8747),#9197,.T.);
#9575=ADVANCED_FACE('',(#8748),#9198,.T.);
#9576=ADVANCED_FACE('',(#8749),#9199,.T.);
#9577=ADVANCED_FACE('',(#8750),#9200,.T.);
#9578=ADVANCED_FACE('',(#8751),#56,.T.);
#9579=ADVANCED_FACE('',(#8752),#511,.T.);
#9580=ADVANCED_FACE('',(#8753),#512,.T.);
#9581=ADVANCED_FACE('',(#8754),#9201,.T.);
#9582=ADVANCED_FACE('',(#8755),#57,.T.);
#9583=ADVANCED_FACE('',(#8756),#58,.T.);
#9584=ADVANCED_FACE('',(#8757),#513,.F.);
#9585=ADVANCED_FACE('',(#8758),#59,.T.);
#9586=ADVANCED_FACE('',(#8759),#60,.T.);
#9587=ADVANCED_FACE('',(#8760),#61,.T.);
#9588=ADVANCED_FACE('',(#8761),#514,.F.);
#9589=ADVANCED_FACE('',(#8762),#9202,.T.);
#9590=ADVANCED_FACE('',(#8763),#62,.T.);
#9591=ADVANCED_FACE('',(#8764),#63,.T.);
#9592=ADVANCED_FACE('',(#8765),#64,.T.);
#9593=ADVANCED_FACE('',(#8766),#9203,.T.);
#9594=ADVANCED_FACE('',(#8767),#9204,.T.);
#9595=ADVANCED_FACE('',(#8768),#9205,.T.);
#9596=ADVANCED_FACE('',(#8769),#9206,.T.);
#9597=ADVANCED_FACE('',(#8770),#9207,.T.);
#9598=ADVANCED_FACE('',(#8771),#9208,.T.);
#9599=ADVANCED_FACE('',(#8772),#9209,.T.);
#9600=ADVANCED_FACE('',(#8773),#9210,.T.);
#9601=ADVANCED_FACE('',(#8774),#9211,.T.);
#9602=ADVANCED_FACE('',(#8775),#9212,.T.);
#9603=ADVANCED_FACE('',(#8776),#9213,.T.);
#9604=ADVANCED_FACE('',(#8777),#9214,.T.);
#9605=ADVANCED_FACE('',(#8778),#9215,.T.);
#9606=ADVANCED_FACE('',(#8779),#65,.T.);
#9607=ADVANCED_FACE('',(#8780),#66,.T.);
#9608=ADVANCED_FACE('',(#8781),#67,.T.);
#9609=ADVANCED_FACE('',(#8782),#9216,.T.);
#9610=ADVANCED_FACE('',(#8783),#9217,.T.);
#9611=ADVANCED_FACE('',(#8784),#9218,.T.);
#9612=ADVANCED_FACE('',(#8785),#68,.T.);
#9613=ADVANCED_FACE('',(#8786),#69,.T.);
#9614=ADVANCED_FACE('',(#8787),#70,.T.);
#9615=ADVANCED_FACE('',(#8788),#9219,.T.);
#9616=ADVANCED_FACE('',(#8789),#9220,.T.);
#9617=ADVANCED_FACE('',(#8790),#9221,.T.);
#9618=ADVANCED_FACE('',(#8791),#71,.T.);
#9619=ADVANCED_FACE('',(#8792),#72,.T.);
#9620=ADVANCED_FACE('',(#8793),#73,.T.);
#9621=ADVANCED_FACE('',(#8794),#74,.T.);
#9622=ADVANCED_FACE('',(#8795),#9222,.T.);
#9623=ADVANCED_FACE('',(#8796),#515,.F.);
#9624=ADVANCED_FACE('',(#8797),#75,.T.);
#9625=ADVANCED_FACE('',(#8798),#76,.T.);
#9626=ADVANCED_FACE('',(#8799),#77,.T.);
#9627=ADVANCED_FACE('',(#8800),#78,.T.);
#9628=ADVANCED_FACE('',(#8801),#9223,.T.);
#9629=ADVANCED_FACE('',(#8802,#8803,#8804),#9224,.T.);
#9630=ADVANCED_FACE('',(#8805),#9225,.T.);
#9631=ADVANCED_FACE('',(#8806),#516,.F.);
#9632=ADVANCED_FACE('',(#8807),#9226,.T.);
#9633=ADVANCED_FACE('',(#8808),#79,.T.);
#9634=ADVANCED_FACE('',(#8809),#9227,.T.);
#9635=ADVANCED_FACE('',(#8810),#9228,.T.);
#9636=ADVANCED_FACE('',(#8811),#9229,.T.);
#9637=ADVANCED_FACE('',(#8812),#9230,.T.);
#9638=ADVANCED_FACE('',(#8813),#9231,.T.);
#9639=ADVANCED_FACE('',(#8814),#9232,.T.);
#9640=ADVANCED_FACE('',(#8815),#9233,.T.);
#9641=ADVANCED_FACE('',(#8816),#9234,.T.);
#9642=ADVANCED_FACE('',(#8817),#517,.F.);
#9643=ADVANCED_FACE('',(#8818,#8819),#9235,.T.);
#9644=ADVANCED_FACE('',(#8820),#9236,.T.);
#9645=ADVANCED_FACE('',(#8821),#9237,.T.);
#9646=ADVANCED_FACE('',(#8822),#9238,.T.);
#9647=ADVANCED_FACE('',(#8823),#518,.F.);
#9648=ADVANCED_FACE('',(#8824),#9239,.F.);
#9649=ADVANCED_FACE('',(#8825),#519,.F.);
#9650=ADVANCED_FACE('',(#8826),#9240,.T.);
#9651=ADVANCED_FACE('',(#8827),#520,.F.);
#9652=ADVANCED_FACE('',(#8828),#9241,.F.);
#9653=ADVANCED_FACE('',(#8829),#521,.F.);
#9654=ADVANCED_FACE('',(#8830),#9242,.F.);
#9655=ADVANCED_FACE('',(#8831),#9243,.T.);
#9656=ADVANCED_FACE('',(#8832),#9244,.T.);
#9657=ADVANCED_FACE('',(#8833),#9245,.F.);
#9658=ADVANCED_FACE('',(#8834),#522,.T.);
#9659=ADVANCED_FACE('',(#8835),#523,.T.);
#9660=ADVANCED_FACE('',(#8836),#524,.T.);
#9661=ADVANCED_FACE('',(#8837),#148,.T.);
#9662=ADVANCED_FACE('',(#8838),#525,.T.);
#9663=ADVANCED_FACE('',(#8839),#149,.T.);
#9664=ADVANCED_FACE('',(#8840),#526,.T.);
#9665=ADVANCED_FACE('',(#8841),#150,.T.);
#9666=ADVANCED_FACE('',(#8842),#527,.T.);
#9667=ADVANCED_FACE('',(#8843),#151,.T.);
#9668=ADVANCED_FACE('',(#8844),#528,.T.);
#9669=ADVANCED_FACE('',(#8845),#529,.T.);
#9670=ADVANCED_FACE('',(#8846),#530,.F.);
#9671=ADVANCED_FACE('',(#8847,#8848),#531,.F.);
#9672=ADVANCED_FACE('',(#8849,#8850),#532,.F.);
#9673=ADVANCED_FACE('',(#8851,#8852),#533,.F.);
#9674=ADVANCED_FACE('',(#8853),#9246,.T.);
#9675=ADVANCED_FACE('',(#8854),#9247,.T.);
#9676=ADVANCED_FACE('',(#8855),#9248,.T.);
#9677=ADVANCED_FACE('',(#8856),#9249,.T.);
#9678=ADVANCED_FACE('',(#8857),#9250,.T.);
#9679=ADVANCED_FACE('',(#8858),#80,.T.);
#9680=ADVANCED_FACE('',(#8859),#81,.T.);
#9681=ADVANCED_FACE('',(#8860),#82,.T.);
#9682=ADVANCED_FACE('',(#8861),#83,.T.);
#9683=ADVANCED_FACE('',(#8862),#534,.T.);
#9684=ADVANCED_FACE('',(#8863),#535,.T.);
#9685=ADVANCED_FACE('',(#8864),#536,.T.);
#9686=ADVANCED_FACE('',(#8865),#84,.T.);
#9687=ADVANCED_FACE('',(#8866),#537,.T.);
#9688=ADVANCED_FACE('',(#8867),#538,.T.);
#9689=ADVANCED_FACE('',(#8868),#9251,.T.);
#9690=ADVANCED_FACE('',(#8869),#539,.F.);
#9691=ADVANCED_FACE('',(#8870),#540,.F.);
#9692=ADVANCED_FACE('',(#8871),#85,.T.);
#9693=ADVANCED_FACE('',(#8872),#86,.T.);
#9694=ADVANCED_FACE('',(#8873),#541,.F.);
#9695=ADVANCED_FACE('',(#8874),#542,.F.);
#9696=ADVANCED_FACE('',(#8875),#87,.T.);
#9697=ADVANCED_FACE('',(#8876),#88,.T.);
#9698=ADVANCED_FACE('',(#8877),#543,.T.);
#9699=ADVANCED_FACE('',(#8878),#544,.T.);
#9700=ADVANCED_FACE('',(#8879),#89,.T.);
#9701=ADVANCED_FACE('',(#8880),#90,.T.);
#9702=ADVANCED_FACE('',(#8881),#545,.T.);
#9703=ADVANCED_FACE('',(#8882),#91,.T.);
#9704=ADVANCED_FACE('',(#8883),#9252,.T.);
#9705=ADVANCED_FACE('',(#8884),#92,.T.);
#9706=ADVANCED_FACE('',(#8885),#93,.T.);
#9707=ADVANCED_FACE('',(#8886),#9253,.T.);
#9708=ADVANCED_FACE('',(#8887),#9254,.T.);
#9709=ADVANCED_FACE('',(#8888),#9255,.T.);
#9710=ADVANCED_FACE('',(#8889),#9256,.T.);
#9711=ADVANCED_FACE('',(#8890),#9257,.T.);
#9712=ADVANCED_FACE('',(#8891),#9258,.T.);
#9713=ADVANCED_FACE('',(#8892),#9259,.T.);
#9714=ADVANCED_FACE('',(#8893),#9260,.T.);
#9715=ADVANCED_FACE('',(#8894),#9261,.T.);
#9716=ADVANCED_FACE('',(#8895),#9262,.T.);
#9717=ADVANCED_FACE('',(#8896),#9263,.T.);
#9718=ADVANCED_FACE('',(#8897),#9264,.T.);
#9719=ADVANCED_FACE('',(#8898),#9265,.T.);
#9720=ADVANCED_FACE('',(#8899),#9266,.T.);
#9721=ADVANCED_FACE('',(#8900),#9267,.T.);
#9722=ADVANCED_FACE('',(#8901),#9268,.T.);
#9723=ADVANCED_FACE('',(#8902),#9269,.T.);
#9724=ADVANCED_FACE('',(#8903),#9270,.T.);
#9725=ADVANCED_FACE('',(#8904),#9271,.T.);
#9726=ADVANCED_FACE('',(#8905),#9272,.T.);
#9727=ADVANCED_FACE('',(#8906),#9273,.T.);
#9728=ADVANCED_FACE('',(#8907),#9274,.T.);
#9729=ADVANCED_FACE('',(#8908),#9275,.T.);
#9730=ADVANCED_FACE('',(#8909),#9276,.T.);
#9731=ADVANCED_FACE('',(#8910),#9277,.T.);
#9732=ADVANCED_FACE('',(#8911),#9278,.T.);
#9733=ADVANCED_FACE('',(#8912),#9279,.T.);
#9734=ADVANCED_FACE('',(#8913),#94,.T.);
#9735=ADVANCED_FACE('',(#8914),#95,.T.);
#9736=ADVANCED_FACE('',(#8915),#96,.T.);
#9737=ADVANCED_FACE('',(#8916),#9280,.T.);
#9738=ADVANCED_FACE('',(#8917),#9281,.T.);
#9739=ADVANCED_FACE('',(#8918),#9282,.T.);
#9740=ADVANCED_FACE('',(#8919),#9283,.T.);
#9741=ADVANCED_FACE('',(#8920),#9284,.T.);
#9742=ADVANCED_FACE('',(#8921),#9285,.T.);
#9743=ADVANCED_FACE('',(#8922),#9286,.T.);
#9744=ADVANCED_FACE('',(#8923),#9287,.T.);
#9745=ADVANCED_FACE('',(#8924),#97,.T.);
#9746=ADVANCED_FACE('',(#8925),#98,.T.);
#9747=ADVANCED_FACE('',(#8926),#99,.T.);
#9748=ADVANCED_FACE('',(#8927),#100,.T.);
#9749=ADVANCED_FACE('',(#8928),#101,.T.);
#9750=ADVANCED_FACE('',(#8929,#8930),#9288,.T.);
#9751=ADVANCED_FACE('',(#8931),#9289,.T.);
#9752=ADVANCED_FACE('',(#8932),#102,.T.);
#9753=ADVANCED_FACE('',(#8933),#103,.T.);
#9754=ADVANCED_FACE('',(#8934),#9290,.T.);
#9755=ADVANCED_FACE('',(#8935),#9291,.T.);
#9756=ADVANCED_FACE('',(#8936),#104,.T.);
#9757=ADVANCED_FACE('',(#8937),#105,.T.);
#9758=ADVANCED_FACE('',(#8938),#106,.T.);
#9759=ADVANCED_FACE('',(#8939),#9292,.T.);
#9760=ADVANCED_FACE('',(#8940),#9293,.T.);
#9761=ADVANCED_FACE('',(#8941),#9294,.T.);
#9762=ADVANCED_FACE('',(#8942),#107,.T.);
#9763=ADVANCED_FACE('',(#8943),#9295,.T.);
#9764=ADVANCED_FACE('',(#8944,#8945),#9296,.T.);
#9765=ADVANCED_FACE('',(#8946),#9297,.T.);
#9766=ADVANCED_FACE('',(#8947),#9298,.T.);
#9767=ADVANCED_FACE('',(#8948),#108,.T.);
#9768=ADVANCED_FACE('',(#8949),#109,.T.);
#9769=ADVANCED_FACE('',(#8950),#110,.T.);
#9770=ADVANCED_FACE('',(#8951),#9299,.T.);
#9771=ADVANCED_FACE('',(#8952),#9300,.T.);
#9772=ADVANCED_FACE('',(#8953),#9301,.T.);
#9773=ADVANCED_FACE('',(#8954),#111,.T.);
#9774=ADVANCED_FACE('',(#8955),#112,.T.);
#9775=ADVANCED_FACE('',(#8956),#113,.T.);
#9776=ADVANCED_FACE('',(#8957),#9302,.T.);
#9777=ADVANCED_FACE('',(#8958),#9303,.T.);
#9778=ADVANCED_FACE('',(#8959),#9304,.T.);
#9779=ADVANCED_FACE('',(#8960),#114,.T.);
#9780=ADVANCED_FACE('',(#8961),#115,.T.);
#9781=ADVANCED_FACE('',(#8962),#116,.T.);
#9782=ADVANCED_FACE('',(#8963),#117,.T.);
#9783=ADVANCED_FACE('',(#8964),#9305,.T.);
#9784=ADVANCED_FACE('',(#8965),#546,.F.);
#9785=ADVANCED_FACE('',(#8966),#118,.T.);
#9786=ADVANCED_FACE('',(#8967),#119,.T.);
#9787=ADVANCED_FACE('',(#8968),#120,.T.);
#9788=ADVANCED_FACE('',(#8969),#121,.T.);
#9789=ADVANCED_FACE('',(#8970),#9306,.T.);
#9790=ADVANCED_FACE('',(#8971,#8972,#8973),#9307,.T.);
#9791=ADVANCED_FACE('',(#8974),#9308,.T.);
#9792=ADVANCED_FACE('',(#8975),#9309,.T.);
#9793=ADVANCED_FACE('',(#8976),#9310,.T.);
#9794=ADVANCED_FACE('',(#8977),#122,.T.);
#9795=ADVANCED_FACE('',(#8978),#123,.T.);
#9796=ADVANCED_FACE('',(#8979),#124,.T.);
#9797=ADVANCED_FACE('',(#8980),#9311,.T.);
#9798=ADVANCED_FACE('',(#8981),#9312,.T.);
#9799=ADVANCED_FACE('',(#8982),#9313,.T.);
#9800=ADVANCED_FACE('',(#8983),#125,.T.);
#9801=ADVANCED_FACE('',(#8984),#126,.T.);
#9802=ADVANCED_FACE('',(#8985),#127,.T.);
#9803=ADVANCED_FACE('',(#8986),#9314,.T.);
#9804=ADVANCED_FACE('',(#8987),#9315,.T.);
#9805=ADVANCED_FACE('',(#8988),#9316,.T.);
#9806=ADVANCED_FACE('',(#8989),#128,.T.);
#9807=ADVANCED_FACE('',(#8990),#129,.T.);
#9808=ADVANCED_FACE('',(#8991),#130,.T.);
#9809=ADVANCED_FACE('',(#8992),#131,.T.);
#9810=ADVANCED_FACE('',(#8993),#9317,.T.);
#9811=ADVANCED_FACE('',(#8994),#547,.F.);
#9812=ADVANCED_FACE('',(#8995),#132,.T.);
#9813=ADVANCED_FACE('',(#8996),#133,.T.);
#9814=ADVANCED_FACE('',(#8997),#134,.T.);
#9815=ADVANCED_FACE('',(#8998),#135,.T.);
#9816=ADVANCED_FACE('',(#8999),#9318,.T.);
#9817=ADVANCED_FACE('',(#9000,#9001,#9002),#9319,.T.);
#9818=ADVANCED_FACE('',(#9003),#9320,.T.);
#9819=ADVANCED_FACE('',(#9004),#9321,.T.);
#9820=ADVANCED_FACE('',(#9005),#9322,.T.);
#9821=ADVANCED_FACE('',(#9006),#9323,.T.);
#9822=ADVANCED_FACE('',(#9007),#9324,.T.);
#9823=ADVANCED_FACE('',(#9008),#9325,.T.);
#9824=ADVANCED_FACE('',(#9009),#9326,.T.);
#9825=ADVANCED_FACE('',(#9010),#9327,.T.);
#9826=ADVANCED_FACE('',(#9011),#9328,.T.);
#9827=ADVANCED_FACE('',(#9012),#9329,.T.);
#9828=ADVANCED_FACE('',(#9013),#9330,.T.);
#9829=ADVANCED_FACE('',(#9014),#9331,.T.);
#9830=ADVANCED_FACE('',(#9015),#9332,.T.);
#9831=ADVANCED_FACE('',(#9016),#9333,.T.);
#9832=ADVANCED_FACE('',(#9017),#9334,.T.);
#9833=ADVANCED_FACE('',(#9018),#9335,.T.);
#9834=ADVANCED_FACE('',(#9019),#9336,.T.);
#9835=ADVANCED_FACE('',(#9020),#9337,.T.);
#9836=ADVANCED_FACE('',(#9021),#9338,.F.);
#9837=ADVANCED_FACE('',(#9022),#9339,.F.);
#9838=ADVANCED_FACE('',(#9023),#9340,.T.);
#9839=ADVANCED_FACE('',(#9024,#9025),#9341,.T.);
#9840=ADVANCED_FACE('',(#9026),#9342,.F.);
#9841=ADVANCED_FACE('',(#9027),#9343,.T.);
#9842=ADVANCED_FACE('',(#9028),#9344,.T.);
#9843=ADVANCED_FACE('',(#9029),#9345,.F.);
#9844=ADVANCED_FACE('',(#9030,#9031),#9346,.T.);
#9845=ADVANCED_FACE('',(#9032),#548,.T.);
#9846=ADVANCED_FACE('',(#9033),#152,.F.);
#9847=ADVANCED_FACE('',(#9034),#549,.F.);
#9848=ADVANCED_FACE('',(#9035),#12,.F.);
#9849=ADVANCED_FACE('',(#9036),#153,.F.);
#9850=ADVANCED_FACE('',(#9037),#154,.F.);
#9851=ADVANCED_FACE('',(#9038),#13,.F.);
#9852=ADVANCED_FACE('',(#9039),#550,.F.);
#9853=ADVANCED_FACE('',(#9040,#9041),#551,.F.);
#9854=ADVANCED_FACE('',(#9042),#9347,.F.);
#9855=ADVANCED_FACE('',(#9043),#552,.T.);
#9856=ADVANCED_FACE('',(#9044),#553,.F.);
#9857=ADVANCED_FACE('',(#9045),#155,.F.);
#9858=ADVANCED_FACE('',(#9046),#14,.F.);
#9859=ADVANCED_FACE('',(#9047),#156,.F.);
#9860=ADVANCED_FACE('',(#9048),#15,.F.);
#9861=ADVANCED_FACE('',(#9049),#157,.F.);
#9862=ADVANCED_FACE('',(#9050),#554,.F.);
#9863=ADVANCED_FACE('',(#9051,#9052),#555,.F.);
#9864=ADVANCED_FACE('',(#9053),#9348,.F.);
#9865=ADVANCED_FACE('',(#9054),#556,.T.);
#9866=ADVANCED_FACE('',(#9055),#557,.F.);
#9867=ADVANCED_FACE('',(#9056),#158,.F.);
#9868=ADVANCED_FACE('',(#9057),#16,.F.);
#9869=ADVANCED_FACE('',(#9058),#159,.F.);
#9870=ADVANCED_FACE('',(#9059),#17,.F.);
#9871=ADVANCED_FACE('',(#9060),#160,.F.);
#9872=ADVANCED_FACE('',(#9061),#558,.F.);
#9873=ADVANCED_FACE('',(#9062,#9063),#559,.F.);
#9874=ADVANCED_FACE('',(#9064),#9349,.F.);
#9875=ADVANCED_FACE('',(#9065),#560,.T.);
#9876=ADVANCED_FACE('',(#9066),#561,.F.);
#9877=ADVANCED_FACE('',(#9067),#161,.F.);
#9878=ADVANCED_FACE('',(#9068),#18,.F.);
#9879=ADVANCED_FACE('',(#9069),#162,.F.);
#9880=ADVANCED_FACE('',(#9070),#19,.F.);
#9881=ADVANCED_FACE('',(#9071),#163,.F.);
#9882=ADVANCED_FACE('',(#9072),#562,.F.);
#9883=ADVANCED_FACE('',(#9073,#9074),#563,.F.);
#9884=ADVANCED_FACE('',(#9075),#9350,.F.);
#9885=ADVANCED_FACE('',(#9076),#564,.F.);
#9886=ADVANCED_FACE('',(#9077),#565,.F.);
#9887=ADVANCED_FACE('',(#9078),#566,.F.);
#9888=ADVANCED_FACE('',(#9079),#9351,.T.);
#9889=ADVANCED_FACE('',(#9080),#9352,.T.);
#9890=ADVANCED_FACE('',(#9081),#9353,.F.);
#9891=ADVANCED_FACE('',(#9082),#164,.T.);
#9892=ADVANCED_FACE('',(#9083),#165,.T.);
#9893=ADVANCED_FACE('',(#9084),#567,.T.);
#9894=ADVANCED_FACE('',(#9085),#568,.T.);
#9895=ADVANCED_FACE('',(#9086),#166,.T.);
#9896=ADVANCED_FACE('',(#9087),#167,.T.);
#9897=ADVANCED_FACE('',(#9088),#569,.T.);
#9898=ADVANCED_FACE('',(#9089),#570,.T.);
#9899=ADVANCED_FACE('',(#9090),#168,.T.);
#9900=CLOSED_SHELL('',(#9354,#9355,#9356,#9357,#9358,#9359,#9360,#9361,
#9362,#9363,#9364,#9365,#9366,#9367,#9368,#9369,#9370,#9371,#9372,#9373,
#9374,#9375,#9376,#9377,#9378,#9379,#9380,#9381,#9382,#9383,#9384,#9385,
#9386,#9387,#9388,#9389,#9390,#9391,#9392,#9393,#9394,#9395,#9396,#9397,
#9398,#9399,#9400,#9401,#9402,#9403,#9404,#9405,#9406,#9407,#9408,#9409,
#9410,#9411,#9412,#9413,#9414,#9415,#9416,#9417,#9418,#9419,#9420,#9421,
#9422,#9423,#9424,#9425,#9426,#9427,#9428,#9429,#9430,#9431,#9432,#9433,
#9434,#9435,#9436,#9437,#9438,#9439,#9440,#9441,#9442,#9443,#9444,#9445,
#9446,#9447,#9448,#9449,#9450,#9451,#9452,#9453,#9454,#9455,#9456,#9457,
#9458,#9459,#9460,#9461,#9462,#9463,#9464,#9465,#9466,#9467,#9468,#9469,
#9470,#9471,#9472,#9473,#9474,#9475,#9476,#9477,#9478,#9479,#9480,#9481,
#9482,#9483,#9484,#9485,#9486,#9487,#9488,#9489,#9490,#9491,#9492,#9493,
#9494,#9495,#9496,#9497,#9498,#9499,#9500,#9501,#9502,#9503,#9504,#9505,
#9506,#9507,#9508,#9509,#9510,#9511,#9512,#9513,#9514,#9515,#9516,#9517,
#9518,#9519,#9520,#9521,#9522,#9523,#9524,#9525,#9526,#9527,#9528,#9529,
#9530,#9531,#9532,#9533,#9534,#9535,#9536,#9537,#9538,#9539,#9540,#9541,
#9542,#9543,#9544,#9545,#9546,#9547,#9548,#9549,#9550,#9551,#9552,#9553,
#9554,#9555,#9556,#9557,#9558,#9559,#9560,#9561,#9562,#9563,#9564,#9565,
#9566,#9567,#9568,#9569,#9570,#9571,#9572,#9573,#9574,#9575,#9576,#9577,
#9578,#9579,#9580,#9581,#9582,#9583,#9584,#9585,#9586,#9587,#9588,#9589,
#9590,#9591,#9592,#9593,#9594,#9595,#9596,#9597,#9598,#9599,#9600,#9601,
#9602,#9603,#9604,#9605,#9606,#9607,#9608,#9609,#9610,#9611,#9612,#9613,
#9614,#9615,#9616,#9617,#9618,#9619,#9620,#9621,#9622,#9623,#9624,#9625,
#9626,#9627,#9628,#9629,#9630,#9631,#9632,#9633,#9634,#9635,#9636,#9637,
#9638,#9639,#9640,#9641,#9642,#9643,#9644,#9645,#9646,#9647,#9648,#9649,
#9650,#9651,#9652,#9653,#9654,#9655,#9656,#9657,#9658,#9659,#9660,#9661,
#9662,#9663,#9664,#9665,#9666,#9667,#9668,#9669,#9670,#9671,#9672,#9673,
#9674,#9675,#9676,#9677,#9678,#9679,#9680,#9681,#9682,#9683,#9684,#9685,
#9686,#9687,#9688,#9689,#9690,#9691,#9692,#9693,#9694,#9695,#9696,#9697,
#9698,#9699,#9700,#9701,#9702,#9703,#9704,#9705,#9706,#9707,#9708,#9709,
#9710,#9711,#9712,#9713,#9714,#9715,#9716,#9717,#9718,#9719,#9720,#9721,
#9722,#9723,#9724,#9725,#9726,#9727,#9728,#9729,#9730,#9731,#9732,#9733,
#9734,#9735,#9736,#9737,#9738,#9739,#9740,#9741,#9742,#9743,#9744,#9745,
#9746,#9747,#9748,#9749,#9750,#9751,#9752,#9753,#9754,#9755,#9756,#9757,
#9758,#9759,#9760,#9761,#9762,#9763,#9764,#9765,#9766,#9767,#9768,#9769,
#9770,#9771,#9772,#9773,#9774,#9775,#9776,#9777,#9778,#9779,#9780,#9781,
#9782,#9783,#9784,#9785,#9786,#9787,#9788,#9789,#9790,#9791,#9792,#9793,
#9794,#9795,#9796,#9797,#9798,#9799,#9800,#9801,#9802,#9803,#9804,#9805,
#9806,#9807,#9808,#9809,#9810,#9811,#9812,#9813,#9814,#9815,#9816,#9817,
#9818,#9819,#9820,#9821,#9822,#9823,#9824,#9825,#9826,#9827,#9828,#9829,
#9830,#9831,#9832,#9833,#9834,#9835,#9836,#9837,#9838,#9839,#9840,#9841,
#9842,#9843,#9844,#9845,#9846,#9847,#9848,#9849,#9850,#9851,#9852,#9853,
#9854,#9855,#9856,#9857,#9858,#9859,#9860,#9861,#9862,#9863,#9864,#9865,
#9866,#9867,#9868,#9869,#9870,#9871,#9872,#9873,#9874,#9875,#9876,#9877,
#9878,#9879,#9880,#9881,#9882,#9883,#9884,#9885,#9886,#9887,#9888,#9889,
#9890,#9891,#9892,#9893,#9894,#9895,#9896,#9897,#9898,#9899));
#9901=STYLED_ITEM('',(#9902),#9909);
#9902=PRESENTATION_STYLE_ASSIGNMENT((#9903));
#9903=SURFACE_STYLE_USAGE(.BOTH.,#9904);
#9904=SURFACE_SIDE_STYLE('',(#9905));
#9905=SURFACE_STYLE_FILL_AREA(#9906);
#9906=FILL_AREA_STYLE('',(#9907));
#9907=FILL_AREA_STYLE_COLOUR('',#9908);
#9908=COLOUR_RGB('',0.513725490196078,0.415686274509804,0.733333333333333);
#9909=MANIFOLD_SOLID_BREP('Front Shell',#9900);
#9910=SHAPE_DEFINITION_REPRESENTATION(#17374,#9911);
#9911=SHAPE_REPRESENTATION('Front Shell',(#9912),#17369);
#9912=AXIS2_PLACEMENT_3D('',#12914,#10614,#10615);
#9913=AXIS2_PLACEMENT_3D('',#12915,#10616,#10617);
#9914=AXIS2_PLACEMENT_3D('',#12924,#10622,#10623);
#9915=AXIS2_PLACEMENT_3D('',#12925,#10624,#10625);
#9916=AXIS2_PLACEMENT_3D('',#12927,#10626,#10627);
#9917=AXIS2_PLACEMENT_3D('',#12932,#10629,#10630);
#9918=AXIS2_PLACEMENT_3D('',#12936,#10632,#10633);
#9919=AXIS2_PLACEMENT_3D('',#12940,#10635,#10636);
#9920=AXIS2_PLACEMENT_3D('',#12944,#10638,#10639);
#9921=AXIS2_PLACEMENT_3D('',#12945,#10640,#10641);
#9922=AXIS2_PLACEMENT_3D('',#12947,#10642,#10643);
#9923=AXIS2_PLACEMENT_3D('',#12949,#10644,#10645);
#9924=AXIS2_PLACEMENT_3D('',#12951,#10646,#10647);
#9925=AXIS2_PLACEMENT_3D('',#12954,#10648,#10649);
#9926=AXIS2_PLACEMENT_3D('',#12958,#10651,#10652);
#9927=AXIS2_PLACEMENT_3D('',#12962,#10654,#10655);
#9928=AXIS2_PLACEMENT_3D('',#12964,#10656,#10657);
#9929=AXIS2_PLACEMENT_3D('',#12966,#10658,#10659);
#9930=AXIS2_PLACEMENT_3D('',#12970,#10661,#10662);
#9931=AXIS2_PLACEMENT_3D('',#12974,#10664,#10665);
#9932=AXIS2_PLACEMENT_3D('',#12976,#10666,#10667);
#9933=AXIS2_PLACEMENT_3D('',#12978,#10668,#10669);
#9934=AXIS2_PLACEMENT_3D('',#12982,#10671,#10672);
#9935=AXIS2_PLACEMENT_3D('',#12986,#10674,#10675);
#9936=AXIS2_PLACEMENT_3D('',#12988,#10676,#10677);
#9937=AXIS2_PLACEMENT_3D('',#12990,#10678,#10679);
#9938=AXIS2_PLACEMENT_3D('',#12994,#10681,#10682);
#9939=AXIS2_PLACEMENT_3D('',#12998,#10684,#10685);
#9940=AXIS2_PLACEMENT_3D('',#13028,#10701,#10702);
#9941=AXIS2_PLACEMENT_3D('',#13029,#10703,#10704);
#9942=AXIS2_PLACEMENT_3D('',#13031,#10705,#10706);
#9943=AXIS2_PLACEMENT_3D('',#13035,#10708,#10709);
#9944=AXIS2_PLACEMENT_3D('',#13036,#10710,#10711);
#9945=AXIS2_PLACEMENT_3D('',#13039,#10713,#10714);
#9946=AXIS2_PLACEMENT_3D('',#13055,#10722,#10723);
#9947=AXIS2_PLACEMENT_3D('',#13060,#10726,#10727);
#9948=AXIS2_PLACEMENT_3D('',#13077,#10736,#10737);
#9949=AXIS2_PLACEMENT_3D('',#13078,#10738,#10739);
#9950=AXIS2_PLACEMENT_3D('',#13079,#10740,#10741);
#9951=AXIS2_PLACEMENT_3D('',#13080,#10742,#10743);
#9952=AXIS2_PLACEMENT_3D('',#13081,#10744,#10745);
#9953=AXIS2_PLACEMENT_3D('',#13082,#10746,#10747);
#9954=AXIS2_PLACEMENT_3D('',#13083,#10748,#10749);
#9955=AXIS2_PLACEMENT_3D('',#13087,#10751,#10752);
#9956=AXIS2_PLACEMENT_3D('',#13088,#10753,#10754);
#9957=AXIS2_PLACEMENT_3D('',#13089,#10755,#10756);
#9958=AXIS2_PLACEMENT_3D('',#13090,#10757,#10758);
#9959=AXIS2_PLACEMENT_3D('',#13094,#10760,#10761);
#9960=AXIS2_PLACEMENT_3D('',#13095,#10762,#10763);
#9961=AXIS2_PLACEMENT_3D('',#13101,#10767,#10768);
#9962=AXIS2_PLACEMENT_3D('',#13107,#10772,#10773);
#9963=AXIS2_PLACEMENT_3D('',#13111,#10775,#10776);
#9964=AXIS2_PLACEMENT_3D('',#13112,#10777,#10778);
#9965=AXIS2_PLACEMENT_3D('',#13113,#10779,#10780);
#9966=AXIS2_PLACEMENT_3D('',#13114,#10781,#10782);
#9967=AXIS2_PLACEMENT_3D('',#13118,#10784,#10785);
#9968=AXIS2_PLACEMENT_3D('',#13119,#10786,#10787);
#9969=AXIS2_PLACEMENT_3D('',#13125,#10791,#10792);
#9970=AXIS2_PLACEMENT_3D('',#13131,#10796,#10797);
#9971=AXIS2_PLACEMENT_3D('',#13135,#10799,#10800);
#9972=AXIS2_PLACEMENT_3D('',#13136,#10801,#10802);
#9973=AXIS2_PLACEMENT_3D('',#13137,#10803,#10804);
#9974=AXIS2_PLACEMENT_3D('',#13138,#10805,#10806);
#9975=AXIS2_PLACEMENT_3D('',#13142,#10808,#10809);
#9976=AXIS2_PLACEMENT_3D('',#13143,#10810,#10811);
#9977=AXIS2_PLACEMENT_3D('',#13149,#10815,#10816);
#9978=AXIS2_PLACEMENT_3D('',#13155,#10820,#10821);
#9979=AXIS2_PLACEMENT_3D('',#13159,#10823,#10824);
#9980=AXIS2_PLACEMENT_3D('',#13163,#10826,#10827);
#9981=AXIS2_PLACEMENT_3D('',#13167,#10829,#10830);
#9982=AXIS2_PLACEMENT_3D('',#13171,#10832,#10833);
#9983=AXIS2_PLACEMENT_3D('',#13189,#10836,#10837);
#9984=AXIS2_PLACEMENT_3D('',#13307,#10870,#10871);
#9985=AXIS2_PLACEMENT_3D('',#13317,#10872,#10873);
#9986=AXIS2_PLACEMENT_3D('',#13319,#10874,#10875);
#9987=AXIS2_PLACEMENT_3D('',#13329,#10876,#10877);
#9988=AXIS2_PLACEMENT_3D('',#13331,#10878,#10879);
#9989=AXIS2_PLACEMENT_3D('',#13341,#10880,#10881);
#9990=AXIS2_PLACEMENT_3D('',#13343,#10882,#10883);
#9991=AXIS2_PLACEMENT_3D('',#13347,#10885,#10886);
#9992=AXIS2_PLACEMENT_3D('',#13349,#10887,#10888);
#9993=AXIS2_PLACEMENT_3D('',#13355,#10889,#10890);
#9994=AXIS2_PLACEMENT_3D('',#13357,#10891,#10892);
#9995=AXIS2_PLACEMENT_3D('',#13359,#10893,#10894);
#9996=AXIS2_PLACEMENT_3D('',#13392,#10907,#10908);
#9997=AXIS2_PLACEMENT_3D('',#13413,#10910,#10911);
#9998=AXIS2_PLACEMENT_3D('',#13427,#10912,#10913);
#9999=AXIS2_PLACEMENT_3D('',#13439,#10915,#10916);
#10000=AXIS2_PLACEMENT_3D('',#13499,#10936,#10937);
#10001=AXIS2_PLACEMENT_3D('',#13509,#10938,#10939);
#10002=AXIS2_PLACEMENT_3D('',#13511,#10940,#10941);
#10003=AXIS2_PLACEMENT_3D('',#13521,#10942,#10943);
#10004=AXIS2_PLACEMENT_3D('',#13523,#10944,#10945);
#10005=AXIS2_PLACEMENT_3D('',#13533,#10946,#10947);
#10006=AXIS2_PLACEMENT_3D('',#13535,#10948,#10949);
#10007=AXIS2_PLACEMENT_3D('',#13539,#10951,#10952);
#10008=AXIS2_PLACEMENT_3D('',#13541,#10953,#10954);
#10009=AXIS2_PLACEMENT_3D('',#13547,#10955,#10956);
#10010=AXIS2_PLACEMENT_3D('',#13549,#10957,#10958);
#10011=AXIS2_PLACEMENT_3D('',#13551,#10959,#10960);
#10012=AXIS2_PLACEMENT_3D('',#13632,#10997,#10998);
#10013=AXIS2_PLACEMENT_3D('',#13634,#10999,#11000);
#10014=AXIS2_PLACEMENT_3D('',#13647,#11006,#11007);
#10015=AXIS2_PLACEMENT_3D('',#13651,#11009,#11010);
#10016=AXIS2_PLACEMENT_3D('',#13655,#11012,#11013);
#10017=AXIS2_PLACEMENT_3D('',#13659,#11015,#11016);
#10018=AXIS2_PLACEMENT_3D('',#13683,#11018,#11019);
#10019=AXIS2_PLACEMENT_3D('',#13693,#11020,#11021);
#10020=AXIS2_PLACEMENT_3D('',#13695,#11022,#11023);
#10021=AXIS2_PLACEMENT_3D('',#13705,#11024,#11025);
#10022=AXIS2_PLACEMENT_3D('',#13707,#11026,#11027);
#10023=AXIS2_PLACEMENT_3D('',#13717,#11028,#11029);
#10024=AXIS2_PLACEMENT_3D('',#13719,#11030,#11031);
#10025=AXIS2_PLACEMENT_3D('',#13723,#11033,#11034);
#10026=AXIS2_PLACEMENT_3D('',#13725,#11035,#11036);
#10027=AXIS2_PLACEMENT_3D('',#13731,#11037,#11038);
#10028=AXIS2_PLACEMENT_3D('',#13733,#11039,#11040);
#10029=AXIS2_PLACEMENT_3D('',#13735,#11041,#11042);
#10030=AXIS2_PLACEMENT_3D('',#13763,#11048,#11049);
#10031=AXIS2_PLACEMENT_3D('',#13769,#11050,#11051);
#10032=AXIS2_PLACEMENT_3D('',#13774,#11054,#11055);
#10033=AXIS2_PLACEMENT_3D('',#13776,#11056,#11057);
#10034=AXIS2_PLACEMENT_3D('',#13778,#11058,#11059);
#10035=AXIS2_PLACEMENT_3D('',#13819,#11065,#11066);
#10036=AXIS2_PLACEMENT_3D('',#13864,#11081,#11082);
#10037=AXIS2_PLACEMENT_3D('',#13868,#11084,#11085);
#10038=AXIS2_PLACEMENT_3D('',#13893,#11098,#11099);
#10039=AXIS2_PLACEMENT_3D('',#13911,#11102,#11103);
#10040=AXIS2_PLACEMENT_3D('',#13932,#11106,#11107);
#10041=AXIS2_PLACEMENT_3D('',#13934,#11108,#11109);
#10042=AXIS2_PLACEMENT_3D('',#13936,#11110,#11111);
#10043=AXIS2_PLACEMENT_3D('',#13954,#11120,#11121);
#10044=AXIS2_PLACEMENT_3D('',#13979,#11134,#11135);
#10045=AXIS2_PLACEMENT_3D('',#13981,#11136,#11137);
#10046=AXIS2_PLACEMENT_3D('',#13982,#11138,#11139);
#10047=AXIS2_PLACEMENT_3D('',#13983,#11140,#11141);
#10048=AXIS2_PLACEMENT_3D('',#13984,#11142,#11143);
#10049=AXIS2_PLACEMENT_3D('',#13985,#11144,#11145);
#10050=AXIS2_PLACEMENT_3D('',#13987,#11146,#11147);
#10051=AXIS2_PLACEMENT_3D('',#13988,#11148,#11149);
#10052=AXIS2_PLACEMENT_3D('',#13991,#11151,#11152);
#10053=AXIS2_PLACEMENT_3D('',#13992,#11153,#11154);
#10054=AXIS2_PLACEMENT_3D('',#13993,#11155,#11156);
#10055=AXIS2_PLACEMENT_3D('',#13995,#11157,#11158);
#10056=AXIS2_PLACEMENT_3D('',#13996,#11159,#11160);
#10057=AXIS2_PLACEMENT_3D('',#13999,#11162,#11163);
#10058=AXIS2_PLACEMENT_3D('',#14000,#11164,#11165);
#10059=AXIS2_PLACEMENT_3D('',#14001,#11166,#11167);
#10060=AXIS2_PLACEMENT_3D('',#14003,#11168,#11169);
#10061=AXIS2_PLACEMENT_3D('',#14004,#11170,#11171);
#10062=AXIS2_PLACEMENT_3D('',#14005,#11172,#11173);
#10063=AXIS2_PLACEMENT_3D('',#14008,#11175,#11176);
#10064=AXIS2_PLACEMENT_3D('',#14009,#11177,#11178);
#10065=AXIS2_PLACEMENT_3D('',#14010,#11179,#11180);
#10066=AXIS2_PLACEMENT_3D('',#14014,#11182,#11183);
#10067=AXIS2_PLACEMENT_3D('',#14017,#11185,#11186);
#10068=AXIS2_PLACEMENT_3D('',#14018,#11187,#11188);
#10069=AXIS2_PLACEMENT_3D('',#14019,#11189,#11190);
#10070=AXIS2_PLACEMENT_3D('',#14023,#11193,#11194);
#10071=AXIS2_PLACEMENT_3D('',#14026,#11196,#11197);
#10072=AXIS2_PLACEMENT_3D('',#14027,#11198,#11199);
#10073=AXIS2_PLACEMENT_3D('',#14031,#11202,#11203);
#10074=AXIS2_PLACEMENT_3D('',#14034,#11205,#11206);
#10075=AXIS2_PLACEMENT_3D('',#14035,#11207,#11208);
#10076=AXIS2_PLACEMENT_3D('',#14039,#11211,#11212);
#10077=AXIS2_PLACEMENT_3D('',#14040,#11213,#11214);
#10078=AXIS2_PLACEMENT_3D('',#14044,#11216,#11217);
#10079=AXIS2_PLACEMENT_3D('',#14045,#11218,#11219);
#10080=AXIS2_PLACEMENT_3D('',#14046,#11220,#11221);
#10081=AXIS2_PLACEMENT_3D('',#14047,#11222,#11223);
#10082=AXIS2_PLACEMENT_3D('',#14051,#11225,#11226);
#10083=AXIS2_PLACEMENT_3D('',#14052,#11227,#11228);
#10084=AXIS2_PLACEMENT_3D('',#14055,#11230,#11231);
#10085=AXIS2_PLACEMENT_3D('',#14057,#11232,#11233);
#10086=AXIS2_PLACEMENT_3D('',#14059,#11234,#11235);
#10087=AXIS2_PLACEMENT_3D('',#14060,#11236,#11237);
#10088=AXIS2_PLACEMENT_3D('',#14061,#11238,#11239);
#10089=AXIS2_PLACEMENT_3D('',#14063,#11240,#11241);
#10090=AXIS2_PLACEMENT_3D('',#14065,#11242,#11243);
#10091=AXIS2_PLACEMENT_3D('',#14066,#11244,#11245);
#10092=AXIS2_PLACEMENT_3D('',#14067,#11246,#11247);
#10093=AXIS2_PLACEMENT_3D('',#14069,#11248,#11249);
#10094=AXIS2_PLACEMENT_3D('',#14071,#11250,#11251);
#10095=AXIS2_PLACEMENT_3D('',#14072,#11252,#11253);
#10096=AXIS2_PLACEMENT_3D('',#14073,#11254,#11255);
#10097=AXIS2_PLACEMENT_3D('',#14075,#11256,#11257);
#10098=AXIS2_PLACEMENT_3D('',#14077,#11258,#11259);
#10099=AXIS2_PLACEMENT_3D('',#14078,#11260,#11261);
#10100=AXIS2_PLACEMENT_3D('',#14079,#11262,#11263);
#10101=AXIS2_PLACEMENT_3D('',#14081,#11264,#11265);
#10102=AXIS2_PLACEMENT_3D('',#14083,#11266,#11267);
#10103=AXIS2_PLACEMENT_3D('',#14085,#11268,#11269);
#10104=AXIS2_PLACEMENT_3D('',#14086,#11270,#11271);
#10105=AXIS2_PLACEMENT_3D('',#14087,#11272,#11273);
#10106=AXIS2_PLACEMENT_3D('',#14088,#11274,#11275);
#10107=AXIS2_PLACEMENT_3D('',#14089,#11276,#11277);
#10108=AXIS2_PLACEMENT_3D('',#14090,#11278,#11279);
#10109=AXIS2_PLACEMENT_3D('',#14091,#11280,#11281);
#10110=AXIS2_PLACEMENT_3D('',#14092,#11282,#11283);
#10111=AXIS2_PLACEMENT_3D('',#14093,#11284,#11285);
#10112=AXIS2_PLACEMENT_3D('',#14094,#11286,#11287);
#10113=AXIS2_PLACEMENT_3D('',#14095,#11288,#11289);
#10114=AXIS2_PLACEMENT_3D('',#14096,#11290,#11291);
#10115=AXIS2_PLACEMENT_3D('',#14097,#11292,#11293);
#10116=AXIS2_PLACEMENT_3D('',#14106,#11298,#11299);
#10117=AXIS2_PLACEMENT_3D('',#14112,#11303,#11304);
#10118=AXIS2_PLACEMENT_3D('',#14118,#11308,#11309);
#10119=AXIS2_PLACEMENT_3D('',#14121,#11312,#11313);
#10120=AXIS2_PLACEMENT_3D('',#14122,#11314,#11315);
#10121=AXIS2_PLACEMENT_3D('',#14123,#11316,#11317);
#10122=AXIS2_PLACEMENT_3D('',#14124,#11318,#11319);
#10123=AXIS2_PLACEMENT_3D('',#14125,#11320,#11321);
#10124=AXIS2_PLACEMENT_3D('',#14126,#11322,#11323);
#10125=AXIS2_PLACEMENT_3D('',#14127,#11324,#11325);
#10126=AXIS2_PLACEMENT_3D('',#14128,#11326,#11327);
#10127=AXIS2_PLACEMENT_3D('',#14129,#11328,#11329);
#10128=AXIS2_PLACEMENT_3D('',#14130,#11330,#11331);
#10129=AXIS2_PLACEMENT_3D('',#14131,#11332,#11333);
#10130=AXIS2_PLACEMENT_3D('',#14132,#11334,#11335);
#10131=AXIS2_PLACEMENT_3D('',#14134,#11336,#11337);
#10132=AXIS2_PLACEMENT_3D('',#14135,#11338,#11339);
#10133=AXIS2_PLACEMENT_3D('',#14137,#11340,#11341);
#10134=AXIS2_PLACEMENT_3D('',#14138,#11342,#11343);
#10135=AXIS2_PLACEMENT_3D('',#14139,#11344,#11345);
#10136=AXIS2_PLACEMENT_3D('',#14145,#11349,#11350);
#10137=AXIS2_PLACEMENT_3D('',#14149,#11353,#11354);
#10138=AXIS2_PLACEMENT_3D('',#14153,#11357,#11358);
#10139=AXIS2_PLACEMENT_3D('',#14157,#11361,#11362);
#10140=AXIS2_PLACEMENT_3D('',#14161,#11365,#11366);
#10141=AXIS2_PLACEMENT_3D('',#14165,#11369,#11370);
#10142=AXIS2_PLACEMENT_3D('',#14169,#11373,#11374);
#10143=AXIS2_PLACEMENT_3D('',#14171,#11376,#11377);
#10144=AXIS2_PLACEMENT_3D('',#14172,#11378,#11379);
#10145=AXIS2_PLACEMENT_3D('',#14173,#11380,#11381);
#10146=AXIS2_PLACEMENT_3D('',#14174,#11382,#11383);
#10147=AXIS2_PLACEMENT_3D('',#14175,#11384,#11385);
#10148=AXIS2_PLACEMENT_3D('',#14176,#11386,#11387);
#10149=AXIS2_PLACEMENT_3D('',#14177,#11388,#11389);
#10150=AXIS2_PLACEMENT_3D('',#14178,#11390,#11391);
#10151=AXIS2_PLACEMENT_3D('',#14179,#11392,#11393);
#10152=AXIS2_PLACEMENT_3D('',#14180,#11394,#11395);
#10153=AXIS2_PLACEMENT_3D('',#14181,#11396,#11397);
#10154=AXIS2_PLACEMENT_3D('',#14182,#11398,#11399);
#10155=AXIS2_PLACEMENT_3D('',#14183,#11400,#11401);
#10156=AXIS2_PLACEMENT_3D('',#14184,#11402,#11403);
#10157=AXIS2_PLACEMENT_3D('',#14187,#11405,#11406);
#10158=AXIS2_PLACEMENT_3D('',#14188,#11407,#11408);
#10159=AXIS2_PLACEMENT_3D('',#14189,#11409,#11410);
#10160=AXIS2_PLACEMENT_3D('',#14190,#11411,#11412);
#10161=AXIS2_PLACEMENT_3D('',#14193,#11414,#11415);
#10162=AXIS2_PLACEMENT_3D('',#14194,#11416,#11417);
#10163=AXIS2_PLACEMENT_3D('',#14195,#11418,#11419);
#10164=AXIS2_PLACEMENT_3D('',#14196,#11420,#11421);
#10165=AXIS2_PLACEMENT_3D('',#14198,#11423,#11424);
#10166=AXIS2_PLACEMENT_3D('',#14199,#11425,#11426);
#10167=AXIS2_PLACEMENT_3D('',#14254,#11432,#11433);
#10168=AXIS2_PLACEMENT_3D('',#14257,#11435,#11436);
#10169=AXIS2_PLACEMENT_3D('',#14258,#11437,#11438);
#10170=AXIS2_PLACEMENT_3D('',#14261,#11440,#11441);
#10171=AXIS2_PLACEMENT_3D('',#14262,#11442,#11443);
#10172=AXIS2_PLACEMENT_3D('',#14265,#11445,#11446);
#10173=AXIS2_PLACEMENT_3D('',#14279,#11448,#11449);
#10174=AXIS2_PLACEMENT_3D('',#14282,#11451,#11452);
#10175=AXIS2_PLACEMENT_3D('',#14283,#11453,#11454);
#10176=AXIS2_PLACEMENT_3D('',#14286,#11456,#11457);
#10177=AXIS2_PLACEMENT_3D('',#14287,#11458,#11459);
#10178=AXIS2_PLACEMENT_3D('',#14291,#11462,#11463);
#10179=AXIS2_PLACEMENT_3D('',#14294,#11465,#11466);
#10180=AXIS2_PLACEMENT_3D('',#14295,#11467,#11468);
#10181=AXIS2_PLACEMENT_3D('',#14298,#11470,#11471);
#10182=AXIS2_PLACEMENT_3D('',#14325,#11474,#11475);
#10183=AXIS2_PLACEMENT_3D('',#14328,#11477,#11478);
#10184=AXIS2_PLACEMENT_3D('',#14329,#11479,#11480);
#10185=AXIS2_PLACEMENT_3D('',#14332,#11482,#11483);
#10186=AXIS2_PLACEMENT_3D('',#14359,#11486,#11487);
#10187=AXIS2_PLACEMENT_3D('',#14362,#11489,#11490);
#10188=AXIS2_PLACEMENT_3D('',#14363,#11491,#11492);
#10189=AXIS2_PLACEMENT_3D('',#14366,#11494,#11495);
#10190=AXIS2_PLACEMENT_3D('',#14393,#11498,#11499);
#10191=AXIS2_PLACEMENT_3D('',#14396,#11501,#11502);
#10192=AXIS2_PLACEMENT_3D('',#14410,#11504,#11505);
#10193=AXIS2_PLACEMENT_3D('',#14438,#11509,#11510);
#10194=AXIS2_PLACEMENT_3D('',#14439,#11511,#11512);
#10195=AXIS2_PLACEMENT_3D('',#14445,#11516,#11517);
#10196=AXIS2_PLACEMENT_3D('',#14449,#11520,#11521);
#10197=AXIS2_PLACEMENT_3D('',#14453,#11524,#11525);
#10198=AXIS2_PLACEMENT_3D('',#14457,#11528,#11529);
#10199=AXIS2_PLACEMENT_3D('',#14460,#11531,#11532);
#10200=AXIS2_PLACEMENT_3D('',#14474,#11534,#11535);
#10201=AXIS2_PLACEMENT_3D('',#14477,#11537,#11538);
#10202=AXIS2_PLACEMENT_3D('',#14504,#11541,#11542);
#10203=AXIS2_PLACEMENT_3D('',#14508,#11545,#11546);
#10204=AXIS2_PLACEMENT_3D('',#14512,#11549,#11550);
#10205=AXIS2_PLACEMENT_3D('',#14521,#11555,#11556);
#10206=AXIS2_PLACEMENT_3D('',#14527,#11560,#11561);
#10207=AXIS2_PLACEMENT_3D('',#14598,#11568,#11569);
#10208=AXIS2_PLACEMENT_3D('',#14600,#11571,#11572);
#10209=AXIS2_PLACEMENT_3D('',#14601,#11573,#11574);
#10210=AXIS2_PLACEMENT_3D('',#14602,#11575,#11576);
#10211=AXIS2_PLACEMENT_3D('',#14611,#11581,#11582);
#10212=AXIS2_PLACEMENT_3D('',#14634,#11587,#11588);
#10213=AXIS2_PLACEMENT_3D('',#14640,#11592,#11593);
#10214=AXIS2_PLACEMENT_3D('',#14644,#11596,#11597);
#10215=AXIS2_PLACEMENT_3D('',#14648,#11600,#11601);
#10216=AXIS2_PLACEMENT_3D('',#14652,#11604,#11605);
#10217=AXIS2_PLACEMENT_3D('',#14656,#11608,#11609);
#10218=AXIS2_PLACEMENT_3D('',#14660,#11612,#11613);
#10219=AXIS2_PLACEMENT_3D('',#14664,#11616,#11617);
#10220=AXIS2_PLACEMENT_3D('',#14666,#11619,#11620);
#10221=AXIS2_PLACEMENT_3D('',#14667,#11621,#11622);
#10222=AXIS2_PLACEMENT_3D('',#14668,#11623,#11624);
#10223=AXIS2_PLACEMENT_3D('',#14669,#11625,#11626);
#10224=AXIS2_PLACEMENT_3D('',#14670,#11627,#11628);
#10225=AXIS2_PLACEMENT_3D('',#14676,#11632,#11633);
#10226=AXIS2_PLACEMENT_3D('',#14680,#11636,#11637);
#10227=AXIS2_PLACEMENT_3D('',#14684,#11640,#11641);
#10228=AXIS2_PLACEMENT_3D('',#14688,#11644,#11645);
#10229=AXIS2_PLACEMENT_3D('',#14692,#11648,#11649);
#10230=AXIS2_PLACEMENT_3D('',#14696,#11652,#11653);
#10231=AXIS2_PLACEMENT_3D('',#14700,#11656,#11657);
#10232=AXIS2_PLACEMENT_3D('',#14702,#11659,#11660);
#10233=AXIS2_PLACEMENT_3D('',#14703,#11661,#11662);
#10234=AXIS2_PLACEMENT_3D('',#14709,#11666,#11667);
#10235=AXIS2_PLACEMENT_3D('',#14713,#11670,#11671);
#10236=AXIS2_PLACEMENT_3D('',#14717,#11674,#11675);
#10237=AXIS2_PLACEMENT_3D('',#14721,#11678,#11679);
#10238=AXIS2_PLACEMENT_3D('',#14725,#11682,#11683);
#10239=AXIS2_PLACEMENT_3D('',#14729,#11686,#11687);
#10240=AXIS2_PLACEMENT_3D('',#14733,#11690,#11691);
#10241=AXIS2_PLACEMENT_3D('',#14735,#11693,#11694);
#10242=AXIS2_PLACEMENT_3D('',#14736,#11695,#11696);
#10243=AXIS2_PLACEMENT_3D('',#14742,#11700,#11701);
#10244=AXIS2_PLACEMENT_3D('',#14746,#11704,#11705);
#10245=AXIS2_PLACEMENT_3D('',#14750,#11708,#11709);
#10246=AXIS2_PLACEMENT_3D('',#14754,#11712,#11713);
#10247=AXIS2_PLACEMENT_3D('',#14758,#11716,#11717);
#10248=AXIS2_PLACEMENT_3D('',#14762,#11720,#11721);
#10249=AXIS2_PLACEMENT_3D('',#14766,#11724,#11725);
#10250=AXIS2_PLACEMENT_3D('',#14770,#11728,#11729);
#10251=AXIS2_PLACEMENT_3D('',#14774,#11732,#11733);
#10252=AXIS2_PLACEMENT_3D('',#14778,#11736,#11737);
#10253=AXIS2_PLACEMENT_3D('',#14782,#11740,#11741);
#10254=AXIS2_PLACEMENT_3D('',#14784,#11743,#11744);
#10255=AXIS2_PLACEMENT_3D('',#14839,#11750,#11751);
#10256=AXIS2_PLACEMENT_3D('',#14842,#11753,#11754);
#10257=AXIS2_PLACEMENT_3D('',#14843,#11755,#11756);
#10258=AXIS2_PLACEMENT_3D('',#14846,#11758,#11759);
#10259=AXIS2_PLACEMENT_3D('',#14847,#11760,#11761);
#10260=AXIS2_PLACEMENT_3D('',#14850,#11763,#11764);
#10261=AXIS2_PLACEMENT_3D('',#14864,#11766,#11767);
#10262=AXIS2_PLACEMENT_3D('',#14867,#11769,#11770);
#10263=AXIS2_PLACEMENT_3D('',#14868,#11771,#11772);
#10264=AXIS2_PLACEMENT_3D('',#14871,#11774,#11775);
#10265=AXIS2_PLACEMENT_3D('',#14872,#11776,#11777);
#10266=AXIS2_PLACEMENT_3D('',#14876,#11780,#11781);
#10267=AXIS2_PLACEMENT_3D('',#14879,#11783,#11784);
#10268=AXIS2_PLACEMENT_3D('',#14880,#11785,#11786);
#10269=AXIS2_PLACEMENT_3D('',#14883,#11788,#11789);
#10270=AXIS2_PLACEMENT_3D('',#14910,#11792,#11793);
#10271=AXIS2_PLACEMENT_3D('',#14913,#11795,#11796);
#10272=AXIS2_PLACEMENT_3D('',#14914,#11797,#11798);
#10273=AXIS2_PLACEMENT_3D('',#14917,#11800,#11801);
#10274=AXIS2_PLACEMENT_3D('',#14944,#11804,#11805);
#10275=AXIS2_PLACEMENT_3D('',#14947,#11807,#11808);
#10276=AXIS2_PLACEMENT_3D('',#14948,#11809,#11810);
#10277=AXIS2_PLACEMENT_3D('',#14951,#11812,#11813);
#10278=AXIS2_PLACEMENT_3D('',#14978,#11816,#11817);
#10279=AXIS2_PLACEMENT_3D('',#14981,#11819,#11820);
#10280=AXIS2_PLACEMENT_3D('',#14995,#11822,#11823);
#10281=AXIS2_PLACEMENT_3D('',#15023,#11827,#11828);
#10282=AXIS2_PLACEMENT_3D('',#15024,#11829,#11830);
#10283=AXIS2_PLACEMENT_3D('',#15030,#11834,#11835);
#10284=AXIS2_PLACEMENT_3D('',#15034,#11838,#11839);
#10285=AXIS2_PLACEMENT_3D('',#15038,#11842,#11843);
#10286=AXIS2_PLACEMENT_3D('',#15042,#11846,#11847);
#10287=AXIS2_PLACEMENT_3D('',#15046,#11850,#11851);
#10288=AXIS2_PLACEMENT_3D('',#15048,#11853,#11854);
#10289=AXIS2_PLACEMENT_3D('',#15049,#11855,#11856);
#10290=AXIS2_PLACEMENT_3D('',#15055,#11860,#11861);
#10291=AXIS2_PLACEMENT_3D('',#15059,#11864,#11865);
#10292=AXIS2_PLACEMENT_3D('',#15063,#11868,#11869);
#10293=AXIS2_PLACEMENT_3D('',#15067,#11872,#11873);
#10294=AXIS2_PLACEMENT_3D('',#15071,#11876,#11877);
#10295=AXIS2_PLACEMENT_3D('',#15075,#11880,#11881);
#10296=AXIS2_PLACEMENT_3D('',#15079,#11884,#11885);
#10297=AXIS2_PLACEMENT_3D('',#15083,#11888,#11889);
#10298=AXIS2_PLACEMENT_3D('',#15087,#11892,#11893);
#10299=AXIS2_PLACEMENT_3D('',#15091,#11896,#11897);
#10300=AXIS2_PLACEMENT_3D('',#15095,#11900,#11901);
#10301=AXIS2_PLACEMENT_3D('',#15097,#11903,#11904);
#10302=AXIS2_PLACEMENT_3D('',#15113,#11907,#11908);
#10303=AXIS2_PLACEMENT_3D('',#15116,#11910,#11911);
#10304=AXIS2_PLACEMENT_3D('',#15117,#11912,#11913);
#10305=AXIS2_PLACEMENT_3D('',#15120,#11915,#11916);
#10306=AXIS2_PLACEMENT_3D('',#15121,#11917,#11918);
#10307=AXIS2_PLACEMENT_3D('',#15151,#11923,#11924);
#10308=AXIS2_PLACEMENT_3D('',#15154,#11926,#11927);
#10309=AXIS2_PLACEMENT_3D('',#15194,#11931,#11932);
#10310=AXIS2_PLACEMENT_3D('',#15197,#11934,#11935);
#10311=AXIS2_PLACEMENT_3D('',#15198,#11936,#11937);
#10312=AXIS2_PLACEMENT_3D('',#15239,#11942,#11943);
#10313=AXIS2_PLACEMENT_3D('',#15240,#11944,#11945);
#10314=AXIS2_PLACEMENT_3D('',#15246,#11949,#11950);
#10315=AXIS2_PLACEMENT_3D('',#15250,#11953,#11954);
#10316=AXIS2_PLACEMENT_3D('',#15254,#11957,#11958);
#10317=AXIS2_PLACEMENT_3D('',#15258,#11961,#11962);
#10318=AXIS2_PLACEMENT_3D('',#15262,#11965,#11966);
#10319=AXIS2_PLACEMENT_3D('',#15266,#11969,#11970);
#10320=AXIS2_PLACEMENT_3D('',#15270,#11973,#11974);
#10321=AXIS2_PLACEMENT_3D('',#15272,#11976,#11977);
#10322=AXIS2_PLACEMENT_3D('',#15273,#11978,#11979);
#10323=AXIS2_PLACEMENT_3D('',#15274,#11980,#11981);
#10324=AXIS2_PLACEMENT_3D('',#15283,#11986,#11987);
#10325=AXIS2_PLACEMENT_3D('',#15340,#11994,#11995);
#10326=AXIS2_PLACEMENT_3D('',#15349,#12000,#12001);
#10327=AXIS2_PLACEMENT_3D('',#15355,#12005,#12006);
#10328=AXIS2_PLACEMENT_3D('',#15412,#12013,#12014);
#10329=AXIS2_PLACEMENT_3D('',#15418,#12018,#12019);
#10330=AXIS2_PLACEMENT_3D('',#15422,#12022,#12023);
#10331=AXIS2_PLACEMENT_3D('',#15478,#12030,#12031);
#10332=AXIS2_PLACEMENT_3D('',#15482,#12034,#12035);
#10333=AXIS2_PLACEMENT_3D('',#15485,#12037,#12038);
#10334=AXIS2_PLACEMENT_3D('',#15537,#12041,#12042);
#10335=AXIS2_PLACEMENT_3D('',#15540,#12045,#12046);
#10336=AXIS2_PLACEMENT_3D('',#15541,#12047,#12048);
#10337=AXIS2_PLACEMENT_3D('',#15542,#12049,#12050);
#10338=AXIS2_PLACEMENT_3D('',#15546,#12052,#12053);
#10339=AXIS2_PLACEMENT_3D('',#15550,#12055,#12056);
#10340=AXIS2_PLACEMENT_3D('',#15551,#12057,#12058);
#10341=AXIS2_PLACEMENT_3D('',#15574,#12063,#12064);
#10342=AXIS2_PLACEMENT_3D('',#15580,#12068,#12069);
#10343=AXIS2_PLACEMENT_3D('',#15584,#12072,#12073);
#10344=AXIS2_PLACEMENT_3D('',#15588,#12076,#12077);
#10345=AXIS2_PLACEMENT_3D('',#15592,#12080,#12081);
#10346=AXIS2_PLACEMENT_3D('',#15596,#12084,#12085);
#10347=AXIS2_PLACEMENT_3D('',#15600,#12088,#12089);
#10348=AXIS2_PLACEMENT_3D('',#15604,#12092,#12093);
#10349=AXIS2_PLACEMENT_3D('',#15606,#12095,#12096);
#10350=AXIS2_PLACEMENT_3D('',#15607,#12097,#12098);
#10351=AXIS2_PLACEMENT_3D('',#15608,#12099,#12100);
#10352=AXIS2_PLACEMENT_3D('',#15609,#12101,#12102);
#10353=AXIS2_PLACEMENT_3D('',#15610,#12103,#12104);
#10354=AXIS2_PLACEMENT_3D('',#15611,#12105,#12106);
#10355=AXIS2_PLACEMENT_3D('',#15612,#12107,#12108);
#10356=AXIS2_PLACEMENT_3D('',#15618,#12112,#12113);
#10357=AXIS2_PLACEMENT_3D('',#15619,#12114,#12115);
#10358=AXIS2_PLACEMENT_3D('',#15622,#12117,#12118);
#10359=AXIS2_PLACEMENT_3D('',#15626,#12121,#12122);
#10360=AXIS2_PLACEMENT_3D('',#15627,#12123,#12124);
#10361=AXIS2_PLACEMENT_3D('',#15628,#12125,#12126);
#10362=AXIS2_PLACEMENT_3D('',#15634,#12130,#12131);
#10363=AXIS2_PLACEMENT_3D('',#15635,#12132,#12133);
#10364=AXIS2_PLACEMENT_3D('',#15638,#12135,#12136);
#10365=AXIS2_PLACEMENT_3D('',#15642,#12139,#12140);
#10366=AXIS2_PLACEMENT_3D('',#15643,#12141,#12142);
#10367=AXIS2_PLACEMENT_3D('',#15644,#12143,#12144);
#10368=AXIS2_PLACEMENT_3D('',#15645,#12145,#12146);
#10369=AXIS2_PLACEMENT_3D('',#15647,#12147,#12148);
#10370=AXIS2_PLACEMENT_3D('',#15651,#12150,#12151);
#10371=AXIS2_PLACEMENT_3D('',#15652,#12152,#12153);
#10372=AXIS2_PLACEMENT_3D('',#15656,#12155,#12156);
#10373=AXIS2_PLACEMENT_3D('',#15658,#12157,#12158);
#10374=AXIS2_PLACEMENT_3D('',#15659,#12159,#12160);
#10375=AXIS2_PLACEMENT_3D('',#15660,#12161,#12162);
#10376=AXIS2_PLACEMENT_3D('',#15664,#12164,#12165);
#10377=AXIS2_PLACEMENT_3D('',#15666,#12166,#12167);
#10378=AXIS2_PLACEMENT_3D('',#15667,#12168,#12169);
#10379=AXIS2_PLACEMENT_3D('',#15668,#12170,#12171);
#10380=AXIS2_PLACEMENT_3D('',#15669,#12172,#12173);
#10381=AXIS2_PLACEMENT_3D('',#15671,#12174,#12175);
#10382=AXIS2_PLACEMENT_3D('',#15675,#12177,#12178);
#10383=AXIS2_PLACEMENT_3D('',#15676,#12179,#12180);
#10384=AXIS2_PLACEMENT_3D('',#15690,#12181,#12182);
#10385=AXIS2_PLACEMENT_3D('',#15704,#12183,#12184);
#10386=AXIS2_PLACEMENT_3D('',#15710,#12185,#12186);
#10387=AXIS2_PLACEMENT_3D('',#15711,#12187,#12188);
#10388=AXIS2_PLACEMENT_3D('',#15712,#12189,#12190);
#10389=AXIS2_PLACEMENT_3D('',#15718,#12191,#12192);
#10390=AXIS2_PLACEMENT_3D('',#15719,#12193,#12194);
#10391=AXIS2_PLACEMENT_3D('',#15720,#12195,#12196);
#10392=AXIS2_PLACEMENT_3D('',#15726,#12197,#12198);
#10393=AXIS2_PLACEMENT_3D('',#15727,#12199,#12200);
#10394=AXIS2_PLACEMENT_3D('',#15728,#12201,#12202);
#10395=AXIS2_PLACEMENT_3D('',#15734,#12203,#12204);
#10396=AXIS2_PLACEMENT_3D('',#15735,#12205,#12206);
#10397=AXIS2_PLACEMENT_3D('',#15736,#12207,#12208);
#10398=AXIS2_PLACEMENT_3D('',#15737,#12209,#12210);
#10399=AXIS2_PLACEMENT_3D('',#15738,#12211,#12212);
#10400=AXIS2_PLACEMENT_3D('',#15739,#12213,#12214);
#10401=AXIS2_PLACEMENT_3D('',#15740,#12215,#12216);
#10402=AXIS2_PLACEMENT_3D('',#15741,#12217,#12218);
#10403=AXIS2_PLACEMENT_3D('',#15742,#12219,#12220);
#10404=AXIS2_PLACEMENT_3D('',#15743,#12221,#12222);
#10405=AXIS2_PLACEMENT_3D('',#15749,#12226,#12227);
#10406=AXIS2_PLACEMENT_3D('',#15753,#12230,#12231);
#10407=AXIS2_PLACEMENT_3D('',#15757,#12234,#12235);
#10408=AXIS2_PLACEMENT_3D('',#15759,#12237,#12238);
#10409=AXIS2_PLACEMENT_3D('',#15814,#12244,#12245);
#10410=AXIS2_PLACEMENT_3D('',#15817,#12247,#12248);
#10411=AXIS2_PLACEMENT_3D('',#15818,#12249,#12250);
#10412=AXIS2_PLACEMENT_3D('',#15821,#12252,#12253);
#10413=AXIS2_PLACEMENT_3D('',#15822,#12254,#12255);
#10414=AXIS2_PLACEMENT_3D('',#15825,#12257,#12258);
#10415=AXIS2_PLACEMENT_3D('',#15839,#12260,#12261);
#10416=AXIS2_PLACEMENT_3D('',#15842,#12263,#12264);
#10417=AXIS2_PLACEMENT_3D('',#15843,#12265,#12266);
#10418=AXIS2_PLACEMENT_3D('',#15846,#12268,#12269);
#10419=AXIS2_PLACEMENT_3D('',#15847,#12270,#12271);
#10420=AXIS2_PLACEMENT_3D('',#15851,#12274,#12275);
#10421=AXIS2_PLACEMENT_3D('',#15854,#12277,#12278);
#10422=AXIS2_PLACEMENT_3D('',#15855,#12279,#12280);
#10423=AXIS2_PLACEMENT_3D('',#15858,#12282,#12283);
#10424=AXIS2_PLACEMENT_3D('',#15885,#12286,#12287);
#10425=AXIS2_PLACEMENT_3D('',#15888,#12289,#12290);
#10426=AXIS2_PLACEMENT_3D('',#15889,#12291,#12292);
#10427=AXIS2_PLACEMENT_3D('',#15892,#12294,#12295);
#10428=AXIS2_PLACEMENT_3D('',#15919,#12298,#12299);
#10429=AXIS2_PLACEMENT_3D('',#15922,#12301,#12302);
#10430=AXIS2_PLACEMENT_3D('',#15923,#12303,#12304);
#10431=AXIS2_PLACEMENT_3D('',#15926,#12306,#12307);
#10432=AXIS2_PLACEMENT_3D('',#15953,#12310,#12311);
#10433=AXIS2_PLACEMENT_3D('',#15956,#12313,#12314);
#10434=AXIS2_PLACEMENT_3D('',#15970,#12316,#12317);
#10435=AXIS2_PLACEMENT_3D('',#15998,#12321,#12322);
#10436=AXIS2_PLACEMENT_3D('',#15999,#12323,#12324);
#10437=AXIS2_PLACEMENT_3D('',#16005,#12328,#12329);
#10438=AXIS2_PLACEMENT_3D('',#16009,#12332,#12333);
#10439=AXIS2_PLACEMENT_3D('',#16013,#12336,#12337);
#10440=AXIS2_PLACEMENT_3D('',#16017,#12340,#12341);
#10441=AXIS2_PLACEMENT_3D('',#16021,#12344,#12345);
#10442=AXIS2_PLACEMENT_3D('',#16025,#12348,#12349);
#10443=AXIS2_PLACEMENT_3D('',#16029,#12352,#12353);
#10444=AXIS2_PLACEMENT_3D('',#16033,#12356,#12357);
#10445=AXIS2_PLACEMENT_3D('',#16037,#12360,#12361);
#10446=AXIS2_PLACEMENT_3D('',#16041,#12364,#12365);
#10447=AXIS2_PLACEMENT_3D('',#16045,#12368,#12369);
#10448=AXIS2_PLACEMENT_3D('',#16047,#12371,#12372);
#10449=AXIS2_PLACEMENT_3D('',#16048,#12373,#12374);
#10450=AXIS2_PLACEMENT_3D('',#16054,#12378,#12379);
#10451=AXIS2_PLACEMENT_3D('',#16058,#12382,#12383);
#10452=AXIS2_PLACEMENT_3D('',#16062,#12386,#12387);
#10453=AXIS2_PLACEMENT_3D('',#16066,#12390,#12391);
#10454=AXIS2_PLACEMENT_3D('',#16070,#12394,#12395);
#10455=AXIS2_PLACEMENT_3D('',#16074,#12398,#12399);
#10456=AXIS2_PLACEMENT_3D('',#16078,#12402,#12403);
#10457=AXIS2_PLACEMENT_3D('',#16082,#12406,#12407);
#10458=AXIS2_PLACEMENT_3D('',#16086,#12410,#12411);
#10459=AXIS2_PLACEMENT_3D('',#16090,#12414,#12415);
#10460=AXIS2_PLACEMENT_3D('',#16094,#12418,#12419);
#10461=AXIS2_PLACEMENT_3D('',#16096,#12421,#12422);
#10462=AXIS2_PLACEMENT_3D('',#16138,#12427,#12428);
#10463=AXIS2_PLACEMENT_3D('',#16142,#12431,#12432);
#10464=AXIS2_PLACEMENT_3D('',#16146,#12435,#12436);
#10465=AXIS2_PLACEMENT_3D('',#16150,#12439,#12440);
#10466=AXIS2_PLACEMENT_3D('',#16154,#12443,#12444);
#10467=AXIS2_PLACEMENT_3D('',#16158,#12447,#12448);
#10468=AXIS2_PLACEMENT_3D('',#16167,#12453,#12454);
#10469=AXIS2_PLACEMENT_3D('',#16173,#12458,#12459);
#10470=AXIS2_PLACEMENT_3D('',#16255,#12466,#12467);
#10471=AXIS2_PLACEMENT_3D('',#16256,#12468,#12469);
#10472=AXIS2_PLACEMENT_3D('',#16294,#12473,#12474);
#10473=AXIS2_PLACEMENT_3D('',#16300,#12478,#12479);
#10474=AXIS2_PLACEMENT_3D('',#16347,#12487,#12488);
#10475=AXIS2_PLACEMENT_3D('',#16351,#12491,#12492);
#10476=AXIS2_PLACEMENT_3D('',#16355,#12495,#12496);
#10477=AXIS2_PLACEMENT_3D('',#16370,#12499,#12500);
#10478=AXIS2_PLACEMENT_3D('',#16373,#12503,#12504);
#10479=AXIS2_PLACEMENT_3D('',#16374,#12505,#12506);
#10480=AXIS2_PLACEMENT_3D('',#16383,#12511,#12512);
#10481=AXIS2_PLACEMENT_3D('',#16440,#12519,#12520);
#10482=AXIS2_PLACEMENT_3D('',#16449,#12525,#12526);
#10483=AXIS2_PLACEMENT_3D('',#16455,#12530,#12531);
#10484=AXIS2_PLACEMENT_3D('',#16512,#12538,#12539);
#10485=AXIS2_PLACEMENT_3D('',#16518,#12543,#12544);
#10486=AXIS2_PLACEMENT_3D('',#16522,#12547,#12548);
#10487=AXIS2_PLACEMENT_3D('',#16578,#12555,#12556);
#10488=AXIS2_PLACEMENT_3D('',#16582,#12559,#12560);
#10489=AXIS2_PLACEMENT_3D('',#16585,#12562,#12563);
#10490=AXIS2_PLACEMENT_3D('',#16637,#12566,#12567);
#10491=AXIS2_PLACEMENT_3D('',#16640,#12570,#12571);
#10492=AXIS2_PLACEMENT_3D('',#16641,#12572,#12573);
#10493=AXIS2_PLACEMENT_3D('',#16642,#12574,#12575);
#10494=AXIS2_PLACEMENT_3D('',#16651,#12580,#12581);
#10495=AXIS2_PLACEMENT_3D('',#16708,#12588,#12589);
#10496=AXIS2_PLACEMENT_3D('',#16717,#12594,#12595);
#10497=AXIS2_PLACEMENT_3D('',#16723,#12599,#12600);
#10498=AXIS2_PLACEMENT_3D('',#16780,#12607,#12608);
#10499=AXIS2_PLACEMENT_3D('',#16786,#12612,#12613);
#10500=AXIS2_PLACEMENT_3D('',#16790,#12616,#12617);
#10501=AXIS2_PLACEMENT_3D('',#16846,#12624,#12625);
#10502=AXIS2_PLACEMENT_3D('',#16850,#12628,#12629);
#10503=AXIS2_PLACEMENT_3D('',#16853,#12631,#12632);
#10504=AXIS2_PLACEMENT_3D('',#16905,#12635,#12636);
#10505=AXIS2_PLACEMENT_3D('',#16908,#12639,#12640);
#10506=AXIS2_PLACEMENT_3D('',#16909,#12641,#12642);
#10507=AXIS2_PLACEMENT_3D('',#16910,#12643,#12644);
#10508=AXIS2_PLACEMENT_3D('',#16916,#12648,#12649);
#10509=AXIS2_PLACEMENT_3D('',#16920,#12652,#12653);
#10510=AXIS2_PLACEMENT_3D('',#16924,#12656,#12657);
#10511=AXIS2_PLACEMENT_3D('',#16928,#12660,#12661);
#10512=AXIS2_PLACEMENT_3D('',#16932,#12664,#12665);
#10513=AXIS2_PLACEMENT_3D('',#16936,#12668,#12669);
#10514=AXIS2_PLACEMENT_3D('',#16940,#12672,#12673);
#10515=AXIS2_PLACEMENT_3D('',#16944,#12676,#12677);
#10516=AXIS2_PLACEMENT_3D('',#16948,#12680,#12681);
#10517=AXIS2_PLACEMENT_3D('',#16952,#12684,#12685);
#10518=AXIS2_PLACEMENT_3D('',#16956,#12688,#12689);
#10519=AXIS2_PLACEMENT_3D('',#16958,#12691,#12692);
#10520=AXIS2_PLACEMENT_3D('',#16959,#12693,#12694);
#10521=AXIS2_PLACEMENT_3D('',#16960,#12695,#12696);
#10522=AXIS2_PLACEMENT_3D('',#16961,#12697,#12698);
#10523=AXIS2_PLACEMENT_3D('',#16962,#12699,#12700);
#10524=AXIS2_PLACEMENT_3D('',#16970,#12705,#12706);
#10525=AXIS2_PLACEMENT_3D('',#16974,#12709,#12710);
#10526=AXIS2_PLACEMENT_3D('',#16980,#12714,#12715);
#10527=AXIS2_PLACEMENT_3D('',#16983,#12718,#12719);
#10528=AXIS2_PLACEMENT_3D('',#16992,#12724,#12725);
#10529=AXIS2_PLACEMENT_3D('',#16998,#12729,#12730);
#10530=AXIS2_PLACEMENT_3D('',#17002,#12733,#12734);
#10531=AXIS2_PLACEMENT_3D('',#17006,#12737,#12738);
#10532=AXIS2_PLACEMENT_3D('',#17008,#12740,#12741);
#10533=AXIS2_PLACEMENT_3D('',#17009,#12742,#12743);
#10534=AXIS2_PLACEMENT_3D('',#17010,#12744,#12745);
#10535=AXIS2_PLACEMENT_3D('',#17015,#12748,#12749);
#10536=AXIS2_PLACEMENT_3D('',#17016,#12750,#12751);
#10537=AXIS2_PLACEMENT_3D('',#17018,#12752,#12753);
#10538=AXIS2_PLACEMENT_3D('',#17019,#12754,#12755);
#10539=AXIS2_PLACEMENT_3D('',#17051,#12756,#12757);
#10540=AXIS2_PLACEMENT_3D('',#17057,#12758,#12759);
#10541=AXIS2_PLACEMENT_3D('',#17058,#12760,#12761);
#10542=AXIS2_PLACEMENT_3D('',#17060,#12762,#12763);
#10543=AXIS2_PLACEMENT_3D('',#17087,#12764,#12765);
#10544=AXIS2_PLACEMENT_3D('',#17088,#12766,#12767);
#10545=AXIS2_PLACEMENT_3D('',#17089,#12768,#12769);
#10546=AXIS2_PLACEMENT_3D('',#17091,#12770,#12771);
#10547=AXIS2_PLACEMENT_3D('',#17092,#12772,#12773);
#10548=AXIS2_PLACEMENT_3D('',#17095,#12775,#12776);
#10549=AXIS2_PLACEMENT_3D('',#17098,#12778,#12779);
#10550=AXIS2_PLACEMENT_3D('',#17099,#12780,#12781);
#10551=AXIS2_PLACEMENT_3D('',#17106,#12782,#12783);
#10552=AXIS2_PLACEMENT_3D('',#17107,#12784,#12785);
#10553=AXIS2_PLACEMENT_3D('',#17134,#12786,#12787);
#10554=AXIS2_PLACEMENT_3D('',#17161,#12788,#12789);
#10555=AXIS2_PLACEMENT_3D('',#17168,#12790,#12791);
#10556=AXIS2_PLACEMENT_3D('',#17169,#12792,#12793);
#10557=AXIS2_PLACEMENT_3D('',#17170,#12794,#12795);
#10558=AXIS2_PLACEMENT_3D('',#17171,#12796,#12797);
#10559=AXIS2_PLACEMENT_3D('',#17172,#12798,#12799);
#10560=AXIS2_PLACEMENT_3D('',#17174,#12800,#12801);
#10561=AXIS2_PLACEMENT_3D('',#17175,#12802,#12803);
#10562=AXIS2_PLACEMENT_3D('',#17178,#12805,#12806);
#10563=AXIS2_PLACEMENT_3D('',#17181,#12808,#12809);
#10564=AXIS2_PLACEMENT_3D('',#17182,#12810,#12811);
#10565=AXIS2_PLACEMENT_3D('',#17189,#12812,#12813);
#10566=AXIS2_PLACEMENT_3D('',#17190,#12814,#12815);
#10567=AXIS2_PLACEMENT_3D('',#17217,#12816,#12817);
#10568=AXIS2_PLACEMENT_3D('',#17244,#12818,#12819);
#10569=AXIS2_PLACEMENT_3D('',#17251,#12820,#12821);
#10570=AXIS2_PLACEMENT_3D('',#17252,#12822,#12823);
#10571=AXIS2_PLACEMENT_3D('',#17253,#12824,#12825);
#10572=AXIS2_PLACEMENT_3D('',#17254,#12826,#12827);
#10573=AXIS2_PLACEMENT_3D('',#17255,#12828,#12829);
#10574=AXIS2_PLACEMENT_3D('',#17257,#12830,#12831);
#10575=AXIS2_PLACEMENT_3D('',#17258,#12832,#12833);
#10576=AXIS2_PLACEMENT_3D('',#17261,#12835,#12836);
#10577=AXIS2_PLACEMENT_3D('',#17264,#12838,#12839);
#10578=AXIS2_PLACEMENT_3D('',#17265,#12840,#12841);
#10579=AXIS2_PLACEMENT_3D('',#17272,#12842,#12843);
#10580=AXIS2_PLACEMENT_3D('',#17273,#12844,#12845);
#10581=AXIS2_PLACEMENT_3D('',#17300,#12846,#12847);
#10582=AXIS2_PLACEMENT_3D('',#17327,#12848,#12849);
#10583=AXIS2_PLACEMENT_3D('',#17334,#12850,#12851);
#10584=AXIS2_PLACEMENT_3D('',#17335,#12852,#12853);
#10585=AXIS2_PLACEMENT_3D('',#17336,#12854,#12855);
#10586=AXIS2_PLACEMENT_3D('',#17337,#12856,#12857);
#10587=AXIS2_PLACEMENT_3D('',#17338,#12858,#12859);
#10588=AXIS2_PLACEMENT_3D('',#17340,#12860,#12861);
#10589=AXIS2_PLACEMENT_3D('',#17341,#12862,#12863);
#10590=AXIS2_PLACEMENT_3D('',#17342,#12864,#12865);
#10591=AXIS2_PLACEMENT_3D('',#17343,#12866,#12867);
#10592=AXIS2_PLACEMENT_3D('',#17344,#12868,#12869);
#10593=AXIS2_PLACEMENT_3D('',#17345,#12870,#12871);
#10594=AXIS2_PLACEMENT_3D('',#17346,#12872,#12873);
#10595=AXIS2_PLACEMENT_3D('',#17348,#12875,#12876);
#10596=AXIS2_PLACEMENT_3D('',#17350,#12878,#12879);
#10597=AXIS2_PLACEMENT_3D('',#17351,#12880,#12881);
#10598=AXIS2_PLACEMENT_3D('',#17352,#12882,#12883);
#10599=AXIS2_PLACEMENT_3D('',#17353,#12884,#12885);
#10600=AXIS2_PLACEMENT_3D('',#17354,#12886,#12887);
#10601=AXIS2_PLACEMENT_3D('',#17355,#12888,#12889);
#10602=AXIS2_PLACEMENT_3D('',#17356,#12890,#12891);
#10603=AXIS2_PLACEMENT_3D('',#17357,#12892,#12893);
#10604=AXIS2_PLACEMENT_3D('',#17358,#12894,#12895);
#10605=AXIS2_PLACEMENT_3D('',#17359,#12896,#12897);
#10606=AXIS2_PLACEMENT_3D('',#17360,#12898,#12899);
#10607=AXIS2_PLACEMENT_3D('',#17361,#12900,#12901);
#10608=AXIS2_PLACEMENT_3D('',#17362,#12902,#12903);
#10609=AXIS2_PLACEMENT_3D('',#17363,#12904,#12905);
#10610=AXIS2_PLACEMENT_3D('',#17364,#12906,#12907);
#10611=AXIS2_PLACEMENT_3D('',#17365,#12908,#12909);
#10612=AXIS2_PLACEMENT_3D('',#17366,#12910,#12911);
#10613=AXIS2_PLACEMENT_3D('',#17367,#12912,#12913);
#10614=DIRECTION('',(0.,0.,1.));
#10615=DIRECTION('',(1.,0.,0.));
#10616=DIRECTION('',(1.,0.,0.));
#10617=DIRECTION('',(0.,0.,-1.));
#10618=DIRECTION('',(0.,1.,0.));
#10619=DIRECTION('',(0.,0.,1.));
#10620=DIRECTION('',(0.,-1.,0.));
#10621=DIRECTION('',(0.,0.,1.));
#10622=DIRECTION('',(0.,-1.,0.));
#10623=DIRECTION('',(1.,0.,0.));
#10624=DIRECTION('',(0.,-1.,0.));
#10625=DIRECTION('',(0.,0.,-1.));
#10626=DIRECTION('',(0.,-1.,0.));
#10627=DIRECTION('',(0.,0.,-1.));
#10628=DIRECTION('',(0.978586413710613,0.,-0.205836417820076));
#10629=DIRECTION('',(0.,-1.,0.));
#10630=DIRECTION('',(0.,0.,-1.));
#10631=DIRECTION('',(0.978586413710613,0.,-0.205836417820075));
#10632=DIRECTION('',(0.,-1.,0.));
#10633=DIRECTION('',(0.,0.,-1.));
#10634=DIRECTION('',(0.978586413710613,0.,-0.205836417820076));
#10635=DIRECTION('',(0.,-1.,0.));
#10636=DIRECTION('',(0.,0.,-1.));
#10637=DIRECTION('',(0.978586413710613,0.,-0.205836417820075));
#10638=DIRECTION('',(0.,-1.,0.));
#10639=DIRECTION('',(0.,0.,-1.));
#10640=DIRECTION('',(0.,-1.,0.));
#10641=DIRECTION('',(0.,0.,-1.));
#10642=DIRECTION('',(0.,-1.,0.));
#10643=DIRECTION('',(0.,0.,-1.));
#10644=DIRECTION('',(0.,-1.,0.));
#10645=DIRECTION('',(0.,0.,-1.));
#10646=DIRECTION('',(0.,-1.,0.));
#10647=DIRECTION('',(0.,0.,-1.));
#10648=DIRECTION('',(0.,-1.,0.));
#10649=DIRECTION('',(0.,0.,-1.));
#10650=DIRECTION('',(1.,0.,0.));
#10651=DIRECTION('',(0.,-1.,0.));
#10652=DIRECTION('',(0.,0.,-1.));
#10653=DIRECTION('',(0.,0.,1.));
#10654=DIRECTION('',(0.,-1.,0.));
#10655=DIRECTION('',(0.,0.,-1.));
#10656=DIRECTION('',(0.,-1.,0.));
#10657=DIRECTION('',(0.,0.,-1.));
#10658=DIRECTION('',(0.,-1.,0.));
#10659=DIRECTION('',(0.,0.,-1.));
#10660=DIRECTION('',(0.,0.,1.));
#10661=DIRECTION('',(0.,-1.,0.));
#10662=DIRECTION('',(0.,0.,-1.));
#10663=DIRECTION('',(1.,0.,0.));
#10664=DIRECTION('',(0.,-1.,0.));
#10665=DIRECTION('',(0.,0.,-1.));
#10666=DIRECTION('',(0.,-1.,0.));
#10667=DIRECTION('',(0.,0.,-1.));
#10668=DIRECTION('',(0.,-1.,0.));
#10669=DIRECTION('',(0.,0.,-1.));
#10670=DIRECTION('',(1.,0.,0.));
#10671=DIRECTION('',(0.,-1.,0.));
#10672=DIRECTION('',(0.,0.,-1.));
#10673=DIRECTION('',(0.,0.,1.));
#10674=DIRECTION('',(0.,-1.,0.));
#10675=DIRECTION('',(0.,0.,-1.));
#10676=DIRECTION('',(0.,-1.,0.));
#10677=DIRECTION('',(0.,0.,-1.));
#10678=DIRECTION('',(0.,-1.,0.));
#10679=DIRECTION('',(0.,0.,-1.));
#10680=DIRECTION('',(0.,0.,1.));
#10681=DIRECTION('',(0.,-1.,0.));
#10682=DIRECTION('',(0.,0.,-1.));
#10683=DIRECTION('',(1.,0.,0.));
#10684=DIRECTION('',(0.,-1.,0.));
#10685=DIRECTION('',(0.,0.,-1.));
#10686=DIRECTION('',(1.,0.,0.));
#10687=DIRECTION('',(-1.,0.,0.));
#10688=DIRECTION('',(0.,0.,1.));
#10689=DIRECTION('',(-1.,0.,0.));
#10690=DIRECTION('',(0.,0.,1.));
#10691=DIRECTION('',(-1.,0.,0.));
#10692=DIRECTION('',(0.,0.,1.));
#10693=DIRECTION('',(-1.,0.,0.));
#10694=DIRECTION('',(0.,0.,1.));
#10695=DIRECTION('',(1.,0.,0.));
#10696=DIRECTION('',(2.40100135083295E-16,0.,1.));
#10697=DIRECTION('',(1.,0.,0.));
#10698=DIRECTION('',(2.40100135083295E-16,0.,1.));
#10699=DIRECTION('',(1.,0.,-1.58966641555721E-16));
#10700=DIRECTION('',(2.40100135083295E-16,0.,1.));
#10701=DIRECTION('',(-2.40100135083295E-16,0.,-1.));
#10702=DIRECTION('',(-1.,0.,2.40100135083295E-16));
#10703=DIRECTION('',(0.,0.,-1.));
#10704=DIRECTION('',(-1.,0.,0.));
#10705=DIRECTION('',(-0.707106781186548,0.,-0.707106781186547));
#10706=DIRECTION('',(0.707106781186547,0.,-0.707106781186548));
#10707=DIRECTION('',(2.40100135083295E-16,0.,1.));
#10708=DIRECTION('',(0.707106781186548,0.,-0.707106781186548));
#10709=DIRECTION('',(-0.707106781186548,0.,-0.707106781186548));
#10710=DIRECTION('',(0.,0.,-1.));
#10711=DIRECTION('',(-1.,0.,0.));
#10712=DIRECTION('',(-2.40100135083295E-16,0.,-1.));
#10713=DIRECTION('',(9.25185853854297E-17,0.,-1.));
#10714=DIRECTION('',(-1.,0.,-9.25185853854297E-17));
#10715=DIRECTION('',(0.,-1.,0.));
#10716=DIRECTION('',(1.,0.,9.25185853854297E-17));
#10717=DIRECTION('',(0.,1.,0.));
#10718=DIRECTION('',(1.,0.,9.25185853854297E-17));
#10719=DIRECTION('',(-1.,0.,-9.25185853854297E-17));
#10720=DIRECTION('',(0.,-1.,0.));
#10721=DIRECTION('',(-1.,0.,-9.25185853854297E-17));
#10722=DIRECTION('',(9.25185853854297E-17,0.,-1.));
#10723=DIRECTION('',(-1.,0.,-9.25185853854297E-17));
#10724=DIRECTION('',(-1.,0.,-9.25185853854297E-17));
#10725=DIRECTION('',(0.,1.,0.));
#10726=DIRECTION('',(9.25185853854297E-17,0.,-1.));
#10727=DIRECTION('',(-1.,0.,-9.25185853854297E-17));
#10728=DIRECTION('',(-1.,0.,-9.25185853854297E-17));
#10729=DIRECTION('',(0.,1.,0.));
#10730=DIRECTION('',(-1.,0.,-9.25185853854297E-17));
#10731=DIRECTION('',(0.,-1.,0.));
#10732=DIRECTION('',(-1.,0.,-9.25185853854297E-17));
#10733=DIRECTION('',(0.,-1.,0.));
#10734=DIRECTION('',(-1.,0.,-9.25185853854297E-17));
#10735=DIRECTION('',(0.,1.,0.));
#10736=DIRECTION('',(1.,0.,9.25185853854297E-17));
#10737=DIRECTION('',(9.25185853854297E-17,0.,-1.));
#10738=DIRECTION('',(1.,0.,0.));
#10739=DIRECTION('',(0.,0.,-1.));
#10740=DIRECTION('',(1.,0.,9.25185853854297E-17));
#10741=DIRECTION('',(9.25185853854297E-17,0.,-1.));
#10742=DIRECTION('',(1.,0.,9.25185853854297E-17));
#10743=DIRECTION('',(9.25185853854297E-17,0.,-1.));
#10744=DIRECTION('',(-1.,0.,0.));
#10745=DIRECTION('',(0.,0.,1.));
#10746=DIRECTION('',(1.,0.,-1.22464679914735E-16));
#10747=DIRECTION('',(-1.22464679914735E-16,0.,-1.));
#10748=DIRECTION('',(-1.,0.,-9.25185853854297E-17));
#10749=DIRECTION('',(-9.25185853854297E-17,0.,1.));
#10750=DIRECTION('',(-1.,0.,-9.25185853854297E-17));
#10751=DIRECTION('',(-1.,0.,0.));
#10752=DIRECTION('',(0.,0.,1.));
#10753=DIRECTION('',(-1.,0.,0.));
#10754=DIRECTION('',(0.,0.,1.));
#10755=DIRECTION('',(-1.,0.,-9.25185853854297E-17));
#10756=DIRECTION('',(-9.25185853854297E-17,0.,1.));
#10757=DIRECTION('',(1.,0.,0.));
#10758=DIRECTION('',(0.,0.,-1.));
#10759=DIRECTION('',(-1.,0.,-9.25185853854297E-17));
#10760=DIRECTION('',(-1.,0.,-9.25185853854297E-17));
#10761=DIRECTION('',(-9.25185853854297E-17,0.,1.));
#10762=DIRECTION('',(9.25185853854297E-17,0.,-1.));
#10763=DIRECTION('',(-1.,0.,-9.25185853854297E-17));
#10764=DIRECTION('',(-1.,0.,-9.25185853854297E-17));
#10765=DIRECTION('',(0.,1.,0.));
#10766=DIRECTION('',(0.,1.,0.));
#10767=DIRECTION('',(9.25185853854297E-17,0.,-1.));
#10768=DIRECTION('',(-1.,0.,-9.25185853854297E-17));
#10769=DIRECTION('',(0.,1.,0.));
#10770=DIRECTION('',(-1.,0.,-9.25185853854297E-17));
#10771=DIRECTION('',(0.,1.,0.));
#10772=DIRECTION('',(-2.04085114820801E-16,0.,1.));
#10773=DIRECTION('',(1.,0.,2.04085114820801E-16));
#10774=DIRECTION('',(-2.04085114820801E-16,0.,1.));
#10775=DIRECTION('',(0.,0.,1.));
#10776=DIRECTION('',(1.,0.,0.));
#10777=DIRECTION('',(-1.59265981952815E-15,0.,1.));
#10778=DIRECTION('',(1.,0.,1.59265981952815E-15));
#10779=DIRECTION('',(-2.04085114820801E-16,0.,1.));
#10780=DIRECTION('',(1.,0.,2.04085114820801E-16));
#10781=DIRECTION('',(2.03287907341032E-16,0.,-1.));
#10782=DIRECTION('',(-1.,0.,-2.03287907341032E-16));
#10783=DIRECTION('',(-2.04085114820801E-16,0.,1.));
#10784=DIRECTION('',(-2.04085114820801E-16,0.,1.));
#10785=DIRECTION('',(1.,0.,2.04085114820801E-16));
#10786=DIRECTION('',(-1.,0.,-2.04085114820801E-16));
#10787=DIRECTION('',(-2.04085114820801E-16,0.,1.));
#10788=DIRECTION('',(-2.04085114820801E-16,0.,1.));
#10789=DIRECTION('',(0.,1.,0.));
#10790=DIRECTION('',(0.,1.,0.));
#10791=DIRECTION('',(-1.,0.,-2.04085114820801E-16));
#10792=DIRECTION('',(-2.04085114820801E-16,0.,1.));
#10793=DIRECTION('',(0.,1.,0.));
#10794=DIRECTION('',(-2.04085114820801E-16,0.,1.));
#10795=DIRECTION('',(0.,1.,0.));
#10796=DIRECTION('',(2.04085114820801E-16,0.,-1.));
#10797=DIRECTION('',(-1.,0.,-2.04085114820801E-16));
#10798=DIRECTION('',(-2.04085114820801E-16,0.,1.));
#10799=DIRECTION('',(0.,0.,-1.));
#10800=DIRECTION('',(-1.,0.,0.));
#10801=DIRECTION('',(2.04085114820801E-16,0.,-1.));
#10802=DIRECTION('',(-1.,0.,-2.04085114820801E-16));
#10803=DIRECTION('',(2.04085114820801E-16,0.,-1.));
#10804=DIRECTION('',(-1.,0.,-2.04085114820801E-16));
#10805=DIRECTION('',(0.,0.,1.));
#10806=DIRECTION('',(1.,0.,0.));
#10807=DIRECTION('',(-2.04085114820801E-16,0.,1.));
#10808=DIRECTION('',(-9.49410759657493E-16,0.,-1.));
#10809=DIRECTION('',(-1.,0.,9.49410759657493E-16));
#10810=DIRECTION('',(-1.,0.,-2.04085114820801E-16));
#10811=DIRECTION('',(-2.04085114820801E-16,0.,1.));
#10812=DIRECTION('',(0.,-1.,0.));
#10813=DIRECTION('',(-2.04085114820801E-16,0.,1.));
#10814=DIRECTION('',(0.,1.,0.));
#10815=DIRECTION('',(-1.,0.,-2.04085114820801E-16));
#10816=DIRECTION('',(-2.04085114820801E-16,0.,1.));
#10817=DIRECTION('',(-2.04085114820801E-16,0.,1.));
#10818=DIRECTION('',(0.,-1.,0.));
#10819=DIRECTION('',(0.,1.,0.));
#10820=DIRECTION('',(0.,-1.,0.));
#10821=DIRECTION('',(1.,0.,0.));
#10822=DIRECTION('',(0.978586413710613,0.,-0.205836417820075));
#10823=DIRECTION('',(0.,-1.,0.));
#10824=DIRECTION('',(0.,0.,-1.));
#10825=DIRECTION('',(0.978586413710613,0.,-0.205836417820076));
#10826=DIRECTION('',(0.,-1.,0.));
#10827=DIRECTION('',(0.,0.,-1.));
#10828=DIRECTION('',(0.978586413710613,0.,-0.205836417820075));
#10829=DIRECTION('',(0.,-1.,0.));
#10830=DIRECTION('',(0.,0.,-1.));
#10831=DIRECTION('',(0.978586413710613,0.,-0.205836417820076));
#10832=DIRECTION('',(0.,-1.,0.));
#10833=DIRECTION('',(0.,0.,-1.));
#10834=DIRECTION('',(0.,0.,1.));
#10835=DIRECTION('',(1.,0.,6.424437032189E-15));
#10836=DIRECTION('',(0.,-1.,0.));
#10837=DIRECTION('',(0.,0.,-1.));
#10838=DIRECTION('',(0.,0.,-1.));
#10839=DIRECTION('',(-1.,0.,-5.34555263883714E-15));
#10840=DIRECTION('',(-1.,0.,0.));
#10841=DIRECTION('',(0.,0.,-1.));
#10842=DIRECTION('',(-1.,0.,0.));
#10843=DIRECTION('',(0.,0.,1.));
#10844=DIRECTION('',(1.,0.,0.));
#10845=DIRECTION('',(0.,0.,-1.));
#10846=DIRECTION('',(-1.,0.,0.));
#10847=DIRECTION('',(0.,0.,1.));
#10848=DIRECTION('',(1.,0.,0.));
#10849=DIRECTION('',(0.,0.,-1.));
#10850=DIRECTION('',(-1.,0.,0.));
#10851=DIRECTION('',(0.,0.,-1.));
#10852=DIRECTION('',(1.,0.,0.));
#10853=DIRECTION('',(0.,0.,-1.));
#10854=DIRECTION('',(-1.,0.,0.));
#10855=DIRECTION('',(0.,0.,-1.));
#10856=DIRECTION('',(1.,0.,0.));
#10857=DIRECTION('',(0.,0.,-1.));
#10858=DIRECTION('',(-1.,0.,0.));
#10859=DIRECTION('',(0.,0.,1.));
#10860=DIRECTION('',(1.,0.,0.));
#10861=DIRECTION('',(0.,0.,-1.));
#10862=DIRECTION('',(-1.,0.,0.));
#10863=DIRECTION('',(0.,0.,-1.));
#10864=DIRECTION('',(1.,0.,0.));
#10865=DIRECTION('',(0.,0.,-1.));
#10866=DIRECTION('',(-1.,0.,0.));
#10867=DIRECTION('',(0.,0.,-1.));
#10868=DIRECTION('',(1.,0.,0.));
#10869=DIRECTION('',(0.,0.,1.));
#10870=DIRECTION('',(0.,-1.,0.));
#10871=DIRECTION('',(0.,0.,-1.));
#10872=DIRECTION('',(0.,-1.,0.));
#10873=DIRECTION('',(0.,0.,-1.));
#10874=DIRECTION('',(0.,-1.,0.));
#10875=DIRECTION('',(0.,0.,-1.));
#10876=DIRECTION('',(0.,-1.,0.));
#10877=DIRECTION('',(0.,0.,-1.));
#10878=DIRECTION('',(0.,-1.,0.));
#10879=DIRECTION('',(0.,0.,-1.));
#10880=DIRECTION('',(0.,-1.,0.));
#10881=DIRECTION('',(0.,0.,-1.));
#10882=DIRECTION('',(0.,-1.,0.));
#10883=DIRECTION('',(0.,0.,-1.));
#10884=DIRECTION('',(-0.382351792726295,0.,-0.924016832421893));
#10885=DIRECTION('',(0.,-1.,0.));
#10886=DIRECTION('',(0.,0.,-1.));
#10887=DIRECTION('',(0.,-1.,0.));
#10888=DIRECTION('',(0.,0.,-1.));
#10889=DIRECTION('',(0.,-1.,0.));
#10890=DIRECTION('',(0.,0.,-1.));
#10891=DIRECTION('',(0.,-1.,0.));
#10892=DIRECTION('',(0.,0.,-1.));
#10893=DIRECTION('',(0.,-1.,0.));
#10894=DIRECTION('',(0.,0.,-1.));
#10895=DIRECTION('',(-1.,0.,0.));
#10896=DIRECTION('',(0.,0.,1.));
#10897=DIRECTION('',(1.,0.,0.));
#10898=DIRECTION('',(0.,0.,-1.));
#10899=DIRECTION('',(-0.205836417820079,0.,-0.978586413710612));
#10900=DIRECTION('',(-0.978586413710612,0.,0.20583641782008));
#10901=DIRECTION('',(0.205836417820079,0.,0.978586413710612));
#10902=DIRECTION('',(-0.978586413710612,0.,0.205836417820081));
#10903=DIRECTION('',(0.205836417820053,0.,0.978586413710618));
#10904=DIRECTION('',(0.978586413710613,0.,-0.205836417820079));
#10905=DIRECTION('',(-0.205836417820056,0.,-0.978586413710617));
#10906=DIRECTION('',(-0.978586413710613,0.,0.205836417820078));
#10907=DIRECTION('',(0.,-1.,0.));
#10908=DIRECTION('',(0.,0.,-1.));
#10909=DIRECTION('',(-0.205836417820102,0.,-0.978586413710608));
#10910=DIRECTION('',(0.,-1.,0.));
#10911=DIRECTION('',(0.,0.,-1.));
#10912=DIRECTION('',(0.,-1.,0.));
#10913=DIRECTION('',(0.,0.,-1.));
#10914=DIRECTION('',(-0.551631534528672,0.,-0.834087915098608));
#10915=DIRECTION('',(0.,-1.,0.));
#10916=DIRECTION('',(0.,0.,-1.));
#10917=DIRECTION('',(-0.205836417820056,0.,-0.978586413710617));
#10918=DIRECTION('',(-0.978586413710612,0.,0.20583641782008));
#10919=DIRECTION('',(0.205836417820075,0.,0.978586413710613));
#10920=DIRECTION('',(0.978586413710613,0.,-0.205836417820078));
#10921=DIRECTION('',(-0.205836417820058,0.,-0.978586413710617));
#10922=DIRECTION('',(-0.978586413710613,0.,0.205836417820076));
#10923=DIRECTION('',(-0.205836417820066,0.,-0.978586413710615));
#10924=DIRECTION('',(0.978586413710613,0.,-0.205836417820077));
#10925=DIRECTION('',(-0.205836417820061,0.,-0.978586413710616));
#10926=DIRECTION('',(-0.978586413710612,0.,0.20583641782008));
#10927=DIRECTION('',(-0.205836417820081,0.,-0.978586413710612));
#10928=DIRECTION('',(0.978586413710612,0.,-0.205836417820082));
#10929=DIRECTION('',(-0.978586413710613,0.,0.205836417820076));
#10930=DIRECTION('',(0.205836417820075,0.,0.978586413710613));
#10931=DIRECTION('',(0.978586413710612,0.,-0.20583641782008));
#10932=DIRECTION('',(-0.205836417820078,0.,-0.978586413710613));
#10933=DIRECTION('',(0.978586413710614,0.,-0.205836417820074));
#10934=DIRECTION('',(-0.205836417820056,0.,-0.978586413710617));
#10935=DIRECTION('',(0.205836417820062,0.,0.978586413710616));
#10936=DIRECTION('',(0.,-1.,0.));
#10937=DIRECTION('',(0.,0.,-1.));
#10938=DIRECTION('',(0.,-1.,0.));
#10939=DIRECTION('',(0.,0.,-1.));
#10940=DIRECTION('',(0.,-1.,0.));
#10941=DIRECTION('',(0.,0.,-1.));
#10942=DIRECTION('',(0.,-1.,0.));
#10943=DIRECTION('',(0.,0.,-1.));
#10944=DIRECTION('',(0.,-1.,0.));
#10945=DIRECTION('',(0.,0.,-1.));
#10946=DIRECTION('',(0.,-1.,0.));
#10947=DIRECTION('',(0.,0.,-1.));
#10948=DIRECTION('',(0.,-1.,0.));
#10949=DIRECTION('',(0.,0.,-1.));
#10950=DIRECTION('',(-0.564360584411037,0.,-0.825528394886108));
#10951=DIRECTION('',(0.,-1.,0.));
#10952=DIRECTION('',(0.,0.,-1.));
#10953=DIRECTION('',(0.,-1.,0.));
#10954=DIRECTION('',(0.,0.,-1.));
#10955=DIRECTION('',(0.,-1.,0.));
#10956=DIRECTION('',(0.,0.,-1.));
#10957=DIRECTION('',(0.,-1.,0.));
#10958=DIRECTION('',(0.,0.,-1.));
#10959=DIRECTION('',(0.,-1.,0.));
#10960=DIRECTION('',(0.,0.,-1.));
#10961=DIRECTION('',(-0.205836417820056,0.,-0.978586413710617));
#10962=DIRECTION('',(-0.978586413710613,0.,0.205836417820078));
#10963=DIRECTION('',(0.205836417820075,0.,0.978586413710613));
#10964=DIRECTION('',(0.978586413710613,0.,-0.205836417820078));
#10965=DIRECTION('',(-0.205836417820058,0.,-0.978586413710617));
#10966=DIRECTION('',(-0.978586413710613,0.,0.205836417820076));
#10967=DIRECTION('',(-0.205836417820066,0.,-0.978586413710615));
#10968=DIRECTION('',(0.978586413710612,0.,-0.20583641782008));
#10969=DIRECTION('',(-0.205836417820058,0.,-0.978586413710617));
#10970=DIRECTION('',(-0.978586413710612,0.,0.20583641782008));
#10971=DIRECTION('',(-0.20583641782008,0.,-0.978586413710612));
#10972=DIRECTION('',(0.978586413710612,0.,-0.205836417820082));
#10973=DIRECTION('',(-0.205836417820078,0.,-0.978586413710613));
#10974=DIRECTION('',(-0.978586413710612,0.,0.20583641782008));
#10975=DIRECTION('',(0.205836417820078,0.,0.978586413710613));
#10976=DIRECTION('',(-0.978586413710612,0.,0.205836417820082));
#10977=DIRECTION('',(0.205836417820079,0.,0.978586413710613));
#10978=DIRECTION('',(0.978586413710613,0.,-0.205836417820077));
#10979=DIRECTION('',(-0.205836417820079,0.,-0.978586413710613));
#10980=DIRECTION('',(-0.978586413710613,0.,0.205836417820078));
#10981=DIRECTION('',(-0.205836417820078,0.,-0.978586413710613));
#10982=DIRECTION('',(-0.978586413710612,0.,0.20583641782008));
#10983=DIRECTION('',(0.205836417820078,0.,0.978586413710613));
#10984=DIRECTION('',(-0.978586413710612,0.,0.205836417820082));
#10985=DIRECTION('',(0.205836417820079,0.,0.978586413710613));
#10986=DIRECTION('',(0.978586413710613,0.,-0.205836417820077));
#10987=DIRECTION('',(-0.205836417820079,0.,-0.978586413710613));
#10988=DIRECTION('',(-0.978586413710613,0.,0.205836417820078));
#10989=DIRECTION('',(-0.978586413710613,0.,0.205836417820077));
#10990=DIRECTION('',(-0.0878991767437329,0.,0.996129376500751));
#10991=DIRECTION('',(-0.978586413710613,0.,0.205836417820079));
#10992=DIRECTION('',(-0.481748975553974,0.,-0.87630926307594));
#10993=DIRECTION('',(-0.978586413710613,0.,0.205836417820077));
#10994=DIRECTION('',(0.518752008805601,0.,0.85492476473673));
#10995=DIRECTION('',(0.978586413710613,0.,-0.205836417820077));
#10996=DIRECTION('',(0.131534982588013,0.,-0.991311529417252));
#10997=DIRECTION('',(0.,-1.,0.));
#10998=DIRECTION('',(0.,0.,-1.));
#10999=DIRECTION('',(0.,-1.,0.));
#11000=DIRECTION('',(0.,0.,-1.));
#11001=DIRECTION('',(-1.,0.,-1.83568621796487E-16));
#11002=DIRECTION('',(-1.3395548077041E-16,0.,1.));
#11003=DIRECTION('',(-1.,0.,-1.37676466347366E-16));
#11004=DIRECTION('',(-1.3395548077041E-16,0.,1.));
#11005=DIRECTION('',(-1.,0.,-9.25185853854297E-17));
#11006=DIRECTION('',(0.,-1.,0.));
#11007=DIRECTION('',(0.,0.,-1.));
#11008=DIRECTION('',(-2.04085114820801E-16,0.,1.));
#11009=DIRECTION('',(0.,-1.,0.));
#11010=DIRECTION('',(0.,0.,-1.));
#11011=DIRECTION('',(-1.,0.,-9.25185853854297E-17));
#11012=DIRECTION('',(0.,-1.,0.));
#11013=DIRECTION('',(0.,0.,-1.));
#11014=DIRECTION('',(-2.04085114820801E-16,0.,1.));
#11015=DIRECTION('',(0.,-1.,0.));
#11016=DIRECTION('',(0.,0.,-1.));
#11017=DIRECTION('',(0.205836417820062,0.,0.978586413710616));
#11018=DIRECTION('',(0.,-1.,0.));
#11019=DIRECTION('',(0.,0.,-1.));
#11020=DIRECTION('',(0.,-1.,0.));
#11021=DIRECTION('',(0.,0.,-1.));
#11022=DIRECTION('',(0.,-1.,0.));
#11023=DIRECTION('',(0.,0.,-1.));
#11024=DIRECTION('',(0.,-1.,0.));
#11025=DIRECTION('',(0.,0.,-1.));
#11026=DIRECTION('',(0.,-1.,0.));
#11027=DIRECTION('',(0.,0.,-1.));
#11028=DIRECTION('',(0.,-1.,0.));
#11029=DIRECTION('',(0.,0.,-1.));
#11030=DIRECTION('',(0.,-1.,0.));
#11031=DIRECTION('',(0.,0.,-1.));
#11032=DIRECTION('',(-0.564360584411037,0.,-0.825528394886108));
#11033=DIRECTION('',(0.,-1.,0.));
#11034=DIRECTION('',(0.,0.,-1.));
#11035=DIRECTION('',(0.,-1.,0.));
#11036=DIRECTION('',(0.,0.,-1.));
#11037=DIRECTION('',(0.,-1.,0.));
#11038=DIRECTION('',(0.,0.,-1.));
#11039=DIRECTION('',(0.,-1.,0.));
#11040=DIRECTION('',(0.,0.,-1.));
#11041=DIRECTION('',(0.,-1.,0.));
#11042=DIRECTION('',(0.,0.,-1.));
#11043=DIRECTION('',(-0.978586413710614,0.,0.20583641782007));
#11044=DIRECTION('',(-0.205836417820071,0.,-0.978586413710614));
#11045=DIRECTION('',(-0.978586413710612,0.,0.20583641782008));
#11046=DIRECTION('',(0.205836417820083,0.,0.978586413710612));
#11047=DIRECTION('',(0.978586413710612,0.,-0.20583641782008));
#11048=DIRECTION('',(0.,-1.,0.));
#11049=DIRECTION('',(0.,0.,-1.));
#11050=DIRECTION('',(0.,-1.,0.));
#11051=DIRECTION('',(0.,0.,-1.));
#11052=DIRECTION('',(-0.978586413710612,0.,0.205836417820082));
#11053=DIRECTION('',(-0.34231672591899,0.,0.939584620540429));
#11054=DIRECTION('',(0.,-1.,0.));
#11055=DIRECTION('',(0.,0.,-1.));
#11056=DIRECTION('',(0.,-1.,0.));
#11057=DIRECTION('',(0.,0.,-1.));
#11058=DIRECTION('',(0.,-1.,0.));
#11059=DIRECTION('',(0.,0.,-1.));
#11060=DIRECTION('',(-1.,0.,0.));
#11061=DIRECTION('',(0.,0.,1.));
#11062=DIRECTION('',(1.,0.,0.));
#11063=DIRECTION('',(0.,0.,1.));
#11064=DIRECTION('',(1.,0.,0.));
#11065=DIRECTION('',(0.,-1.,0.));
#11066=DIRECTION('',(0.,0.,-1.));
#11067=DIRECTION('',(0.,0.,-1.));
#11068=DIRECTION('',(-1.,0.,0.));
#11069=DIRECTION('',(0.,0.,1.));
#11070=DIRECTION('',(-1.,0.,0.));
#11071=DIRECTION('',(0.,0.,1.));
#11072=DIRECTION('',(1.,0.,0.));
#11073=DIRECTION('',(0.,0.,1.));
#11074=DIRECTION('',(1.,0.,0.));
#11075=DIRECTION('',(0.,0.,-1.));
#11076=DIRECTION('',(1.,0.,0.));
#11077=DIRECTION('',(0.,0.,-1.));
#11078=DIRECTION('',(-1.,0.,0.));
#11079=DIRECTION('',(0.,0.,-1.));
#11080=DIRECTION('',(-1.,0.,0.));
#11081=DIRECTION('',(9.25185853854297E-17,0.,-1.));
#11082=DIRECTION('',(-1.,0.,-9.25185853854297E-17));
#11083=DIRECTION('',(-1.,0.,-9.25185853854297E-17));
#11084=DIRECTION('',(9.25185853854297E-17,0.,-1.));
#11085=DIRECTION('',(-1.,0.,-9.25185853854297E-17));
#11086=DIRECTION('',(-1.,0.,-9.25185853854297E-17));
#11087=DIRECTION('',(0.,1.,0.));
#11088=DIRECTION('',(1.,0.,9.25185853854297E-17));
#11089=DIRECTION('',(0.,-1.,0.));
#11090=DIRECTION('',(1.,0.,9.25185853854297E-17));
#11091=DIRECTION('',(0.,1.,0.));
#11092=DIRECTION('',(-1.,0.,-9.25185853854297E-17));
#11093=DIRECTION('',(0.,1.,0.));
#11094=DIRECTION('',(-1.,0.,-9.25185853854297E-17));
#11095=DIRECTION('',(0.,-1.,0.));
#11096=DIRECTION('',(-1.,0.,-9.25185853854297E-17));
#11097=DIRECTION('',(0.,1.,0.));
#11098=DIRECTION('',(0.,-1.,0.));
#11099=DIRECTION('',(1.,0.,0.));
#11100=DIRECTION('',(0.,0.,1.));
#11101=DIRECTION('',(1.,0.,0.));
#11102=DIRECTION('',(0.,-1.,0.));
#11103=DIRECTION('',(0.,0.,-1.));
#11104=DIRECTION('',(0.,0.,-1.));
#11105=DIRECTION('',(-1.,0.,0.));
#11106=DIRECTION('',(0.,-1.,0.));
#11107=DIRECTION('',(0.,0.,-1.));
#11108=DIRECTION('',(0.,-1.,0.));
#11109=DIRECTION('',(0.,0.,-1.));
#11110=DIRECTION('',(0.,1.,0.));
#11111=DIRECTION('',(0.,0.,-1.));
#11112=DIRECTION('',(-1.,0.,0.));
#11113=DIRECTION('',(-0.291056642682015,0.,0.956705822471398));
#11114=DIRECTION('',(-1.,0.,0.));
#11115=DIRECTION('',(-0.291056642682015,0.,-0.956705822471398));
#11116=DIRECTION('',(-1.,0.,0.));
#11117=DIRECTION('',(0.331669016823166,0.,0.943395814745621));
#11118=DIRECTION('',(1.,0.,0.));
#11119=DIRECTION('',(0.332766361047278,0.,-0.94300930480847));
#11120=DIRECTION('',(0.,-1.,0.));
#11121=DIRECTION('',(1.,0.,0.));
#11122=DIRECTION('',(0.,0.,1.));
#11123=DIRECTION('',(-1.,0.,0.));
#11124=DIRECTION('',(0.,0.,1.));
#11125=DIRECTION('',(-1.,0.,0.));
#11126=DIRECTION('',(0.,0.,1.));
#11127=DIRECTION('',(-1.,0.,0.));
#11128=DIRECTION('',(0.,0.,1.));
#11129=DIRECTION('',(-1.,0.,0.));
#11130=DIRECTION('',(0.,0.,1.));
#11131=DIRECTION('',(-1.,0.,0.));
#11132=DIRECTION('',(0.,0.,1.));
#11133=DIRECTION('',(-1.,0.,0.));
#11134=DIRECTION('',(0.,-1.,0.));
#11135=DIRECTION('',(0.,0.,-1.));
#11136=DIRECTION('',(1.,0.,9.25185853854297E-17));
#11137=DIRECTION('',(9.25185853854297E-17,0.,-1.));
#11138=DIRECTION('',(1.,0.,0.));
#11139=DIRECTION('',(0.,0.,-1.));
#11140=DIRECTION('',(1.,0.,0.));
#11141=DIRECTION('',(0.,0.,-1.));
#11142=DIRECTION('',(0.,-1.,0.));
#11143=DIRECTION('',(0.,0.,-1.));
#11144=DIRECTION('',(0.,-1.,0.));
#11145=DIRECTION('',(0.,0.,-1.));
#11146=DIRECTION('',(0.,0.,-1.));
#11147=DIRECTION('',(-1.,0.,0.));
#11148=DIRECTION('',(-2.04085114820801E-16,0.,1.));
#11149=DIRECTION('',(1.,0.,2.04085114820801E-16));
#11150=DIRECTION('',(-2.04085114820801E-16,0.,1.));
#11151=DIRECTION('',(2.31296463463574E-15,0.,-1.));
#11152=DIRECTION('',(-1.,0.,-2.31296463463574E-15));
#11153=DIRECTION('',(0.,-1.,0.));
#11154=DIRECTION('',(0.,0.,-1.));
#11155=DIRECTION('',(0.,-1.,0.));
#11156=DIRECTION('',(0.,0.,-1.));
#11157=DIRECTION('',(1.,0.,0.));
#11158=DIRECTION('',(0.,0.,-1.));
#11159=DIRECTION('',(-1.,0.,-9.25185853854297E-17));
#11160=DIRECTION('',(-9.25185853854297E-17,0.,1.));
#11161=DIRECTION('',(-1.,0.,-9.25185853854297E-17));
#11162=DIRECTION('',(1.,0.,0.));
#11163=DIRECTION('',(0.,0.,-1.));
#11164=DIRECTION('',(0.,-1.,0.));
#11165=DIRECTION('',(0.,0.,-1.));
#11166=DIRECTION('',(0.,-1.,0.));
#11167=DIRECTION('',(0.,0.,-1.));
#11168=DIRECTION('',(0.,-2.31296463463575E-15,-1.));
#11169=DIRECTION('',(0.,1.,-2.31296463463575E-15));
#11170=DIRECTION('',(2.04085114820801E-16,0.,-1.));
#11171=DIRECTION('',(-1.,0.,-2.04085114820801E-16));
#11172=DIRECTION('',(2.31296463463574E-15,0.,-1.));
#11173=DIRECTION('',(-1.,0.,-2.31296463463574E-15));
#11174=DIRECTION('',(-2.04085114820801E-16,0.,1.));
#11175=DIRECTION('',(0.,-1.,0.));
#11176=DIRECTION('',(0.,0.,-1.));
#11177=DIRECTION('',(0.,-1.,0.));
#11178=DIRECTION('',(0.,0.,-1.));
#11179=DIRECTION('',(0.,1.,0.));
#11180=DIRECTION('',(0.,0.,1.));
#11181=DIRECTION('',(0.,1.,0.));
#11182=DIRECTION('',(0.,1.,0.));
#11183=DIRECTION('',(0.,0.,1.));
#11184=DIRECTION('',(0.,1.,0.));
#11185=DIRECTION('',(0.,-1.,0.));
#11186=DIRECTION('',(0.,0.,-1.));
#11187=DIRECTION('',(0.,1.,0.));
#11188=DIRECTION('',(0.,0.,1.));
#11189=DIRECTION('',(-1.,0.,-2.04085114820801E-16));
#11190=DIRECTION('',(-2.04085114820801E-16,0.,1.));
#11191=DIRECTION('',(0.,1.,0.));
#11192=DIRECTION('',(-2.04085114820801E-16,0.,1.));
#11193=DIRECTION('',(0.,1.,0.));
#11194=DIRECTION('',(0.,0.,1.));
#11195=DIRECTION('',(0.,1.,0.));
#11196=DIRECTION('',(0.,-1.,0.));
#11197=DIRECTION('',(0.,0.,-1.));
#11198=DIRECTION('',(9.25185853854297E-17,0.,-1.));
#11199=DIRECTION('',(-1.,0.,-9.25185853854297E-17));
#11200=DIRECTION('',(-1.,0.,-9.25185853854297E-17));
#11201=DIRECTION('',(0.,1.,0.));
#11202=DIRECTION('',(0.,1.,0.));
#11203=DIRECTION('',(0.,0.,1.));
#11204=DIRECTION('',(0.,1.,0.));
#11205=DIRECTION('',(0.,-1.,0.));
#11206=DIRECTION('',(0.,0.,-1.));
#11207=DIRECTION('',(-1.,0.,-2.04085114820801E-16));
#11208=DIRECTION('',(-2.04085114820801E-16,0.,1.));
#11209=DIRECTION('',(-2.04085114820801E-16,0.,1.));
#11210=DIRECTION('',(0.,1.,0.));
#11211=DIRECTION('',(0.,1.,0.));
#11212=DIRECTION('',(0.,0.,1.));
#11213=DIRECTION('',(0.,-1.,0.));
#11214=DIRECTION('',(0.,0.,-1.));
#11215=DIRECTION('',(0.,1.,0.));
#11216=DIRECTION('',(0.,-1.,0.));
#11217=DIRECTION('',(0.,0.,-1.));
#11218=DIRECTION('',(0.,-1.,0.));
#11219=DIRECTION('',(0.,0.,-1.));
#11220=DIRECTION('',(0.,-1.,0.));
#11221=DIRECTION('',(1.,0.,0.));
#11222=DIRECTION('',(0.,1.,0.));
#11223=DIRECTION('',(0.,0.,1.));
#11224=DIRECTION('',(-9.25185853854297E-17,0.,1.));
#11225=DIRECTION('',(0.,-1.,0.));
#11226=DIRECTION('',(0.,0.,-1.));
#11227=DIRECTION('',(0.,-1.,0.));
#11228=DIRECTION('',(0.,0.,-1.));
#11229=DIRECTION('',(-9.25185853854297E-17,0.,1.));
#11230=DIRECTION('',(0.,-1.,0.));
#11231=DIRECTION('',(0.,0.,-1.));
#11232=DIRECTION('',(0.,-1.,0.));
#11233=DIRECTION('',(0.,0.,-1.));
#11234=DIRECTION('',(0.,-1.,0.));
#11235=DIRECTION('',(0.,0.,-1.));
#11236=DIRECTION('',(0.,-1.,0.));
#11237=DIRECTION('',(0.,0.,-1.));
#11238=DIRECTION('',(0.,-1.,0.));
#11239=DIRECTION('',(0.,0.,-1.));
#11240=DIRECTION('',(0.,-1.,0.));
#11241=DIRECTION('',(0.,0.,-1.));
#11242=DIRECTION('',(0.,-1.,0.));
#11243=DIRECTION('',(0.,0.,-1.));
#11244=DIRECTION('',(0.,-1.,0.));
#11245=DIRECTION('',(0.,0.,-1.));
#11246=DIRECTION('',(0.,-1.,0.));
#11247=DIRECTION('',(0.,0.,-1.));
#11248=DIRECTION('',(0.,-1.,0.));
#11249=DIRECTION('',(0.,0.,-1.));
#11250=DIRECTION('',(0.,-1.,0.));
#11251=DIRECTION('',(0.,0.,-1.));
#11252=DIRECTION('',(0.,-1.,0.));
#11253=DIRECTION('',(0.,0.,-1.));
#11254=DIRECTION('',(0.,-1.,0.));
#11255=DIRECTION('',(0.,0.,-1.));
#11256=DIRECTION('',(0.,-1.,0.));
#11257=DIRECTION('',(0.,0.,-1.));
#11258=DIRECTION('',(0.,-1.,0.));
#11259=DIRECTION('',(0.,0.,-1.));
#11260=DIRECTION('',(0.,-1.,0.));
#11261=DIRECTION('',(0.,0.,-1.));
#11262=DIRECTION('',(0.,1.,0.));
#11263=DIRECTION('',(0.,0.,1.));
#11264=DIRECTION('',(0.,1.,0.));
#11265=DIRECTION('',(0.,0.,1.));
#11266=DIRECTION('',(0.,1.,0.));
#11267=DIRECTION('',(0.,0.,1.));
#11268=DIRECTION('',(0.,-1.,0.));
#11269=DIRECTION('',(0.,0.,-1.));
#11270=DIRECTION('',(0.,1.,0.));
#11271=DIRECTION('',(0.,0.,1.));
#11272=DIRECTION('',(0.,-1.,0.));
#11273=DIRECTION('',(0.,0.,-1.));
#11274=DIRECTION('',(0.,1.,0.));
#11275=DIRECTION('',(0.,0.,1.));
#11276=DIRECTION('',(0.,-1.,0.));
#11277=DIRECTION('',(0.,0.,-1.));
#11278=DIRECTION('',(0.,1.,0.));
#11279=DIRECTION('',(0.,0.,1.));
#11280=DIRECTION('',(0.,-1.,0.));
#11281=DIRECTION('',(0.,0.,-1.));
#11282=DIRECTION('',(0.,1.,0.));
#11283=DIRECTION('',(0.,0.,1.));
#11284=DIRECTION('',(0.,1.,0.));
#11285=DIRECTION('',(0.,0.,1.));
#11286=DIRECTION('',(0.,1.,0.));
#11287=DIRECTION('',(0.,0.,1.));
#11288=DIRECTION('',(0.,1.,0.));
#11289=DIRECTION('',(0.,0.,1.));
#11290=DIRECTION('',(0.,1.,0.));
#11291=DIRECTION('',(0.,0.,1.));
#11292=DIRECTION('',(-1.37676466347366E-16,0.,1.));
#11293=DIRECTION('',(1.,0.,1.37676466347366E-16));
#11294=DIRECTION('',(0.,-1.,0.));
#11295=DIRECTION('',(-1.,0.,-1.37676466347366E-16));
#11296=DIRECTION('',(0.,-1.,0.));
#11297=DIRECTION('',(-1.,0.,-1.37676466347366E-16));
#11298=DIRECTION('',(1.,0.,1.3395548077041E-16));
#11299=DIRECTION('',(1.3395548077041E-16,0.,-1.));
#11300=DIRECTION('',(-1.3395548077041E-16,0.,1.));
#11301=DIRECTION('',(0.,-1.,0.));
#11302=DIRECTION('',(-1.3395548077041E-16,0.,1.));
#11303=DIRECTION('',(-1.83568621796487E-16,0.,1.));
#11304=DIRECTION('',(1.,0.,1.83568621796487E-16));
#11305=DIRECTION('',(-1.,0.,-1.83568621796487E-16));
#11306=DIRECTION('',(0.,-1.,0.));
#11307=DIRECTION('',(-1.,0.,-1.83568621796487E-16));
#11308=DIRECTION('',(1.,0.,1.3395548077041E-16));
#11309=DIRECTION('',(1.3395548077041E-16,0.,-1.));
#11310=DIRECTION('',(-1.3395548077041E-16,0.,1.));
#11311=DIRECTION('',(-1.3395548077041E-16,0.,1.));
#11312=DIRECTION('',(-1.3395548077041E-16,0.,1.));
#11313=DIRECTION('',(1.,0.,1.3395548077041E-16));
#11314=DIRECTION('',(0.707106781186547,0.,0.707106781186548));
#11315=DIRECTION('',(-0.707106781186548,0.,0.707106781186547));
#11316=DIRECTION('',(-0.707106781186548,0.,0.707106781186547));
#11317=DIRECTION('',(-0.707106781186547,0.,-0.707106781186548));
#11318=DIRECTION('',(-1.,0.,-1.37676466347366E-16));
#11319=DIRECTION('',(-1.37676466347366E-16,0.,1.));
#11320=DIRECTION('',(-0.707106781186547,0.,-0.707106781186548));
#11321=DIRECTION('',(0.707106781186548,0.,-0.707106781186547));
#11322=DIRECTION('',(1.,0.,1.83568621796487E-16));
#11323=DIRECTION('',(1.83568621796487E-16,0.,-1.));
#11324=DIRECTION('',(0.707106781186548,0.,-0.707106781186547));
#11325=DIRECTION('',(-0.707106781186547,0.,-0.707106781186548));
#11326=DIRECTION('',(1.3395548077041E-16,0.,-1.));
#11327=DIRECTION('',(-1.,0.,-1.3395548077041E-16));
#11328=DIRECTION('',(0.,-1.,0.));
#11329=DIRECTION('',(0.,0.,-1.));
#11330=DIRECTION('',(0.,-1.,0.));
#11331=DIRECTION('',(0.,0.,-1.));
#11332=DIRECTION('',(0.,-1.,0.));
#11333=DIRECTION('',(0.,0.,-1.));
#11334=DIRECTION('',(0.,-1.,0.));
#11335=DIRECTION('',(0.,0.,-1.));
#11336=DIRECTION('',(0.,-1.,0.));
#11337=DIRECTION('',(0.,0.,-1.));
#11338=DIRECTION('',(0.,-1.,0.));
#11339=DIRECTION('',(0.,0.,-1.));
#11340=DIRECTION('',(0.,-1.,0.));
#11341=DIRECTION('',(0.,0.,-1.));
#11342=DIRECTION('',(0.,-1.,0.));
#11343=DIRECTION('',(0.,0.,-1.));
#11344=DIRECTION('',(0.,0.,1.));
#11345=DIRECTION('',(1.,0.,0.));
#11346=DIRECTION('',(0.,-1.,0.));
#11347=DIRECTION('',(-1.,0.,0.));
#11348=DIRECTION('',(0.,-1.,0.));
#11349=DIRECTION('',(1.,0.,0.));
#11350=DIRECTION('',(0.,0.,-1.));
#11351=DIRECTION('',(0.,0.,1.));
#11352=DIRECTION('',(0.,1.,0.));
#11353=DIRECTION('',(0.,0.,1.));
#11354=DIRECTION('',(1.,0.,0.));
#11355=DIRECTION('',(-1.,0.,0.));
#11356=DIRECTION('',(0.,-1.,0.));
#11357=DIRECTION('',(1.,0.,0.));
#11358=DIRECTION('',(0.,0.,-1.));
#11359=DIRECTION('',(0.,0.,1.));
#11360=DIRECTION('',(0.,-1.,0.));
#11361=DIRECTION('',(0.,0.,1.));
#11362=DIRECTION('',(1.,0.,0.));
#11363=DIRECTION('',(-1.,0.,0.));
#11364=DIRECTION('',(0.,-1.,0.));
#11365=DIRECTION('',(1.,0.,0.));
#11366=DIRECTION('',(0.,0.,-1.));
#11367=DIRECTION('',(0.,0.,1.));
#11368=DIRECTION('',(0.,-1.,0.));
#11369=DIRECTION('',(0.,0.,1.));
#11370=DIRECTION('',(1.,0.,0.));
#11371=DIRECTION('',(-1.,0.,0.));
#11372=DIRECTION('',(0.,-1.,0.));
#11373=DIRECTION('',(1.,0.,0.));
#11374=DIRECTION('',(0.,0.,-1.));
#11375=DIRECTION('',(0.,0.,1.));
#11376=DIRECTION('',(0.,0.,1.));
#11377=DIRECTION('',(1.,0.,0.));
#11378=DIRECTION('',(0.707106781186548,0.,0.707106781186548));
#11379=DIRECTION('',(-0.707106781186548,0.,0.707106781186548));
#11380=DIRECTION('',(0.707106781186548,0.,0.707106781186548));
#11381=DIRECTION('',(-0.707106781186548,0.,0.707106781186548));
#11382=DIRECTION('',(1.,0.,0.));
#11383=DIRECTION('',(0.,0.,-1.));
#11384=DIRECTION('',(0.707106781186548,0.,0.707106781186548));
#11385=DIRECTION('',(-0.707106781186548,0.,0.707106781186548));
#11386=DIRECTION('',(1.,0.,0.));
#11387=DIRECTION('',(0.,0.,-1.));
#11388=DIRECTION('',(0.707106781186548,0.,-0.707106781186548));
#11389=DIRECTION('',(-0.707106781186548,0.,-0.707106781186548));
#11390=DIRECTION('',(0.,0.,1.));
#11391=DIRECTION('',(1.,0.,0.));
#11392=DIRECTION('',(-0.707106781186548,0.,0.707106781186548));
#11393=DIRECTION('',(-0.707106781186548,0.,-0.707106781186548));
#11394=DIRECTION('',(0.,0.,-1.));
#11395=DIRECTION('',(-1.,0.,0.));
#11396=DIRECTION('',(0.707106781186548,0.,-0.707106781186548));
#11397=DIRECTION('',(-0.707106781186548,0.,-0.707106781186548));
#11398=DIRECTION('',(-1.,0.,0.));
#11399=DIRECTION('',(0.,0.,1.));
#11400=DIRECTION('',(-0.707106781186548,0.,0.707106781186548));
#11401=DIRECTION('',(0.707106781186548,0.,0.707106781186548));
#11402=DIRECTION('',(1.,0.,0.));
#11403=DIRECTION('',(0.,0.,-1.));
#11404=DIRECTION('',(-1.,0.,0.));
#11405=DIRECTION('',(0.707106781186548,0.,-0.707106781186548));
#11406=DIRECTION('',(-0.707106781186548,0.,-0.707106781186548));
#11407=DIRECTION('',(0.,0.,1.));
#11408=DIRECTION('',(1.,0.,0.));
#11409=DIRECTION('',(-0.707106781186548,0.,0.707106781186548));
#11410=DIRECTION('',(-0.707106781186548,0.,-0.707106781186548));
#11411=DIRECTION('',(0.,0.,-1.));
#11412=DIRECTION('',(-1.,0.,0.));
#11413=DIRECTION('',(0.,0.,1.));
#11414=DIRECTION('',(-0.707106781186548,0.,-0.707106781186548));
#11415=DIRECTION('',(-0.707106781186548,0.,0.707106781186548));
#11416=DIRECTION('',(-1.,0.,0.));
#11417=DIRECTION('',(0.,0.,1.));
#11418=DIRECTION('',(-0.707106781186548,0.,-0.707106781186548));
#11419=DIRECTION('',(0.707106781186548,0.,-0.707106781186548));
#11420=DIRECTION('',(-1.,0.,0.));
#11421=DIRECTION('',(0.,0.,1.));
#11422=DIRECTION('',(-1.,0.,0.));
#11423=DIRECTION('',(-0.707106781186548,0.,-0.707106781186548));
#11424=DIRECTION('',(-0.707106781186548,0.,0.707106781186548));
#11425=DIRECTION('',(0.,0.,-1.));
#11426=DIRECTION('',(-1.,0.,0.));
#11427=DIRECTION('',(0.,-1.,0.));
#11428=DIRECTION('',(0.,-1.,0.));
#11429=DIRECTION('',(0.,-1.,0.));
#11430=DIRECTION('',(0.,-1.,0.));
#11431=DIRECTION('',(0.,-1.,0.));
#11432=DIRECTION('',(0.,-1.,0.));
#11433=DIRECTION('',(-0.83713937257087,0.,-0.546989644227065));
#11434=DIRECTION('',(0.,-1.,0.));
#11435=DIRECTION('',(0.,-1.,0.));
#11436=DIRECTION('',(0.,0.,-1.));
#11437=DIRECTION('',(0.,-1.,0.));
#11438=DIRECTION('',(-0.998243083928752,0.,-0.059251543342052));
#11439=DIRECTION('',(0.,-1.,0.));
#11440=DIRECTION('',(0.,-1.,0.));
#11441=DIRECTION('',(0.,0.,-1.));
#11442=DIRECTION('',(0.,-1.,0.));
#11443=DIRECTION('',(-0.809965215890998,0.,0.586477918635177));
#11444=DIRECTION('',(0.,-1.,0.));
#11445=DIRECTION('',(0.,-1.,0.));
#11446=DIRECTION('',(0.,0.,-1.));
#11447=DIRECTION('',(0.,-1.,0.));
#11448=DIRECTION('',(0.,-1.,0.));
#11449=DIRECTION('',(0.325870809486763,0.,0.945414308927278));
#11450=DIRECTION('',(0.,-1.,0.));
#11451=DIRECTION('',(0.,-1.,0.));
#11452=DIRECTION('',(0.,0.,-1.));
#11453=DIRECTION('',(0.,-1.,0.));
#11454=DIRECTION('',(0.51022804627927,0.,0.860039150730965));
#11455=DIRECTION('',(0.,-1.,0.));
#11456=DIRECTION('',(0.,-1.,0.));
#11457=DIRECTION('',(0.,0.,-1.));
#11458=DIRECTION('',(-0.825528394886108,0.,0.564360584411037));
#11459=DIRECTION('',(0.564360584411037,0.,0.825528394886108));
#11460=DIRECTION('',(0.,-1.,0.));
#11461=DIRECTION('',(-0.564360584411037,0.,-0.825528394886108));
#11462=DIRECTION('',(0.,-1.,0.));
#11463=DIRECTION('',(0.516270418052388,0.,0.856425627503061));
#11464=DIRECTION('',(0.,-1.,0.));
#11465=DIRECTION('',(0.,-1.,0.));
#11466=DIRECTION('',(0.,0.,-1.));
#11467=DIRECTION('',(0.,-1.,0.));
#11468=DIRECTION('',(0.325613754105748,0.,0.945502873151193));
#11469=DIRECTION('',(0.,-1.,0.));
#11470=DIRECTION('',(0.,-1.,0.));
#11471=DIRECTION('',(0.,0.,-1.));
#11472=DIRECTION('',(0.,-1.,0.));
#11473=DIRECTION('',(0.,-1.,0.));
#11474=DIRECTION('',(0.,-1.,0.));
#11475=DIRECTION('',(-0.999828686308175,0.,-0.0185094039684837));
#11476=DIRECTION('',(0.,-1.,0.));
#11477=DIRECTION('',(0.,-1.,0.));
#11478=DIRECTION('',(0.,0.,-1.));
#11479=DIRECTION('',(0.,-1.,0.));
#11480=DIRECTION('',(-0.895034509179282,0.,-0.445996891668768));
#11481=DIRECTION('',(0.,-1.,0.));
#11482=DIRECTION('',(0.,-1.,0.));
#11483=DIRECTION('',(0.,0.,-1.));
#11484=DIRECTION('',(0.,-1.,0.));
#11485=DIRECTION('',(0.,-1.,0.));
#11486=DIRECTION('',(0.,-1.,0.));
#11487=DIRECTION('',(0.817371907802226,0.,0.576110375132881));
#11488=DIRECTION('',(0.,-1.,0.));
#11489=DIRECTION('',(0.,-1.,0.));
#11490=DIRECTION('',(0.,0.,-1.));
#11491=DIRECTION('',(0.,-1.,0.));
#11492=DIRECTION('',(0.99511256437529,0.,0.0987470719689188));
#11493=DIRECTION('',(0.,-1.,0.));
#11494=DIRECTION('',(0.,-1.,0.));
#11495=DIRECTION('',(0.,0.,-1.));
#11496=DIRECTION('',(0.,-1.,0.));
#11497=DIRECTION('',(0.,-1.,0.));
#11498=DIRECTION('',(0.,-1.,0.));
#11499=DIRECTION('',(-0.338129619825455,0.,-0.941099548505201));
#11500=DIRECTION('',(0.,-1.,0.));
#11501=DIRECTION('',(0.,-1.,0.));
#11502=DIRECTION('',(0.,0.,-1.));
#11503=DIRECTION('',(0.,-1.,0.));
#11504=DIRECTION('',(0.978586413710616,0.,-0.205836417820062));
#11505=DIRECTION('',(-0.205836417820062,0.,-0.978586413710616));
#11506=DIRECTION('',(0.,-1.,0.));
#11507=DIRECTION('',(0.205836417820062,0.,0.978586413710616));
#11508=DIRECTION('',(0.,-1.,0.));
#11509=DIRECTION('',(0.,-1.,0.));
#11510=DIRECTION('',(1.,0.,0.));
#11511=DIRECTION('',(-0.978586413710614,0.,0.205836417820071));
#11512=DIRECTION('',(0.205836417820071,0.,0.978586413710614));
#11513=DIRECTION('',(0.,-1.,0.));
#11514=DIRECTION('',(-0.205836417820071,0.,-0.978586413710614));
#11515=DIRECTION('',(0.,-1.,0.));
#11516=DIRECTION('',(0.20583641782007,0.,0.978586413710614));
#11517=DIRECTION('',(0.978586413710614,0.,-0.20583641782007));
#11518=DIRECTION('',(0.,-1.,0.));
#11519=DIRECTION('',(-0.978586413710614,0.,0.20583641782007));
#11520=DIRECTION('',(0.93958462054043,0.,0.34231672591899));
#11521=DIRECTION('',(0.34231672591899,0.,-0.93958462054043));
#11522=DIRECTION('',(0.,-1.,0.));
#11523=DIRECTION('',(-0.34231672591899,0.,0.939584620540429));
#11524=DIRECTION('',(0.205836417820082,0.,0.978586413710612));
#11525=DIRECTION('',(0.978586413710612,0.,-0.205836417820082));
#11526=DIRECTION('',(0.,-1.,0.));
#11527=DIRECTION('',(-0.978586413710612,0.,0.205836417820082));
#11528=DIRECTION('',(0.,-1.,0.));
#11529=DIRECTION('',(-0.925892970820625,0.,-0.377785926928145));
#11530=DIRECTION('',(0.,-1.,0.));
#11531=DIRECTION('',(0.,-1.,0.));
#11532=DIRECTION('',(0.,0.,-1.));
#11533=DIRECTION('',(0.,-1.,0.));
#11534=DIRECTION('',(0.,-1.,0.));
#11535=DIRECTION('',(0.872928028054812,0.,-0.487849011310197));
#11536=DIRECTION('',(0.,-1.,0.));
#11537=DIRECTION('',(0.,-1.,0.));
#11538=DIRECTION('',(0.,0.,-1.));
#11539=DIRECTION('',(0.,-1.,0.));
#11540=DIRECTION('',(0.,-1.,0.));
#11541=DIRECTION('',(-0.20583641782008,0.,-0.978586413710612));
#11542=DIRECTION('',(-0.978586413710612,0.,0.20583641782008));
#11543=DIRECTION('',(0.,-1.,0.));
#11544=DIRECTION('',(0.978586413710612,0.,-0.20583641782008));
#11545=DIRECTION('',(0.978586413710612,0.,-0.205836417820083));
#11546=DIRECTION('',(-0.205836417820083,0.,-0.978586413710612));
#11547=DIRECTION('',(0.,-1.,0.));
#11548=DIRECTION('',(0.205836417820083,0.,0.978586413710612));
#11549=DIRECTION('',(-0.205836417820077,0.,-0.978586413710613));
#11550=DIRECTION('',(-0.978586413710613,0.,0.205836417820077));
#11551=DIRECTION('',(0.978586413710613,0.,-0.205836417820077));
#11552=DIRECTION('',(0.,-1.,0.));
#11553=DIRECTION('',(0.978586413710613,0.,-0.205836417820077));
#11554=DIRECTION('',(0.,-1.,0.));
#11555=DIRECTION('',(-0.978586413710616,0.,0.205836417820062));
#11556=DIRECTION('',(0.205836417820062,0.,0.978586413710616));
#11557=DIRECTION('',(-0.205836417820062,0.,-0.978586413710616));
#11558=DIRECTION('',(0.,-1.,0.));
#11559=DIRECTION('',(-0.205836417820062,0.,-0.978586413710616));
#11560=DIRECTION('',(0.205836417820073,0.,0.978586413710614));
#11561=DIRECTION('',(0.978586413710614,0.,-0.205836417820073));
#11562=DIRECTION('',(-0.978586413710614,0.,0.205836417820073));
#11563=DIRECTION('',(0.,-1.,0.));
#11564=DIRECTION('',(-0.978586413710614,0.,0.205836417820073));
#11565=DIRECTION('',(0.,-1.,0.));
#11566=DIRECTION('',(0.,-1.,0.));
#11567=DIRECTION('',(0.,-1.,0.));
#11568=DIRECTION('',(0.20583641782008,0.,0.978586413710612));
#11569=DIRECTION('',(0.978586413710612,0.,-0.20583641782008));
#11570=DIRECTION('',(-0.978586413710612,0.,0.20583641782008));
#11571=DIRECTION('',(0.,-1.,0.));
#11572=DIRECTION('',(1.,0.,0.));
#11573=DIRECTION('',(0.,-1.,0.));
#11574=DIRECTION('',(1.,0.,0.));
#11575=DIRECTION('',(0.995707932255026,4.28250564809826E-25,0.0925511406975633));
#11576=DIRECTION('',(0.0925511406975633,-3.16790193220799E-16,-0.995707932255026));
#11577=DIRECTION('',(-0.0925511406975633,0.,0.995707932255026));
#11578=DIRECTION('',(4.38673143401523E-25,-1.,-9.22707562322081E-26));
#11579=DIRECTION('',(0.0925511406975633,-3.16790193220799E-16,-0.995707932255026));
#11580=DIRECTION('',(0.,-1.,0.));
#11581=DIRECTION('',(-0.205836417820077,0.,-0.978586413710613));
#11582=DIRECTION('',(-0.978586413710613,0.,0.205836417820077));
#11583=DIRECTION('',(0.978586413710613,0.,-0.205836417820077));
#11584=DIRECTION('',(0.,-1.,0.));
#11585=DIRECTION('',(0.978586413710613,0.,-0.205836417820077));
#11586=DIRECTION('',(0.,-1.,0.));
#11587=DIRECTION('',(0.996129376500751,0.,0.087899176743733));
#11588=DIRECTION('',(0.087899176743733,0.,-0.996129376500751));
#11589=DIRECTION('',(0.,-1.,0.));
#11590=DIRECTION('',(-0.0878991767437329,0.,0.996129376500751));
#11591=DIRECTION('',(0.,-1.,0.));
#11592=DIRECTION('',(0.205836417820077,0.,0.978586413710613));
#11593=DIRECTION('',(0.978586413710613,0.,-0.205836417820077));
#11594=DIRECTION('',(0.,-1.,0.));
#11595=DIRECTION('',(-0.978586413710613,0.,0.205836417820077));
#11596=DIRECTION('',(-0.991311529417252,0.,-0.131534982588013));
#11597=DIRECTION('',(-0.131534982588013,0.,0.991311529417252));
#11598=DIRECTION('',(0.,-1.,0.));
#11599=DIRECTION('',(0.131534982588013,0.,-0.991311529417252));
#11600=DIRECTION('',(-0.205836417820077,0.,-0.978586413710613));
#11601=DIRECTION('',(-0.978586413710613,0.,0.205836417820077));
#11602=DIRECTION('',(0.,-1.,0.));
#11603=DIRECTION('',(0.978586413710613,0.,-0.205836417820077));
#11604=DIRECTION('',(0.85492476473673,0.,-0.518752008805601));
#11605=DIRECTION('',(-0.518752008805601,0.,-0.85492476473673));
#11606=DIRECTION('',(0.,-1.,0.));
#11607=DIRECTION('',(0.518752008805601,0.,0.85492476473673));
#11608=DIRECTION('',(0.205836417820077,0.,0.978586413710613));
#11609=DIRECTION('',(0.978586413710613,0.,-0.205836417820077));
#11610=DIRECTION('',(0.,-1.,0.));
#11611=DIRECTION('',(-0.978586413710613,0.,0.205836417820077));
#11612=DIRECTION('',(-0.87630926307594,0.,0.481748975553974));
#11613=DIRECTION('',(0.481748975553974,0.,0.87630926307594));
#11614=DIRECTION('',(0.,-1.,0.));
#11615=DIRECTION('',(-0.481748975553974,0.,-0.87630926307594));
#11616=DIRECTION('',(0.205836417820079,0.,0.978586413710613));
#11617=DIRECTION('',(0.978586413710613,0.,-0.205836417820079));
#11618=DIRECTION('',(-0.978586413710613,0.,0.205836417820079));
#11619=DIRECTION('',(0.,-1.,0.));
#11620=DIRECTION('',(-0.998509166354783,0.,-0.0545842899145517));
#11621=DIRECTION('',(0.,-1.,0.));
#11622=DIRECTION('',(0.,0.,-1.));
#11623=DIRECTION('',(0.,-1.,0.));
#11624=DIRECTION('',(0.,0.,-1.));
#11625=DIRECTION('',(0.,-1.,0.));
#11626=DIRECTION('',(1.,0.,0.));
#11627=DIRECTION('',(0.20583641782008,0.,0.978586413710612));
#11628=DIRECTION('',(0.978586413710612,0.,-0.20583641782008));
#11629=DIRECTION('',(0.,-1.,0.));
#11630=DIRECTION('',(-0.978586413710612,0.,0.20583641782008));
#11631=DIRECTION('',(0.,-1.,0.));
#11632=DIRECTION('',(-0.978586413710613,0.,0.205836417820078));
#11633=DIRECTION('',(0.205836417820078,0.,0.978586413710613));
#11634=DIRECTION('',(0.,-1.,0.));
#11635=DIRECTION('',(-0.205836417820078,0.,-0.978586413710613));
#11636=DIRECTION('',(0.205836417820078,0.,0.978586413710613));
#11637=DIRECTION('',(0.978586413710613,0.,-0.205836417820078));
#11638=DIRECTION('',(0.,-1.,0.));
#11639=DIRECTION('',(-0.978586413710613,0.,0.205836417820078));
#11640=DIRECTION('',(-0.978586413710613,0.,0.205836417820079));
#11641=DIRECTION('',(0.205836417820079,0.,0.978586413710613));
#11642=DIRECTION('',(0.,-1.,0.));
#11643=DIRECTION('',(-0.205836417820079,0.,-0.978586413710613));
#11644=DIRECTION('',(-0.205836417820077,0.,-0.978586413710613));
#11645=DIRECTION('',(-0.978586413710613,0.,0.205836417820077));
#11646=DIRECTION('',(0.,-1.,0.));
#11647=DIRECTION('',(0.978586413710613,0.,-0.205836417820077));
#11648=DIRECTION('',(0.978586413710613,0.,-0.205836417820079));
#11649=DIRECTION('',(-0.205836417820079,0.,-0.978586413710613));
#11650=DIRECTION('',(0.,-1.,0.));
#11651=DIRECTION('',(0.205836417820079,0.,0.978586413710613));
#11652=DIRECTION('',(0.205836417820082,0.,0.978586413710612));
#11653=DIRECTION('',(0.978586413710612,0.,-0.205836417820082));
#11654=DIRECTION('',(0.,-1.,0.));
#11655=DIRECTION('',(-0.978586413710612,0.,0.205836417820082));
#11656=DIRECTION('',(0.978586413710613,0.,-0.205836417820078));
#11657=DIRECTION('',(-0.205836417820078,0.,-0.978586413710613));
#11658=DIRECTION('',(0.205836417820078,0.,0.978586413710613));
#11659=DIRECTION('',(0.,-1.,0.));
#11660=DIRECTION('',(1.,0.,0.));
#11661=DIRECTION('',(0.20583641782008,0.,0.978586413710612));
#11662=DIRECTION('',(0.978586413710612,0.,-0.20583641782008));
#11663=DIRECTION('',(0.,-1.,0.));
#11664=DIRECTION('',(-0.978586413710612,0.,0.20583641782008));
#11665=DIRECTION('',(0.,-1.,0.));
#11666=DIRECTION('',(-0.978586413710613,0.,0.205836417820078));
#11667=DIRECTION('',(0.205836417820078,0.,0.978586413710613));
#11668=DIRECTION('',(0.,-1.,0.));
#11669=DIRECTION('',(-0.205836417820078,0.,-0.978586413710613));
#11670=DIRECTION('',(0.205836417820078,0.,0.978586413710613));
#11671=DIRECTION('',(0.978586413710613,0.,-0.205836417820078));
#11672=DIRECTION('',(0.,-1.,0.));
#11673=DIRECTION('',(-0.978586413710613,0.,0.205836417820078));
#11674=DIRECTION('',(-0.978586413710613,0.,0.205836417820079));
#11675=DIRECTION('',(0.205836417820079,0.,0.978586413710613));
#11676=DIRECTION('',(0.,-1.,0.));
#11677=DIRECTION('',(-0.205836417820079,0.,-0.978586413710613));
#11678=DIRECTION('',(-0.205836417820077,0.,-0.978586413710613));
#11679=DIRECTION('',(-0.978586413710613,0.,0.205836417820077));
#11680=DIRECTION('',(0.,-1.,0.));
#11681=DIRECTION('',(0.978586413710613,0.,-0.205836417820077));
#11682=DIRECTION('',(0.978586413710613,0.,-0.205836417820079));
#11683=DIRECTION('',(-0.205836417820079,0.,-0.978586413710613));
#11684=DIRECTION('',(0.,-1.,0.));
#11685=DIRECTION('',(0.205836417820079,0.,0.978586413710613));
#11686=DIRECTION('',(0.205836417820082,0.,0.978586413710612));
#11687=DIRECTION('',(0.978586413710612,0.,-0.205836417820082));
#11688=DIRECTION('',(0.,-1.,0.));
#11689=DIRECTION('',(-0.978586413710612,0.,0.205836417820082));
#11690=DIRECTION('',(0.978586413710613,0.,-0.205836417820078));
#11691=DIRECTION('',(-0.205836417820078,0.,-0.978586413710613));
#11692=DIRECTION('',(0.205836417820078,0.,0.978586413710613));
#11693=DIRECTION('',(0.,-1.,0.));
#11694=DIRECTION('',(1.,0.,0.));
#11695=DIRECTION('',(0.205836417820078,0.,0.978586413710613));
#11696=DIRECTION('',(0.978586413710613,0.,-0.205836417820078));
#11697=DIRECTION('',(0.,-1.,0.));
#11698=DIRECTION('',(-0.978586413710613,0.,0.205836417820078));
#11699=DIRECTION('',(0.,-1.,0.));
#11700=DIRECTION('',(-0.978586413710617,0.,0.205836417820056));
#11701=DIRECTION('',(0.205836417820056,0.,0.978586413710617));
#11702=DIRECTION('',(0.,-1.,0.));
#11703=DIRECTION('',(-0.205836417820056,0.,-0.978586413710617));
#11704=DIRECTION('',(-0.205836417820082,0.,-0.978586413710612));
#11705=DIRECTION('',(-0.978586413710612,0.,0.205836417820082));
#11706=DIRECTION('',(0.,-1.,0.));
#11707=DIRECTION('',(0.978586413710612,0.,-0.205836417820082));
#11708=DIRECTION('',(-0.978586413710612,0.,0.20583641782008));
#11709=DIRECTION('',(0.20583641782008,0.,0.978586413710612));
#11710=DIRECTION('',(0.,-1.,0.));
#11711=DIRECTION('',(-0.20583641782008,0.,-0.978586413710612));
#11712=DIRECTION('',(0.20583641782008,0.,0.978586413710612));
#11713=DIRECTION('',(0.978586413710612,0.,-0.20583641782008));
#11714=DIRECTION('',(0.,-1.,0.));
#11715=DIRECTION('',(-0.978586413710612,0.,0.20583641782008));
#11716=DIRECTION('',(-0.978586413710617,0.,0.205836417820058));
#11717=DIRECTION('',(0.205836417820058,0.,0.978586413710617));
#11718=DIRECTION('',(0.,-1.,0.));
#11719=DIRECTION('',(-0.205836417820058,0.,-0.978586413710617));
#11720=DIRECTION('',(-0.20583641782008,0.,-0.978586413710612));
#11721=DIRECTION('',(-0.978586413710612,0.,0.20583641782008));
#11722=DIRECTION('',(0.,-1.,0.));
#11723=DIRECTION('',(0.978586413710612,0.,-0.20583641782008));
#11724=DIRECTION('',(-0.978586413710615,0.,0.205836417820066));
#11725=DIRECTION('',(0.205836417820066,0.,0.978586413710615));
#11726=DIRECTION('',(0.,-1.,0.));
#11727=DIRECTION('',(-0.205836417820066,0.,-0.978586413710615));
#11728=DIRECTION('',(0.205836417820076,0.,0.978586413710613));
#11729=DIRECTION('',(0.978586413710613,0.,-0.205836417820076));
#11730=DIRECTION('',(0.,-1.,0.));
#11731=DIRECTION('',(-0.978586413710613,0.,0.205836417820076));
#11732=DIRECTION('',(-0.978586413710617,0.,0.205836417820058));
#11733=DIRECTION('',(0.205836417820058,0.,0.978586413710617));
#11734=DIRECTION('',(0.,-1.,0.));
#11735=DIRECTION('',(-0.205836417820058,0.,-0.978586413710617));
#11736=DIRECTION('',(-0.205836417820078,0.,-0.978586413710613));
#11737=DIRECTION('',(-0.978586413710613,0.,0.205836417820078));
#11738=DIRECTION('',(0.,-1.,0.));
#11739=DIRECTION('',(0.978586413710613,0.,-0.205836417820078));
#11740=DIRECTION('',(0.978586413710613,0.,-0.205836417820075));
#11741=DIRECTION('',(-0.205836417820075,0.,-0.978586413710613));
#11742=DIRECTION('',(0.205836417820075,0.,0.978586413710613));
#11743=DIRECTION('',(0.,-1.,0.));
#11744=DIRECTION('',(1.,0.,0.));
#11745=DIRECTION('',(0.,-1.,0.));
#11746=DIRECTION('',(0.,-1.,0.));
#11747=DIRECTION('',(0.,-1.,0.));
#11748=DIRECTION('',(0.,-1.,0.));
#11749=DIRECTION('',(0.,-1.,0.));
#11750=DIRECTION('',(0.,-1.,0.));
#11751=DIRECTION('',(-0.837139372570577,0.,-0.546989644227513));
#11752=DIRECTION('',(0.,-1.,0.));
#11753=DIRECTION('',(0.,-1.,0.));
#11754=DIRECTION('',(0.,0.,-1.));
#11755=DIRECTION('',(0.,-1.,0.));
#11756=DIRECTION('',(-0.99824308392878,0.,-0.0592515433415829));
#11757=DIRECTION('',(0.,-1.,0.));
#11758=DIRECTION('',(0.,-1.,0.));
#11759=DIRECTION('',(0.,0.,-1.));
#11760=DIRECTION('',(0.,-1.,0.));
#11761=DIRECTION('',(-0.809965215897687,0.,0.586477918625939));
#11762=DIRECTION('',(0.,-1.,0.));
#11763=DIRECTION('',(0.,-1.,0.));
#11764=DIRECTION('',(0.,0.,-1.));
#11765=DIRECTION('',(0.,-1.,0.));
#11766=DIRECTION('',(0.,-1.,0.));
#11767=DIRECTION('',(0.325870809486854,0.,0.945414308927246));
#11768=DIRECTION('',(0.,-1.,0.));
#11769=DIRECTION('',(0.,-1.,0.));
#11770=DIRECTION('',(0.,0.,-1.));
#11771=DIRECTION('',(0.,-1.,0.));
#11772=DIRECTION('',(0.510228046279187,0.,0.860039150731014));
#11773=DIRECTION('',(0.,-1.,0.));
#11774=DIRECTION('',(0.,-1.,0.));
#11775=DIRECTION('',(0.,0.,-1.));
#11776=DIRECTION('',(-0.825528394886108,0.,0.564360584411037));
#11777=DIRECTION('',(0.564360584411037,0.,0.825528394886108));
#11778=DIRECTION('',(0.,-1.,0.));
#11779=DIRECTION('',(-0.564360584411037,0.,-0.825528394886108));
#11780=DIRECTION('',(0.,-1.,0.));
#11781=DIRECTION('',(0.516270418052305,0.,0.856425627503111));
#11782=DIRECTION('',(0.,-1.,0.));
#11783=DIRECTION('',(0.,-1.,0.));
#11784=DIRECTION('',(0.,0.,-1.));
#11785=DIRECTION('',(0.,-1.,0.));
#11786=DIRECTION('',(0.32561375410582,0.,0.945502873151168));
#11787=DIRECTION('',(0.,-1.,0.));
#11788=DIRECTION('',(0.,-1.,0.));
#11789=DIRECTION('',(0.,0.,-1.));
#11790=DIRECTION('',(0.,-1.,0.));
#11791=DIRECTION('',(0.,-1.,0.));
#11792=DIRECTION('',(0.,-1.,0.));
#11793=DIRECTION('',(-0.999828686308176,0.,-0.0185094039684324));
#11794=DIRECTION('',(0.,-1.,0.));
#11795=DIRECTION('',(0.,-1.,0.));
#11796=DIRECTION('',(0.,0.,-1.));
#11797=DIRECTION('',(0.,-1.,0.));
#11798=DIRECTION('',(-0.895034509179371,0.,-0.445996891668588));
#11799=DIRECTION('',(0.,-1.,0.));
#11800=DIRECTION('',(0.,-1.,0.));
#11801=DIRECTION('',(0.,0.,-1.));
#11802=DIRECTION('',(0.,-1.,0.));
#11803=DIRECTION('',(0.,-1.,0.));
#11804=DIRECTION('',(0.,-1.,0.));
#11805=DIRECTION('',(0.817371907801962,0.,0.576110375133256));
#11806=DIRECTION('',(0.,-1.,0.));
#11807=DIRECTION('',(0.,-1.,0.));
#11808=DIRECTION('',(0.,0.,-1.));
#11809=DIRECTION('',(0.,-1.,0.));
#11810=DIRECTION('',(0.995112564375253,0.,0.0987470719692909));
#11811=DIRECTION('',(0.,-1.,0.));
#11812=DIRECTION('',(0.,-1.,0.));
#11813=DIRECTION('',(0.,0.,-1.));
#11814=DIRECTION('',(0.,-1.,0.));
#11815=DIRECTION('',(0.,-1.,0.));
#11816=DIRECTION('',(0.,-1.,0.));
#11817=DIRECTION('',(-0.338129619825792,0.,-0.94109954850508));
#11818=DIRECTION('',(0.,-1.,0.));
#11819=DIRECTION('',(0.,-1.,0.));
#11820=DIRECTION('',(0.,0.,-1.));
#11821=DIRECTION('',(0.,-1.,0.));
#11822=DIRECTION('',(0.978586413710616,0.,-0.205836417820062));
#11823=DIRECTION('',(-0.205836417820062,0.,-0.978586413710616));
#11824=DIRECTION('',(0.,-1.,0.));
#11825=DIRECTION('',(0.205836417820062,0.,0.978586413710616));
#11826=DIRECTION('',(0.,-1.,0.));
#11827=DIRECTION('',(0.,-1.,0.));
#11828=DIRECTION('',(1.,0.,0.));
#11829=DIRECTION('',(0.978586413710613,0.,-0.205836417820075));
#11830=DIRECTION('',(-0.205836417820075,0.,-0.978586413710613));
#11831=DIRECTION('',(0.,-1.,0.));
#11832=DIRECTION('',(0.205836417820075,0.,0.978586413710613));
#11833=DIRECTION('',(0.,-1.,0.));
#11834=DIRECTION('',(0.205836417820076,0.,0.978586413710613));
#11835=DIRECTION('',(0.978586413710613,0.,-0.205836417820076));
#11836=DIRECTION('',(0.,-1.,0.));
#11837=DIRECTION('',(-0.978586413710613,0.,0.205836417820076));
#11838=DIRECTION('',(-0.978586413710617,0.,0.205836417820056));
#11839=DIRECTION('',(0.205836417820056,0.,0.978586413710617));
#11840=DIRECTION('',(0.,-1.,0.));
#11841=DIRECTION('',(-0.205836417820056,0.,-0.978586413710617));
#11842=DIRECTION('',(-0.205836417820074,0.,-0.978586413710614));
#11843=DIRECTION('',(-0.978586413710614,0.,0.205836417820074));
#11844=DIRECTION('',(0.,-1.,0.));
#11845=DIRECTION('',(0.978586413710614,0.,-0.205836417820074));
#11846=DIRECTION('',(-0.978586413710613,0.,0.205836417820078));
#11847=DIRECTION('',(0.205836417820078,0.,0.978586413710613));
#11848=DIRECTION('',(0.,-1.,0.));
#11849=DIRECTION('',(-0.205836417820078,0.,-0.978586413710613));
#11850=DIRECTION('',(-0.20583641782008,0.,-0.978586413710612));
#11851=DIRECTION('',(-0.978586413710612,0.,0.20583641782008));
#11852=DIRECTION('',(0.978586413710612,0.,-0.20583641782008));
#11853=DIRECTION('',(0.,-1.,0.));
#11854=DIRECTION('',(1.,0.,0.));
#11855=DIRECTION('',(0.205836417820079,0.,0.978586413710612));
#11856=DIRECTION('',(0.978586413710612,0.,-0.205836417820079));
#11857=DIRECTION('',(0.,-1.,0.));
#11858=DIRECTION('',(-0.978586413710612,0.,0.20583641782008));
#11859=DIRECTION('',(0.,-1.,0.));
#11860=DIRECTION('',(-0.978586413710617,0.,0.205836417820056));
#11861=DIRECTION('',(0.205836417820056,0.,0.978586413710617));
#11862=DIRECTION('',(0.,-1.,0.));
#11863=DIRECTION('',(-0.205836417820056,0.,-0.978586413710617));
#11864=DIRECTION('',(-0.205836417820082,0.,-0.978586413710612));
#11865=DIRECTION('',(-0.978586413710612,0.,0.205836417820082));
#11866=DIRECTION('',(0.,-1.,0.));
#11867=DIRECTION('',(0.978586413710612,0.,-0.205836417820082));
#11868=DIRECTION('',(-0.978586413710612,0.,0.205836417820081));
#11869=DIRECTION('',(0.205836417820081,0.,0.978586413710612));
#11870=DIRECTION('',(0.,-1.,0.));
#11871=DIRECTION('',(-0.205836417820081,0.,-0.978586413710612));
#11872=DIRECTION('',(0.20583641782008,0.,0.978586413710612));
#11873=DIRECTION('',(0.978586413710612,0.,-0.20583641782008));
#11874=DIRECTION('',(0.,-1.,0.));
#11875=DIRECTION('',(-0.978586413710612,0.,0.20583641782008));
#11876=DIRECTION('',(-0.978586413710616,0.,0.205836417820061));
#11877=DIRECTION('',(0.205836417820061,0.,0.978586413710616));
#11878=DIRECTION('',(0.,-1.,0.));
#11879=DIRECTION('',(-0.205836417820061,0.,-0.978586413710616));
#11880=DIRECTION('',(-0.205836417820077,0.,-0.978586413710613));
#11881=DIRECTION('',(-0.978586413710613,0.,0.205836417820077));
#11882=DIRECTION('',(0.,-1.,0.));
#11883=DIRECTION('',(0.978586413710613,0.,-0.205836417820077));
#11884=DIRECTION('',(-0.978586413710615,0.,0.205836417820066));
#11885=DIRECTION('',(0.205836417820066,0.,0.978586413710615));
#11886=DIRECTION('',(0.,-1.,0.));
#11887=DIRECTION('',(-0.205836417820066,0.,-0.978586413710615));
#11888=DIRECTION('',(0.205836417820076,0.,0.978586413710613));
#11889=DIRECTION('',(0.978586413710613,0.,-0.205836417820076));
#11890=DIRECTION('',(0.,-1.,0.));
#11891=DIRECTION('',(-0.978586413710613,0.,0.205836417820076));
#11892=DIRECTION('',(-0.978586413710617,0.,0.205836417820058));
#11893=DIRECTION('',(0.205836417820058,0.,0.978586413710617));
#11894=DIRECTION('',(0.,-1.,0.));
#11895=DIRECTION('',(-0.205836417820058,0.,-0.978586413710617));
#11896=DIRECTION('',(-0.205836417820078,0.,-0.978586413710613));
#11897=DIRECTION('',(-0.978586413710613,0.,0.205836417820078));
#11898=DIRECTION('',(0.,-1.,0.));
#11899=DIRECTION('',(0.978586413710613,0.,-0.205836417820078));
#11900=DIRECTION('',(0.978586413710613,0.,-0.205836417820075));
#11901=DIRECTION('',(-0.205836417820075,0.,-0.978586413710613));
#11902=DIRECTION('',(0.205836417820075,0.,0.978586413710613));
#11903=DIRECTION('',(0.,-1.,0.));
#11904=DIRECTION('',(1.,0.,0.));
#11905=DIRECTION('',(0.,-1.,0.));
#11906=DIRECTION('',(0.,-1.,0.));
#11907=DIRECTION('',(0.,-1.,0.));
#11908=DIRECTION('',(0.371500807896128,0.,0.928432630691384));
#11909=DIRECTION('',(0.,-1.,0.));
#11910=DIRECTION('',(0.,-1.,0.));
#11911=DIRECTION('',(0.,0.,-1.));
#11912=DIRECTION('',(0.,-1.,0.));
#11913=DIRECTION('',(0.562703506203374,0.,0.826658795457007));
#11914=DIRECTION('',(0.,-1.,0.));
#11915=DIRECTION('',(0.,-1.,0.));
#11916=DIRECTION('',(0.,0.,-1.));
#11917=DIRECTION('',(-0.834087915098608,0.,0.551631534528672));
#11918=DIRECTION('',(0.551631534528672,0.,0.834087915098608));
#11919=DIRECTION('',(0.,-1.,0.));
#11920=DIRECTION('',(-0.551631534528672,0.,-0.834087915098608));
#11921=DIRECTION('',(0.,-1.,0.));
#11922=DIRECTION('',(0.,-1.,0.));
#11923=DIRECTION('',(0.,-1.,0.));
#11924=DIRECTION('',(-0.583963147575815,0.,0.811780168686909));
#11925=DIRECTION('',(0.,-1.,0.));
#11926=DIRECTION('',(0.,-1.,0.));
#11927=DIRECTION('',(0.,0.,-1.));
#11928=DIRECTION('',(0.,-1.,0.));
#11929=DIRECTION('',(0.,-1.,0.));
#11930=DIRECTION('',(0.,-1.,0.));
#11931=DIRECTION('',(0.,-1.,0.));
#11932=DIRECTION('',(-0.0179298168876665,0.,-0.999839247912571));
#11933=DIRECTION('',(0.,-1.,0.));
#11934=DIRECTION('',(0.,-1.,0.));
#11935=DIRECTION('',(0.,0.,-1.));
#11936=DIRECTION('',(-0.978586413710608,0.,0.205836417820102));
#11937=DIRECTION('',(0.205836417820102,0.,0.978586413710608));
#11938=DIRECTION('',(0.,-1.,0.));
#11939=DIRECTION('',(-0.205836417820102,0.,-0.978586413710608));
#11940=DIRECTION('',(0.,-1.,0.));
#11941=DIRECTION('',(0.,-1.,0.));
#11942=DIRECTION('',(0.,-1.,0.));
#11943=DIRECTION('',(1.,0.,0.));
#11944=DIRECTION('',(0.20583641782008,0.,0.978586413710612));
#11945=DIRECTION('',(0.978586413710612,0.,-0.20583641782008));
#11946=DIRECTION('',(0.,-1.,0.));
#11947=DIRECTION('',(-0.978586413710612,0.,0.20583641782008));
#11948=DIRECTION('',(0.,-1.,0.));
#11949=DIRECTION('',(-0.978586413710612,0.,0.205836417820079));
#11950=DIRECTION('',(0.205836417820079,0.,0.978586413710613));
#11951=DIRECTION('',(0.,-1.,0.));
#11952=DIRECTION('',(-0.205836417820079,0.,-0.978586413710612));
#11953=DIRECTION('',(0.205836417820078,0.,0.978586413710613));
#11954=DIRECTION('',(0.978586413710613,0.,-0.205836417820078));
#11955=DIRECTION('',(0.,-1.,0.));
#11956=DIRECTION('',(-0.978586413710613,0.,0.205836417820078));
#11957=DIRECTION('',(-0.978586413710617,0.,0.205836417820056));
#11958=DIRECTION('',(0.205836417820056,0.,0.978586413710617));
#11959=DIRECTION('',(0.,-1.,0.));
#11960=DIRECTION('',(-0.205836417820056,0.,-0.978586413710617));
#11961=DIRECTION('',(-0.205836417820079,0.,-0.978586413710613));
#11962=DIRECTION('',(-0.978586413710613,0.,0.205836417820079));
#11963=DIRECTION('',(0.,-1.,0.));
#11964=DIRECTION('',(0.978586413710613,0.,-0.205836417820079));
#11965=DIRECTION('',(0.978586413710618,0.,-0.205836417820053));
#11966=DIRECTION('',(-0.205836417820053,0.,-0.978586413710618));
#11967=DIRECTION('',(0.,-1.,0.));
#11968=DIRECTION('',(0.205836417820053,0.,0.978586413710618));
#11969=DIRECTION('',(0.205836417820081,0.,0.978586413710612));
#11970=DIRECTION('',(0.978586413710612,0.,-0.205836417820081));
#11971=DIRECTION('',(0.,-1.,0.));
#11972=DIRECTION('',(-0.978586413710612,0.,0.205836417820081));
#11973=DIRECTION('',(0.978586413710612,0.,-0.205836417820079));
#11974=DIRECTION('',(-0.205836417820079,0.,-0.978586413710613));
#11975=DIRECTION('',(0.205836417820079,0.,0.978586413710612));
#11976=DIRECTION('',(0.,-1.,0.));
#11977=DIRECTION('',(1.,0.,0.));
#11978=DIRECTION('',(0.,-1.,0.));
#11979=DIRECTION('',(1.,0.,0.));
#11980=DIRECTION('',(-1.,0.,0.));
#11981=DIRECTION('',(0.,0.,1.));
#11982=DIRECTION('',(0.,-1.,0.));
#11983=DIRECTION('',(0.,0.,-1.));
#11984=DIRECTION('',(0.,-1.,0.));
#11985=DIRECTION('',(0.,0.,-1.));
#11986=DIRECTION('',(0.,0.,1.));
#11987=DIRECTION('',(1.,0.,0.));
#11988=DIRECTION('',(0.,-1.,0.));
#11989=DIRECTION('',(-1.,0.,0.));
#11990=DIRECTION('',(-1.,0.,0.));
#11991=DIRECTION('',(0.,-1.,0.));
#11992=DIRECTION('',(0.,-1.,0.));
#11993=DIRECTION('',(0.,-1.,0.));
#11994=DIRECTION('',(0.,0.,-1.));
#11995=DIRECTION('',(-1.,0.,0.));
#11996=DIRECTION('',(0.,-1.,0.));
#11997=DIRECTION('',(1.,0.,0.));
#11998=DIRECTION('',(0.,-1.,0.));
#11999=DIRECTION('',(1.,0.,0.));
#12000=DIRECTION('',(-1.,0.,0.));
#12001=DIRECTION('',(0.,0.,1.));
#12002=DIRECTION('',(0.,-1.,0.));
#12003=DIRECTION('',(0.,0.,-1.));
#12004=DIRECTION('',(0.,0.,-1.));
#12005=DIRECTION('',(0.,0.,1.));
#12006=DIRECTION('',(1.,0.,0.));
#12007=DIRECTION('',(0.,-1.,0.));
#12008=DIRECTION('',(-1.,0.,0.));
#12009=DIRECTION('',(-1.,0.,0.));
#12010=DIRECTION('',(0.,-1.,0.));
#12011=DIRECTION('',(0.,-1.,0.));
#12012=DIRECTION('',(0.,-1.,0.));
#12013=DIRECTION('',(0.,0.,-1.));
#12014=DIRECTION('',(-1.,0.,0.));
#12015=DIRECTION('',(0.,-1.,0.));
#12016=DIRECTION('',(1.,0.,0.));
#12017=DIRECTION('',(0.,-1.,0.));
#12018=DIRECTION('',(1.,0.,0.));
#12019=DIRECTION('',(0.,0.,-1.));
#12020=DIRECTION('',(0.,-1.,0.));
#12021=DIRECTION('',(0.,0.,1.));
#12022=DIRECTION('',(0.,0.,1.));
#12023=DIRECTION('',(1.,0.,0.));
#12024=DIRECTION('',(0.,-1.,0.));
#12025=DIRECTION('',(-1.,0.,0.));
#12026=DIRECTION('',(0.,-1.,0.));
#12027=DIRECTION('',(0.,-1.,0.));
#12028=DIRECTION('',(0.,-1.,0.));
#12029=DIRECTION('',(0.,-1.,0.));
#12030=DIRECTION('',(-1.,0.,0.));
#12031=DIRECTION('',(0.,0.,1.));
#12032=DIRECTION('',(0.,-1.,0.));
#12033=DIRECTION('',(0.,0.,-1.));
#12034=DIRECTION('',(0.,-1.,0.));
#12035=DIRECTION('',(0.524983817418734,0.,-0.85111220849454));
#12036=DIRECTION('',(0.,-1.,0.));
#12037=DIRECTION('',(0.,-1.,0.));
#12038=DIRECTION('',(0.,0.,-1.));
#12039=DIRECTION('',(0.,-1.,0.));
#12040=DIRECTION('',(0.,-1.,0.));
#12041=DIRECTION('',(0.,0.,-1.));
#12042=DIRECTION('',(-1.,0.,0.));
#12043=DIRECTION('',(1.,0.,0.));
#12044=DIRECTION('',(1.,0.,0.));
#12045=DIRECTION('',(0.,-1.,0.));
#12046=DIRECTION('',(1.,0.,0.));
#12047=DIRECTION('',(0.,-1.,0.));
#12048=DIRECTION('',(1.,0.,0.));
#12049=DIRECTION('',(0.,-1.,0.));
#12050=DIRECTION('',(-0.955509053153272,0.,-0.294961776069608));
#12051=DIRECTION('',(0.,-1.,0.));
#12052=DIRECTION('',(0.,-1.,0.));
#12053=DIRECTION('',(0.,0.,-1.));
#12054=DIRECTION('',(0.,-1.,0.));
#12055=DIRECTION('',(0.,-1.,0.));
#12056=DIRECTION('',(0.,0.,-1.));
#12057=DIRECTION('',(0.,0.,-1.));
#12058=DIRECTION('',(-1.,0.,0.));
#12059=DIRECTION('',(0.,-1.,0.));
#12060=DIRECTION('',(1.,0.,0.));
#12061=DIRECTION('',(1.,0.,0.));
#12062=DIRECTION('',(0.,-1.,0.));
#12063=DIRECTION('',(0.956705822471398,0.,0.291056642682015));
#12064=DIRECTION('',(0.291056642682015,0.,-0.956705822471398));
#12065=DIRECTION('',(0.,-1.,0.));
#12066=DIRECTION('',(-0.291056642682015,0.,0.956705822471398));
#12067=DIRECTION('',(0.,-1.,0.));
#12068=DIRECTION('',(0.,0.,1.));
#12069=DIRECTION('',(1.,0.,0.));
#12070=DIRECTION('',(0.,-1.,0.));
#12071=DIRECTION('',(-1.,0.,0.));
#12072=DIRECTION('',(-0.943009304808469,0.,-0.332766361047278));
#12073=DIRECTION('',(-0.332766361047278,0.,0.94300930480847));
#12074=DIRECTION('',(0.,-1.,0.));
#12075=DIRECTION('',(0.332766361047278,0.,-0.943009304808469));
#12076=DIRECTION('',(0.,0.,-1.));
#12077=DIRECTION('',(-1.,0.,0.));
#12078=DIRECTION('',(0.,-1.,0.));
#12079=DIRECTION('',(1.,0.,0.));
#12080=DIRECTION('',(0.943395814745621,0.,-0.331669016823166));
#12081=DIRECTION('',(-0.331669016823166,0.,-0.943395814745621));
#12082=DIRECTION('',(0.,-1.,0.));
#12083=DIRECTION('',(0.331669016823166,0.,0.943395814745621));
#12084=DIRECTION('',(0.,0.,1.));
#12085=DIRECTION('',(1.,0.,0.));
#12086=DIRECTION('',(0.,-1.,0.));
#12087=DIRECTION('',(-1.,0.,0.));
#12088=DIRECTION('',(-0.956705822471398,0.,0.291056642682015));
#12089=DIRECTION('',(0.291056642682015,0.,0.956705822471398));
#12090=DIRECTION('',(0.,-1.,0.));
#12091=DIRECTION('',(-0.291056642682015,0.,-0.956705822471398));
#12092=DIRECTION('',(0.,0.,1.));
#12093=DIRECTION('',(1.,0.,0.));
#12094=DIRECTION('',(-1.,0.,0.));
#12095=DIRECTION('',(0.,-1.,0.));
#12096=DIRECTION('',(-0.96589206945494,0.,-0.258944994475765));
#12097=DIRECTION('',(0.,-1.,0.));
#12098=DIRECTION('',(0.,0.,-1.));
#12099=DIRECTION('',(0.,-1.,0.));
#12100=DIRECTION('',(0.,0.,-1.));
#12101=DIRECTION('',(0.,-1.,0.));
#12102=DIRECTION('',(1.,0.,0.));
#12103=DIRECTION('',(0.,-1.,0.));
#12104=DIRECTION('',(1.,0.,0.));
#12105=DIRECTION('',(0.,-1.,0.));
#12106=DIRECTION('',(1.,0.,0.));
#12107=DIRECTION('',(-0.205836417820076,0.,-0.978586413710613));
#12108=DIRECTION('',(-0.978586413710613,0.,0.205836417820076));
#12109=DIRECTION('',(0.,-1.,0.));
#12110=DIRECTION('',(0.978586413710613,0.,-0.205836417820076));
#12111=DIRECTION('',(0.,-1.,0.));
#12112=DIRECTION('',(0.,-1.,0.));
#12113=DIRECTION('',(0.,0.,-1.));
#12114=DIRECTION('',(0.,-1.,0.));
#12115=DIRECTION('',(0.,0.,-1.));
#12116=DIRECTION('',(0.,-1.,0.));
#12117=DIRECTION('',(-0.205836417820075,0.,-0.978586413710613));
#12118=DIRECTION('',(-0.978586413710613,0.,0.205836417820075));
#12119=DIRECTION('',(0.978586413710613,0.,-0.205836417820075));
#12120=DIRECTION('',(0.,-1.,0.));
#12121=DIRECTION('',(0.,-1.,0.));
#12122=DIRECTION('',(0.,0.,-1.));
#12123=DIRECTION('',(0.,-1.,0.));
#12124=DIRECTION('',(0.,0.,-1.));
#12125=DIRECTION('',(-0.205836417820076,0.,-0.978586413710613));
#12126=DIRECTION('',(-0.978586413710613,0.,0.205836417820076));
#12127=DIRECTION('',(0.,-1.,0.));
#12128=DIRECTION('',(0.978586413710613,0.,-0.205836417820076));
#12129=DIRECTION('',(0.,-1.,0.));
#12130=DIRECTION('',(0.,-1.,0.));
#12131=DIRECTION('',(0.,0.,-1.));
#12132=DIRECTION('',(0.,-1.,0.));
#12133=DIRECTION('',(0.,0.,-1.));
#12134=DIRECTION('',(0.,-1.,0.));
#12135=DIRECTION('',(-0.205836417820075,0.,-0.978586413710613));
#12136=DIRECTION('',(-0.978586413710613,0.,0.205836417820075));
#12137=DIRECTION('',(0.978586413710613,0.,-0.205836417820075));
#12138=DIRECTION('',(0.,-1.,0.));
#12139=DIRECTION('',(0.,-1.,0.));
#12140=DIRECTION('',(0.,0.,-1.));
#12141=DIRECTION('',(0.,-1.,0.));
#12142=DIRECTION('',(0.,0.,-1.));
#12143=DIRECTION('',(0.,1.,0.));
#12144=DIRECTION('',(0.,0.,1.));
#12145=DIRECTION('',(0.,1.,0.));
#12146=DIRECTION('',(0.,0.,1.));
#12147=DIRECTION('',(0.,1.,0.));
#12148=DIRECTION('',(0.,0.,1.));
#12149=DIRECTION('',(-1.,0.,-9.25185853854297E-17));
#12150=DIRECTION('',(0.,1.,0.));
#12151=DIRECTION('',(0.,0.,1.));
#12152=DIRECTION('',(0.,1.,0.));
#12153=DIRECTION('',(0.,0.,1.));
#12154=DIRECTION('',(-1.,0.,-9.25185853854297E-17));
#12155=DIRECTION('',(0.,1.,0.));
#12156=DIRECTION('',(0.,0.,1.));
#12157=DIRECTION('',(0.,1.,0.));
#12158=DIRECTION('',(0.,0.,1.));
#12159=DIRECTION('',(0.,1.,0.));
#12160=DIRECTION('',(0.,0.,1.));
#12161=DIRECTION('',(0.,-1.,0.));
#12162=DIRECTION('',(0.,0.,-1.));
#12163=DIRECTION('',(1.,0.,9.25185853854297E-17));
#12164=DIRECTION('',(0.,-1.,0.));
#12165=DIRECTION('',(0.,0.,-1.));
#12166=DIRECTION('',(0.,-1.,0.));
#12167=DIRECTION('',(0.,0.,-1.));
#12168=DIRECTION('',(0.,-1.,0.));
#12169=DIRECTION('',(0.,0.,-1.));
#12170=DIRECTION('',(0.,-1.,0.));
#12171=DIRECTION('',(0.,0.,-1.));
#12172=DIRECTION('',(0.,-1.,0.));
#12173=DIRECTION('',(0.,0.,-1.));
#12174=DIRECTION('',(0.,-1.,0.));
#12175=DIRECTION('',(0.,0.,-1.));
#12176=DIRECTION('',(1.,0.,9.25185853854297E-17));
#12177=DIRECTION('',(0.,-1.,0.));
#12178=DIRECTION('',(0.,0.,-1.));
#12179=DIRECTION('',(0.,1.,0.));
#12180=DIRECTION('',(0.,0.,1.));
#12181=DIRECTION('',(0.,-1.,0.));
#12182=DIRECTION('',(0.,0.,-1.));
#12183=DIRECTION('',(1.,0.,9.25185853854297E-17));
#12184=DIRECTION('',(9.25185853854297E-17,0.,-1.));
#12185=DIRECTION('',(1.,0.,0.));
#12186=DIRECTION('',(0.,0.,-1.));
#12187=DIRECTION('',(0.,1.,0.));
#12188=DIRECTION('',(0.,0.,1.));
#12189=DIRECTION('',(-1.,0.,-9.25185853854297E-17));
#12190=DIRECTION('',(-9.25185853854297E-17,0.,1.));
#12191=DIRECTION('',(1.,0.,0.));
#12192=DIRECTION('',(0.,0.,-1.));
#12193=DIRECTION('',(0.,1.,0.));
#12194=DIRECTION('',(0.,0.,1.));
#12195=DIRECTION('',(1.,0.,9.25185853854297E-17));
#12196=DIRECTION('',(9.25185853854297E-17,0.,-1.));
#12197=DIRECTION('',(-1.,0.,0.));
#12198=DIRECTION('',(0.,0.,1.));
#12199=DIRECTION('',(0.,-1.,0.));
#12200=DIRECTION('',(0.,0.,-1.));
#12201=DIRECTION('',(-1.,0.,-9.25185853854297E-17));
#12202=DIRECTION('',(-9.25185853854297E-17,0.,1.));
#12203=DIRECTION('',(-1.,0.,0.));
#12204=DIRECTION('',(0.,0.,1.));
#12205=DIRECTION('',(0.,-1.,0.));
#12206=DIRECTION('',(0.,0.,-1.));
#12207=DIRECTION('',(0.,-1.,0.));
#12208=DIRECTION('',(0.,0.,-1.));
#12209=DIRECTION('',(0.,1.,0.));
#12210=DIRECTION('',(0.,0.,1.));
#12211=DIRECTION('',(-9.25185853854297E-17,0.,1.));
#12212=DIRECTION('',(1.,0.,9.25185853854297E-17));
#12213=DIRECTION('',(9.25185853854297E-17,0.,-1.));
#12214=DIRECTION('',(-1.,0.,-9.25185853854297E-17));
#12215=DIRECTION('',(0.,-1.,0.));
#12216=DIRECTION('',(0.,0.,-1.));
#12217=DIRECTION('',(0.,-1.,0.));
#12218=DIRECTION('',(0.,0.,-1.));
#12219=DIRECTION('',(0.,-1.,0.));
#12220=DIRECTION('',(0.,0.,-1.));
#12221=DIRECTION('',(1.,0.,0.));
#12222=DIRECTION('',(0.,0.,-1.));
#12223=DIRECTION('',(0.,-1.,0.));
#12224=DIRECTION('',(0.,0.,1.));
#12225=DIRECTION('',(0.,-1.,0.));
#12226=DIRECTION('',(0.,0.,1.));
#12227=DIRECTION('',(1.,0.,0.));
#12228=DIRECTION('',(0.,-1.,0.));
#12229=DIRECTION('',(-1.,0.,0.));
#12230=DIRECTION('',(-1.,0.,0.));
#12231=DIRECTION('',(0.,0.,1.));
#12232=DIRECTION('',(0.,-1.,0.));
#12233=DIRECTION('',(0.,0.,-1.));
#12234=DIRECTION('',(0.,0.,-1.));
#12235=DIRECTION('',(-1.,0.,0.));
#12236=DIRECTION('',(1.,0.,0.));
#12237=DIRECTION('',(0.,-1.,0.));
#12238=DIRECTION('',(1.,0.,0.));
#12239=DIRECTION('',(0.,-1.,0.));
#12240=DIRECTION('',(0.,-1.,0.));
#12241=DIRECTION('',(0.,-1.,0.));
#12242=DIRECTION('',(0.,-1.,0.));
#12243=DIRECTION('',(0.,-1.,0.));
#12244=DIRECTION('',(0.,-1.,0.));
#12245=DIRECTION('',(-0.706622827427555,0.,-0.707590403947289));
#12246=DIRECTION('',(0.,-1.,0.));
#12247=DIRECTION('',(0.,-1.,0.));
#12248=DIRECTION('',(0.,0.,-1.));
#12249=DIRECTION('',(0.,-1.,0.));
#12250=DIRECTION('',(-0.964670994081435,0.,-0.263457535815424));
#12251=DIRECTION('',(0.,-1.,0.));
#12252=DIRECTION('',(0.,-1.,0.));
#12253=DIRECTION('',(0.,0.,-1.));
#12254=DIRECTION('',(0.,-1.,0.));
#12255=DIRECTION('',(-0.913339469751632,0.,0.407198984519618));
#12256=DIRECTION('',(0.,-1.,0.));
#12257=DIRECTION('',(0.,-1.,0.));
#12258=DIRECTION('',(0.,0.,-1.));
#12259=DIRECTION('',(0.,-1.,0.));
#12260=DIRECTION('',(0.,-1.,0.));
#12261=DIRECTION('',(0.124292052083159,0.,0.99224567814073));
#12262=DIRECTION('',(0.,-1.,0.));
#12263=DIRECTION('',(0.,-1.,0.));
#12264=DIRECTION('',(0.,0.,-1.));
#12265=DIRECTION('',(0.,-1.,0.));
#12266=DIRECTION('',(0.322274856011394,0.,0.94664614148204));
#12267=DIRECTION('',(0.,-1.,0.));
#12268=DIRECTION('',(0.,-1.,0.));
#12269=DIRECTION('',(0.,0.,-1.));
#12270=DIRECTION('',(-0.924016832421893,0.,0.382351792726295));
#12271=DIRECTION('',(0.382351792726295,0.,0.924016832421893));
#12272=DIRECTION('',(0.,-1.,0.));
#12273=DIRECTION('',(-0.382351792726295,0.,-0.924016832421893));
#12274=DIRECTION('',(0.,-1.,0.));
#12275=DIRECTION('',(0.328931633612198,0.,0.944353736906468));
#12276=DIRECTION('',(0.,-1.,0.));
#12277=DIRECTION('',(0.,-1.,0.));
#12278=DIRECTION('',(0.,0.,-1.));
#12279=DIRECTION('',(0.,-1.,0.));
#12280=DIRECTION('',(0.124022271437127,0.,0.992279434528185));
#12281=DIRECTION('',(0.,-1.,0.));
#12282=DIRECTION('',(0.,-1.,0.));
#12283=DIRECTION('',(0.,0.,-1.));
#12284=DIRECTION('',(0.,-1.,0.));
#12285=DIRECTION('',(0.,-1.,0.));
#12286=DIRECTION('',(0.,-1.,0.));
#12287=DIRECTION('',(-0.974608859050448,0.,-0.223914206472888));
#12288=DIRECTION('',(0.,-1.,0.));
#12289=DIRECTION('',(0.,-1.,0.));
#12290=DIRECTION('',(0.,0.,-1.));
#12291=DIRECTION('',(0.,-1.,0.));
#12292=DIRECTION('',(-0.78406620794506,0.,-0.620677195938963));
#12293=DIRECTION('',(0.,-1.,0.));
#12294=DIRECTION('',(0.,-1.,0.));
#12295=DIRECTION('',(0.,0.,-1.));
#12296=DIRECTION('',(0.,-1.,0.));
#12297=DIRECTION('',(0.,-1.,0.));
#12298=DIRECTION('',(0.,-1.,0.));
#12299=DIRECTION('',(0.681284548033937,0.,0.732018691434989));
#12300=DIRECTION('',(0.,-1.,0.));
#12301=DIRECTION('',(0.,-1.,0.));
#12302=DIRECTION('',(0.,0.,-1.));
#12303=DIRECTION('',(0.,-1.,0.));
#12304=DIRECTION('',(0.953477892045943,0.,0.30146294860169));
#12305=DIRECTION('',(0.,-1.,0.));
#12306=DIRECTION('',(0.,-1.,0.));
#12307=DIRECTION('',(0.,0.,-1.));
#12308=DIRECTION('',(0.,-1.,0.));
#12309=DIRECTION('',(0.,-1.,0.));
#12310=DIRECTION('',(0.,-1.,0.));
#12311=DIRECTION('',(-0.137176492157954,0.,-0.990546621820113));
#12312=DIRECTION('',(0.,-1.,0.));
#12313=DIRECTION('',(0.,-1.,0.));
#12314=DIRECTION('',(0.,0.,-1.));
#12315=DIRECTION('',(0.,-1.,0.));
#12316=DIRECTION('',(1.,0.,0.));
#12317=DIRECTION('',(0.,0.,-1.));
#12318=DIRECTION('',(0.,-1.,0.));
#12319=DIRECTION('',(0.,0.,1.));
#12320=DIRECTION('',(0.,-1.,0.));
#12321=DIRECTION('',(0.,-1.,0.));
#12322=DIRECTION('',(1.,0.,0.));
#12323=DIRECTION('',(0.,0.,1.));
#12324=DIRECTION('',(1.,0.,0.));
#12325=DIRECTION('',(0.,-1.,0.));
#12326=DIRECTION('',(-1.,0.,0.));
#12327=DIRECTION('',(0.,-1.,0.));
#12328=DIRECTION('',(-1.,0.,0.));
#12329=DIRECTION('',(0.,0.,1.));
#12330=DIRECTION('',(0.,-1.,0.));
#12331=DIRECTION('',(0.,0.,-1.));
#12332=DIRECTION('',(0.,0.,-1.));
#12333=DIRECTION('',(-1.,0.,0.));
#12334=DIRECTION('',(0.,-1.,0.));
#12335=DIRECTION('',(1.,0.,0.));
#12336=DIRECTION('',(-1.,0.,0.));
#12337=DIRECTION('',(0.,0.,1.));
#12338=DIRECTION('',(0.,-1.,0.));
#12339=DIRECTION('',(0.,0.,-1.));
#12340=DIRECTION('',(0.,0.,1.));
#12341=DIRECTION('',(1.,0.,0.));
#12342=DIRECTION('',(0.,-1.,0.));
#12343=DIRECTION('',(-1.,0.,0.));
#12344=DIRECTION('',(-1.,0.,0.));
#12345=DIRECTION('',(0.,0.,1.));
#12346=DIRECTION('',(0.,-1.,0.));
#12347=DIRECTION('',(0.,0.,-1.));
#12348=DIRECTION('',(0.,0.,-1.));
#12349=DIRECTION('',(-1.,0.,0.));
#12350=DIRECTION('',(0.,-1.,0.));
#12351=DIRECTION('',(1.,0.,0.));
#12352=DIRECTION('',(-1.,0.,0.));
#12353=DIRECTION('',(0.,0.,1.));
#12354=DIRECTION('',(0.,-1.,0.));
#12355=DIRECTION('',(0.,0.,-1.));
#12356=DIRECTION('',(0.,0.,1.));
#12357=DIRECTION('',(1.,0.,0.));
#12358=DIRECTION('',(0.,-1.,0.));
#12359=DIRECTION('',(-1.,0.,0.));
#12360=DIRECTION('',(-1.,0.,0.));
#12361=DIRECTION('',(0.,0.,1.));
#12362=DIRECTION('',(0.,-1.,0.));
#12363=DIRECTION('',(0.,0.,-1.));
#12364=DIRECTION('',(0.,0.,-1.));
#12365=DIRECTION('',(-1.,0.,0.));
#12366=DIRECTION('',(0.,-1.,0.));
#12367=DIRECTION('',(1.,0.,0.));
#12368=DIRECTION('',(1.,0.,0.));
#12369=DIRECTION('',(0.,0.,-1.));
#12370=DIRECTION('',(0.,0.,1.));
#12371=DIRECTION('',(0.,-1.,0.));
#12372=DIRECTION('',(1.,0.,0.));
#12373=DIRECTION('',(0.,0.,1.));
#12374=DIRECTION('',(1.,0.,0.));
#12375=DIRECTION('',(0.,-1.,0.));
#12376=DIRECTION('',(-1.,0.,0.));
#12377=DIRECTION('',(0.,-1.,0.));
#12378=DIRECTION('',(-1.,0.,0.));
#12379=DIRECTION('',(0.,0.,1.));
#12380=DIRECTION('',(0.,-1.,0.));
#12381=DIRECTION('',(0.,0.,-1.));
#12382=DIRECTION('',(0.,0.,-1.));
#12383=DIRECTION('',(-1.,0.,0.));
#12384=DIRECTION('',(0.,-1.,0.));
#12385=DIRECTION('',(1.,0.,0.));
#12386=DIRECTION('',(-1.,0.,0.));
#12387=DIRECTION('',(0.,0.,1.));
#12388=DIRECTION('',(0.,-1.,0.));
#12389=DIRECTION('',(0.,0.,-1.));
#12390=DIRECTION('',(0.,0.,1.));
#12391=DIRECTION('',(1.,0.,0.));
#12392=DIRECTION('',(0.,-1.,0.));
#12393=DIRECTION('',(-1.,0.,0.));
#12394=DIRECTION('',(-1.,0.,0.));
#12395=DIRECTION('',(0.,0.,1.));
#12396=DIRECTION('',(0.,-1.,0.));
#12397=DIRECTION('',(0.,0.,-1.));
#12398=DIRECTION('',(0.,0.,-1.));
#12399=DIRECTION('',(-1.,0.,0.));
#12400=DIRECTION('',(0.,-1.,0.));
#12401=DIRECTION('',(1.,0.,0.));
#12402=DIRECTION('',(-1.,0.,0.));
#12403=DIRECTION('',(0.,0.,1.));
#12404=DIRECTION('',(0.,-1.,0.));
#12405=DIRECTION('',(0.,0.,-1.));
#12406=DIRECTION('',(0.,0.,1.));
#12407=DIRECTION('',(1.,0.,0.));
#12408=DIRECTION('',(0.,-1.,0.));
#12409=DIRECTION('',(-1.,0.,0.));
#12410=DIRECTION('',(-1.,0.,0.));
#12411=DIRECTION('',(0.,0.,1.));
#12412=DIRECTION('',(0.,-1.,0.));
#12413=DIRECTION('',(0.,0.,-1.));
#12414=DIRECTION('',(0.,0.,-1.));
#12415=DIRECTION('',(-1.,0.,0.));
#12416=DIRECTION('',(0.,-1.,0.));
#12417=DIRECTION('',(1.,0.,0.));
#12418=DIRECTION('',(1.,0.,0.));
#12419=DIRECTION('',(0.,0.,-1.));
#12420=DIRECTION('',(0.,0.,1.));
#12421=DIRECTION('',(0.,-1.,0.));
#12422=DIRECTION('',(1.,0.,0.));
#12423=DIRECTION('',(0.,-1.,0.));
#12424=DIRECTION('',(0.,-1.,0.));
#12425=DIRECTION('',(0.,-1.,0.));
#12426=DIRECTION('',(0.,-1.,0.));
#12427=DIRECTION('',(0.,0.,-1.));
#12428=DIRECTION('',(-1.,0.,0.));
#12429=DIRECTION('',(0.,-1.,0.));
#12430=DIRECTION('',(1.,0.,0.));
#12431=DIRECTION('',(1.,0.,0.));
#12432=DIRECTION('',(0.,0.,-1.));
#12433=DIRECTION('',(0.,-1.,0.));
#12434=DIRECTION('',(0.,0.,1.));
#12435=DIRECTION('',(0.,0.,1.));
#12436=DIRECTION('',(1.,0.,0.));
#12437=DIRECTION('',(0.,-1.,0.));
#12438=DIRECTION('',(-1.,0.,0.));
#12439=DIRECTION('',(-1.,0.,0.));
#12440=DIRECTION('',(0.,0.,1.));
#12441=DIRECTION('',(0.,-1.,0.));
#12442=DIRECTION('',(0.,0.,-1.));
#12443=DIRECTION('',(0.,0.,1.));
#12444=DIRECTION('',(1.,0.,0.));
#12445=DIRECTION('',(0.,-1.,0.));
#12446=DIRECTION('',(-1.,0.,0.));
#12447=DIRECTION('',(0.,0.,-1.));
#12448=DIRECTION('',(-1.,0.,0.));
#12449=DIRECTION('',(1.,0.,0.));
#12450=DIRECTION('',(0.,-1.,0.));
#12451=DIRECTION('',(1.,0.,0.));
#12452=DIRECTION('',(0.,-1.,0.));
#12453=DIRECTION('',(-1.,0.,0.));
#12454=DIRECTION('',(0.,0.,1.));
#12455=DIRECTION('',(0.,0.,-1.));
#12456=DIRECTION('',(0.,-1.,0.));
#12457=DIRECTION('',(0.,0.,-1.));
#12458=DIRECTION('',(0.,0.,1.));
#12459=DIRECTION('',(1.,0.,0.));
#12460=DIRECTION('',(-1.,0.,0.));
#12461=DIRECTION('',(0.,-1.,0.));
#12462=DIRECTION('',(-1.,0.,0.));
#12463=DIRECTION('',(0.,-1.,0.));
#12464=DIRECTION('',(0.,-1.,0.));
#12465=DIRECTION('',(0.,-1.,0.));
#12466=DIRECTION('',(0.,-1.,0.));
#12467=DIRECTION('',(1.,0.,0.));
#12468=DIRECTION('',(0.,-1.,0.));
#12469=DIRECTION('',(1.,0.,0.));
#12470=DIRECTION('',(0.,-1.,0.));
#12471=DIRECTION('',(0.,-1.,0.));
#12472=DIRECTION('',(0.,-1.,0.));
#12473=DIRECTION('',(0.,0.,-1.));
#12474=DIRECTION('',(-1.,0.,0.));
#12475=DIRECTION('',(1.,0.,0.));
#12476=DIRECTION('',(0.,-1.,0.));
#12477=DIRECTION('',(1.,0.,0.));
#12478=DIRECTION('',(-1.,0.,0.));
#12479=DIRECTION('',(0.,0.,1.));
#12480=DIRECTION('',(0.,0.,-1.));
#12481=DIRECTION('',(0.,-1.,0.));
#12482=DIRECTION('',(0.,0.,-1.));
#12483=DIRECTION('',(0.,-1.,0.));
#12484=DIRECTION('',(0.,-1.,0.));
#12485=DIRECTION('',(0.,-1.,0.));
#12486=DIRECTION('',(0.,-1.,0.));
#12487=DIRECTION('',(0.,0.,-1.));
#12488=DIRECTION('',(-1.,0.,0.));
#12489=DIRECTION('',(0.,-1.,0.));
#12490=DIRECTION('',(1.,0.,0.));
#12491=DIRECTION('',(1.,0.,0.));
#12492=DIRECTION('',(0.,0.,-1.));
#12493=DIRECTION('',(0.,-1.,0.));
#12494=DIRECTION('',(0.,0.,1.));
#12495=DIRECTION('',(0.,0.,1.));
#12496=DIRECTION('',(1.,0.,0.));
#12497=DIRECTION('',(0.,-1.,0.));
#12498=DIRECTION('',(-1.,0.,0.));
#12499=DIRECTION('',(0.,0.,1.));
#12500=DIRECTION('',(1.,0.,0.));
#12501=DIRECTION('',(-1.,0.,0.));
#12502=DIRECTION('',(-1.,0.,0.));
#12503=DIRECTION('',(0.,-1.,0.));
#12504=DIRECTION('',(1.,0.,0.));
#12505=DIRECTION('',(-1.,0.,0.));
#12506=DIRECTION('',(0.,0.,1.));
#12507=DIRECTION('',(0.,0.,-1.));
#12508=DIRECTION('',(0.,-1.,0.));
#12509=DIRECTION('',(0.,0.,-1.));
#12510=DIRECTION('',(0.,-1.,0.));
#12511=DIRECTION('',(0.,0.,1.));
#12512=DIRECTION('',(1.,0.,0.));
#12513=DIRECTION('',(-1.,0.,0.));
#12514=DIRECTION('',(0.,-1.,0.));
#12515=DIRECTION('',(-1.,0.,0.));
#12516=DIRECTION('',(0.,-1.,0.));
#12517=DIRECTION('',(0.,-1.,0.));
#12518=DIRECTION('',(0.,-1.,0.));
#12519=DIRECTION('',(0.,0.,-1.));
#12520=DIRECTION('',(-1.,0.,0.));
#12521=DIRECTION('',(1.,0.,0.));
#12522=DIRECTION('',(0.,-1.,0.));
#12523=DIRECTION('',(1.,0.,0.));
#12524=DIRECTION('',(0.,-1.,0.));
#12525=DIRECTION('',(-1.,0.,0.));
#12526=DIRECTION('',(0.,0.,1.));
#12527=DIRECTION('',(0.,0.,-1.));
#12528=DIRECTION('',(0.,-1.,0.));
#12529=DIRECTION('',(0.,0.,-1.));
#12530=DIRECTION('',(0.,0.,1.));
#12531=DIRECTION('',(1.,0.,0.));
#12532=DIRECTION('',(-1.,0.,0.));
#12533=DIRECTION('',(0.,-1.,0.));
#12534=DIRECTION('',(-1.,0.,0.));
#12535=DIRECTION('',(0.,-1.,0.));
#12536=DIRECTION('',(0.,-1.,0.));
#12537=DIRECTION('',(0.,-1.,0.));
#12538=DIRECTION('',(6.424437032189E-15,0.,-1.));
#12539=DIRECTION('',(-1.,0.,-6.424437032189E-15));
#12540=DIRECTION('',(0.,-1.,0.));
#12541=DIRECTION('',(1.,0.,6.424437032189E-15));
#12542=DIRECTION('',(0.,-1.,0.));
#12543=DIRECTION('',(1.,0.,0.));
#12544=DIRECTION('',(0.,0.,-1.));
#12545=DIRECTION('',(0.,-1.,0.));
#12546=DIRECTION('',(0.,0.,1.));
#12547=DIRECTION('',(-5.34555263883714E-15,0.,1.));
#12548=DIRECTION('',(1.,0.,5.34555263883714E-15));
#12549=DIRECTION('',(0.,-1.,0.));
#12550=DIRECTION('',(-1.,0.,-5.34555263883714E-15));
#12551=DIRECTION('',(0.,-1.,0.));
#12552=DIRECTION('',(0.,-1.,0.));
#12553=DIRECTION('',(0.,-1.,0.));
#12554=DIRECTION('',(0.,-1.,0.));
#12555=DIRECTION('',(-1.,0.,0.));
#12556=DIRECTION('',(0.,0.,1.));
#12557=DIRECTION('',(0.,-1.,0.));
#12558=DIRECTION('',(0.,0.,-1.));
#12559=DIRECTION('',(0.,-1.,0.));
#12560=DIRECTION('',(0.524983817418756,0.,-0.851112208494527));
#12561=DIRECTION('',(0.,-1.,0.));
#12562=DIRECTION('',(0.,-1.,0.));
#12563=DIRECTION('',(0.,0.,-1.));
#12564=DIRECTION('',(0.,-1.,0.));
#12565=DIRECTION('',(0.,-1.,0.));
#12566=DIRECTION('',(0.,0.,-1.));
#12567=DIRECTION('',(-1.,0.,0.));
#12568=DIRECTION('',(1.,0.,0.));
#12569=DIRECTION('',(1.,0.,0.));
#12570=DIRECTION('',(0.,-1.,0.));
#12571=DIRECTION('',(1.,0.,0.));
#12572=DIRECTION('',(0.,-1.,0.));
#12573=DIRECTION('',(1.,0.,0.));
#12574=DIRECTION('',(-1.,0.,0.));
#12575=DIRECTION('',(0.,0.,1.));
#12576=DIRECTION('',(0.,0.,-1.));
#12577=DIRECTION('',(0.,-1.,0.));
#12578=DIRECTION('',(0.,0.,-1.));
#12579=DIRECTION('',(0.,-1.,0.));
#12580=DIRECTION('',(0.,0.,1.));
#12581=DIRECTION('',(1.,0.,0.));
#12582=DIRECTION('',(-1.,0.,0.));
#12583=DIRECTION('',(0.,-1.,0.));
#12584=DIRECTION('',(-1.,0.,0.));
#12585=DIRECTION('',(0.,-1.,0.));
#12586=DIRECTION('',(0.,-1.,0.));
#12587=DIRECTION('',(0.,-1.,0.));
#12588=DIRECTION('',(0.,0.,-1.));
#12589=DIRECTION('',(-1.,0.,0.));
#12590=DIRECTION('',(1.,0.,0.));
#12591=DIRECTION('',(0.,-1.,0.));
#12592=DIRECTION('',(1.,0.,0.));
#12593=DIRECTION('',(0.,-1.,0.));
#12594=DIRECTION('',(-1.,0.,0.));
#12595=DIRECTION('',(0.,0.,1.));
#12596=DIRECTION('',(0.,0.,-1.));
#12597=DIRECTION('',(0.,-1.,0.));
#12598=DIRECTION('',(0.,0.,-1.));
#12599=DIRECTION('',(0.,0.,1.));
#12600=DIRECTION('',(1.,0.,0.));
#12601=DIRECTION('',(-1.,0.,0.));
#12602=DIRECTION('',(0.,-1.,0.));
#12603=DIRECTION('',(-1.,0.,0.));
#12604=DIRECTION('',(0.,-1.,0.));
#12605=DIRECTION('',(0.,-1.,0.));
#12606=DIRECTION('',(0.,-1.,0.));
#12607=DIRECTION('',(0.,0.,-1.));
#12608=DIRECTION('',(-1.,0.,0.));
#12609=DIRECTION('',(0.,-1.,0.));
#12610=DIRECTION('',(1.,0.,0.));
#12611=DIRECTION('',(0.,-1.,0.));
#12612=DIRECTION('',(1.,0.,0.));
#12613=DIRECTION('',(0.,0.,-1.));
#12614=DIRECTION('',(0.,-1.,0.));
#12615=DIRECTION('',(0.,0.,1.));
#12616=DIRECTION('',(0.,0.,1.));
#12617=DIRECTION('',(1.,0.,0.));
#12618=DIRECTION('',(0.,-1.,0.));
#12619=DIRECTION('',(-1.,0.,0.));
#12620=DIRECTION('',(0.,-1.,0.));
#12621=DIRECTION('',(0.,-1.,0.));
#12622=DIRECTION('',(0.,-1.,0.));
#12623=DIRECTION('',(0.,-1.,0.));
#12624=DIRECTION('',(-1.,0.,0.));
#12625=DIRECTION('',(0.,0.,1.));
#12626=DIRECTION('',(0.,-1.,0.));
#12627=DIRECTION('',(0.,0.,-1.));
#12628=DIRECTION('',(0.,-1.,0.));
#12629=DIRECTION('',(0.524983817418815,0.,-0.85111220849449));
#12630=DIRECTION('',(0.,-1.,0.));
#12631=DIRECTION('',(0.,-1.,0.));
#12632=DIRECTION('',(0.,0.,-1.));
#12633=DIRECTION('',(0.,-1.,0.));
#12634=DIRECTION('',(0.,-1.,0.));
#12635=DIRECTION('',(0.,0.,-1.));
#12636=DIRECTION('',(-1.,0.,0.));
#12637=DIRECTION('',(1.,0.,0.));
#12638=DIRECTION('',(1.,0.,0.));
#12639=DIRECTION('',(0.,-1.,0.));
#12640=DIRECTION('',(1.,0.,0.));
#12641=DIRECTION('',(0.,-1.,0.));
#12642=DIRECTION('',(1.,0.,0.));
#12643=DIRECTION('',(0.,0.,1.));
#12644=DIRECTION('',(1.,0.,0.));
#12645=DIRECTION('',(0.,-1.,0.));
#12646=DIRECTION('',(-1.,0.,0.));
#12647=DIRECTION('',(0.,-1.,0.));
#12648=DIRECTION('',(1.,0.,0.));
#12649=DIRECTION('',(0.,0.,-1.));
#12650=DIRECTION('',(0.,-1.,0.));
#12651=DIRECTION('',(0.,0.,1.));
#12652=DIRECTION('',(0.,0.,1.));
#12653=DIRECTION('',(1.,0.,0.));
#12654=DIRECTION('',(0.,-1.,0.));
#12655=DIRECTION('',(-1.,0.,0.));
#12656=DIRECTION('',(-1.,0.,0.));
#12657=DIRECTION('',(0.,0.,1.));
#12658=DIRECTION('',(0.,-1.,0.));
#12659=DIRECTION('',(0.,0.,-1.));
#12660=DIRECTION('',(0.,0.,1.));
#12661=DIRECTION('',(1.,0.,0.));
#12662=DIRECTION('',(0.,-1.,0.));
#12663=DIRECTION('',(-1.,0.,0.));
#12664=DIRECTION('',(-1.,0.,0.));
#12665=DIRECTION('',(0.,0.,1.));
#12666=DIRECTION('',(0.,-1.,0.));
#12667=DIRECTION('',(0.,0.,-1.));
#12668=DIRECTION('',(0.,0.,-1.));
#12669=DIRECTION('',(-1.,0.,0.));
#12670=DIRECTION('',(0.,-1.,0.));
#12671=DIRECTION('',(1.,0.,0.));
#12672=DIRECTION('',(-1.,0.,0.));
#12673=DIRECTION('',(0.,0.,1.));
#12674=DIRECTION('',(0.,-1.,0.));
#12675=DIRECTION('',(0.,0.,-1.));
#12676=DIRECTION('',(0.,0.,-1.));
#12677=DIRECTION('',(-1.,0.,0.));
#12678=DIRECTION('',(0.,-1.,0.));
#12679=DIRECTION('',(1.,0.,0.));
#12680=DIRECTION('',(1.,0.,0.));
#12681=DIRECTION('',(0.,0.,-1.));
#12682=DIRECTION('',(0.,-1.,0.));
#12683=DIRECTION('',(0.,0.,1.));
#12684=DIRECTION('',(0.,0.,-1.));
#12685=DIRECTION('',(-1.,0.,0.));
#12686=DIRECTION('',(0.,-1.,0.));
#12687=DIRECTION('',(1.,0.,0.));
#12688=DIRECTION('',(1.,0.,0.));
#12689=DIRECTION('',(0.,0.,-1.));
#12690=DIRECTION('',(0.,0.,1.));
#12691=DIRECTION('',(0.,-1.,0.));
#12692=DIRECTION('',(1.,0.,0.));
#12693=DIRECTION('',(0.,-1.,0.));
#12694=DIRECTION('',(1.,0.,0.));
#12695=DIRECTION('',(0.,-1.,0.));
#12696=DIRECTION('',(1.,0.,0.));
#12697=DIRECTION('',(0.,-1.,0.));
#12698=DIRECTION('',(1.,0.,0.));
#12699=DIRECTION('',(0.,0.,-1.));
#12700=DIRECTION('',(-1.,0.,0.));
#12701=DIRECTION('',(0.,-1.,0.));
#12702=DIRECTION('',(1.,0.,0.));
#12703=DIRECTION('',(0.,-1.,0.));
#12704=DIRECTION('',(1.,0.,0.));
#12705=DIRECTION('',(1.,0.,-2.40100135083295E-16));
#12706=DIRECTION('',(-2.40100135083295E-16,0.,-1.));
#12707=DIRECTION('',(0.,-1.,0.));
#12708=DIRECTION('',(2.40100135083295E-16,0.,1.));
#12709=DIRECTION('',(-1.58966641555721E-16,0.,-1.));
#12710=DIRECTION('',(-1.,0.,1.58966641555721E-16));
#12711=DIRECTION('',(1.,0.,-1.58966641555721E-16));
#12712=DIRECTION('',(0.,-1.,0.));
#12713=DIRECTION('',(1.,0.,-1.58966641555721E-16));
#12714=DIRECTION('',(1.,0.,-2.40100135083295E-16));
#12715=DIRECTION('',(-2.40100135083295E-16,0.,-1.));
#12716=DIRECTION('',(2.40100135083295E-16,0.,1.));
#12717=DIRECTION('',(2.40100135083295E-16,0.,1.));
#12718=DIRECTION('',(0.,1.,0.));
#12719=DIRECTION('',(-1.,0.,0.));
#12720=DIRECTION('',(1.,0.,0.));
#12721=DIRECTION('',(2.48705874692015E-16,0.,1.));
#12722=DIRECTION('',(1.,0.,-1.62693878168985E-16));
#12723=DIRECTION('',(2.48705874692015E-16,0.,1.));
#12724=DIRECTION('',(0.,0.,-1.));
#12725=DIRECTION('',(-1.,0.,0.));
#12726=DIRECTION('',(1.,0.,0.));
#12727=DIRECTION('',(0.,-1.,0.));
#12728=DIRECTION('',(0.,-1.,0.));
#12729=DIRECTION('',(1.,0.,-2.48705874692015E-16));
#12730=DIRECTION('',(-2.48705874692015E-16,0.,-1.));
#12731=DIRECTION('',(2.48705874692015E-16,0.,1.));
#12732=DIRECTION('',(0.,-1.,0.));
#12733=DIRECTION('',(-1.62693878168985E-16,0.,-1.));
#12734=DIRECTION('',(-1.,0.,1.62693878168985E-16));
#12735=DIRECTION('',(1.,0.,-1.62693878168985E-16));
#12736=DIRECTION('',(0.,-1.,0.));
#12737=DIRECTION('',(1.,0.,-2.48705874692015E-16));
#12738=DIRECTION('',(-2.48705874692015E-16,0.,-1.));
#12739=DIRECTION('',(2.48705874692015E-16,0.,1.));
#12740=DIRECTION('',(0.,1.,0.));
#12741=DIRECTION('',(-1.,0.,0.));
#12742=DIRECTION('',(0.,-1.,0.));
#12743=DIRECTION('',(0.,0.,-1.));
#12744=DIRECTION('',(0.,-1.,0.));
#12745=DIRECTION('',(0.,0.,-1.));
#12746=DIRECTION('',(0.,-1.,0.));
#12747=DIRECTION('',(0.,-1.,0.));
#12748=DIRECTION('',(0.,-1.,0.));
#12749=DIRECTION('',(0.,0.,-1.));
#12750=DIRECTION('',(0.,-1.,0.));
#12751=DIRECTION('',(0.,0.,-1.));
#12752=DIRECTION('',(0.290380059363891,0.,-0.956911396694502));
#12753=DIRECTION('',(-0.956911396694502,0.,-0.290380059363891));
#12754=DIRECTION('',(0.,-1.,0.));
#12755=DIRECTION('',(0.,0.,-1.));
#12756=DIRECTION('',(0.,-1.,0.));
#12757=DIRECTION('',(0.,0.,-1.));
#12758=DIRECTION('',(0.,-1.,0.));
#12759=DIRECTION('',(0.,0.,-1.));
#12760=DIRECTION('',(0.290380059363891,0.,0.956911396694502));
#12761=DIRECTION('',(0.956911396694502,0.,-0.290380059363891));
#12762=DIRECTION('',(0.,-1.,0.));
#12763=DIRECTION('',(0.,0.,-1.));
#12764=DIRECTION('',(0.,-1.,0.));
#12765=DIRECTION('',(0.,0.,-1.));
#12766=DIRECTION('',(0.,1.,0.));
#12767=DIRECTION('',(0.,0.,1.));
#12768=DIRECTION('',(0.,-1.,0.));
#12769=DIRECTION('',(0.,0.,-1.));
#12770=DIRECTION('',(0.,-1.,0.));
#12771=DIRECTION('',(1.,0.,0.));
#12772=DIRECTION('',(0.,-1.,0.));
#12773=DIRECTION('',(0.,0.,-1.));
#12774=DIRECTION('',(0.,-1.,0.));
#12775=DIRECTION('',(0.,-1.,0.));
#12776=DIRECTION('',(0.,0.,-1.));
#12777=DIRECTION('',(0.,-1.,0.));
#12778=DIRECTION('',(0.,-1.,0.));
#12779=DIRECTION('',(0.,0.,-1.));
#12780=DIRECTION('',(0.,-1.,0.));
#12781=DIRECTION('',(0.,0.,-1.));
#12782=DIRECTION('',(0.,-1.,0.));
#12783=DIRECTION('',(0.,0.,-1.));
#12784=DIRECTION('',(-0.125879613495003,0.,-0.99204552461384));
#12785=DIRECTION('',(-0.99204552461384,0.,0.125879613495003));
#12786=DIRECTION('',(0.,-1.,0.));
#12787=DIRECTION('',(0.,0.,-1.));
#12788=DIRECTION('',(-0.125879613495001,0.,0.99204552461384));
#12789=DIRECTION('',(0.99204552461384,0.,0.125879613495001));
#12790=DIRECTION('',(0.,-1.,0.));
#12791=DIRECTION('',(0.,0.,-1.));
#12792=DIRECTION('',(0.,-1.,0.));
#12793=DIRECTION('',(0.,0.,-1.));
#12794=DIRECTION('',(0.,-1.,0.));
#12795=DIRECTION('',(0.,0.,-1.));
#12796=DIRECTION('',(0.,1.,0.));
#12797=DIRECTION('',(0.,0.,1.));
#12798=DIRECTION('',(0.,-1.,0.));
#12799=DIRECTION('',(0.,0.,-1.));
#12800=DIRECTION('',(0.,-1.,0.));
#12801=DIRECTION('',(1.,0.,0.));
#12802=DIRECTION('',(0.,-1.,0.));
#12803=DIRECTION('',(0.,0.,-1.));
#12804=DIRECTION('',(0.,-1.,0.));
#12805=DIRECTION('',(0.,-1.,0.));
#12806=DIRECTION('',(0.,0.,-1.));
#12807=DIRECTION('',(0.,-1.,0.));
#12808=DIRECTION('',(0.,-1.,0.));
#12809=DIRECTION('',(0.,0.,-1.));
#12810=DIRECTION('',(0.,-1.,0.));
#12811=DIRECTION('',(0.,0.,-1.));
#12812=DIRECTION('',(0.,-1.,0.));
#12813=DIRECTION('',(0.,0.,-1.));
#12814=DIRECTION('',(0.991702213666647,0.,-0.128556288872511));
#12815=DIRECTION('',(-0.128556288872511,0.,-0.991702213666647));
#12816=DIRECTION('',(0.,-1.,0.));
#12817=DIRECTION('',(0.,0.,-1.));
#12818=DIRECTION('',(-0.991702213666648,0.,-0.128556288872504));
#12819=DIRECTION('',(-0.128556288872504,0.,0.991702213666648));
#12820=DIRECTION('',(0.,-1.,0.));
#12821=DIRECTION('',(0.,0.,-1.));
#12822=DIRECTION('',(0.,-1.,0.));
#12823=DIRECTION('',(0.,0.,-1.));
#12824=DIRECTION('',(0.,-1.,0.));
#12825=DIRECTION('',(0.,0.,-1.));
#12826=DIRECTION('',(0.,1.,0.));
#12827=DIRECTION('',(0.,0.,1.));
#12828=DIRECTION('',(0.,-1.,0.));
#12829=DIRECTION('',(0.,0.,-1.));
#12830=DIRECTION('',(0.,-1.,0.));
#12831=DIRECTION('',(1.,0.,0.));
#12832=DIRECTION('',(0.,-1.,0.));
#12833=DIRECTION('',(0.,0.,-1.));
#12834=DIRECTION('',(0.,-1.,0.));
#12835=DIRECTION('',(0.,-1.,0.));
#12836=DIRECTION('',(0.,0.,-1.));
#12837=DIRECTION('',(0.,-1.,0.));
#12838=DIRECTION('',(0.,-1.,0.));
#12839=DIRECTION('',(0.,0.,-1.));
#12840=DIRECTION('',(0.,-1.,0.));
#12841=DIRECTION('',(0.,0.,-1.));
#12842=DIRECTION('',(0.,-1.,0.));
#12843=DIRECTION('',(0.,0.,-1.));
#12844=DIRECTION('',(-0.985061158343392,0.,0.172204861496922));
#12845=DIRECTION('',(0.172204861496922,0.,0.985061158343392));
#12846=DIRECTION('',(0.,-1.,0.));
#12847=DIRECTION('',(0.,0.,-1.));
#12848=DIRECTION('',(0.985061158343392,0.,0.172204861496922));
#12849=DIRECTION('',(0.172204861496922,0.,-0.985061158343392));
#12850=DIRECTION('',(0.,-1.,0.));
#12851=DIRECTION('',(0.,0.,-1.));
#12852=DIRECTION('',(0.,-1.,0.));
#12853=DIRECTION('',(0.,0.,-1.));
#12854=DIRECTION('',(0.,-1.,0.));
#12855=DIRECTION('',(0.,0.,-1.));
#12856=DIRECTION('',(0.,1.,0.));
#12857=DIRECTION('',(0.,0.,1.));
#12858=DIRECTION('',(0.,-1.,0.));
#12859=DIRECTION('',(0.,0.,-1.));
#12860=DIRECTION('',(0.,-1.,0.));
#12861=DIRECTION('',(1.,0.,0.));
#12862=DIRECTION('',(1.,0.,0.));
#12863=DIRECTION('',(0.,0.,-1.));
#12864=DIRECTION('',(0.707106781186548,0.,0.707106781186548));
#12865=DIRECTION('',(0.707106781186548,0.,-0.707106781186548));
#12866=DIRECTION('',(2.40100135083295E-16,0.,1.));
#12867=DIRECTION('',(1.,0.,-2.40100135083295E-16));
#12868=DIRECTION('',(-0.707106781186547,0.,0.707106781186548));
#12869=DIRECTION('',(0.707106781186548,0.,0.707106781186547));
#12870=DIRECTION('',(-1.,0.,1.58966641555721E-16));
#12871=DIRECTION('',(1.58966641555721E-16,0.,1.));
#12872=DIRECTION('',(0.,0.,-1.));
#12873=DIRECTION('',(-1.,0.,0.));
#12874=DIRECTION('',(0.,1.,0.));
#12875=DIRECTION('',(-1.,0.,0.));
#12876=DIRECTION('',(0.,0.,1.));
#12877=DIRECTION('',(0.,1.,0.));
#12878=DIRECTION('',(0.,0.,-1.));
#12879=DIRECTION('',(-1.,0.,0.));
#12880=DIRECTION('',(9.25185853854297E-17,0.,-1.));
#12881=DIRECTION('',(-1.,0.,-9.25185853854297E-17));
#12882=DIRECTION('',(0.,-1.,0.));
#12883=DIRECTION('',(0.,0.,-1.));
#12884=DIRECTION('',(-0.978586413710613,0.,0.205836417820077));
#12885=DIRECTION('',(0.205836417820077,0.,0.978586413710613));
#12886=DIRECTION('',(-0.978586413710611,0.,0.205836417820087));
#12887=DIRECTION('',(0.205836417820086,0.,0.978586413710611));
#12888=DIRECTION('',(-0.978586413710613,0.,0.205836417820075));
#12889=DIRECTION('',(0.205836417820075,0.,0.978586413710613));
#12890=DIRECTION('',(-0.978586413710611,0.,0.205836417820085));
#12891=DIRECTION('',(0.205836417820085,0.,0.978586413710611));
#12892=DIRECTION('',(0.978586413710613,0.,-0.205836417820076));
#12893=DIRECTION('',(-0.205836417820076,0.,-0.978586413710613));
#12894=DIRECTION('',(-0.978586413710613,-1.97205018199795E-15,0.205836417820077));
#12895=DIRECTION('',(0.205836417820077,0.,0.978586413710613));
#12896=DIRECTION('',(0.,-1.,0.));
#12897=DIRECTION('',(0.,0.,-1.));
#12898=DIRECTION('',(0.,-1.,0.));
#12899=DIRECTION('',(0.,0.,-1.));
#12900=DIRECTION('',(-0.978586413710613,0.,0.205836417820077));
#12901=DIRECTION('',(0.205836417820077,0.,0.978586413710613));
#12902=DIRECTION('',(-0.978586413710613,0.,0.205836417820077));
#12903=DIRECTION('',(0.205836417820077,0.,0.978586413710613));
#12904=DIRECTION('',(-0.978586413710613,0.,0.205836417820075));
#12905=DIRECTION('',(0.205836417820075,0.,0.978586413710613));
#12906=DIRECTION('',(-0.978586413710613,0.,0.205836417820077));
#12907=DIRECTION('',(0.205836417820077,0.,0.978586413710613));
#12908=DIRECTION('',(0.978586413710613,0.,-0.205836417820076));
#12909=DIRECTION('',(-0.205836417820076,0.,-0.978586413710613));
#12910=DIRECTION('',(-0.978586413710613,9.86025090998971E-16,0.205836417820077));
#12911=DIRECTION('',(0.205836417820077,0.,0.978586413710613));
#12912=DIRECTION('',(0.,-1.,0.));
#12913=DIRECTION('',(0.,0.,-1.));
#12914=CARTESIAN_POINT('',(0.,0.,0.));
#12915=CARTESIAN_POINT('',(-0.058,0.190425848361783,-0.004));
#12916=CARTESIAN_POINT('',(-0.058,-0.199370806432938,0.0145));
#12917=CARTESIAN_POINT('',(-0.058,-0.016,0.0145));
#12918=CARTESIAN_POINT('',(-0.058,-0.015,0.0145));
#12919=CARTESIAN_POINT('',(-0.058,-0.016,0.0255));
#12920=CARTESIAN_POINT('',(-0.058,-0.016,0.0255));
#12921=CARTESIAN_POINT('',(-0.058,0.190425848361783,0.0255));
#12922=CARTESIAN_POINT('',(-0.058,-0.015,0.0255));
#12923=CARTESIAN_POINT('',(-0.058,-0.015,-1.38777878078145E-17));
#12924=CARTESIAN_POINT('',(0.,-0.015,-1.38777878078145E-17));
#12925=CARTESIAN_POINT('',(0.0710004622962933,-0.015,0.0113809460939256));
#12926=CARTESIAN_POINT('',(0.0710004622962933,-0.015,0.0047809460939256));
#12927=CARTESIAN_POINT('',(0.0564995377037069,-0.015,0.0046190539060744));
#12928=CARTESIAN_POINT('',(0.0564995377037069,-0.015,-0.0019809460939256));
#12929=CARTESIAN_POINT('',(-0.00902429683348561,-0.015,-0.0429032644857824));
#12930=CARTESIAN_POINT('',(-0.0603608940919824,-0.015,-0.0321050956836087));
#12931=CARTESIAN_POINT('',(-0.0535107891960081,-0.015,-0.0335459506083493));
#12932=CARTESIAN_POINT('',(-0.0608240260320776,-0.015,-0.0343069151144576));
#12933=CARTESIAN_POINT('',(-0.0612871579721728,-0.015,-0.0365087345453065));
#12934=CARTESIAN_POINT('',(-0.0099505607136759,-0.015,-0.0473069033474801));
#12935=CARTESIAN_POINT('',(-0.0544370530761985,-0.015,-0.037949589470047));
#12936=CARTESIAN_POINT('',(-0.0539739211361033,-0.015,-0.0357477700391981));
#12937=CARTESIAN_POINT('',(-0.00629889860900854,-0.015,-0.0299461905983249));
#12938=CARTESIAN_POINT('',(-0.0605211681965817,-0.015,-0.0185410478520033));
#12939=CARTESIAN_POINT('',(-0.0536710633006074,-0.015,-0.0199819027767439));
#12940=CARTESIAN_POINT('',(-0.0609843001366768,-0.015,-0.0207428672828523));
#12941=CARTESIAN_POINT('',(-0.061447432076772,-0.015,-0.0229446867137011));
#12942=CARTESIAN_POINT('',(-0.00722516248919883,-0.015,-0.0343498294600227));
#12943=CARTESIAN_POINT('',(-0.0545973271807977,-0.015,-0.0243855416384417));
#12944=CARTESIAN_POINT('',(-0.0541341952407026,-0.015,-0.0221837222075927));
#12945=CARTESIAN_POINT('',(0.0572978530992817,-0.015,-0.017944014818137));
#12946=CARTESIAN_POINT('',(0.0572978530992817,-0.015,-0.021444014818137));
#12947=CARTESIAN_POINT('',(0.0724838377798127,-0.015,-0.0229446867137011));
#12948=CARTESIAN_POINT('',(0.0724838377798127,-0.015,-0.0264446867137011));
#12949=CARTESIAN_POINT('',(0.0602007286365195,-0.015,-0.034));
#12950=CARTESIAN_POINT('',(0.0602007286365195,-0.015,-0.0375));
#12951=CARTESIAN_POINT('',(-0.0228835949452831,-0.015,0.0445426829416994));
#12952=CARTESIAN_POINT('',(-0.0279319959139482,-0.015,0.0459835672741777));
#12953=CARTESIAN_POINT('',(-0.017835193976618,-0.015,0.0459835672741777));
#12954=CARTESIAN_POINT('',(-0.0176457686289714,-0.015,0.0449));
#12955=CARTESIAN_POINT('',(-0.0176457686289714,-0.015,0.046));
#12956=CARTESIAN_POINT('',(0.,-0.015,0.046));
#12957=CARTESIAN_POINT('',(0.075,-0.015,0.046));
#12958=CARTESIAN_POINT('',(0.075,-0.015,0.034));
#12959=CARTESIAN_POINT('',(0.087,-0.015,0.034));
#12960=CARTESIAN_POINT('',(0.087,-0.015,-1.38777878078145E-17));
#12961=CARTESIAN_POINT('',(0.087,-0.015,0.00518663150844189));
#12962=CARTESIAN_POINT('',(0.0858708663828769,-0.015,0.00518663150844189));
#12963=CARTESIAN_POINT('',(0.0869513472094929,-0.015,0.00485875362167192));
#12964=CARTESIAN_POINT('',(0.0848869429391696,-0.015,2.23498040844392E-19));
#12965=CARTESIAN_POINT('',(0.0869513472094929,-0.015,-0.00485875362167192));
#12966=CARTESIAN_POINT('',(0.0858708663828769,-0.015,-0.00518663150844189));
#12967=CARTESIAN_POINT('',(0.087,-0.015,-0.00518663150844189));
#12968=CARTESIAN_POINT('',(0.087,-0.015,-1.38777878078145E-17));
#12969=CARTESIAN_POINT('',(0.087,-0.015,-0.034));
#12970=CARTESIAN_POINT('',(0.075,-0.015,-0.034));
#12971=CARTESIAN_POINT('',(0.075,-0.015,-0.046));
#12972=CARTESIAN_POINT('',(0.,-0.015,-0.046));
#12973=CARTESIAN_POINT('',(0.0409420533706997,-0.015,-0.046));
#12974=CARTESIAN_POINT('',(0.0409420533706997,-0.015,-0.04487087));
#12975=CARTESIAN_POINT('',(0.040796896608245,-0.015,-0.0459906307205174));
#12976=CARTESIAN_POINT('',(0.0356641737622136,-0.015,-0.0447559770270767));
#12977=CARTESIAN_POINT('',(0.0305314509161821,-0.015,-0.0459906307205174));
#12978=CARTESIAN_POINT('',(0.0303862941537275,-0.015,-0.04487087));
#12979=CARTESIAN_POINT('',(0.0303862941537275,-0.015,-0.046));
#12980=CARTESIAN_POINT('',(0.,-0.015,-0.046));
#12981=CARTESIAN_POINT('',(-0.075,-0.015,-0.046));
#12982=CARTESIAN_POINT('',(-0.075,-0.015,-0.034));
#12983=CARTESIAN_POINT('',(-0.087,-0.015,-0.034));
#12984=CARTESIAN_POINT('',(-0.087,-0.015,-1.38777878078145E-17));
#12985=CARTESIAN_POINT('',(-0.087,-0.015,-0.0105481092158248));
#12986=CARTESIAN_POINT('',(-0.08587087,-0.015,-0.0105481092158248));
#12987=CARTESIAN_POINT('',(-0.0869910183632072,-0.015,-0.0104059747678392));
#12988=CARTESIAN_POINT('',(-0.0857702203296423,-0.015,-0.00526993877515537));
#12989=CARTESIAN_POINT('',(-0.0869910183632072,-0.015,-0.000133902782471511));
#12990=CARTESIAN_POINT('',(-0.08587087,-0.015,8.23166551409873E-6));
#12991=CARTESIAN_POINT('',(-0.087,-0.015,8.2316655140985E-6));
#12992=CARTESIAN_POINT('',(-0.087,-0.015,-1.38777878078145E-17));
#12993=CARTESIAN_POINT('',(-0.087,-0.015,0.034));
#12994=CARTESIAN_POINT('',(-0.075,-0.015,0.034));
#12995=CARTESIAN_POINT('',(-0.075,-0.015,0.046));
#12996=CARTESIAN_POINT('',(0.,-0.015,0.046));
#12997=CARTESIAN_POINT('',(-0.0281214212615948,-0.015,0.046));
#12998=CARTESIAN_POINT('',(-0.0281214212615948,-0.015,0.0449));
#12999=CARTESIAN_POINT('',(0.,-0.015,0.0145));
#13000=CARTESIAN_POINT('',(-0.0485,-0.015,0.0145));
#13001=CARTESIAN_POINT('',(0.,-0.015,0.0255));
#13002=CARTESIAN_POINT('',(-0.071,-0.015,0.0255));
#13003=CARTESIAN_POINT('',(-0.071,-0.015,-1.38777878078145E-17));
#13004=CARTESIAN_POINT('',(-0.071,-0.015,0.0145));
#13005=CARTESIAN_POINT('',(0.,-0.015,0.0145));
#13006=CARTESIAN_POINT('',(-0.082,-0.015,0.0145));
#13007=CARTESIAN_POINT('',(-0.082,-0.015,-1.38777878078145E-17));
#13008=CARTESIAN_POINT('',(-0.082,-0.015,0.0015));
#13009=CARTESIAN_POINT('',(0.,-0.015,0.00149999999999998));
#13010=CARTESIAN_POINT('',(-0.071,-0.015,0.00149999999999998));
#13011=CARTESIAN_POINT('',(-0.071,-0.015,-1.38777878078145E-17));
#13012=CARTESIAN_POINT('',(-0.071,-0.015,-0.0095));
#13013=CARTESIAN_POINT('',(0.,-0.015,-0.0095));
#13014=CARTESIAN_POINT('',(-0.058,-0.015,-0.0095));
#13015=CARTESIAN_POINT('',(-0.058,-0.015,-1.38777878078145E-17));
#13016=CARTESIAN_POINT('',(-0.058,-0.015,0.00149999999999998));
#13017=CARTESIAN_POINT('',(0.,-0.015,0.00149999999999998));
#13018=CARTESIAN_POINT('',(-0.0485,-0.015,0.00149999999999998));
#13019=CARTESIAN_POINT('',(-0.0485,-0.015,-0.0218));
#13020=CARTESIAN_POINT('',(-0.0485,-0.015,-0.0238));
#13021=CARTESIAN_POINT('',(0.,-0.015,-0.0238));
#13022=CARTESIAN_POINT('',(0.0428,-0.015,-0.0238));
#13023=CARTESIAN_POINT('',(0.0428,-0.015,-2.41540735893795E-17));
#13024=CARTESIAN_POINT('',(0.0428,-0.015,0.038));
#13025=CARTESIAN_POINT('',(-0.0465,-0.015,0.038));
#13026=CARTESIAN_POINT('',(-0.0485,-0.015,0.038));
#13027=CARTESIAN_POINT('',(-0.0485,-0.015,-0.0218));
#13028=CARTESIAN_POINT('',(-0.0485,-0.013,0.0071));
#13029=CARTESIAN_POINT('',(-0.0485,-0.013,0.0145));
#13030=CARTESIAN_POINT('',(-0.047,-0.0143228756555324,0.0145));
#13031=CARTESIAN_POINT('',(-0.0485,-0.013,0.038));
#13032=CARTESIAN_POINT('',(-0.0465,-0.013,0.036));
#13033=CARTESIAN_POINT('',(-0.0465,-0.013,0.036));
#13034=CARTESIAN_POINT('',(-0.0465,-0.013,-0.0218));
#13035=CARTESIAN_POINT('',(-0.0485,-0.013,-0.0238));
#13036=CARTESIAN_POINT('',(-0.0485,-0.013,0.00149999999999998));
#13037=CARTESIAN_POINT('',(-0.047,-0.0143228756555323,0.00149999999999998));
#13038=CARTESIAN_POINT('',(-0.047,-0.0143228756555323,0.0071));
#13039=CARTESIAN_POINT('',(-1.36464913443509E-17,-0.0175,0.0465));
#13040=CARTESIAN_POINT('',(0.0523301270189222,-0.00725,0.0465));
#13041=CARTESIAN_POINT('',(0.0523301270189222,-0.00375,0.0465));
#13042=CARTESIAN_POINT('',(0.0523301270189222,-0.01075,0.0465));
#13043=CARTESIAN_POINT('',(-1.36464913443509E-17,-0.01075,0.0465));
#13044=CARTESIAN_POINT('',(0.0741266028275953,-0.01075,0.0465));
#13045=CARTESIAN_POINT('',(0.0741266028275955,-0.00725,0.0465));
#13046=CARTESIAN_POINT('',(0.0741266028275953,-0.00375,0.0465));
#13047=CARTESIAN_POINT('',(-1.36464913443509E-17,-0.00375,0.0465));
#13048=CARTESIAN_POINT('',(-1.36464913443509E-17,-0.0145,0.0465));
#13049=CARTESIAN_POINT('',(-0.0176457686289714,-0.0145,0.0465));
#13050=CARTESIAN_POINT('',(0.075,-0.0145,0.0465));
#13051=CARTESIAN_POINT('',(-0.0176457686289714,-0.0175,0.0465));
#13052=CARTESIAN_POINT('',(-0.0176457686289714,0.,0.0465));
#13053=CARTESIAN_POINT('',(-1.36464913443509E-17,0.,0.0465));
#13054=CARTESIAN_POINT('',(-0.0035,0.,0.0465));
#13055=CARTESIAN_POINT('',(-4.10551222647844E-18,-2.14313189850787E-19,
0.0465));
#13056=CARTESIAN_POINT('',(0.0035,0.,0.0465));
#13057=CARTESIAN_POINT('',(-1.36464913443509E-17,0.,0.0465));
#13058=CARTESIAN_POINT('',(0.075,0.,0.0465));
#13059=CARTESIAN_POINT('',(0.075,-0.0175,0.0465));
#13060=CARTESIAN_POINT('',(-1.36464913443509E-17,-0.0175,0.0465));
#13061=CARTESIAN_POINT('',(-1.36464913443509E-17,-0.01075,0.0465));
#13062=CARTESIAN_POINT('',(-0.0523301270189222,-0.01075,0.0465));
#13063=CARTESIAN_POINT('',(-0.0741266028275953,-0.01075,0.0465));
#13064=CARTESIAN_POINT('',(-0.0523301270189222,-0.00725,0.0465));
#13065=CARTESIAN_POINT('',(-0.0523301270189222,-0.00375,0.0465));
#13066=CARTESIAN_POINT('',(-1.36464913443509E-17,-0.00375,0.0465));
#13067=CARTESIAN_POINT('',(-0.0741266028275953,-0.00375,0.0465));
#13068=CARTESIAN_POINT('',(-0.0741266028275955,-0.00725,0.0465));
#13069=CARTESIAN_POINT('',(-1.36464913443509E-17,0.,0.0465));
#13070=CARTESIAN_POINT('',(-0.0281214212615948,0.,0.0465));
#13071=CARTESIAN_POINT('',(-0.075,0.,0.0465));
#13072=CARTESIAN_POINT('',(-0.0281214212615948,-0.0175,0.0465));
#13073=CARTESIAN_POINT('',(-0.0281214212615948,-0.0145,0.0465));
#13074=CARTESIAN_POINT('',(-1.36464913443509E-17,-0.0145,0.0465));
#13075=CARTESIAN_POINT('',(-0.075,-0.0145,0.0465));
#13076=CARTESIAN_POINT('',(-0.075,-0.0175,0.0465));
#13077=CARTESIAN_POINT('',(-4.25585492772976E-18,-0.0145,0.046));
#13078=CARTESIAN_POINT('',(-0.0281214212615948,-0.0145,0.046));
#13079=CARTESIAN_POINT('',(-0.075,-0.0145,0.046));
#13080=CARTESIAN_POINT('',(-4.25585492772976E-18,-0.0145,0.046));
#13081=CARTESIAN_POINT('',(-0.0176457686289714,-0.0145,0.046));
#13082=CARTESIAN_POINT('',(0.075,-0.0145,0.046));
#13083=CARTESIAN_POINT('',(-2.77555756156289E-19,-0.0145,-0.046));
#13084=CARTESIAN_POINT('',(-2.31296463463575E-19,-0.0145,-0.0465));
#13085=CARTESIAN_POINT('',(0.075,-0.0145,-0.0465));
#13086=CARTESIAN_POINT('',(0.0409420533706997,-0.0145,-0.0465));
#13087=CARTESIAN_POINT('',(0.0409420533706997,-0.0145,-0.046));
#13088=CARTESIAN_POINT('',(0.075,-0.0145,-0.046));
#13089=CARTESIAN_POINT('',(-2.77555756156289E-19,-0.0145,-0.046));
#13090=CARTESIAN_POINT('',(0.0303862941537275,-0.0145,-0.046));
#13091=CARTESIAN_POINT('',(0.0303862941537275,-0.0145,-0.0465));
#13092=CARTESIAN_POINT('',(-2.31296463463575E-19,-0.0145,-0.0465));
#13093=CARTESIAN_POINT('',(-0.075,-0.0145,-0.0465));
#13094=CARTESIAN_POINT('',(-0.075,-0.0145,-0.046));
#13095=CARTESIAN_POINT('',(-2.31296463463575E-19,-0.0175,-0.0465));
#13096=CARTESIAN_POINT('',(-2.31296463463575E-19,0.,-0.0465));
#13097=CARTESIAN_POINT('',(0.075,0.,-0.0465));
#13098=CARTESIAN_POINT('',(0.0409420533706997,0.,-0.0465));
#13099=CARTESIAN_POINT('',(0.0409420533706997,-0.0145,-0.0465));
#13100=CARTESIAN_POINT('',(0.075,-0.0175,-0.0465));
#13101=CARTESIAN_POINT('',(-2.31296463463575E-19,-0.0175,-0.0465));
#13102=CARTESIAN_POINT('',(0.0303862941537275,0.,-0.0465));
#13103=CARTESIAN_POINT('',(0.0303862941537275,0.,-0.0465));
#13104=CARTESIAN_POINT('',(-2.31296463463575E-19,0.,-0.0465));
#13105=CARTESIAN_POINT('',(-0.075,0.,-0.0465));
#13106=CARTESIAN_POINT('',(-0.075,-0.0175,-0.0465));
#13107=CARTESIAN_POINT('',(-0.087,-0.0145,-1.67349794153056E-17));
#13108=CARTESIAN_POINT('',(-0.0875,-0.0145,-1.6837021972716E-17));
#13109=CARTESIAN_POINT('',(-0.0875,-0.0145,-0.034));
#13110=CARTESIAN_POINT('',(-0.0875,-0.0145,-0.0105481092158248));
#13111=CARTESIAN_POINT('',(-0.087,-0.0145,-0.0105481092158248));
#13112=CARTESIAN_POINT('',(-0.087,-0.0145,-0.034));
#13113=CARTESIAN_POINT('',(-0.087,-0.0145,-1.67349794153056E-17));
#13114=CARTESIAN_POINT('',(-0.087,-0.0145,8.2316655140985E-6));
#13115=CARTESIAN_POINT('',(-0.0875,-0.0145,8.2316655140984E-6));
#13116=CARTESIAN_POINT('',(-0.0875,-0.0145,-1.6837021972716E-17));
#13117=CARTESIAN_POINT('',(-0.0875,-0.0145,0.034));
#13118=CARTESIAN_POINT('',(-0.087,-0.0145,0.034));
#13119=CARTESIAN_POINT('',(-0.0875,-0.0175,-1.6837021972716E-17));
#13120=CARTESIAN_POINT('',(-0.0875,0.,-1.6837021972716E-17));
#13121=CARTESIAN_POINT('',(-0.0875,0.,-0.034));
#13122=CARTESIAN_POINT('',(-0.0875,0.,-0.0105481092158248));
#13123=CARTESIAN_POINT('',(-0.0875,-0.0145,-0.0105481092158248));
#13124=CARTESIAN_POINT('',(-0.0875,-0.0175,-0.034));
#13125=CARTESIAN_POINT('',(-0.0875,-0.0175,-1.6837021972716E-17));
#13126=CARTESIAN_POINT('',(-0.0875,0.,8.2316655140984E-6));
#13127=CARTESIAN_POINT('',(-0.0875,0.,8.2316655140984E-6));
#13128=CARTESIAN_POINT('',(-0.0875,0.,-1.6837021972716E-17));
#13129=CARTESIAN_POINT('',(-0.0875,0.,0.034));
#13130=CARTESIAN_POINT('',(-0.0875,-0.0175,0.034));
#13131=CARTESIAN_POINT('',(0.087,-0.0145,3.87761718159521E-18));
#13132=CARTESIAN_POINT('',(0.0875,-0.0145,-3.97965973900562E-18));
#13133=CARTESIAN_POINT('',(0.0875,-0.0145,0.034));
#13134=CARTESIAN_POINT('',(0.0875,-0.0145,0.00518663150844189));
#13135=CARTESIAN_POINT('',(0.087,-0.0145,0.00518663150844189));
#13136=CARTESIAN_POINT('',(0.087,-0.0145,0.034));
#13137=CARTESIAN_POINT('',(0.087,-0.0145,3.87761718159521E-18));
#13138=CARTESIAN_POINT('',(0.087,-0.0145,-0.00518663150844189));
#13139=CARTESIAN_POINT('',(0.0875,-0.0145,-0.00518663150844189));
#13140=CARTESIAN_POINT('',(0.0875,-0.0145,-3.97965973900562E-18));
#13141=CARTESIAN_POINT('',(0.0875,-0.0145,-0.034));
#13142=CARTESIAN_POINT('',(0.087,-0.0145,-0.034));
#13143=CARTESIAN_POINT('',(0.0875,-0.0175,-3.97965973900562E-18));
#13144=CARTESIAN_POINT('',(0.0875,-0.0175,-0.00518663150844189));
#13145=CARTESIAN_POINT('',(0.0875,0.,-0.00518663150844189));
#13146=CARTESIAN_POINT('',(0.0875,0.,-3.97965973900562E-18));
#13147=CARTESIAN_POINT('',(0.0875,0.,-0.034));
#13148=CARTESIAN_POINT('',(0.0875,-0.0175,-0.034));
#13149=CARTESIAN_POINT('',(0.0875,-0.0175,-3.97965973900562E-18));
#13150=CARTESIAN_POINT('',(0.0875,0.,-3.97965973900562E-18));
#13151=CARTESIAN_POINT('',(0.0875,0.,0.00518663150844189));
#13152=CARTESIAN_POINT('',(0.0875,0.,0.034));
#13153=CARTESIAN_POINT('',(0.0875,-0.0175,0.00518663150844189));
#13154=CARTESIAN_POINT('',(0.0875,-0.0175,0.034));
#13155=CARTESIAN_POINT('',(0.,-0.0175,-1.38777878078145E-17));
#13156=CARTESIAN_POINT('',(-0.0614362370561431,-0.0175,-0.0372174855413005));
#13157=CARTESIAN_POINT('',(-0.0545861321601689,-0.0175,-0.038658340466041));
#13158=CARTESIAN_POINT('',(-0.0614362370561431,-0.0175,-0.0372174855413005));
#13159=CARTESIAN_POINT('',(-0.0608240260320776,-0.0175,-0.0343069151144576));
#13160=CARTESIAN_POINT('',(-0.060211815008012,-0.0175,-0.0313963446876147));
#13161=CARTESIAN_POINT('',(-0.00887521774951525,-0.0175,-0.0421945134897883));
#13162=CARTESIAN_POINT('',(-0.0533617101120378,-0.0175,-0.0328371996123552));
#13163=CARTESIAN_POINT('',(-0.0539739211361033,-0.0175,-0.0357477700391981));
#13164=CARTESIAN_POINT('',(-0.0615965111607424,-0.0175,-0.0236534377096951));
#13165=CARTESIAN_POINT('',(-0.0547464062647681,-0.0175,-0.0250942926344357));
#13166=CARTESIAN_POINT('',(-0.0615965111607424,-0.0175,-0.0236534377096951));
#13167=CARTESIAN_POINT('',(-0.0609843001366768,-0.0175,-0.0207428672828523));
#13168=CARTESIAN_POINT('',(-0.0603720891126113,-0.0175,-0.0178322968560093));
#13169=CARTESIAN_POINT('',(-0.00614981952503817,-0.0175,-0.0292374396023309));
#13170=CARTESIAN_POINT('',(-0.053521984216637,-0.0175,-0.0192731517807499));
#13171=CARTESIAN_POINT('',(-0.0541341952407026,-0.0175,-0.0221837222075927));
#13172=CARTESIAN_POINT('',(0.0775241547271526,-0.0175,-0.0277797951453814));
#13173=CARTESIAN_POINT('',(0.0775241547271526,-0.0175,-0.0295149839474648));
#13174=CARTESIAN_POINT('',(0.0775241547271526,-0.0175,-0.0260446063432981));
#13175=CARTESIAN_POINT('',(0.0780641937896526,-0.0175,-0.0260446063432981));
#13176=CARTESIAN_POINT('',(0.0786042328521526,-0.0175,-0.0260446063432981));
#13177=CARTESIAN_POINT('',(0.0786042328521526,-0.0175,-0.0260446063432981));
#13178=CARTESIAN_POINT('',(0.0793425141021526,-0.0175,-0.0260446063432981));
#13179=CARTESIAN_POINT('',(0.0796759559424303,-0.0175,-0.0262546215342703));
#13180=CARTESIAN_POINT('',(0.0796759559424303,-0.0175,-0.0262546215342703));
#13181=CARTESIAN_POINT('',(0.0796759559424303,-0.0175,-0.0262546215342703));
#13182=CARTESIAN_POINT('',(0.0800093977827081,-0.0175,-0.0264646367252425));
#13183=CARTESIAN_POINT('',(0.0800093977827081,-0.0175,-0.0269226445377425));
#13184=CARTESIAN_POINT('',(0.0800093977827081,-0.0175,-0.0269226445377425));
#13185=CARTESIAN_POINT('',(0.0800093977827081,-0.0175,-0.0269226445377425));
#13186=CARTESIAN_POINT('',(0.0800093977827081,-0.0175,-0.0272340594682981));
#13187=CARTESIAN_POINT('',(0.0798635644493748,-0.0175,-0.0274334409787148));
#13188=CARTESIAN_POINT('',(0.0798635644493748,-0.0175,-0.0274334409787148));
#13189=CARTESIAN_POINT('',(0.0793885867899436,-0.0175,-0.0270985237647723));
#13190=CARTESIAN_POINT('',(0.079475435109097,-0.0175,-0.0276728258171134));
#13191=CARTESIAN_POINT('',(0.079475435109097,-0.0175,-0.0276848515689926));
#13192=CARTESIAN_POINT('',(0.079475435109097,-0.0175,-0.0276966245724647));
#13193=CARTESIAN_POINT('',(0.079475435109097,-0.0175,-0.0276966245724647));
#13194=CARTESIAN_POINT('',(0.0798050792063192,-0.0175,-0.0277703007877425));
#13195=CARTESIAN_POINT('',(0.0799512923139581,-0.0175,-0.0279719609439925));
#13196=CARTESIAN_POINT('',(0.0799512923139581,-0.0175,-0.0279719609439925));
#13197=CARTESIAN_POINT('',(0.0799512923139581,-0.0175,-0.0279719609439925));
#13198=CARTESIAN_POINT('',(0.080097505421597,-0.0175,-0.0281736211002425));
#13199=CARTESIAN_POINT('',(0.080097505421597,-0.0175,-0.0285085820377425));
#13200=CARTESIAN_POINT('',(0.080097505421597,-0.0175,-0.0285085820377425));
#13201=CARTESIAN_POINT('',(0.080097505421597,-0.0175,-0.0285085820377425));
#13202=CARTESIAN_POINT('',(0.080097505421597,-0.0175,-0.028983299919687));
#13203=CARTESIAN_POINT('',(0.0797541894493748,-0.0175,-0.0292491419335759));
#13204=CARTESIAN_POINT('',(0.0797541894493748,-0.0175,-0.0292491419335759));
#13205=CARTESIAN_POINT('',(0.0797541894493748,-0.0175,-0.0292491419335759));
#13206=CARTESIAN_POINT('',(0.0794108734771526,-0.0175,-0.0295149839474648));
#13207=CARTESIAN_POINT('',(0.0788222233035415,-0.0175,-0.0295149839474648));
#13208=CARTESIAN_POINT('',(0.0788222233035415,-0.0175,-0.0295149839474648));
#13209=CARTESIAN_POINT('',(0.078173189015347,-0.0175,-0.0295149839474648));
#13210=CARTESIAN_POINT('',(0.0697314013553106,-0.0175,-0.0328584635416667));
#13211=CARTESIAN_POINT('',(0.0700129768761439,-0.0175,-0.0330915364583334));
#13212=CARTESIAN_POINT('',(0.0700129768761439,-0.0175,-0.0335531250000001));
#13213=CARTESIAN_POINT('',(0.0697314013553106,-0.0175,-0.0328584635416667));
#13214=CARTESIAN_POINT('',(0.0700129768761439,-0.0175,-0.0335531250000001));
#13215=CARTESIAN_POINT('',(0.0700129768761439,-0.0175,-0.0335531250000001));
#13216=CARTESIAN_POINT('',(0.0700129768761439,-0.0175,-0.0340335937500001));
#13217=CARTESIAN_POINT('',(0.0697128466678106,-0.0175,-0.0342878255208333));
#13218=CARTESIAN_POINT('',(0.0697128466678106,-0.0175,-0.0342878255208333));
#13219=CARTESIAN_POINT('',(0.0697128466678106,-0.0175,-0.0342878255208333));
#13220=CARTESIAN_POINT('',(0.0694127164594772,-0.0175,-0.0345420572916667));
#13221=CARTESIAN_POINT('',(0.0688593310428106,-0.0175,-0.0345420572916667));
#13222=CARTESIAN_POINT('',(0.0688593310428106,-0.0175,-0.0345420572916667));
#13223=CARTESIAN_POINT('',(0.0687242398969772,-0.0175,-0.0345420572916667));
#13224=CARTESIAN_POINT('',(0.0685891487511439,-0.0175,-0.0345420572916667));
#13225=CARTESIAN_POINT('',(0.0685891487511439,-0.0175,-0.0350710286458333));
#13226=CARTESIAN_POINT('',(0.0685891487511439,-0.0175,-0.0356));
#13227=CARTESIAN_POINT('',(0.0682737190636439,-0.0175,-0.0356));
#13228=CARTESIAN_POINT('',(0.0679582893761439,-0.0175,-0.0356));
#13229=CARTESIAN_POINT('',(0.0679582893761439,-0.0175,-0.0341126953125001));
#13230=CARTESIAN_POINT('',(0.0679582893761439,-0.0175,-0.032625390625));
#13231=CARTESIAN_POINT('',(0.0684332242719772,-0.0175,-0.032625390625));
#13232=CARTESIAN_POINT('',(0.0689081591678106,-0.0175,-0.032625390625));
#13233=CARTESIAN_POINT('',(0.0689081591678106,-0.0175,-0.032625390625));
#13234=CARTESIAN_POINT('',(0.0694498258344772,-0.0175,-0.032625390625));
#13235=CARTESIAN_POINT('',(0.0697314013553106,-0.0175,-0.0328584635416667));
#13236=CARTESIAN_POINT('',(0.0746210497928106,-0.0175,-0.0353395833333333));
#13237=CARTESIAN_POINT('',(0.0746210497928106,-0.0175,-0.0350791666666667));
#13238=CARTESIAN_POINT('',(0.0746210497928106,-0.0175,-0.0356));
#13239=CARTESIAN_POINT('',(0.0737646044803106,-0.0175,-0.0356));
#13240=CARTESIAN_POINT('',(0.0729081591678106,-0.0175,-0.0356));
#13241=CARTESIAN_POINT('',(0.0729081591678106,-0.0175,-0.0341126953125001));
#13242=CARTESIAN_POINT('',(0.0729081591678106,-0.0175,-0.032625390625));
#13243=CARTESIAN_POINT('',(0.0737646044803106,-0.0175,-0.032625390625));
#13244=CARTESIAN_POINT('',(0.0746210497928106,-0.0175,-0.032625390625));
#13245=CARTESIAN_POINT('',(0.0746210497928106,-0.0175,-0.0328838541666667));
#13246=CARTESIAN_POINT('',(0.0746210497928106,-0.0175,-0.0331423177083333));
#13247=CARTESIAN_POINT('',(0.0740800341678106,-0.0175,-0.0331423177083333));
#13248=CARTESIAN_POINT('',(0.0735390185428106,-0.0175,-0.0331423177083333));
#13249=CARTESIAN_POINT('',(0.0735390185428106,-0.0175,-0.0334688151041667));
#13250=CARTESIAN_POINT('',(0.0735390185428106,-0.0175,-0.0337953125));
#13251=CARTESIAN_POINT('',(0.0740425992719772,-0.0175,-0.0337953125));
#13252=CARTESIAN_POINT('',(0.0745461800011439,-0.0175,-0.0337953125));
#13253=CARTESIAN_POINT('',(0.0745461800011439,-0.0175,-0.0340537760416667));
#13254=CARTESIAN_POINT('',(0.0745461800011439,-0.0175,-0.0343122395833333));
#13255=CARTESIAN_POINT('',(0.0740425992719772,-0.0175,-0.0343122395833333));
#13256=CARTESIAN_POINT('',(0.0735390185428106,-0.0175,-0.0343122395833333));
#13257=CARTESIAN_POINT('',(0.0735390185428106,-0.0175,-0.0346957031250001));
#13258=CARTESIAN_POINT('',(0.0735390185428106,-0.0175,-0.0350791666666667));
#13259=CARTESIAN_POINT('',(0.0740800341678106,-0.0175,-0.0350791666666667));
#13260=CARTESIAN_POINT('',(0.0722877164594772,-0.0175,-0.0353395833333333));
#13261=CARTESIAN_POINT('',(0.0722877164594772,-0.0175,-0.0350791666666667));
#13262=CARTESIAN_POINT('',(0.0722877164594772,-0.0175,-0.0356));
#13263=CARTESIAN_POINT('',(0.0714312711469772,-0.0175,-0.0356));
#13264=CARTESIAN_POINT('',(0.0705748258344772,-0.0175,-0.0356));
#13265=CARTESIAN_POINT('',(0.0705748258344772,-0.0175,-0.0341126953125001));
#13266=CARTESIAN_POINT('',(0.0705748258344772,-0.0175,-0.032625390625));
#13267=CARTESIAN_POINT('',(0.0714312711469772,-0.0175,-0.032625390625));
#13268=CARTESIAN_POINT('',(0.0722877164594772,-0.0175,-0.032625390625));
#13269=CARTESIAN_POINT('',(0.0722877164594772,-0.0175,-0.0328838541666667));
#13270=CARTESIAN_POINT('',(0.0722877164594772,-0.0175,-0.0331423177083333));
#13271=CARTESIAN_POINT('',(0.0717467008344772,-0.0175,-0.0331423177083333));
#13272=CARTESIAN_POINT('',(0.0712056852094772,-0.0175,-0.0331423177083333));
#13273=CARTESIAN_POINT('',(0.0712056852094772,-0.0175,-0.0334688151041667));
#13274=CARTESIAN_POINT('',(0.0712056852094772,-0.0175,-0.0337953125));
#13275=CARTESIAN_POINT('',(0.0717092659386439,-0.0175,-0.0337953125));
#13276=CARTESIAN_POINT('',(0.0722128466678106,-0.0175,-0.0337953125));
#13277=CARTESIAN_POINT('',(0.0722128466678106,-0.0175,-0.0340537760416667));
#13278=CARTESIAN_POINT('',(0.0722128466678106,-0.0175,-0.0343122395833333));
#13279=CARTESIAN_POINT('',(0.0717092659386439,-0.0175,-0.0343122395833333));
#13280=CARTESIAN_POINT('',(0.0712056852094772,-0.0175,-0.0343122395833333));
#13281=CARTESIAN_POINT('',(0.0712056852094772,-0.0175,-0.0346957031250001));
#13282=CARTESIAN_POINT('',(0.0712056852094772,-0.0175,-0.0350791666666667));
#13283=CARTESIAN_POINT('',(0.0717467008344772,-0.0175,-0.0350791666666667));
#13284=CARTESIAN_POINT('',(0.0672646044803106,-0.0175,-0.0342826171875001));
#13285=CARTESIAN_POINT('',(0.0674192268761439,-0.0175,-0.0344828125));
#13286=CARTESIAN_POINT('',(0.0674192268761439,-0.0175,-0.0347738281250001));
#13287=CARTESIAN_POINT('',(0.0672646044803106,-0.0175,-0.0342826171875001));
#13288=CARTESIAN_POINT('',(0.0674192268761439,-0.0175,-0.0347738281250001));
#13289=CARTESIAN_POINT('',(0.0674192268761439,-0.0175,-0.0347738281250001));
#13290=CARTESIAN_POINT('',(0.0674192268761439,-0.0175,-0.0351768229166667));
#13291=CARTESIAN_POINT('',(0.0671291878136439,-0.0175,-0.0354089192708334));
#13292=CARTESIAN_POINT('',(0.0671291878136439,-0.0175,-0.0354089192708334));
#13293=CARTESIAN_POINT('',(0.0671291878136439,-0.0175,-0.0354089192708334));
#13294=CARTESIAN_POINT('',(0.0668391487511439,-0.0175,-0.035641015625));
#13295=CARTESIAN_POINT('',(0.0663228727094772,-0.0175,-0.035641015625));
#13296=CARTESIAN_POINT('',(0.0663228727094772,-0.0175,-0.035641015625));
#13297=CARTESIAN_POINT('',(0.0663228727094772,-0.0175,-0.035641015625));
#13298=CARTESIAN_POINT('',(0.0658463102094772,-0.0175,-0.035641015625));
#13299=CARTESIAN_POINT('',(0.0654804247928106,-0.0175,-0.0354613281250001));
#13300=CARTESIAN_POINT('',(0.0654804247928106,-0.0175,-0.0354613281250001));
#13301=CARTESIAN_POINT('',(0.0654804247928106,-0.0175,-0.035168359375));
#13302=CARTESIAN_POINT('',(0.0654804247928106,-0.0175,-0.0348753906250001));
#13303=CARTESIAN_POINT('',(0.0654804247928106,-0.0175,-0.0348753906250001));
#13304=CARTESIAN_POINT('',(0.0657812060428106,-0.0175,-0.0350101562500001));
#13305=CARTESIAN_POINT('',(0.0659898648969772,-0.0175,-0.0350648437500001));
#13306=CARTESIAN_POINT('',(0.0659898648969772,-0.0175,-0.0350648437500001));
#13307=CARTESIAN_POINT('',(0.0663987378365916,-0.0175,-0.0335960673561069));
#13308=CARTESIAN_POINT('',(0.0663717008344772,-0.0175,-0.0351195312500001));
#13309=CARTESIAN_POINT('',(0.0663717008344772,-0.0175,-0.0351195312500001));
#13310=CARTESIAN_POINT('',(0.0665787320844772,-0.0175,-0.0351195312500001));
#13311=CARTESIAN_POINT('',(0.0666897346886439,-0.0175,-0.0350404296875));
#13312=CARTESIAN_POINT('',(0.0666897346886439,-0.0175,-0.0350404296875));
#13313=CARTESIAN_POINT('',(0.0666897346886439,-0.0175,-0.0350404296875));
#13314=CARTESIAN_POINT('',(0.0668007372928106,-0.0175,-0.0349613281250001));
#13315=CARTESIAN_POINT('',(0.0668007372928106,-0.0175,-0.0348044270833333));
#13316=CARTESIAN_POINT('',(0.0668007372928106,-0.0175,-0.0348044270833333));
#13317=CARTESIAN_POINT('',(0.0665399497342453,-0.0175,-0.0348005017380153));
#13318=CARTESIAN_POINT('',(0.0667520946609047,-0.0175,-0.0346486813282716));
#13319=CARTESIAN_POINT('',(0.0663196356409118,-0.0175,-0.0349815230611796));
#13320=CARTESIAN_POINT('',(0.0666083544803106,-0.0175,-0.0345176432291667));
#13321=CARTESIAN_POINT('',(0.0666083544803106,-0.0175,-0.0345176432291667));
#13322=CARTESIAN_POINT('',(0.0665136279178106,-0.0175,-0.0344548177083333));
#13323=CARTESIAN_POINT('',(0.0662226122928106,-0.0175,-0.0343161458333334));
#13324=CARTESIAN_POINT('',(0.0662226122928106,-0.0175,-0.0343161458333334));
#13325=CARTESIAN_POINT('',(0.0662226122928106,-0.0175,-0.0343161458333334));
#13326=CARTESIAN_POINT('',(0.0659504768761439,-0.0175,-0.0341878906250001));
#13327=CARTESIAN_POINT('',(0.0658140836469772,-0.0175,-0.0340700520833334));
#13328=CARTESIAN_POINT('',(0.0658140836469772,-0.0175,-0.0340700520833334));
#13329=CARTESIAN_POINT('',(0.0664128023842382,-0.0175,-0.0333714108057584));
#13330=CARTESIAN_POINT('',(0.065596021035646,-0.0175,-0.0337954509453768));
#13331=CARTESIAN_POINT('',(0.0663011721875496,-0.0175,-0.033449427470675));
#13332=CARTESIAN_POINT('',(0.0655149300011439,-0.0175,-0.0334294270833333));
#13333=CARTESIAN_POINT('',(0.0655149300011439,-0.0175,-0.0334294270833333));
#13334=CARTESIAN_POINT('',(0.0655149300011439,-0.0175,-0.0330342447916667));
#13335=CARTESIAN_POINT('',(0.0657825081261439,-0.0175,-0.0328086588541667));
#13336=CARTESIAN_POINT('',(0.0657825081261439,-0.0175,-0.0328086588541667));
#13337=CARTESIAN_POINT('',(0.0657825081261439,-0.0175,-0.0328086588541667));
#13338=CARTESIAN_POINT('',(0.0660500862511439,-0.0175,-0.0325830729166667));
#13339=CARTESIAN_POINT('',(0.0665220914594772,-0.0175,-0.0325830729166667));
#13340=CARTESIAN_POINT('',(0.0665220914594772,-0.0175,-0.0325830729166667));
#13341=CARTESIAN_POINT('',(0.066531049194924,-0.0175,-0.0343371094722463));
#13342=CARTESIAN_POINT('',(0.0669645024423974,-0.0175,-0.032637654370212));
#13343=CARTESIAN_POINT('',(0.0661838913400542,-0.0175,-0.0355631566863885));
#13344=CARTESIAN_POINT('',(0.0674048230031714,-0.0175,-0.0327922529360724));
#13345=CARTESIAN_POINT('',(0.0673033414594772,-0.0175,-0.0330375));
#13346=CARTESIAN_POINT('',(0.0672015827277473,-0.0175,-0.0332834169488777));
#13347=CARTESIAN_POINT('',(0.0659949809276674,-0.0175,-0.0361056428711289));
#13348=CARTESIAN_POINT('',(0.0668079674472466,-0.0175,-0.0331463052950687));
#13349=CARTESIAN_POINT('',(0.0664965202749878,-0.0175,-0.0343715072567293));
#13350=CARTESIAN_POINT('',(0.0665019091678106,-0.0175,-0.0331078125));
#13351=CARTESIAN_POINT('',(0.0665019091678106,-0.0175,-0.0331078125));
#13352=CARTESIAN_POINT('',(0.0663228727094772,-0.0175,-0.0331078125));
#13353=CARTESIAN_POINT('',(0.0662271695844772,-0.0175,-0.0331911458333334));
#13354=CARTESIAN_POINT('',(0.0662271695844772,-0.0175,-0.0331911458333334));
#13355=CARTESIAN_POINT('',(0.0664056196678059,-0.0175,-0.0333987347013841));
#13356=CARTESIAN_POINT('',(0.0661317181628924,-0.0175,-0.0334085929828981));
#13357=CARTESIAN_POINT('',(0.0664012919673789,-0.0175,-0.0334155912032091));
#13358=CARTESIAN_POINT('',(0.0661699906742676,-0.0175,-0.0335542542974907));
#13359=CARTESIAN_POINT('',(0.066524501375997,-0.0175,-0.0333106338739789));
#13360=CARTESIAN_POINT('',(0.0662932503136439,-0.0175,-0.0336742187500001));
#13361=CARTESIAN_POINT('',(0.0662932503136439,-0.0175,-0.0336742187500001));
#13362=CARTESIAN_POINT('',(0.0663775602094772,-0.0175,-0.0337321614583334));
#13363=CARTESIAN_POINT('',(0.0666926643761439,-0.0175,-0.0338825520833334));
#13364=CARTESIAN_POINT('',(0.0666926643761439,-0.0175,-0.0338825520833334));
#13365=CARTESIAN_POINT('',(0.0666926643761439,-0.0175,-0.0338825520833334));
#13366=CARTESIAN_POINT('',(0.0671099820844772,-0.0175,-0.034082421875));
#13367=CARTESIAN_POINT('',(0.0672646044803106,-0.0175,-0.0342826171875001));
#13368=CARTESIAN_POINT('',(0.0518643596554957,-0.0175,-0.0182179100053034));
#13369=CARTESIAN_POINT('',(0.0525016209402179,-0.0175,-0.0182179100053034));
#13370=CARTESIAN_POINT('',(0.0512270983707735,-0.0175,-0.0182179100053034));
#13371=CARTESIAN_POINT('',(0.0512270983707735,-0.0175,-0.0179213062726645));
#13372=CARTESIAN_POINT('',(0.0512270983707735,-0.0175,-0.0176247025400256));
#13373=CARTESIAN_POINT('',(0.0518643596554957,-0.0175,-0.0176247025400256));
#13374=CARTESIAN_POINT('',(0.0525016209402179,-0.0175,-0.0176247025400256));
#13375=CARTESIAN_POINT('',(0.0525016209402179,-0.0175,-0.0179213062726645));
#13376=CARTESIAN_POINT('',(-0.0660264460562528,-0.0175,-0.0328449372174981));
#13377=CARTESIAN_POINT('',(-0.0657743098452316,-0.0175,-0.0316462325707557));
#13378=CARTESIAN_POINT('',(-0.0662785822672739,-0.0175,-0.0340436418642407));
#13379=CARTESIAN_POINT('',(-0.0665872574739424,-0.0175,-0.0339787149472916));
#13380=CARTESIAN_POINT('',(-0.0668959326806109,-0.0175,-0.0339137880303425));
#13381=CARTESIAN_POINT('',(-0.0666437964695898,-0.0175,-0.0327150833836));
#13382=CARTESIAN_POINT('',(-0.0663916602585686,-0.0175,-0.0315163787368574));
#13383=CARTESIAN_POINT('',(-0.0667869811372844,-0.0175,-0.0314332267204138));
#13384=CARTESIAN_POINT('',(-0.0671823020160002,-0.0175,-0.0313500747039702));
#13385=CARTESIAN_POINT('',(-0.0671282967579393,-0.0175,-0.0310933231904772));
#13386=CARTESIAN_POINT('',(-0.0670742914998784,-0.0175,-0.0308365716769841));
#13387=CARTESIAN_POINT('',(-0.0659752930860433,-0.0175,-0.0310677356227781));
#13388=CARTESIAN_POINT('',(-0.0648762946722081,-0.0175,-0.0312988995685721));
#13389=CARTESIAN_POINT('',(-0.064930299930269,-0.0175,-0.0315556510820652));
#13390=CARTESIAN_POINT('',(-0.0649843051883298,-0.0175,-0.0318124025955583));
#13391=CARTESIAN_POINT('',(-0.0653793075167807,-0.0175,-0.031729317583157));
#13392=CARTESIAN_POINT('',(-0.0684645279180162,-0.0175,-0.0320598707217447));
#13393=CARTESIAN_POINT('',(-0.0679381911982316,-0.0175,-0.0312081469672796));
#13394=CARTESIAN_POINT('',(-0.0682502913858001,-0.0175,-0.0310821895067));
#13395=CARTESIAN_POINT('',(-0.0682502913858001,-0.0175,-0.0310821895067));
#13396=CARTESIAN_POINT('',(-0.0685987853755785,-0.0175,-0.0310088870844685));
#13397=CARTESIAN_POINT('',(-0.0688449928572434,-0.0175,-0.0312305329768441));
#13398=CARTESIAN_POINT('',(-0.0688449928572434,-0.0175,-0.0312305329768441));
#13399=CARTESIAN_POINT('',(-0.0688449928572434,-0.0175,-0.0312305329768441));
#13400=CARTESIAN_POINT('',(-0.0690912003389082,-0.0175,-0.0314521788692199));
#13401=CARTESIAN_POINT('',(-0.0691895622729447,-0.0175,-0.0319198106580633));
#13402=CARTESIAN_POINT('',(-0.0691895622729447,-0.0175,-0.0319198106580633));
#13403=CARTESIAN_POINT('',(-0.0691895622729447,-0.0175,-0.0319198106580633));
#13404=CARTESIAN_POINT('',(-0.0693943266260886,-0.0175,-0.0328933002675359));
#13405=CARTESIAN_POINT('',(-0.0686635723184544,-0.0175,-0.0330470075404783));
#13406=CARTESIAN_POINT('',(-0.0686635723184544,-0.0175,-0.0330470075404783));
#13407=CARTESIAN_POINT('',(-0.0686635723184544,-0.0175,-0.0330470075404783));
#13408=CARTESIAN_POINT('',(-0.0683571269636401,-0.0175,-0.0331114654291316));
#13409=CARTESIAN_POINT('',(-0.0678891882610002,-0.0175,-0.0330502228317998));
#13410=CARTESIAN_POINT('',(-0.0678891882610002,-0.0175,-0.0330502228317998));
#13411=CARTESIAN_POINT('',(-0.0679435955433146,-0.0175,-0.0333088856468822));
#13412=CARTESIAN_POINT('',(-0.0679982031121336,-0.0175,-0.0335685007487917));
#13413=CARTESIAN_POINT('',(-0.0683629836279109,-0.0175,-0.0314970763803407));
#13414=CARTESIAN_POINT('',(-0.0688296929908688,-0.0175,-0.0335489529323031));
#13415=CARTESIAN_POINT('',(-0.0688296929908688,-0.0175,-0.0335489529323031));
#13416=CARTESIAN_POINT('',(-0.069464882219039,-0.0175,-0.0334153468720383));
#13417=CARTESIAN_POINT('',(-0.0697201964076185,-0.0175,-0.0329591447829082));
#13418=CARTESIAN_POINT('',(-0.0697201964076185,-0.0175,-0.0329591447829082));
#13419=CARTESIAN_POINT('',(-0.0697201964076185,-0.0175,-0.0329591447829082));
#13420=CARTESIAN_POINT('',(-0.069975510596198,-0.0175,-0.032502942693778));
#13421=CARTESIAN_POINT('',(-0.0698239474526078,-0.0175,-0.03178238199462));
#13422=CARTESIAN_POINT('',(-0.0698239474526078,-0.0175,-0.03178238199462));
#13423=CARTESIAN_POINT('',(-0.0698239474526078,-0.0175,-0.03178238199462));
#13424=CARTESIAN_POINT('',(-0.0697283996883463,-0.0175,-0.0313281293169015));
#13425=CARTESIAN_POINT('',(-0.0694912437675719,-0.0175,-0.0310214185308829));
#13426=CARTESIAN_POINT('',(-0.0694912437675719,-0.0175,-0.0310214185308829));
#13427=CARTESIAN_POINT('',(-0.068515181956651,-0.0175,-0.0317508803624321));
#13428=CARTESIAN_POINT('',(-0.0689061976812044,-0.0175,-0.0305979434726939));
#13429=CARTESIAN_POINT('',(-0.0689061976812044,-0.0175,-0.0305979434726939));
#13430=CARTESIAN_POINT('',(-0.0685583075156113,-0.0175,-0.0304811792005234));
#13431=CARTESIAN_POINT('',(-0.0681422808696783,-0.0175,-0.0305686864797138));
#13432=CARTESIAN_POINT('',(-0.0681422808696783,-0.0175,-0.0305686864797138));
#13433=CARTESIAN_POINT('',(-0.0681422808696783,-0.0175,-0.0305686864797138));
#13434=CARTESIAN_POINT('',(-0.0677186090173882,-0.0175,-0.0306578018559184));
#13435=CARTESIAN_POINT('',(-0.0673334940565202,-0.0175,-0.0309523645587675));
#13436=CARTESIAN_POINT('',(-0.0673334940565202,-0.0175,-0.0309523645587675));
#13437=CARTESIAN_POINT('',(-0.0674856809244629,-0.0175,-0.0311824769063079));
#13438=CARTESIAN_POINT('',(-0.0676378845551018,-0.0175,-0.0314126145996842));
#13439=CARTESIAN_POINT('',(-0.0696965276328813,-0.0175,-0.0341111770557654));
#13440=CARTESIAN_POINT('',(-0.0705534400326528,-0.0175,-0.0328783507261197));
#13441=CARTESIAN_POINT('',(-0.0704998367988454,-0.0175,-0.0326235105142159));
#13442=CARTESIAN_POINT('',(-0.0706070432664601,-0.0175,-0.0331331909380235));
#13443=CARTESIAN_POINT('',(-0.0714451490133587,-0.0175,-0.0329569033028397));
#13444=CARTESIAN_POINT('',(-0.0722832547602573,-0.0175,-0.0327806156676559));
#13445=CARTESIAN_POINT('',(-0.0719771132911753,-0.0175,-0.0313251595074203));
#13446=CARTESIAN_POINT('',(-0.0716709718220933,-0.0175,-0.0298697033471847));
#13447=CARTESIAN_POINT('',(-0.0708328660751947,-0.0175,-0.0300459909823685));
#13448=CARTESIAN_POINT('',(-0.0699947603282961,-0.0175,-0.0302222786175523));
#13449=CARTESIAN_POINT('',(-0.0700479615378498,-0.0175,-0.0304752075278668));
#13450=CARTESIAN_POINT('',(-0.0701011627474036,-0.0175,-0.0307281364381814));
#13451=CARTESIAN_POINT('',(-0.0706305932876337,-0.0175,-0.0306167757199466));
#13452=CARTESIAN_POINT('',(-0.0711600238278639,-0.0175,-0.030505415001712));
#13453=CARTESIAN_POINT('',(-0.0712272288822498,-0.0175,-0.0308249209173863));
#13454=CARTESIAN_POINT('',(-0.0712944339366357,-0.0175,-0.0311444268330607));
#13455=CARTESIAN_POINT('',(-0.0708016366768667,-0.0175,-0.0312480820864357));
#13456=CARTESIAN_POINT('',(-0.0703088394170977,-0.0175,-0.0313517373398106));
#13457=CARTESIAN_POINT('',(-0.0703620406266515,-0.0175,-0.031604666250125));
#13458=CARTESIAN_POINT('',(-0.0704152418362053,-0.0175,-0.0318575951604396));
#13459=CARTESIAN_POINT('',(-0.0709080390959742,-0.0175,-0.0317539399070647));
#13460=CARTESIAN_POINT('',(-0.0714008363557432,-0.0175,-0.0316502846536898));
#13461=CARTESIAN_POINT('',(-0.0714797671175245,-0.0175,-0.0320255368657182));
#13462=CARTESIAN_POINT('',(-0.0715586978793057,-0.0175,-0.0324007890777465));
#13463=CARTESIAN_POINT('',(-0.0710292673390756,-0.0175,-0.0325121497959812));
#13464=CARTESIAN_POINT('',(-0.0736880614283771,-0.0175,-0.0324851278412931));
#13465=CARTESIAN_POINT('',(-0.0727891125808864,-0.0175,-0.0326742132485484));
#13466=CARTESIAN_POINT('',(-0.0745870102758677,-0.0175,-0.0322960424340378));
#13467=CARTESIAN_POINT('',(-0.0742808688067857,-0.0175,-0.0308405862738022));
#13468=CARTESIAN_POINT('',(-0.0739747273377037,-0.0175,-0.0293851301135666));
#13469=CARTESIAN_POINT('',(-0.0736660521310352,-0.0175,-0.0294500570305157));
#13470=CARTESIAN_POINT('',(-0.0733573769243668,-0.0175,-0.0295149839474648));
#13471=CARTESIAN_POINT('',(-0.0736099151596415,-0.0175,-0.0307155998957966));
#13472=CARTESIAN_POINT('',(-0.0738624533949162,-0.0175,-0.0319162158441284));
#13473=CARTESIAN_POINT('',(-0.073272179754094,-0.0175,-0.0320403743344346));
#13474=CARTESIAN_POINT('',(-0.0726819061132718,-0.0175,-0.0321645328247408));
#13475=CARTESIAN_POINT('',(-0.0727355093470791,-0.0175,-0.0324193730366446));
#13476=CARTESIAN_POINT('',(-0.0772780438299619,-0.0175,-0.0303837989231017));
#13477=CARTESIAN_POINT('',(-0.0771679399401334,-0.0175,-0.0306115342560758));
#13478=CARTESIAN_POINT('',(-0.077227841553913,-0.0175,-0.0308963181928783));
#13479=CARTESIAN_POINT('',(-0.0772780438299619,-0.0175,-0.0303837989231017));
#13480=CARTESIAN_POINT('',(-0.077227841553913,-0.0175,-0.0308963181928783));
#13481=CARTESIAN_POINT('',(-0.077227841553913,-0.0175,-0.0308963181928783));
#13482=CARTESIAN_POINT('',(-0.0773107925582298,-0.0175,-0.0312906834207995));
#13483=CARTESIAN_POINT('',(-0.0776423947263685,-0.0175,-0.0314581091580058));
#13484=CARTESIAN_POINT('',(-0.0776423947263685,-0.0175,-0.0314581091580058));
#13485=CARTESIAN_POINT('',(-0.0776423947263685,-0.0175,-0.0314581091580058));
#13486=CARTESIAN_POINT('',(-0.0779739968945071,-0.0175,-0.0316255348952122));
#13487=CARTESIAN_POINT('',(-0.0784792176146064,-0.0175,-0.0315192664841892));
#13488=CARTESIAN_POINT('',(-0.0784792176146064,-0.0175,-0.0315192664841892));
#13489=CARTESIAN_POINT('',(-0.0784792176146064,-0.0175,-0.0315192664841892));
#13490=CARTESIAN_POINT('',(-0.0789455752023904,-0.0175,-0.0314211725663218));
#13491=CARTESIAN_POINT('',(-0.0792666394687882,-0.0175,-0.0311700202766089));
#13492=CARTESIAN_POINT('',(-0.0792666394687882,-0.0175,-0.0311700202766089));
#13493=CARTESIAN_POINT('',(-0.0792063358307549,-0.0175,-0.0308833250382172));
#13494=CARTESIAN_POINT('',(-0.0791460321927217,-0.0175,-0.0305966297998253));
#13495=CARTESIAN_POINT('',(-0.0791460321927217,-0.0175,-0.0305966297998253));
#13496=CARTESIAN_POINT('',(-0.0788794314214681,-0.0175,-0.030790421344533));
#13497=CARTESIAN_POINT('',(-0.0786864973807797,-0.0175,-0.030886887380121));
#13498=CARTESIAN_POINT('',(-0.0786864973807797,-0.0175,-0.030886887380121));
#13499=CARTESIAN_POINT('',(-0.0779840522056433,-0.0175,-0.0295337236975185));
#13500=CARTESIAN_POINT('',(-0.0783240945991753,-0.0175,-0.0310189995661907));
#13501=CARTESIAN_POINT('',(-0.0783240945991753,-0.0175,-0.0310189995661907));
#13502=CARTESIAN_POINT('',(-0.0781214966307118,-0.0175,-0.0310616141370675));
#13503=CARTESIAN_POINT('',(-0.0779965890081188,-0.0175,-0.0310070548011121));
#13504=CARTESIAN_POINT('',(-0.0779965890081188,-0.0175,-0.0310070548011121));
#13505=CARTESIAN_POINT('',(-0.0779965890081188,-0.0175,-0.0310070548011121));
#13506=CARTESIAN_POINT('',(-0.0778716813855258,-0.0175,-0.0309524954651567));
#13507=CARTESIAN_POINT('',(-0.0778393854371569,-0.0175,-0.0307989542374846));
#13508=CARTESIAN_POINT('',(-0.0778393854371569,-0.0175,-0.0307989542374846));
#13509=CARTESIAN_POINT('',(-0.0780937806198169,-0.0175,-0.0307414333710203));
#13510=CARTESIAN_POINT('',(-0.0778549283075546,-0.0175,-0.0306365311324833));
#13511=CARTESIAN_POINT('',(-0.0783466377790366,-0.0175,-0.0308732297147099));
#13512=CARTESIAN_POINT('',(-0.0779686180824706,-0.0175,-0.0304787120651505));
#13513=CARTESIAN_POINT('',(-0.0779686180824706,-0.0175,-0.0304787120651505));
#13514=CARTESIAN_POINT('',(-0.0780483844293946,-0.0175,-0.0303977336877313));
#13515=CARTESIAN_POINT('',(-0.0783046246441947,-0.0175,-0.0302021296611128));
#13516=CARTESIAN_POINT('',(-0.0783046246441947,-0.0175,-0.0302021296611128));
#13517=CARTESIAN_POINT('',(-0.0783046246441947,-0.0175,-0.0302021296611128));
#13518=CARTESIAN_POINT('',(-0.078544533072984,-0.0175,-0.0300206054774215));
#13519=CARTESIAN_POINT('',(-0.0786537501706709,-0.0175,-0.0298772155878284));
#13520=CARTESIAN_POINT('',(-0.0786537501706709,-0.0175,-0.0298772155878284));
#13521=CARTESIAN_POINT('',(-0.0779240463308355,-0.0175,-0.0293167728456956));
#13522=CARTESIAN_POINT('',(-0.0788106203648915,-0.0175,-0.0295636094182578));
#13523=CARTESIAN_POINT('',(-0.0780493447955122,-0.0175,-0.0293701413342192));
#13524=CARTESIAN_POINT('',(-0.0788146339089293,-0.0175,-0.029188731951709));
#13525=CARTESIAN_POINT('',(-0.0788146339089293,-0.0175,-0.029188731951709));
#13526=CARTESIAN_POINT('',(-0.0787332910016268,-0.0175,-0.0288020119301449));
#13527=CARTESIAN_POINT('',(-0.07842500888261,-0.0175,-0.0286363339193203));
#13528=CARTESIAN_POINT('',(-0.07842500888261,-0.0175,-0.0286363339193203));
#13529=CARTESIAN_POINT('',(-0.07842500888261,-0.0175,-0.0286363339193203));
#13530=CARTESIAN_POINT('',(-0.0781167267635933,-0.0175,-0.0284706559084956));
#13531=CARTESIAN_POINT('',(-0.0776548288795176,-0.0175,-0.0285678117697713));
#13532=CARTESIAN_POINT('',(-0.0776548288795176,-0.0175,-0.0285678117697713));
#13533=CARTESIAN_POINT('',(-0.0780071075626381,-0.0175,-0.03028613194039));
#13534=CARTESIAN_POINT('',(-0.0772331263532327,-0.0175,-0.0287122887305799));
#13535=CARTESIAN_POINT('',(-0.0785991966894629,-0.0175,-0.0314144673574517));
#13536=CARTESIAN_POINT('',(-0.0768340566497787,-0.0175,-0.0289542107936323));
#13537=CARTESIAN_POINT('',(-0.0769838458868,-0.0175,-0.0291733176409654));
#13538=CARTESIAN_POINT('',(-0.0771340442629855,-0.0175,-0.029393022973217));
#13539=CARTESIAN_POINT('',(-0.0788957252654272,-0.0175,-0.0319064523249063));
#13540=CARTESIAN_POINT('',(-0.077491008257051,-0.0175,-0.0291778270123007));
#13541=CARTESIAN_POINT('',(-0.0780479774113071,-0.0175,-0.0303126858357571));
#13542=CARTESIAN_POINT('',(-0.0777825895120619,-0.0175,-0.0290771605461375));
#13543=CARTESIAN_POINT('',(-0.0777825895120619,-0.0175,-0.0290771605461375));
#13544=CARTESIAN_POINT('',(-0.0779577921577458,-0.0175,-0.029040308322895));
#13545=CARTESIAN_POINT('',(-0.0780685989704388,-0.0175,-0.02910215800228));
#13546=CARTESIAN_POINT('',(-0.0780685989704388,-0.0175,-0.02910215800228));
#13547=CARTESIAN_POINT('',(-0.0779366994923762,-0.0175,-0.0293420331740789));
#13548=CARTESIAN_POINT('',(-0.0782067649771007,-0.0175,-0.0292953014498496));
#13549=CARTESIAN_POINT('',(-0.0779444042031402,-0.0175,-0.0293576379194196));
#13550=CARTESIAN_POINT('',(-0.078199294420663,-0.0175,-0.0294457215099552));
#13551=CARTESIAN_POINT('',(-0.0778022291091528,-0.0175,-0.0292802890863273));
#13552=CARTESIAN_POINT('',(-0.0781033672653807,-0.0175,-0.0295884884159401));
#13553=CARTESIAN_POINT('',(-0.0781033672653807,-0.0175,-0.0295884884159401));
#13554=CARTESIAN_POINT('',(-0.078032789466299,-0.0175,-0.0296625444100338));
#13555=CARTESIAN_POINT('',(-0.0777553886774191,-0.0175,-0.0298745745453152));
#13556=CARTESIAN_POINT('',(-0.0777553886774191,-0.0175,-0.0298745745453152));
#13557=CARTESIAN_POINT('',(-0.0777553886774191,-0.0175,-0.0298745745453152));
#13558=CARTESIAN_POINT('',(-0.0773881477197904,-0.0175,-0.0301560635901276));
#13559=CARTESIAN_POINT('',(-0.0772780438299619,-0.0175,-0.0303837989231017));
#13560=CARTESIAN_POINT('',(-0.0751405638469213,-0.0175,-0.0319134925175881));
#13561=CARTESIAN_POINT('',(-0.0750869606131139,-0.0175,-0.0316586523056843));
#13562=CARTESIAN_POINT('',(-0.0751941670807286,-0.0175,-0.0321683327294919));
#13563=CARTESIAN_POINT('',(-0.0760322728276272,-0.0175,-0.031992045094308));
#13564=CARTESIAN_POINT('',(-0.0768703785745258,-0.0175,-0.0318157574591243));
#13565=CARTESIAN_POINT('',(-0.0765642371054438,-0.0175,-0.0303603012988886));
#13566=CARTESIAN_POINT('',(-0.0762580956363618,-0.0175,-0.028904845138653));
#13567=CARTESIAN_POINT('',(-0.0754199898894632,-0.0175,-0.0290811327738369));
#13568=CARTESIAN_POINT('',(-0.0745818841425645,-0.0175,-0.0292574204090206));
#13569=CARTESIAN_POINT('',(-0.0746350853521183,-0.0175,-0.0295103493193352));
#13570=CARTESIAN_POINT('',(-0.0746882865616721,-0.0175,-0.0297632782296497));
#13571=CARTESIAN_POINT('',(-0.0752177171019022,-0.0175,-0.029651917511415));
#13572=CARTESIAN_POINT('',(-0.0757471476421324,-0.0175,-0.0295405567931804));
#13573=CARTESIAN_POINT('',(-0.0758143526965183,-0.0175,-0.0298600627088547));
#13574=CARTESIAN_POINT('',(-0.0758815577509042,-0.0175,-0.0301795686245291));
#13575=CARTESIAN_POINT('',(-0.0753887604911352,-0.0175,-0.030283223877904));
#13576=CARTESIAN_POINT('',(-0.0748959632313662,-0.0175,-0.0303868791312789));
#13577=CARTESIAN_POINT('',(-0.07494916444092,-0.0175,-0.0306398080415935));
#13578=CARTESIAN_POINT('',(-0.0750023656504738,-0.0175,-0.0308927369519079));
#13579=CARTESIAN_POINT('',(-0.0754951629102427,-0.0175,-0.0307890816985331));
#13580=CARTESIAN_POINT('',(-0.0759879601700117,-0.0175,-0.0306854264451582));
#13581=CARTESIAN_POINT('',(-0.076066890931793,-0.0175,-0.0310606786571865));
#13582=CARTESIAN_POINT('',(-0.0761458216935742,-0.0175,-0.0314359308692149));
#13583=CARTESIAN_POINT('',(-0.0756163911533441,-0.0175,-0.0315472915874496));
#13584=CARTESIAN_POINT('',(-0.0667297200696383,-0.0175,-0.0202270961039346));
#13585=CARTESIAN_POINT('',(-0.0664775838586172,-0.0175,-0.019028391457192));
#13586=CARTESIAN_POINT('',(-0.0669818562806595,-0.0175,-0.0214258007506771));
#13587=CARTESIAN_POINT('',(-0.0672905314873279,-0.0175,-0.021360873833728));
#13588=CARTESIAN_POINT('',(-0.0675992066939964,-0.0175,-0.0212959469167788));
#13589=CARTESIAN_POINT('',(-0.0673470704829753,-0.0175,-0.0200972422700363));
#13590=CARTESIAN_POINT('',(-0.0670949342719541,-0.0175,-0.0188985376232938));
#13591=CARTESIAN_POINT('',(-0.0674902551506699,-0.0175,-0.0188153856068502));
#13592=CARTESIAN_POINT('',(-0.0678855760293857,-0.0175,-0.0187322335904066));
#13593=CARTESIAN_POINT('',(-0.0678315707713248,-0.0175,-0.0184754820769135));
#13594=CARTESIAN_POINT('',(-0.0677775655132639,-0.0175,-0.0182187305634205));
#13595=CARTESIAN_POINT('',(-0.0666785670994288,-0.0175,-0.0184498945092145));
#13596=CARTESIAN_POINT('',(-0.0655795686855936,-0.0175,-0.0186810584550085));
#13597=CARTESIAN_POINT('',(-0.0656335739436545,-0.0175,-0.0189378099685016));
#13598=CARTESIAN_POINT('',(-0.0656875792017154,-0.0175,-0.0191945614819947));
#13599=CARTESIAN_POINT('',(-0.0660825815301663,-0.0175,-0.0191114764695933));
#13600=CARTESIAN_POINT('',(-0.074596000310579,-0.0175,-0.0185724982843874));
#13601=CARTESIAN_POINT('',(-0.0743438640995579,-0.0175,-0.0173737936376448));
#13602=CARTESIAN_POINT('',(-0.0748481365216002,-0.0175,-0.0197712029311298));
#13603=CARTESIAN_POINT('',(-0.0751568117282687,-0.0175,-0.0197062760141807));
#13604=CARTESIAN_POINT('',(-0.0754654869349372,-0.0175,-0.0196413490972316));
#13605=CARTESIAN_POINT('',(-0.075213350723916,-0.0175,-0.0184426444504891));
#13606=CARTESIAN_POINT('',(-0.0749612145128949,-0.0175,-0.0172439398037466));
#13607=CARTESIAN_POINT('',(-0.0753565353916106,-0.0175,-0.017160787787303));
#13608=CARTESIAN_POINT('',(-0.0757518562703264,-0.0175,-0.0170776357708594));
#13609=CARTESIAN_POINT('',(-0.0756978510122655,-0.0175,-0.0168208842573663));
#13610=CARTESIAN_POINT('',(-0.0756438457542047,-0.0175,-0.0165641327438732));
#13611=CARTESIAN_POINT('',(-0.0745448473403695,-0.0175,-0.0167952966896672));
#13612=CARTESIAN_POINT('',(-0.0734458489265343,-0.0175,-0.0170264606354613));
#13613=CARTESIAN_POINT('',(-0.0734998541845952,-0.0175,-0.0172832121489544));
#13614=CARTESIAN_POINT('',(-0.0735538594426561,-0.0175,-0.0175399636624474));
#13615=CARTESIAN_POINT('',(-0.073948861771107,-0.0175,-0.0174568786500462));
#13616=CARTESIAN_POINT('',(-0.0714957135340056,-0.0175,-0.020476353471865));
#13617=CARTESIAN_POINT('',(-0.0711631470574711,-0.0175,-0.0205463056919836));
#13618=CARTESIAN_POINT('',(-0.0718282800105401,-0.0175,-0.0204064012517465));
#13619=CARTESIAN_POINT('',(-0.0718608197502373,-0.0175,-0.0200376402255695));
#13620=CARTESIAN_POINT('',(-0.0718933594899346,-0.0175,-0.0196688791993926));
#13621=CARTESIAN_POINT('',(-0.0724240642312243,-0.0175,-0.0195572504649889));
#13622=CARTESIAN_POINT('',(-0.0729547689725139,-0.0175,-0.0194456217305852));
#13623=CARTESIAN_POINT('',(-0.0731331095081671,-0.0175,-0.0197700260807866));
#13624=CARTESIAN_POINT('',(-0.0733114500438202,-0.0175,-0.020094430430988));
#13625=CARTESIAN_POINT('',(-0.0736440165203547,-0.0175,-0.0200244782108694));
#13626=CARTESIAN_POINT('',(-0.0739765829968892,-0.0175,-0.0199545259907509));
#13627=CARTESIAN_POINT('',(-0.0731553468737532,-0.0175,-0.0186010948956465));
#13628=CARTESIAN_POINT('',(-0.0723341107506172,-0.0175,-0.0172476638005422));
#13629=CARTESIAN_POINT('',(-0.0719569472369996,-0.0175,-0.017326996586577));
#13630=CARTESIAN_POINT('',(-0.0715797837233819,-0.0175,-0.0174063293726119));
#13631=CARTESIAN_POINT('',(-0.0713714653904265,-0.0175,-0.0189763175322977));
#13632=CARTESIAN_POINT('',(0.0636,-0.0175,0.008));
#13633=CARTESIAN_POINT('',(0.0636,-0.0175,-0.0095));
#13634=CARTESIAN_POINT('',(-0.0645,-0.0175,0.008));
#13635=CARTESIAN_POINT('',(-0.0645,-0.0175,-0.0135));
#13636=CARTESIAN_POINT('',(0.0378,-0.0175,0.0345));
#13637=CARTESIAN_POINT('',(-0.0393,-0.0175,0.0345));
#13638=CARTESIAN_POINT('',(0.0393,-0.0175,0.0345));
#13639=CARTESIAN_POINT('',(0.0393,-0.0175,-0.0188));
#13640=CARTESIAN_POINT('',(0.0393,-0.0175,-0.0203));
#13641=CARTESIAN_POINT('',(2.79483226685152E-18,-0.0175,-0.0203));
#13642=CARTESIAN_POINT('',(-0.0393,-0.0175,-0.0203));
#13643=CARTESIAN_POINT('',(-0.0393,-0.0175,-1.91422382020916E-17));
#13644=CARTESIAN_POINT('',(4.25585492772976E-18,-0.0175,-0.046));
#13645=CARTESIAN_POINT('',(-0.075,-0.0175,-0.046));
#13646=CARTESIAN_POINT('',(0.075,-0.0175,-0.046));
#13647=CARTESIAN_POINT('',(0.075,-0.0175,-0.034));
#13648=CARTESIAN_POINT('',(0.087,-0.0175,-0.034));
#13649=CARTESIAN_POINT('',(0.087,-0.0175,0.034));
#13650=CARTESIAN_POINT('',(0.087,-0.0175,0.034));
#13651=CARTESIAN_POINT('',(0.075,-0.0175,0.034));
#13652=CARTESIAN_POINT('',(0.075,-0.0175,0.046));
#13653=CARTESIAN_POINT('',(-0.075,-0.0175,0.046));
#13654=CARTESIAN_POINT('',(-0.075,-0.0175,0.046));
#13655=CARTESIAN_POINT('',(-0.075,-0.0175,0.034));
#13656=CARTESIAN_POINT('',(-0.087,-0.0175,0.034));
#13657=CARTESIAN_POINT('',(-0.087,-0.0175,-3.16331927972241E-17));
#13658=CARTESIAN_POINT('',(-0.087,-0.0175,-0.034));
#13659=CARTESIAN_POINT('',(-0.075,-0.0175,-0.034));
#13660=CARTESIAN_POINT('',(-0.0763790100110022,-0.0175,-0.0181029881421015));
#13661=CARTESIAN_POINT('',(-0.0762689061211737,-0.0175,-0.0183307234750757));
#13662=CARTESIAN_POINT('',(-0.0763288077349534,-0.0175,-0.0186155074118781));
#13663=CARTESIAN_POINT('',(-0.0763790100110022,-0.0175,-0.0181029881421015));
#13664=CARTESIAN_POINT('',(-0.0763288077349534,-0.0175,-0.0186155074118781));
#13665=CARTESIAN_POINT('',(-0.0763288077349534,-0.0175,-0.0186155074118781));
#13666=CARTESIAN_POINT('',(-0.0764117587392702,-0.0175,-0.0190098726397993));
#13667=CARTESIAN_POINT('',(-0.0767433609074088,-0.0175,-0.0191772983770057));
#13668=CARTESIAN_POINT('',(-0.0767433609074088,-0.0175,-0.0191772983770057));
#13669=CARTESIAN_POINT('',(-0.0767433609074088,-0.0175,-0.0191772983770057));
#13670=CARTESIAN_POINT('',(-0.0770749630755475,-0.0175,-0.0193447241142121));
#13671=CARTESIAN_POINT('',(-0.0775801837956468,-0.0175,-0.0192384557031891));
#13672=CARTESIAN_POINT('',(-0.0775801837956468,-0.0175,-0.0192384557031891));
#13673=CARTESIAN_POINT('',(-0.0775801837956468,-0.0175,-0.0192384557031891));
#13674=CARTESIAN_POINT('',(-0.0780465413834307,-0.0175,-0.0191403617853216));
#13675=CARTESIAN_POINT('',(-0.0783676056498285,-0.0175,-0.0188892094956087));
#13676=CARTESIAN_POINT('',(-0.0783676056498285,-0.0175,-0.0188892094956087));
#13677=CARTESIAN_POINT('',(-0.0783073020117953,-0.0175,-0.018602514257217));
#13678=CARTESIAN_POINT('',(-0.0782469983737621,-0.0175,-0.0183158190188252));
#13679=CARTESIAN_POINT('',(-0.0782469983737621,-0.0175,-0.0183158190188252));
#13680=CARTESIAN_POINT('',(-0.0779803976025085,-0.0175,-0.0185096105635329));
#13681=CARTESIAN_POINT('',(-0.0777874635618201,-0.0175,-0.0186060765991208));
#13682=CARTESIAN_POINT('',(-0.0777874635618201,-0.0175,-0.0186060765991208));
#13683=CARTESIAN_POINT('',(-0.0770850183866816,-0.0175,-0.017252912916511));
#13684=CARTESIAN_POINT('',(-0.0774250607802157,-0.0175,-0.0187381887851906));
#13685=CARTESIAN_POINT('',(-0.0774250607802157,-0.0175,-0.0187381887851906));
#13686=CARTESIAN_POINT('',(-0.0772224628117521,-0.0175,-0.0187808033560674));
#13687=CARTESIAN_POINT('',(-0.0770975551891592,-0.0175,-0.0187262440201119));
#13688=CARTESIAN_POINT('',(-0.0770975551891592,-0.0175,-0.0187262440201119));
#13689=CARTESIAN_POINT('',(-0.0770975551891592,-0.0175,-0.0187262440201119));
#13690=CARTESIAN_POINT('',(-0.0769726475665662,-0.0175,-0.0186716846841566));
#13691=CARTESIAN_POINT('',(-0.0769403516181973,-0.0175,-0.0185181434564845));
#13692=CARTESIAN_POINT('',(-0.0769403516181973,-0.0175,-0.0185181434564845));
#13693=CARTESIAN_POINT('',(-0.0771947468008544,-0.0175,-0.0184606225900198));
#13694=CARTESIAN_POINT('',(-0.076955894488595,-0.0175,-0.0183557203514832));
#13695=CARTESIAN_POINT('',(-0.0774476039600757,-0.0175,-0.0185924189337086));
#13696=CARTESIAN_POINT('',(-0.0770695842635109,-0.0175,-0.0181979012841503));
#13697=CARTESIAN_POINT('',(-0.0770695842635109,-0.0175,-0.0181979012841503));
#13698=CARTESIAN_POINT('',(-0.0771493506104349,-0.0175,-0.018116922906731));
#13699=CARTESIAN_POINT('',(-0.077405590825235,-0.0175,-0.0179213188801126));
#13700=CARTESIAN_POINT('',(-0.077405590825235,-0.0175,-0.0179213188801126));
#13701=CARTESIAN_POINT('',(-0.077405590825235,-0.0175,-0.0179213188801126));
#13702=CARTESIAN_POINT('',(-0.0776454992540244,-0.0175,-0.0177397946964214));
#13703=CARTESIAN_POINT('',(-0.0777547163517112,-0.0175,-0.0175964048068283));
#13704=CARTESIAN_POINT('',(-0.0777547163517112,-0.0175,-0.0175964048068283));
#13705=CARTESIAN_POINT('',(-0.077025012511877,-0.0175,-0.0170359620646958));
#13706=CARTESIAN_POINT('',(-0.0779115865459319,-0.0175,-0.0172827986372577));
#13707=CARTESIAN_POINT('',(-0.0771503109765526,-0.0175,-0.0170893305532191));
#13708=CARTESIAN_POINT('',(-0.0779156000899697,-0.0175,-0.0169079211707088));
#13709=CARTESIAN_POINT('',(-0.0779156000899697,-0.0175,-0.0169079211707088));
#13710=CARTESIAN_POINT('',(-0.0778342571826671,-0.0175,-0.0165212011491448));
#13711=CARTESIAN_POINT('',(-0.0775259750636504,-0.0175,-0.0163555231383201));
#13712=CARTESIAN_POINT('',(-0.0775259750636504,-0.0175,-0.0163555231383201));
#13713=CARTESIAN_POINT('',(-0.0775259750636504,-0.0175,-0.0163555231383201));
#13714=CARTESIAN_POINT('',(-0.0772176929446336,-0.0175,-0.0161898451274954));
#13715=CARTESIAN_POINT('',(-0.076755795060558,-0.0175,-0.0162870009887712));
#13716=CARTESIAN_POINT('',(-0.076755795060558,-0.0175,-0.0162870009887712));
#13717=CARTESIAN_POINT('',(-0.077108073743678,-0.0175,-0.0180053211593887));
#13718=CARTESIAN_POINT('',(-0.076334092534273,-0.0175,-0.0164314779495798));
#13719=CARTESIAN_POINT('',(-0.0777001628705053,-0.0175,-0.0191336565764543));
#13720=CARTESIAN_POINT('',(-0.075935022830819,-0.0175,-0.0166734000126322));
#13721=CARTESIAN_POINT('',(-0.0760848120678403,-0.0175,-0.0168925068599653));
#13722=CARTESIAN_POINT('',(-0.0762350104440258,-0.0175,-0.0171122121922169));
#13723=CARTESIAN_POINT('',(-0.0779966914464556,-0.0175,-0.0196256415438855));
#13724=CARTESIAN_POINT('',(-0.0765919744380913,-0.0175,-0.0168970162313006));
#13725=CARTESIAN_POINT('',(-0.0771489435923473,-0.0175,-0.0180318750547568));
#13726=CARTESIAN_POINT('',(-0.0768835556931023,-0.0175,-0.0167963497651373));
#13727=CARTESIAN_POINT('',(-0.0768835556931023,-0.0175,-0.0167963497651373));
#13728=CARTESIAN_POINT('',(-0.0770587583387861,-0.0175,-0.0167594975418948));
#13729=CARTESIAN_POINT('',(-0.0771695651514791,-0.0175,-0.0168213472212798));
#13730=CARTESIAN_POINT('',(-0.0771695651514791,-0.0175,-0.0168213472212798));
#13731=CARTESIAN_POINT('',(-0.077037665673387,-0.0175,-0.017061222393104));
#13732=CARTESIAN_POINT('',(-0.077307731158143,-0.0175,-0.0170144906688491));
#13733=CARTESIAN_POINT('',(-0.0770453703841801,-0.0175,-0.0170768271384192));
#13734=CARTESIAN_POINT('',(-0.0773002606017033,-0.0175,-0.0171649107289551));
#13735=CARTESIAN_POINT('',(-0.0769031952901926,-0.0175,-0.0169994783053271));
#13736=CARTESIAN_POINT('',(-0.0772043334464211,-0.0175,-0.01730767763494));
#13737=CARTESIAN_POINT('',(-0.0772043334464211,-0.0175,-0.01730767763494));
#13738=CARTESIAN_POINT('',(-0.0771337556473394,-0.0175,-0.0173817336290337));
#13739=CARTESIAN_POINT('',(-0.0768563548584595,-0.0175,-0.017593763764315));
#13740=CARTESIAN_POINT('',(-0.0768563548584595,-0.0175,-0.017593763764315));
#13741=CARTESIAN_POINT('',(-0.0768563548584595,-0.0175,-0.017593763764315));
#13742=CARTESIAN_POINT('',(-0.0764891139008307,-0.0175,-0.0178752528091274));
#13743=CARTESIAN_POINT('',(-0.0763790100110022,-0.0175,-0.0181029881421015));
#13744=CARTESIAN_POINT('',(-0.0697804942809488,-0.0175,-0.0196708840275749));
#13745=CARTESIAN_POINT('',(-0.0696164408945358,-0.0175,-0.0197053911093383));
#13746=CARTESIAN_POINT('',(-0.0699445476673619,-0.0175,-0.0196363769458114));
#13747=CARTESIAN_POINT('',(-0.0700620057534422,-0.0175,-0.0201947955601456));
#13748=CARTESIAN_POINT('',(-0.0701794638395225,-0.0175,-0.0207532141744798));
#13749=CARTESIAN_POINT('',(-0.0704881390461909,-0.0175,-0.0206882872575307));
#13750=CARTESIAN_POINT('',(-0.0707968142528594,-0.0175,-0.0206233603405816));
#13751=CARTESIAN_POINT('',(-0.0704906727837774,-0.0175,-0.019167904180346));
#13752=CARTESIAN_POINT('',(-0.0701845313146954,-0.0175,-0.0177124480201104));
#13753=CARTESIAN_POINT('',(-0.0697605409121404,-0.0175,-0.0178016304003573));
#13754=CARTESIAN_POINT('',(-0.0693365505095855,-0.0175,-0.0178908127806042));
#13755=CARTESIAN_POINT('',(-0.0693365505095855,-0.0175,-0.0178908127806042));
#13756=CARTESIAN_POINT('',(-0.0687427728158496,-0.0175,-0.0180157083153752));
#13757=CARTESIAN_POINT('',(-0.0685037361699637,-0.0175,-0.0182915200047011));
#13758=CARTESIAN_POINT('',(-0.0685037361699637,-0.0175,-0.0182915200047011));
#13759=CARTESIAN_POINT('',(-0.0685037361699637,-0.0175,-0.0182915200047011));
#13760=CARTESIAN_POINT('',(-0.0682646995240778,-0.0175,-0.018567331694027));
#13761=CARTESIAN_POINT('',(-0.0683572991104799,-0.0175,-0.0190075681600908));
#13762=CARTESIAN_POINT('',(-0.0683572991104799,-0.0175,-0.0190075681600908));
#13763=CARTESIAN_POINT('',(-0.0691322350702528,-0.0175,-0.0188578705710991));
#13764=CARTESIAN_POINT('',(-0.0685945006744212,-0.0175,-0.0194346864492076));
#13765=CARTESIAN_POINT('',(-0.0685945006744212,-0.0175,-0.0194346864492076));
#13766=CARTESIAN_POINT('',(-0.0687776969803017,-0.0175,-0.0196050532248313));
#13767=CARTESIAN_POINT('',(-0.0690608503349581,-0.0175,-0.0196639158287295));
#13768=CARTESIAN_POINT('',(-0.0690608503349581,-0.0175,-0.0196639158287295));
#13769=CARTESIAN_POINT('',(0.0662444050956364,-0.0175,0.034469473423773));
#13770=CARTESIAN_POINT('',(-0.0684719765093375,-0.0175,-0.0211123680219012));
#13771=CARTESIAN_POINT('',(-0.0688138388539829,-0.0175,-0.0210404605036448));
#13772=CARTESIAN_POINT('',(-0.0691562803887287,-0.0175,-0.0209684311582162));
#13773=CARTESIAN_POINT('',(-0.0693863606416322,-0.0175,-0.0203369111337772));
#13774=CARTESIAN_POINT('',(0.0572978530992817,-0.0175,-0.017944014818137));
#13775=CARTESIAN_POINT('',(0.0572978530992817,-0.0175,-0.021444014818137));
#13776=CARTESIAN_POINT('',(0.0724838377798127,-0.0175,-0.0229446867137011));
#13777=CARTESIAN_POINT('',(0.0724838377798127,-0.0175,-0.0264446867137011));
#13778=CARTESIAN_POINT('',(0.0602007286365195,-0.0175,-0.034));
#13779=CARTESIAN_POINT('',(0.0602007286365195,-0.0175,-0.0375));
#13780=CARTESIAN_POINT('',(0.0773065966678106,-0.0175,-0.0330098307291667));
#13781=CARTESIAN_POINT('',(0.0777095914594772,-0.0175,-0.0333942708333334));
#13782=CARTESIAN_POINT('',(0.0777095914594772,-0.0175,-0.034084375));
#13783=CARTESIAN_POINT('',(0.0773065966678106,-0.0175,-0.0330098307291667));
#13784=CARTESIAN_POINT('',(0.0777095914594772,-0.0175,-0.034084375));
#13785=CARTESIAN_POINT('',(0.0777095914594772,-0.0175,-0.034084375));
#13786=CARTESIAN_POINT('',(0.0777095914594772,-0.0175,-0.03481875));
#13787=CARTESIAN_POINT('',(0.0772912971886439,-0.0175,-0.035209375));
#13788=CARTESIAN_POINT('',(0.0772912971886439,-0.0175,-0.035209375));
#13789=CARTESIAN_POINT('',(0.0772912971886439,-0.0175,-0.035209375));
#13790=CARTESIAN_POINT('',(0.0768730029178106,-0.0175,-0.0356));
#13791=CARTESIAN_POINT('',(0.0760839404178106,-0.0175,-0.0356));
#13792=CARTESIAN_POINT('',(0.0760839404178106,-0.0175,-0.0356));
#13793=CARTESIAN_POINT('',(0.0756627164594772,-0.0175,-0.0356));
#13794=CARTESIAN_POINT('',(0.0752414925011439,-0.0175,-0.0356));
#13795=CARTESIAN_POINT('',(0.0752414925011439,-0.0175,-0.0341126953125001));
#13796=CARTESIAN_POINT('',(0.0752414925011439,-0.0175,-0.032625390625));
#13797=CARTESIAN_POINT('',(0.0757082893761439,-0.0175,-0.032625390625));
#13798=CARTESIAN_POINT('',(0.0761750862511439,-0.0175,-0.032625390625));
#13799=CARTESIAN_POINT('',(0.0761750862511439,-0.0175,-0.032625390625));
#13800=CARTESIAN_POINT('',(0.0769036018761439,-0.0175,-0.032625390625));
#13801=CARTESIAN_POINT('',(0.0773065966678106,-0.0175,-0.0330098307291667));
#13802=CARTESIAN_POINT('',(0.0482527060096624,-0.0175,-0.0174891231129424));
#13803=CARTESIAN_POINT('',(0.0482527060096624,-0.0175,-0.0192243119150256));
#13804=CARTESIAN_POINT('',(0.0482527060096624,-0.0175,-0.015753934310859));
#13805=CARTESIAN_POINT('',(0.0487927450721624,-0.0175,-0.015753934310859));
#13806=CARTESIAN_POINT('',(0.0493327841346624,-0.0175,-0.015753934310859));
#13807=CARTESIAN_POINT('',(0.0493327841346624,-0.0175,-0.015753934310859));
#13808=CARTESIAN_POINT('',(0.0500710653846624,-0.0175,-0.015753934310859));
#13809=CARTESIAN_POINT('',(0.0504045072249402,-0.0175,-0.0159639495018313));
#13810=CARTESIAN_POINT('',(0.0504045072249402,-0.0175,-0.0159639495018313));
#13811=CARTESIAN_POINT('',(0.0504045072249402,-0.0175,-0.0159639495018313));
#13812=CARTESIAN_POINT('',(0.0507379490652179,-0.0175,-0.0161739646928034));
#13813=CARTESIAN_POINT('',(0.0507379490652179,-0.0175,-0.0166319725053035));
#13814=CARTESIAN_POINT('',(0.0507379490652179,-0.0175,-0.0166319725053035));
#13815=CARTESIAN_POINT('',(0.0507379490652179,-0.0175,-0.0166319725053035));
#13816=CARTESIAN_POINT('',(0.0507379490652179,-0.0175,-0.016943387435859));
#13817=CARTESIAN_POINT('',(0.0505921157318846,-0.0175,-0.0171427689462757));
#13818=CARTESIAN_POINT('',(0.0505921157318846,-0.0175,-0.0171427689462757));
#13819=CARTESIAN_POINT('',(0.0501171380724534,-0.0175,-0.0168078517323332));
#13820=CARTESIAN_POINT('',(0.0502039863916068,-0.0175,-0.0173821537846743));
#13821=CARTESIAN_POINT('',(0.0502039863916068,-0.0175,-0.0173941795365535));
#13822=CARTESIAN_POINT('',(0.0502039863916068,-0.0175,-0.0174059525400256));
#13823=CARTESIAN_POINT('',(0.0502039863916068,-0.0175,-0.0174059525400256));
#13824=CARTESIAN_POINT('',(0.050533630488829,-0.0175,-0.0174796287553034));
#13825=CARTESIAN_POINT('',(0.0506798435964679,-0.0175,-0.0176812889115534));
#13826=CARTESIAN_POINT('',(0.0506798435964679,-0.0175,-0.0176812889115534));
#13827=CARTESIAN_POINT('',(0.0506798435964679,-0.0175,-0.0176812889115534));
#13828=CARTESIAN_POINT('',(0.0508260567041068,-0.0175,-0.0178829490678034));
#13829=CARTESIAN_POINT('',(0.0508260567041068,-0.0175,-0.0182179100053034));
#13830=CARTESIAN_POINT('',(0.0508260567041068,-0.0175,-0.0182179100053034));
#13831=CARTESIAN_POINT('',(0.0508260567041068,-0.0175,-0.0182179100053034));
#13832=CARTESIAN_POINT('',(0.0508260567041068,-0.0175,-0.0186926278872479));
#13833=CARTESIAN_POINT('',(0.0504827407318846,-0.0175,-0.0189584699011368));
#13834=CARTESIAN_POINT('',(0.0504827407318846,-0.0175,-0.0189584699011368));
#13835=CARTESIAN_POINT('',(0.0504827407318846,-0.0175,-0.0189584699011368));
#13836=CARTESIAN_POINT('',(0.0501394247596624,-0.0175,-0.0192243119150256));
#13837=CARTESIAN_POINT('',(0.0495507745860513,-0.0175,-0.0192243119150256));
#13838=CARTESIAN_POINT('',(0.0495507745860513,-0.0175,-0.0192243119150256));
#13839=CARTESIAN_POINT('',(0.0489017402978568,-0.0175,-0.0192243119150256));
#13840=CARTESIAN_POINT('',(0.0814806434424304,-0.0175,-0.0285192157182981));
#13841=CARTESIAN_POINT('',(0.0814806434424304,-0.0175,-0.028976463982187));
#13842=CARTESIAN_POINT('',(0.0814806434424304,-0.0175,-0.0280619674544092));
#13843=CARTESIAN_POINT('',(0.0810214963070137,-0.0175,-0.0280619674544092));
#13844=CARTESIAN_POINT('',(0.080562349171597,-0.0175,-0.0280619674544092));
#13845=CARTESIAN_POINT('',(0.080562349171597,-0.0175,-0.0278022018294092));
#13846=CARTESIAN_POINT('',(0.080562349171597,-0.0175,-0.0275424362044092));
#13847=CARTESIAN_POINT('',(0.0810214963070137,-0.0175,-0.0275424362044092));
#13848=CARTESIAN_POINT('',(0.0814806434424304,-0.0175,-0.0275424362044092));
#13849=CARTESIAN_POINT('',(0.0814806434424304,-0.0175,-0.027079491325937));
#13850=CARTESIAN_POINT('',(0.0814806434424303,-0.0175,-0.0266165464474648));
#13851=CARTESIAN_POINT('',(0.0817407888417359,-0.0175,-0.0266165464474648));
#13852=CARTESIAN_POINT('',(0.0820009342410415,-0.0175,-0.0266165464474648));
#13853=CARTESIAN_POINT('',(0.0820009342410415,-0.0175,-0.027079491325937));
#13854=CARTESIAN_POINT('',(0.0820009342410415,-0.0175,-0.0275424362044092));
#13855=CARTESIAN_POINT('',(0.0824600813764581,-0.0175,-0.0275424362044092));
#13856=CARTESIAN_POINT('',(0.0829192285118748,-0.0175,-0.0275424362044092));
#13857=CARTESIAN_POINT('',(0.0829192285118748,-0.0175,-0.0278022018294092));
#13858=CARTESIAN_POINT('',(0.0829192285118748,-0.0175,-0.0280619674544092));
#13859=CARTESIAN_POINT('',(0.0824600813764581,-0.0175,-0.0280619674544092));
#13860=CARTESIAN_POINT('',(0.0820009342410415,-0.0175,-0.0280619674544092));
#13861=CARTESIAN_POINT('',(0.0820009342410415,-0.0175,-0.0285192157182981));
#13862=CARTESIAN_POINT('',(0.0820009342410415,-0.0175,-0.028976463982187));
#13863=CARTESIAN_POINT('',(0.0817407888417359,-0.0175,-0.028976463982187));
#13864=CARTESIAN_POINT('',(-1.38777878078145E-17,-0.0175,0.049));
#13865=CARTESIAN_POINT('',(-1.38777878078145E-17,0.,0.049));
#13866=CARTESIAN_POINT('',(0.075,0.,0.049));
#13867=CARTESIAN_POINT('',(0.00422426406871193,0.,0.049));
#13868=CARTESIAN_POINT('',(-4.33680868994202E-18,-2.14313189850787E-19,
0.049));
#13869=CARTESIAN_POINT('',(-0.00422426406871194,0.,0.049));
#13870=CARTESIAN_POINT('',(-1.38777878078145E-17,0.,0.049));
#13871=CARTESIAN_POINT('',(-0.075,0.,0.049));
#13872=CARTESIAN_POINT('',(-0.075,-0.0175,0.049));
#13873=CARTESIAN_POINT('',(-0.075,-0.00275,0.049));
#13874=CARTESIAN_POINT('',(-0.053,-0.00275,0.049));
#13875=CARTESIAN_POINT('',(-0.048,-0.00275,0.049));
#13876=CARTESIAN_POINT('',(-0.048,-0.01175,0.049));
#13877=CARTESIAN_POINT('',(-0.048,-0.01175,0.049));
#13878=CARTESIAN_POINT('',(-1.38777878078145E-17,-0.01175,0.049));
#13879=CARTESIAN_POINT('',(-0.075,-0.01175,0.049));
#13880=CARTESIAN_POINT('',(-0.075,-0.0175,0.049));
#13881=CARTESIAN_POINT('',(-0.075,-0.0145,0.049));
#13882=CARTESIAN_POINT('',(0.075,-0.0145,0.049));
#13883=CARTESIAN_POINT('',(0.075,-0.0145,0.049));
#13884=CARTESIAN_POINT('',(0.075,-0.0175,0.049));
#13885=CARTESIAN_POINT('',(0.075,-0.01175,0.049));
#13886=CARTESIAN_POINT('',(0.053,-0.01175,0.049));
#13887=CARTESIAN_POINT('',(0.048,-0.01175,0.049));
#13888=CARTESIAN_POINT('',(0.048,-0.0175,0.049));
#13889=CARTESIAN_POINT('',(0.048,-0.00275,0.049));
#13890=CARTESIAN_POINT('',(-1.38777878078145E-17,-0.00275,0.049));
#13891=CARTESIAN_POINT('',(0.075,-0.00275,0.049));
#13892=CARTESIAN_POINT('',(0.075,-0.0175,0.049));
#13893=CARTESIAN_POINT('',(0.,-0.0165,-6.93889390390723E-18));
#13894=CARTESIAN_POINT('',(0.0655586996235043,-0.0165,-6.93889390390723E-18));
#13895=CARTESIAN_POINT('',(0.0655586996235043,-0.0165,-0.00353124896295392));
#13896=CARTESIAN_POINT('',(0.0655586996235043,-0.0165,0.00241796978704608));
#13897=CARTESIAN_POINT('',(0.,-0.0165,0.00241796978704608));
#13898=CARTESIAN_POINT('',(0.0674102621235043,-0.0165,0.00241796978704608));
#13899=CARTESIAN_POINT('',(0.0674102621235043,-0.0165,0.00241796978704608));
#13900=CARTESIAN_POINT('',(0.0686758871235043,-0.0165,0.00241796978704608));
#13901=CARTESIAN_POINT('',(0.0692475017068376,-0.0165,0.00205794374537941));
#13902=CARTESIAN_POINT('',(0.0692475017068376,-0.0165,0.00205794374537941));
#13903=CARTESIAN_POINT('',(0.0692475017068376,-0.0165,0.00205794374537941));
#13904=CARTESIAN_POINT('',(0.069819116290171,-0.0165,0.00169791770371274));
#13905=CARTESIAN_POINT('',(0.069819116290171,-0.0165,0.000912761453712742));
#13906=CARTESIAN_POINT('',(0.069819116290171,-0.0165,0.000912761453712742));
#13907=CARTESIAN_POINT('',(0.069819116290171,-0.0165,0.000912761453712742));
#13908=CARTESIAN_POINT('',(0.069819116290171,-0.0165,0.000378907287046075));
#13909=CARTESIAN_POINT('',(0.069569116290171,-0.0165,3.71104120460756E-5));
#13910=CARTESIAN_POINT('',(0.069569116290171,-0.0165,3.71104120460756E-5));
#13911=CARTESIAN_POINT('',(0.0687548688740032,-0.0165,0.000611254207376149));
#13912=CARTESIAN_POINT('',(0.0689037517068376,-0.0165,-0.000373263596637312));
#13913=CARTESIAN_POINT('',(0.0689037517068376,-0.0165,-6.93889390390723E-18));
#13914=CARTESIAN_POINT('',(0.0689037517068376,-0.0165,-0.000414061462953925));
#13915=CARTESIAN_POINT('',(0.0689037517068376,-0.0165,-0.000414061462953925));
#13916=CARTESIAN_POINT('',(0.0694688558735043,-0.0165,-0.000540363546287258));
#13917=CARTESIAN_POINT('',(0.069719506915171,-0.0165,-0.000886066671287258));
#13918=CARTESIAN_POINT('',(0.069719506915171,-0.0165,-0.000886066671287258));
#13919=CARTESIAN_POINT('',(0.069719506915171,-0.0165,-0.000886066671287258));
#13920=CARTESIAN_POINT('',(0.0699701579568376,-0.0165,-0.00123176979628726));
#13921=CARTESIAN_POINT('',(0.0699701579568376,-0.0165,-0.00180598854628726));
#13922=CARTESIAN_POINT('',(0.0699701579568376,-0.0165,-0.00180598854628726));
#13923=CARTESIAN_POINT('',(0.0699701579568376,-0.0165,-0.00180598854628726));
#13924=CARTESIAN_POINT('',(0.0699701579568376,-0.0165,-0.00261979062962059));
#13925=CARTESIAN_POINT('',(0.069381616290171,-0.0165,-0.00307551979628726));
#13926=CARTESIAN_POINT('',(0.069381616290171,-0.0165,-0.00307551979628726));
#13927=CARTESIAN_POINT('',(0.069381616290171,-0.0165,-0.00307551979628726));
#13928=CARTESIAN_POINT('',(0.0687930746235043,-0.0165,-0.00353124896295392));
#13929=CARTESIAN_POINT('',(0.067783960040171,-0.0165,-0.00353124896295392));
#13930=CARTESIAN_POINT('',(0.067783960040171,-0.0165,-0.00353124896295392));
#13931=CARTESIAN_POINT('',(0.,-0.0165,-0.00353124896295392));
#13932=CARTESIAN_POINT('',(0.0564995377037069,-0.0165,0.0046190539060744));
#13933=CARTESIAN_POINT('',(0.0564995377037069,-0.0165,-0.0024809460939256));
#13934=CARTESIAN_POINT('',(0.0710004622962933,-0.0165,0.0113809460939256));
#13935=CARTESIAN_POINT('',(0.0710004622962933,-0.0165,0.0042809460939256));
#13936=CARTESIAN_POINT('',(0.0636,-0.0165,0.008));
#13937=CARTESIAN_POINT('',(0.0636,-0.0165,-0.0085));
#13938=CARTESIAN_POINT('',(0.,-0.0165,0.013645644992375));
#13939=CARTESIAN_POINT('',(0.0623297915802156,-0.0165,0.013645644992375));
#13940=CARTESIAN_POINT('',(0.0609704165802156,-0.0165,0.013645644992375));
#13941=CARTESIAN_POINT('',(0.059605076640193,-0.0165,0.0181335297499116));
#13942=CARTESIAN_POINT('',(0.0605394269968823,-0.0165,0.0150623116590416));
#13943=CARTESIAN_POINT('',(0.,-0.0165,0.0150623116590416));
#13944=CARTESIAN_POINT('',(0.0583701561635489,-0.0165,0.0150623116590416));
#13945=CARTESIAN_POINT('',(0.0492312037489353,-0.0165,-0.0149775077581779));
#13946=CARTESIAN_POINT('',(0.0579391665802156,-0.0165,0.013645644992375));
#13947=CARTESIAN_POINT('',(0.,-0.0165,0.013645644992375));
#13948=CARTESIAN_POINT('',(0.0565797915802156,-0.0165,0.013645644992375));
#13949=CARTESIAN_POINT('',(0.0460861128303692,-0.0165,-0.016202462945812));
#13950=CARTESIAN_POINT('',(0.0586800519968823,-0.0165,0.0196196033257083));
#13951=CARTESIAN_POINT('',(0.,-0.0165,0.0196196033257083));
#13952=CARTESIAN_POINT('',(0.0602217186635489,-0.0165,0.0196196033257083));
#13953=CARTESIAN_POINT('',(0.0597098262724723,-0.0165,0.0210702285821998));
#13954=CARTESIAN_POINT('',(0.,-0.0165,-6.93889390390723E-18));
#13955=CARTESIAN_POINT('',(-0.0575,-0.0165,-0.0095));
#13956=CARTESIAN_POINT('',(-0.0575,-0.0165,0.000999999999999984));
#13957=CARTESIAN_POINT('',(-0.0575,-0.0165,-0.01));
#13958=CARTESIAN_POINT('',(0.,-0.0165,-0.01));
#13959=CARTESIAN_POINT('',(-0.0715,-0.0165,-0.01));
#13960=CARTESIAN_POINT('',(-0.0715,-0.0165,-6.93889390390723E-18));
#13961=CARTESIAN_POINT('',(-0.0715,-0.0165,0.000999999999999984));
#13962=CARTESIAN_POINT('',(0.,-0.0165,0.000999999999999984));
#13963=CARTESIAN_POINT('',(-0.0825,-0.0165,0.000999999999999984));
#13964=CARTESIAN_POINT('',(-0.0825,-0.0165,-6.93889390390723E-18));
#13965=CARTESIAN_POINT('',(-0.0825,-0.0165,0.015));
#13966=CARTESIAN_POINT('',(-0.071,-0.0165,0.015));
#13967=CARTESIAN_POINT('',(-0.0715,-0.0165,0.015));
#13968=CARTESIAN_POINT('',(-0.0715,-0.0165,-6.93889390390723E-18));
#13969=CARTESIAN_POINT('',(-0.0715,-0.0165,0.026));
#13970=CARTESIAN_POINT('',(-0.058,-0.0165,0.026));
#13971=CARTESIAN_POINT('',(-0.0575,-0.0165,0.026));
#13972=CARTESIAN_POINT('',(-0.0575,-0.0165,0.0145));
#13973=CARTESIAN_POINT('',(-0.0575,-0.0165,0.015));
#13974=CARTESIAN_POINT('',(-0.047,-0.0165,0.015));
#13975=CARTESIAN_POINT('',(-0.0465,-0.0165,0.015));
#13976=CARTESIAN_POINT('',(-0.0465,-0.0165,0.0015));
#13977=CARTESIAN_POINT('',(-0.0465,-0.0165,0.000999999999999984));
#13978=CARTESIAN_POINT('',(0.,-0.0165,0.000999999999999984));
#13979=CARTESIAN_POINT('',(-0.0645,-0.0165,0.008));
#13980=CARTESIAN_POINT('',(-0.0645,-0.0165,-0.0125));
#13981=CARTESIAN_POINT('',(-4.25585492772976E-18,-0.0145,0.046));
#13982=CARTESIAN_POINT('',(-0.075,-0.0145,0.046));
#13983=CARTESIAN_POINT('',(0.075,-0.0145,0.046));
#13984=CARTESIAN_POINT('',(-0.075,-0.0145,0.034));
#13985=CARTESIAN_POINT('',(-0.075,-0.0145,0.034));
#13986=CARTESIAN_POINT('',(-0.09,-0.0145,0.034));
#13987=CARTESIAN_POINT('',(-0.087,-0.0145,0.034));
#13988=CARTESIAN_POINT('',(-0.087,-0.0145,-1.67349794153056E-17));
#13989=CARTESIAN_POINT('',(-0.09,-0.0145,-1.7347234759768E-17));
#13990=CARTESIAN_POINT('',(-0.09,-0.0145,-0.034));
#13991=CARTESIAN_POINT('',(-0.087,-0.0145,-0.034));
#13992=CARTESIAN_POINT('',(-0.075,-0.0145,-0.034));
#13993=CARTESIAN_POINT('',(-0.075,-0.0145,-0.034));
#13994=CARTESIAN_POINT('',(-0.075,-0.0145,-0.049));
#13995=CARTESIAN_POINT('',(-0.075,-0.0145,-0.046));
#13996=CARTESIAN_POINT('',(-2.77555756156289E-19,-0.0145,-0.046));
#13997=CARTESIAN_POINT('',(0.,-0.0145,-0.049));
#13998=CARTESIAN_POINT('',(0.075,-0.0145,-0.049));
#13999=CARTESIAN_POINT('',(0.075,-0.0145,-0.046));
#14000=CARTESIAN_POINT('',(0.075,-0.0145,-0.034));
#14001=CARTESIAN_POINT('',(0.075,-0.0145,-0.034));
#14002=CARTESIAN_POINT('',(0.09,-0.0145,-0.034));
#14003=CARTESIAN_POINT('',(0.087,-0.0145,-0.034));
#14004=CARTESIAN_POINT('',(0.087,-0.0145,3.87761718159521E-18));
#14005=CARTESIAN_POINT('',(0.087,-0.0145,0.034));
#14006=CARTESIAN_POINT('',(0.09,-0.0145,0.034));
#14007=CARTESIAN_POINT('',(0.09,-0.0145,-0.034));
#14008=CARTESIAN_POINT('',(0.075,-0.0145,0.034));
#14009=CARTESIAN_POINT('',(0.075,-0.0145,0.034));
#14010=CARTESIAN_POINT('',(0.075,-0.0175,0.034));
#14011=CARTESIAN_POINT('',(0.0774551518985789,-0.00725,0.0487977102672983));
#14012=CARTESIAN_POINT('',(0.0774551518985789,-0.00275,0.0487977102672983));
#14013=CARTESIAN_POINT('',(0.0774551518985789,-0.01175,0.0487977102672983));
#14014=CARTESIAN_POINT('',(0.075,-0.01175,0.034));
#14015=CARTESIAN_POINT('',(0.09,-0.0175,0.034));
#14016=CARTESIAN_POINT('',(0.09,0.,0.034));
#14017=CARTESIAN_POINT('',(0.075,0.,0.034));
#14018=CARTESIAN_POINT('',(0.075,-0.00275,0.034));
#14019=CARTESIAN_POINT('',(0.09,-0.0175,-3.46944695195361E-18));
#14020=CARTESIAN_POINT('',(0.09,-0.0175,-0.034));
#14021=CARTESIAN_POINT('',(0.09,0.,-0.034));
#14022=CARTESIAN_POINT('',(0.09,0.,-3.46944695195361E-18));
#14023=CARTESIAN_POINT('',(0.075,-0.0175,-0.034));
#14024=CARTESIAN_POINT('',(0.075,-0.0175,-0.049));
#14025=CARTESIAN_POINT('',(0.075,0.,-0.049));
#14026=CARTESIAN_POINT('',(0.075,0.,-0.034));
#14027=CARTESIAN_POINT('',(0.,-0.0175,-0.049));
#14028=CARTESIAN_POINT('',(0.,0.,-0.049));
#14029=CARTESIAN_POINT('',(-0.075,0.,-0.049));
#14030=CARTESIAN_POINT('',(-0.075,-0.0175,-0.049));
#14031=CARTESIAN_POINT('',(-0.075,-0.0175,-0.034));
#14032=CARTESIAN_POINT('',(-0.09,-0.0175,-0.034));
#14033=CARTESIAN_POINT('',(-0.09,0.,-0.034));
#14034=CARTESIAN_POINT('',(-0.075,0.,-0.034));
#14035=CARTESIAN_POINT('',(-0.09,-0.0175,-1.7347234759768E-17));
#14036=CARTESIAN_POINT('',(-0.09,0.,-1.7347234759768E-17));
#14037=CARTESIAN_POINT('',(-0.09,0.,0.034));
#14038=CARTESIAN_POINT('',(-0.09,-0.0175,0.034));
#14039=CARTESIAN_POINT('',(-0.075,-0.0175,0.034));
#14040=CARTESIAN_POINT('',(-0.075,-0.01175,0.034));
#14041=CARTESIAN_POINT('',(-0.0774551518985789,-0.01175,0.0487977102672983));
#14042=CARTESIAN_POINT('',(-0.0774551518985789,-0.00725,0.0487977102672983));
#14043=CARTESIAN_POINT('',(-0.0774551518985789,-0.00275,0.0487977102672983));
#14044=CARTESIAN_POINT('',(-0.075,-0.00275,0.034));
#14045=CARTESIAN_POINT('',(-0.075,0.,0.034));
#14046=CARTESIAN_POINT('',(0.,0.,0.));
#14047=CARTESIAN_POINT('',(-0.0228835949452831,0.,0.0445426829416994));
#14048=CARTESIAN_POINT('',(-0.0228835949452831,0.,0.0459426829416994));
#14049=CARTESIAN_POINT('',(0.0035,0.,0.044));
#14050=CARTESIAN_POINT('',(0.0035,0.,0.0482757359312881));
#14051=CARTESIAN_POINT('',(0.00422426406871193,-2.14313189850787E-19,0.0482757359312881));
#14052=CARTESIAN_POINT('',(-0.00422426406871194,-2.14313189850787E-19,0.0482757359312881));
#14053=CARTESIAN_POINT('',(-0.0035,0.,0.0482757359312881));
#14054=CARTESIAN_POINT('',(-0.0035,0.,0.044));
#14055=CARTESIAN_POINT('',(-0.0176457686289714,0.,0.0449));
#14056=CARTESIAN_POINT('',(-0.0192420585539426,0.,0.0447911033727084));
#14057=CARTESIAN_POINT('',(-0.0228835949452831,0.,0.0445426829416994));
#14058=CARTESIAN_POINT('',(-0.0265251313366236,0.,0.0447911033727084));
#14059=CARTESIAN_POINT('',(-0.0281214212615948,0.,0.0449));
#14060=CARTESIAN_POINT('',(-0.075,0.,0.034));
#14061=CARTESIAN_POINT('',(-0.08587087,0.,8.23166551409873E-6));
#14062=CARTESIAN_POINT('',(-0.0858398096931938,0.,-0.00162060221620654));
#14063=CARTESIAN_POINT('',(-0.0857702203296423,0.,-0.00526993877515537));
#14064=CARTESIAN_POINT('',(-0.0858398096931938,0.,-0.0089192753341042));
#14065=CARTESIAN_POINT('',(-0.08587087,0.,-0.0105481092158248));
#14066=CARTESIAN_POINT('',(-0.075,0.,-0.034));
#14067=CARTESIAN_POINT('',(0.0303862941537275,0.,-0.04487087));
#14068=CARTESIAN_POINT('',(0.0320150382851607,0.,-0.044835414235702));
#14069=CARTESIAN_POINT('',(0.0356641737622136,0.,-0.0447559770270767));
#14070=CARTESIAN_POINT('',(0.0393133092392665,0.,-0.044835414235702));
#14071=CARTESIAN_POINT('',(0.0409420533706997,0.,-0.04487087));
#14072=CARTESIAN_POINT('',(0.075,0.,-0.034));
#14073=CARTESIAN_POINT('',(0.0858708663828769,0.,-0.00518663150844189));
#14074=CARTESIAN_POINT('',(0.0855672289159979,0.,-0.00358604391910232));
#14075=CARTESIAN_POINT('',(0.0848869429391696,0.,2.23498040844392E-19));
#14076=CARTESIAN_POINT('',(0.0855672289159979,0.,0.00358604391910232));
#14077=CARTESIAN_POINT('',(0.0858708663828769,0.,0.00518663150844189));
#14078=CARTESIAN_POINT('',(0.075,0.,0.034));
#14079=CARTESIAN_POINT('',(0.0356641737622136,0.,-0.0447559770270767));
#14080=CARTESIAN_POINT('',(0.0356641737622136,0.,-0.0433559770270767));
#14081=CARTESIAN_POINT('',(-0.0857702203296423,0.,-0.00526993877515537));
#14082=CARTESIAN_POINT('',(-0.0857702203296423,0.,-0.00386993877515537));
#14083=CARTESIAN_POINT('',(0.0848869429391696,0.,8.57252759403147E-20));
#14084=CARTESIAN_POINT('',(0.0848869429391696,0.,0.0014));
#14085=CARTESIAN_POINT('',(-0.075,-0.0145,0.034));
#14086=CARTESIAN_POINT('',(-0.075,-0.0145,0.034));
#14087=CARTESIAN_POINT('',(-0.075,-0.0145,-0.034));
#14088=CARTESIAN_POINT('',(-0.075,-0.0145,-0.034));
#14089=CARTESIAN_POINT('',(0.075,-0.0145,-0.034));
#14090=CARTESIAN_POINT('',(0.075,-0.0145,-0.034));
#14091=CARTESIAN_POINT('',(0.075,-0.0145,0.034));
#14092=CARTESIAN_POINT('',(0.075,-0.0145,0.034));
#14093=CARTESIAN_POINT('',(0.075,-0.0175,0.034));
#14094=CARTESIAN_POINT('',(0.075,-0.0175,-0.034));
#14095=CARTESIAN_POINT('',(-0.075,-0.0175,-0.034));
#14096=CARTESIAN_POINT('',(-0.075,-0.0175,0.034));
#14097=CARTESIAN_POINT('',(0.,0.190425848361783,-0.0188));
#14098=CARTESIAN_POINT('',(-0.0378,0.190425848361783,-0.0188));
#14099=CARTESIAN_POINT('',(-0.0378,-0.015,-0.0188));
#14100=CARTESIAN_POINT('',(-0.0378,-0.016,-0.0188));
#14101=CARTESIAN_POINT('',(0.,-0.016,-0.0188));
#14102=CARTESIAN_POINT('',(0.0378,-0.016,-0.0188));
#14103=CARTESIAN_POINT('',(0.0378,0.190425848361783,-0.0188));
#14104=CARTESIAN_POINT('',(0.0378,-0.015,-0.0188));
#14105=CARTESIAN_POINT('',(2.58831756733047E-18,-0.015,-0.0188));
#14106=CARTESIAN_POINT('',(0.0378,0.190425848361783,0.0071));
#14107=CARTESIAN_POINT('',(0.0378,-0.016,0.033));
#14108=CARTESIAN_POINT('',(0.0378,-0.016,0.033));
#14109=CARTESIAN_POINT('',(0.0378,0.190425848361783,0.033));
#14110=CARTESIAN_POINT('',(0.0378,-0.015,0.033));
#14111=CARTESIAN_POINT('',(0.0378,-0.015,-8.81427063469297E-18));
#14112=CARTESIAN_POINT('',(-6.93889390390723E-18,0.190425848361783,0.033));
#14113=CARTESIAN_POINT('',(-0.0378,-0.016,0.033));
#14114=CARTESIAN_POINT('',(-0.0378,-0.016,0.033));
#14115=CARTESIAN_POINT('',(-0.0378,0.190425848361783,0.033));
#14116=CARTESIAN_POINT('',(-0.0378,-0.015,0.033));
#14117=CARTESIAN_POINT('',(-6.05776451928409E-18,-0.015,0.033));
#14118=CARTESIAN_POINT('',(-0.0378,0.190425848361783,0.0071));
#14119=CARTESIAN_POINT('',(-0.0378,-0.016,0.0071));
#14120=CARTESIAN_POINT('',(-0.0378,-0.015,-1.89413049809359E-17));
#14121=CARTESIAN_POINT('',(-0.0393,-0.016,-1.91422382020916E-17));
#14122=CARTESIAN_POINT('',(-0.0393,-0.016,0.0345));
#14123=CARTESIAN_POINT('',(-0.0393,-0.016,-0.0203));
#14124=CARTESIAN_POINT('',(2.79483226685152E-18,-0.016,-0.0203));
#14125=CARTESIAN_POINT('',(0.0393,-0.016,-0.0203));
#14126=CARTESIAN_POINT('',(-7.21424683660196E-18,-0.016,0.0345));
#14127=CARTESIAN_POINT('',(0.0393,-0.016,0.0345));
#14128=CARTESIAN_POINT('',(0.0393,-0.016,0.0071));
#14129=CARTESIAN_POINT('',(-0.0645,-0.0165,0.008));
#14130=CARTESIAN_POINT('',(0.0636,-0.0165,0.008));
#14131=CARTESIAN_POINT('',(0.0564995377037069,0.190425848361783,0.0046190539060744));
#14132=CARTESIAN_POINT('',(0.0564995377037069,-0.016,0.0046190539060744));
#14133=CARTESIAN_POINT('',(0.0564995377037069,-0.016,-0.0019809460939256));
#14134=CARTESIAN_POINT('',(0.0710004622962933,0.190425848361783,0.0113809460939256));
#14135=CARTESIAN_POINT('',(0.0710004622962933,-0.016,0.0113809460939256));
#14136=CARTESIAN_POINT('',(0.0710004622962933,-0.016,0.0047809460939256));
#14137=CARTESIAN_POINT('',(0.0564995377037069,-0.016,0.0046190539060744));
#14138=CARTESIAN_POINT('',(0.0710004622962933,-0.016,0.0113809460939256));
#14139=CARTESIAN_POINT('',(-0.0645,0.190425848361783,-0.0095));
#14140=CARTESIAN_POINT('',(-0.071,0.190425848361783,-0.0095));
#14141=CARTESIAN_POINT('',(-0.071,-0.016,-0.0095));
#14142=CARTESIAN_POINT('',(-0.0645,-0.016,-0.0095));
#14143=CARTESIAN_POINT('',(-0.058,-0.016,-0.0095));
#14144=CARTESIAN_POINT('',(-0.058,0.190425848361783,-0.0095));
#14145=CARTESIAN_POINT('',(-0.058,0.190425848361783,-0.004));
#14146=CARTESIAN_POINT('',(-0.058,-0.016,0.00149999999999998));
#14147=CARTESIAN_POINT('',(-0.058,-0.016,0.00149999999999998));
#14148=CARTESIAN_POINT('',(-0.058,-0.199370806432938,0.00149999999999998));
#14149=CARTESIAN_POINT('',(-0.0645,0.190425848361783,0.0255));
#14150=CARTESIAN_POINT('',(-0.071,-0.016,0.0255));
#14151=CARTESIAN_POINT('',(-0.071,-0.016,0.0255));
#14152=CARTESIAN_POINT('',(-0.071,0.190425848361783,0.0255));
#14153=CARTESIAN_POINT('',(-0.071,0.190425848361783,0.02));
#14154=CARTESIAN_POINT('',(-0.071,-0.016,0.02));
#14155=CARTESIAN_POINT('',(-0.071,-0.016,0.0145));
#14156=CARTESIAN_POINT('',(-0.071,0.190425848361783,0.0145));
#14157=CARTESIAN_POINT('',(-0.0765,0.190425848361783,0.0145));
#14158=CARTESIAN_POINT('',(-0.082,-0.016,0.0145));
#14159=CARTESIAN_POINT('',(-0.082,-0.016,0.0145));
#14160=CARTESIAN_POINT('',(-0.082,0.190425848361783,0.0145));
#14161=CARTESIAN_POINT('',(-0.082,0.190425848361783,0.008));
#14162=CARTESIAN_POINT('',(-0.082,-0.016,0.008));
#14163=CARTESIAN_POINT('',(-0.082,-0.016,0.0015));
#14164=CARTESIAN_POINT('',(-0.082,0.190425848361783,0.0015));
#14165=CARTESIAN_POINT('',(-0.0765,0.190425848361783,0.00149999999999998));
#14166=CARTESIAN_POINT('',(-0.0765,-0.016,0.00149999999999998));
#14167=CARTESIAN_POINT('',(-0.071,-0.016,0.00149999999999998));
#14168=CARTESIAN_POINT('',(-0.071,0.190425848361783,0.00149999999999998));
#14169=CARTESIAN_POINT('',(-0.071,0.190425848361783,-0.004));
#14170=CARTESIAN_POINT('',(-0.071,-0.016,-0.004));
#14171=CARTESIAN_POINT('',(-0.0715,-0.016,-6.93889390390723E-18));
#14172=CARTESIAN_POINT('',(-0.0715,-0.016,0.026));
#14173=CARTESIAN_POINT('',(-0.0715,-0.016,0.015));
#14174=CARTESIAN_POINT('',(-0.0765,-0.016,0.015));
#14175=CARTESIAN_POINT('',(-0.0825,-0.016,0.015));
#14176=CARTESIAN_POINT('',(-0.0645,-0.016,0.026));
#14177=CARTESIAN_POINT('',(-0.0575,-0.016,0.026));
#14178=CARTESIAN_POINT('',(-0.0825,-0.016,-6.93889390390723E-18));
#14179=CARTESIAN_POINT('',(-0.0825,-0.016,0.000999999999999984));
#14180=CARTESIAN_POINT('',(-0.0575,-0.016,0.02));
#14181=CARTESIAN_POINT('',(-0.0575,-0.016,0.015));
#14182=CARTESIAN_POINT('',(0.,-0.016,0.000999999999999984));
#14183=CARTESIAN_POINT('',(-0.0715,-0.016,0.000999999999999984));
#14184=CARTESIAN_POINT('',(-0.0525,-0.016,0.015));
#14185=CARTESIAN_POINT('',(-0.058,-0.016,0.0145));
#14186=CARTESIAN_POINT('',(-0.047,-0.016,0.0145));
#14187=CARTESIAN_POINT('',(-0.0465,-0.016,0.015));
#14188=CARTESIAN_POINT('',(-0.0715,-0.016,-6.93889390390723E-18));
#14189=CARTESIAN_POINT('',(-0.0715,-0.016,-0.01));
#14190=CARTESIAN_POINT('',(-0.0465,-0.016,0.008));
#14191=CARTESIAN_POINT('',(-0.047,-0.016,0.0145));
#14192=CARTESIAN_POINT('',(-0.047,-0.016,0.0015));
#14193=CARTESIAN_POINT('',(-0.0465,-0.016,0.000999999999999984));
#14194=CARTESIAN_POINT('',(0.,-0.016,-0.01));
#14195=CARTESIAN_POINT('',(-0.0575,-0.016,-0.01));
#14196=CARTESIAN_POINT('',(0.,-0.016,0.000999999999999984));
#14197=CARTESIAN_POINT('',(-0.0525,-0.016,0.00149999999999998));
#14198=CARTESIAN_POINT('',(-0.0575,-0.016,0.000999999999999984));
#14199=CARTESIAN_POINT('',(-0.0575,-0.016,-0.004));
#14200=CARTESIAN_POINT('',(-0.0763288077349534,-0.0168,-0.0186155074118781));
#14201=CARTESIAN_POINT('',(-0.0763288077349534,-0.0175,-0.0186155074118781));
#14202=CARTESIAN_POINT('',(-0.0763841084044979,-0.0168,-0.0188784175638256));
#14203=CARTESIAN_POINT('',(-0.0763841084044979,-0.0175,-0.0188784175638256));
#14204=CARTESIAN_POINT('',(-0.0765222927953164,-0.0168,-0.0190656812188681));
#14205=CARTESIAN_POINT('',(-0.0765222927953164,-0.0175,-0.0190656812188681));
#14206=CARTESIAN_POINT('',(-0.0767433609074088,-0.0168,-0.0191772983770057));
#14207=CARTESIAN_POINT('',(-0.0767433609074088,-0.0175,-0.0191772983770057));
#14208=CARTESIAN_POINT('',(-0.0763288077349534,-0.0168,-0.0186155074118781));
#14209=CARTESIAN_POINT('',(-0.0763288077349534,-0.0168,-0.0186155074118781));
#14210=CARTESIAN_POINT('',(-0.0763288077349534,-0.0168,-0.0186155074118781));
#14211=CARTESIAN_POINT('',(-0.0764117587392702,-0.0168,-0.0190098726397993));
#14212=CARTESIAN_POINT('',(-0.0767433609074088,-0.0168,-0.0191772983770057));
#14213=CARTESIAN_POINT('',(-0.0767433609074088,-0.0168,-0.0191772983770057));
#14214=CARTESIAN_POINT('',(-0.0767433609074088,-0.0168,-0.0191772983770057));
#14215=CARTESIAN_POINT('',(-0.0763790100110022,-0.0168,-0.0181029881421015));
#14216=CARTESIAN_POINT('',(-0.0763790100110022,-0.0175,-0.0181029881421015));
#14217=CARTESIAN_POINT('',(-0.0763056074177832,-0.0168,-0.0182548116974176));
#14218=CARTESIAN_POINT('',(-0.0763056074177832,-0.0175,-0.0182548116974176));
#14219=CARTESIAN_POINT('',(-0.0762888733257669,-0.0168,-0.0184256514540098));
#14220=CARTESIAN_POINT('',(-0.0762888733257669,-0.0175,-0.0184256514540098));
#14221=CARTESIAN_POINT('',(-0.0763288077349534,-0.0168,-0.0186155074118781));
#14222=CARTESIAN_POINT('',(-0.0763288077349534,-0.0175,-0.0186155074118781));
#14223=CARTESIAN_POINT('',(-0.0763790100110022,-0.0168,-0.0181029881421015));
#14224=CARTESIAN_POINT('',(-0.0763790100110022,-0.0168,-0.0181029881421015));
#14225=CARTESIAN_POINT('',(-0.0763790100110022,-0.0168,-0.0181029881421015));
#14226=CARTESIAN_POINT('',(-0.0762689061211737,-0.0168,-0.0183307234750757));
#14227=CARTESIAN_POINT('',(-0.0763288077349534,-0.0168,-0.0186155074118781));
#14228=CARTESIAN_POINT('',(-0.0768563548584595,-0.0168,-0.017593763764315));
#14229=CARTESIAN_POINT('',(-0.0768563548584595,-0.0175,-0.017593763764315));
#14230=CARTESIAN_POINT('',(-0.0766115275533736,-0.0168,-0.0177814231275233));
#14231=CARTESIAN_POINT('',(-0.0766115275533736,-0.0175,-0.0177814231275233));
#14232=CARTESIAN_POINT('',(-0.0764524126042212,-0.0168,-0.0179511645867854));
#14233=CARTESIAN_POINT('',(-0.0764524126042212,-0.0175,-0.0179511645867854));
#14234=CARTESIAN_POINT('',(-0.0763790100110022,-0.0168,-0.0181029881421015));
#14235=CARTESIAN_POINT('',(-0.0763790100110022,-0.0175,-0.0181029881421015));
#14236=CARTESIAN_POINT('',(-0.0768563548584595,-0.0168,-0.017593763764315));
#14237=CARTESIAN_POINT('',(-0.0768563548584595,-0.0168,-0.017593763764315));
#14238=CARTESIAN_POINT('',(-0.0768563548584595,-0.0168,-0.017593763764315));
#14239=CARTESIAN_POINT('',(-0.0764891139008307,-0.0168,-0.0178752528091274));
#14240=CARTESIAN_POINT('',(-0.0763790100110022,-0.0168,-0.0181029881421015));
#14241=CARTESIAN_POINT('',(-0.0772043334464211,-0.0168,-0.01730767763494));
#14242=CARTESIAN_POINT('',(-0.0772043334464211,-0.0175,-0.01730767763494));
#14243=CARTESIAN_POINT('',(-0.0771572815803666,-0.0168,-0.0173570482976691));
#14244=CARTESIAN_POINT('',(-0.0771572815803666,-0.0175,-0.0173570482976691));
#14245=CARTESIAN_POINT('',(-0.0770412887177128,-0.0168,-0.0174524103407941));
#14246=CARTESIAN_POINT('',(-0.0770412887177128,-0.0175,-0.0174524103407941));
#14247=CARTESIAN_POINT('',(-0.0768563548584595,-0.0168,-0.017593763764315));
#14248=CARTESIAN_POINT('',(-0.0768563548584595,-0.0175,-0.017593763764315));
#14249=CARTESIAN_POINT('',(-0.0772043334464211,-0.0168,-0.01730767763494));
#14250=CARTESIAN_POINT('',(-0.0772043334464211,-0.0168,-0.01730767763494));
#14251=CARTESIAN_POINT('',(-0.0772043334464211,-0.0168,-0.01730767763494));
#14252=CARTESIAN_POINT('',(-0.0771337556473394,-0.0168,-0.0173817336290337));
#14253=CARTESIAN_POINT('',(-0.0768563548584595,-0.0168,-0.017593763764315));
#14254=CARTESIAN_POINT('',(-0.0769031952901926,-0.0168,-0.0169994783053271));
#14255=CARTESIAN_POINT('',(-0.077300020954952,-0.0168,-0.0171648050592254));
#14256=CARTESIAN_POINT('',(-0.0773002606017033,-0.0168,-0.0171649107289551));
#14257=CARTESIAN_POINT('',(-0.0769031952901926,-0.0168,-0.0169994783053271));
#14258=CARTESIAN_POINT('',(-0.0770453703841801,-0.0168,-0.0170768271384192));
#14259=CARTESIAN_POINT('',(-0.0773079776295829,-0.0168,-0.0170144396097953));
#14260=CARTESIAN_POINT('',(-0.077307731158143,-0.0168,-0.0170144906688491));
#14261=CARTESIAN_POINT('',(-0.0770453703841801,-0.0168,-0.0170768271384192));
#14262=CARTESIAN_POINT('',(-0.077037665673387,-0.0168,-0.017061222393104));
#14263=CARTESIAN_POINT('',(-0.0771695651514791,-0.0168,-0.0168213472212798));
#14264=CARTESIAN_POINT('',(-0.0771695651514791,-0.0168,-0.0168213472212798));
#14265=CARTESIAN_POINT('',(-0.077037665673387,-0.0168,-0.017061222393104));
#14266=CARTESIAN_POINT('',(-0.0768835556931023,-0.0168,-0.0167963497651373));
#14267=CARTESIAN_POINT('',(-0.0768835556931023,-0.0175,-0.0167963497651373));
#14268=CARTESIAN_POINT('',(-0.0770003574568915,-0.0168,-0.016771781616309));
#14269=CARTESIAN_POINT('',(-0.0770003574568915,-0.0175,-0.016771781616309));
#14270=CARTESIAN_POINT('',(-0.0770956939430171,-0.0168,-0.0167801141016898));
#14271=CARTESIAN_POINT('',(-0.0770956939430171,-0.0175,-0.0167801141016898));
#14272=CARTESIAN_POINT('',(-0.0771695651514791,-0.0168,-0.0168213472212798));
#14273=CARTESIAN_POINT('',(-0.0771695651514791,-0.0175,-0.0168213472212798));
#14274=CARTESIAN_POINT('',(-0.0768835556931023,-0.0168,-0.0167963497651373));
#14275=CARTESIAN_POINT('',(-0.0768835556931023,-0.0168,-0.0167963497651373));
#14276=CARTESIAN_POINT('',(-0.0768835556931023,-0.0168,-0.0167963497651373));
#14277=CARTESIAN_POINT('',(-0.0770587583387861,-0.0168,-0.0167594975418948));
#14278=CARTESIAN_POINT('',(-0.0771695651514791,-0.0168,-0.0168213472212798));
#14279=CARTESIAN_POINT('',(-0.0771489435923473,-0.0168000000000001,-0.0180318750547568));
#14280=CARTESIAN_POINT('',(-0.0765920919251441,-0.0168,-0.0168972410463816));
#14281=CARTESIAN_POINT('',(-0.0765919744380913,-0.0168,-0.0168970162313006));
#14282=CARTESIAN_POINT('',(-0.0771489435923473,-0.0168,-0.0180318750547568));
#14283=CARTESIAN_POINT('',(-0.0779966914464556,-0.0168000000000004,-0.0196256415438855));
#14284=CARTESIAN_POINT('',(-0.076235010436693,-0.0168,-0.0171122121908833));
#14285=CARTESIAN_POINT('',(-0.0762350104440258,-0.0168,-0.0171122121922169));
#14286=CARTESIAN_POINT('',(-0.0779966914464556,-0.0168,-0.0196256415438855));
#14287=CARTESIAN_POINT('',(-0.0760848120678403,-0.0168,-0.0168925068599653));
#14288=CARTESIAN_POINT('',(-0.075935022830819,-0.0168,-0.0166734000126322));
#14289=CARTESIAN_POINT('',(-0.075935022830819,-0.0168,-0.0166734000126322));
#14290=CARTESIAN_POINT('',(-0.0760848120678403,-0.0168,-0.0168925068599653));
#14291=CARTESIAN_POINT('',(-0.0777001628705053,-0.0168000000000003,-0.0191336565764543));
#14292=CARTESIAN_POINT('',(-0.0763341419296859,-0.0168,-0.0164315759267012));
#14293=CARTESIAN_POINT('',(-0.076334092534273,-0.0168,-0.0164314779495798));
#14294=CARTESIAN_POINT('',(-0.0777001628705053,-0.0168,-0.0191336565764543));
#14295=CARTESIAN_POINT('',(-0.077108073743678,-0.0168000000000001,-0.0180053211593887));
#14296=CARTESIAN_POINT('',(-0.076755795060558,-0.0168,-0.0162870009887712));
#14297=CARTESIAN_POINT('',(-0.076755795060558,-0.0168,-0.0162870009887712));
#14298=CARTESIAN_POINT('',(-0.077108073743678,-0.0168,-0.0180053211593887));
#14299=CARTESIAN_POINT('',(-0.0775259750636504,-0.0168,-0.0163555231383201));
#14300=CARTESIAN_POINT('',(-0.0775259750636504,-0.0175,-0.0163555231383201));
#14301=CARTESIAN_POINT('',(-0.0773204536509725,-0.0168,-0.0162450711311037));
#14302=CARTESIAN_POINT('',(-0.0773204536509725,-0.0175,-0.0162450711311037));
#14303=CARTESIAN_POINT('',(-0.0770637269832751,-0.0168,-0.0162222304145874));
#14304=CARTESIAN_POINT('',(-0.0770637269832751,-0.0175,-0.0162222304145874));
#14305=CARTESIAN_POINT('',(-0.076755795060558,-0.0168,-0.0162870009887712));
#14306=CARTESIAN_POINT('',(-0.076755795060558,-0.0175,-0.0162870009887712));
#14307=CARTESIAN_POINT('',(-0.0775259750636504,-0.0168,-0.0163555231383201));
#14308=CARTESIAN_POINT('',(-0.0775259750636504,-0.0168,-0.0163555231383201));
#14309=CARTESIAN_POINT('',(-0.0775259750636504,-0.0168,-0.0163555231383201));
#14310=CARTESIAN_POINT('',(-0.0772176929446336,-0.0168,-0.0161898451274954));
#14311=CARTESIAN_POINT('',(-0.076755795060558,-0.0168,-0.0162870009887712));
#14312=CARTESIAN_POINT('',(-0.0779156000899697,-0.0168,-0.0169079211707088));
#14313=CARTESIAN_POINT('',(-0.0779156000899697,-0.0175,-0.0169079211707088));
#14314=CARTESIAN_POINT('',(-0.0778613714851013,-0.0168,-0.0166501078229994));
#14315=CARTESIAN_POINT('',(-0.0778613714851013,-0.0175,-0.0166501078229994));
#14316=CARTESIAN_POINT('',(-0.0777314964763282,-0.0168,-0.0164659751455365));
#14317=CARTESIAN_POINT('',(-0.0777314964763282,-0.0175,-0.0164659751455365));
#14318=CARTESIAN_POINT('',(-0.0775259750636504,-0.0168,-0.0163555231383201));
#14319=CARTESIAN_POINT('',(-0.0775259750636504,-0.0175,-0.0163555231383201));
#14320=CARTESIAN_POINT('',(-0.0779156000899697,-0.0168,-0.0169079211707088));
#14321=CARTESIAN_POINT('',(-0.0779156000899697,-0.0168,-0.0169079211707088));
#14322=CARTESIAN_POINT('',(-0.0779156000899697,-0.0168,-0.0169079211707088));
#14323=CARTESIAN_POINT('',(-0.0778342571826671,-0.0168,-0.0165212011491448));
#14324=CARTESIAN_POINT('',(-0.0775259750636504,-0.0168,-0.0163555231383201));
#14325=CARTESIAN_POINT('',(-0.0771503109765526,-0.0168,-0.0170893305532191));
#14326=CARTESIAN_POINT('',(-0.0779112750672491,-0.0168,-0.0172827226789985));
#14327=CARTESIAN_POINT('',(-0.0779115865459319,-0.0168,-0.0172827986372577));
#14328=CARTESIAN_POINT('',(-0.0771503109765526,-0.0168,-0.0170893305532191));
#14329=CARTESIAN_POINT('',(-0.077025012511877,-0.0168,-0.0170359620646958));
#14330=CARTESIAN_POINT('',(-0.0777547163517112,-0.0168,-0.0175964048068283));
#14331=CARTESIAN_POINT('',(-0.0777547163517112,-0.0168,-0.0175964048068283));
#14332=CARTESIAN_POINT('',(-0.077025012511877,-0.0168,-0.0170359620646958));
#14333=CARTESIAN_POINT('',(-0.077405590825235,-0.0168,-0.0179213188801126));
#14334=CARTESIAN_POINT('',(-0.077405590825235,-0.0175,-0.0179213188801126));
#14335=CARTESIAN_POINT('',(-0.0775655297777613,-0.0168,-0.0178003027576518));
#14336=CARTESIAN_POINT('',(-0.0775655297777613,-0.0175,-0.0178003027576518));
#14337=CARTESIAN_POINT('',(-0.0776819049532533,-0.0168,-0.017691998066557));
#14338=CARTESIAN_POINT('',(-0.0776819049532533,-0.0175,-0.017691998066557));
#14339=CARTESIAN_POINT('',(-0.0777547163517112,-0.0168,-0.0175964048068283));
#14340=CARTESIAN_POINT('',(-0.0777547163517112,-0.0175,-0.0175964048068283));
#14341=CARTESIAN_POINT('',(-0.077405590825235,-0.0168,-0.0179213188801126));
#14342=CARTESIAN_POINT('',(-0.077405590825235,-0.0168,-0.0179213188801126));
#14343=CARTESIAN_POINT('',(-0.077405590825235,-0.0168,-0.0179213188801126));
#14344=CARTESIAN_POINT('',(-0.0776454992540244,-0.0168,-0.0177397946964214));
#14345=CARTESIAN_POINT('',(-0.0777547163517112,-0.0168,-0.0175964048068283));
#14346=CARTESIAN_POINT('',(-0.0770695842635109,-0.0168,-0.0181979012841503));
#14347=CARTESIAN_POINT('',(-0.0770695842635109,-0.0175,-0.0181979012841503));
#14348=CARTESIAN_POINT('',(-0.0771227618281269,-0.0168,-0.0181439156992041));
#14349=CARTESIAN_POINT('',(-0.0771227618281269,-0.0175,-0.0181439156992041));
#14350=CARTESIAN_POINT('',(-0.0772347640153683,-0.0168,-0.0180517215645249));
#14351=CARTESIAN_POINT('',(-0.0772347640153683,-0.0175,-0.0180517215645249));
#14352=CARTESIAN_POINT('',(-0.077405590825235,-0.0168,-0.0179213188801126));
#14353=CARTESIAN_POINT('',(-0.077405590825235,-0.0175,-0.0179213188801126));
#14354=CARTESIAN_POINT('',(-0.0770695842635109,-0.0168,-0.0181979012841503));
#14355=CARTESIAN_POINT('',(-0.0770695842635109,-0.0168,-0.0181979012841503));
#14356=CARTESIAN_POINT('',(-0.0770695842635109,-0.0168,-0.0181979012841503));
#14357=CARTESIAN_POINT('',(-0.0771493506104349,-0.0168,-0.018116922906731));
#14358=CARTESIAN_POINT('',(-0.077405590825235,-0.0168,-0.0179213188801126));
#14359=CARTESIAN_POINT('',(-0.0774476039600757,-0.0168000000000001,-0.0185924189337086));
#14360=CARTESIAN_POINT('',(-0.0769561062257294,-0.0168,-0.0183558258235331));
#14361=CARTESIAN_POINT('',(-0.076955894488595,-0.0168,-0.0183557203514832));
#14362=CARTESIAN_POINT('',(-0.0774476039600757,-0.0168,-0.0185924189337086));
#14363=CARTESIAN_POINT('',(-0.0771947468008544,-0.0168,-0.0184606225900198));
#14364=CARTESIAN_POINT('',(-0.0769403516181973,-0.0168,-0.0185181434564845));
#14365=CARTESIAN_POINT('',(-0.0769403516181973,-0.0168,-0.0185181434564845));
#14366=CARTESIAN_POINT('',(-0.0771947468008544,-0.0168,-0.0184606225900198));
#14367=CARTESIAN_POINT('',(-0.0770975551891592,-0.0168,-0.0187262440201119));
#14368=CARTESIAN_POINT('',(-0.0770975551891592,-0.0175,-0.0187262440201119));
#14369=CARTESIAN_POINT('',(-0.0770142834407639,-0.0168,-0.018689871129475));
#14370=CARTESIAN_POINT('',(-0.0770142834407639,-0.0175,-0.018689871129475));
#14371=CARTESIAN_POINT('',(-0.0769618822504432,-0.0168,-0.0186205042749325));
#14372=CARTESIAN_POINT('',(-0.0769618822504432,-0.0175,-0.0186205042749325));
#14373=CARTESIAN_POINT('',(-0.0769403516181973,-0.0168,-0.0185181434564845));
#14374=CARTESIAN_POINT('',(-0.0769403516181973,-0.0175,-0.0185181434564845));
#14375=CARTESIAN_POINT('',(-0.0770975551891592,-0.0168,-0.0187262440201119));
#14376=CARTESIAN_POINT('',(-0.0770975551891592,-0.0168,-0.0187262440201119));
#14377=CARTESIAN_POINT('',(-0.0770975551891592,-0.0168,-0.0187262440201119));
#14378=CARTESIAN_POINT('',(-0.0769726475665662,-0.0168,-0.0186716846841566));
#14379=CARTESIAN_POINT('',(-0.0769403516181973,-0.0168,-0.0185181434564845));
#14380=CARTESIAN_POINT('',(-0.0774250607802157,-0.0168,-0.0187381887851906));
#14381=CARTESIAN_POINT('',(-0.0774250607802157,-0.0175,-0.0187381887851906));
#14382=CARTESIAN_POINT('',(-0.0772899954679066,-0.0168,-0.0187665984991084));
#14383=CARTESIAN_POINT('',(-0.0772899954679066,-0.0175,-0.0187665984991084));
#14384=CARTESIAN_POINT('',(-0.0771808269375545,-0.0168,-0.0187626169107489));
#14385=CARTESIAN_POINT('',(-0.0771808269375545,-0.0175,-0.0187626169107489));
#14386=CARTESIAN_POINT('',(-0.0770975551891592,-0.0168,-0.0187262440201119));
#14387=CARTESIAN_POINT('',(-0.0770975551891592,-0.0175,-0.0187262440201119));
#14388=CARTESIAN_POINT('',(-0.0774250607802157,-0.0168,-0.0187381887851906));
#14389=CARTESIAN_POINT('',(-0.0774250607802157,-0.0168,-0.0187381887851906));
#14390=CARTESIAN_POINT('',(-0.0774250607802157,-0.0168,-0.0187381887851906));
#14391=CARTESIAN_POINT('',(-0.0772224628117521,-0.0168,-0.0187808033560674));
#14392=CARTESIAN_POINT('',(-0.0770975551891592,-0.0168,-0.0187262440201119));
#14393=CARTESIAN_POINT('',(-0.0770850183866816,-0.0168000000000001,-0.017252912916511));
#14394=CARTESIAN_POINT('',(-0.0777874635618201,-0.0168,-0.0186060765991208));
#14395=CARTESIAN_POINT('',(-0.0777874635618201,-0.0168,-0.0186060765991208));
#14396=CARTESIAN_POINT('',(-0.0770850183866816,-0.0168,-0.017252912916511));
#14397=CARTESIAN_POINT('',(-0.0782469983737621,-0.0168,-0.0183158190188252));
#14398=CARTESIAN_POINT('',(-0.0782469983737621,-0.0175,-0.0183158190188252));
#14399=CARTESIAN_POINT('',(-0.0780692645262597,-0.0168,-0.0184450133819636));
#14400=CARTESIAN_POINT('',(-0.0780692645262597,-0.0175,-0.0184450133819636));
#14401=CARTESIAN_POINT('',(-0.0779160862556124,-0.0168,-0.0185417659087288));
#14402=CARTESIAN_POINT('',(-0.0779160862556124,-0.0175,-0.0185417659087288));
#14403=CARTESIAN_POINT('',(-0.0777874635618201,-0.0168,-0.0186060765991208));
#14404=CARTESIAN_POINT('',(-0.0777874635618201,-0.0175,-0.0186060765991208));
#14405=CARTESIAN_POINT('',(-0.0782469983737621,-0.0168,-0.0183158190188252));
#14406=CARTESIAN_POINT('',(-0.0782469983737621,-0.0168,-0.0183158190188252));
#14407=CARTESIAN_POINT('',(-0.0782469983737621,-0.0168,-0.0183158190188252));
#14408=CARTESIAN_POINT('',(-0.0779803976025085,-0.0168,-0.0185096105635329));
#14409=CARTESIAN_POINT('',(-0.0777874635618201,-0.0168,-0.0186060765991208));
#14410=CARTESIAN_POINT('',(-0.0783073020117953,-0.0168,-0.018602514257217));
#14411=CARTESIAN_POINT('',(-0.0783676056498285,-0.0168,-0.0188892094956087));
#14412=CARTESIAN_POINT('',(-0.0783676056498285,-0.0168,-0.0188892094956087));
#14413=CARTESIAN_POINT('',(-0.0783073020117953,-0.0168,-0.018602514257217));
#14414=CARTESIAN_POINT('',(-0.0775801837956468,-0.0168,-0.0192384557031891));
#14415=CARTESIAN_POINT('',(-0.0775801837956468,-0.0175,-0.0192384557031891));
#14416=CARTESIAN_POINT('',(-0.0778910888541694,-0.0168,-0.0191730597579441));
#14417=CARTESIAN_POINT('',(-0.0778910888541694,-0.0175,-0.0191730597579441));
#14418=CARTESIAN_POINT('',(-0.0781535628055633,-0.0168,-0.0190566443554173));
#14419=CARTESIAN_POINT('',(-0.0781535628055633,-0.0175,-0.0190566443554173));
#14420=CARTESIAN_POINT('',(-0.0783676056498285,-0.0168,-0.0188892094956087));
#14421=CARTESIAN_POINT('',(-0.0783676056498285,-0.0175,-0.0188892094956087));
#14422=CARTESIAN_POINT('',(-0.0775801837956468,-0.0168,-0.0192384557031891));
#14423=CARTESIAN_POINT('',(-0.0775801837956468,-0.0168,-0.0192384557031891));
#14424=CARTESIAN_POINT('',(-0.0775801837956468,-0.0168,-0.0192384557031891));
#14425=CARTESIAN_POINT('',(-0.0780465413834307,-0.0168,-0.0191403617853216));
#14426=CARTESIAN_POINT('',(-0.0783676056498285,-0.0168,-0.0188892094956087));
#14427=CARTESIAN_POINT('',(-0.0767433609074088,-0.0168,-0.0191772983770057));
#14428=CARTESIAN_POINT('',(-0.0767433609074088,-0.0175,-0.0191772983770057));
#14429=CARTESIAN_POINT('',(-0.0769644290195013,-0.0168,-0.0192889155351433));
#14430=CARTESIAN_POINT('',(-0.0769644290195013,-0.0175,-0.0192889155351433));
#14431=CARTESIAN_POINT('',(-0.0772433699822473,-0.0168,-0.0193093013105377));
#14432=CARTESIAN_POINT('',(-0.0772433699822473,-0.0175,-0.0193093013105377));
#14433=CARTESIAN_POINT('',(-0.0775801837956468,-0.0168,-0.0192384557031891));
#14434=CARTESIAN_POINT('',(-0.0775801837956468,-0.0175,-0.0192384557031891));
#14435=CARTESIAN_POINT('',(-0.0767433609074088,-0.0168,-0.0191772983770057));
#14436=CARTESIAN_POINT('',(-0.0770749630755475,-0.0168,-0.0193447241142121));
#14437=CARTESIAN_POINT('',(-0.0775801837956468,-0.0168,-0.0192384557031891));
#14438=CARTESIAN_POINT('',(0.,-0.0168,-6.93889390390723E-18));
#14439=CARTESIAN_POINT('',(-0.0700620057534422,-0.0168,-0.0201947955601456));
#14440=CARTESIAN_POINT('',(-0.0699445476673619,-0.0168,-0.0196363769458114));
#14441=CARTESIAN_POINT('',(-0.0699445476673619,-0.0168,-0.0196363769458114));
#14442=CARTESIAN_POINT('',(-0.0700620057534422,-0.0168,-0.0201947955601456));
#14443=CARTESIAN_POINT('',(-0.0701794638395225,-0.0168,-0.0207532141744798));
#14444=CARTESIAN_POINT('',(-0.0701794638395225,-0.0168,-0.0207532141744798));
#14445=CARTESIAN_POINT('',(-0.0697804942809488,-0.0168,-0.0196708840275749));
#14446=CARTESIAN_POINT('',(-0.0696164408945358,-0.0168,-0.0197053911093383));
#14447=CARTESIAN_POINT('',(-0.0696164408945358,-0.0168,-0.0197053911093383));
#14448=CARTESIAN_POINT('',(-0.0697804942809488,-0.0168,-0.0196708840275749));
#14449=CARTESIAN_POINT('',(-0.0693863606416322,-0.0168,-0.0203369111337772));
#14450=CARTESIAN_POINT('',(-0.0691562803887287,-0.0168,-0.0209684311582162));
#14451=CARTESIAN_POINT('',(-0.0691562803887287,-0.0168,-0.0209684311582162));
#14452=CARTESIAN_POINT('',(-0.0693863606416322,-0.0168,-0.0203369111337772));
#14453=CARTESIAN_POINT('',(-0.0688138388539829,-0.0168,-0.0210404605036448));
#14454=CARTESIAN_POINT('',(-0.0684719765093374,-0.0168,-0.0211123680219012));
#14455=CARTESIAN_POINT('',(-0.0684719765093375,-0.0168,-0.0211123680219012));
#14456=CARTESIAN_POINT('',(-0.0688138388539829,-0.0168,-0.0210404605036448));
#14457=CARTESIAN_POINT('',(0.0662444050956364,-0.0168,0.034469473423773));
#14458=CARTESIAN_POINT('',(-0.0690608503349581,-0.0168,-0.0196639158287295));
#14459=CARTESIAN_POINT('',(-0.0690608503349581,-0.0168,-0.0196639158287295));
#14460=CARTESIAN_POINT('',(0.0662444050956364,-0.0168,0.034469473423773));
#14461=CARTESIAN_POINT('',(-0.0685945006744212,-0.0168,-0.0194346864492076));
#14462=CARTESIAN_POINT('',(-0.0685945006744212,-0.0175,-0.0194346864492076));
#14463=CARTESIAN_POINT('',(-0.0687166315450082,-0.0168,-0.0195482642996234));
#14464=CARTESIAN_POINT('',(-0.0687166315450082,-0.0175,-0.0195482642996234));
#14465=CARTESIAN_POINT('',(-0.0688720814318538,-0.0168,-0.0196246740927974));
#14466=CARTESIAN_POINT('',(-0.0688720814318538,-0.0175,-0.0196246740927974));
#14467=CARTESIAN_POINT('',(-0.0690608503349581,-0.0168,-0.0196639158287295));
#14468=CARTESIAN_POINT('',(-0.0690608503349581,-0.0175,-0.0196639158287295));
#14469=CARTESIAN_POINT('',(-0.0685945006744212,-0.0168,-0.0194346864492076));
#14470=CARTESIAN_POINT('',(-0.0685945006744212,-0.0168,-0.0194346864492076));
#14471=CARTESIAN_POINT('',(-0.0685945006744212,-0.0168,-0.0194346864492076));
#14472=CARTESIAN_POINT('',(-0.0687776969803017,-0.0168,-0.0196050532248313));
#14473=CARTESIAN_POINT('',(-0.0690608503349581,-0.0168,-0.0196639158287295));
#14474=CARTESIAN_POINT('',(-0.0691322350702528,-0.0168,-0.0188578705710991));
#14475=CARTESIAN_POINT('',(-0.0683572991104799,-0.0168,-0.0190075681600908));
#14476=CARTESIAN_POINT('',(-0.0683572991104799,-0.0168,-0.0190075681600908));
#14477=CARTESIAN_POINT('',(-0.0691322350702528,-0.0168,-0.0188578705710991));
#14478=CARTESIAN_POINT('',(-0.0685037361699637,-0.0168,-0.0182915200047011));
#14479=CARTESIAN_POINT('',(-0.0685037361699637,-0.0175,-0.0182915200047011));
#14480=CARTESIAN_POINT('',(-0.0683443784060398,-0.0168,-0.0184753944642517));
#14481=CARTESIAN_POINT('',(-0.0683443784060398,-0.0175,-0.0184753944642517));
#14482=CARTESIAN_POINT('',(-0.0682955660528785,-0.0168,-0.018714077182715));
#14483=CARTESIAN_POINT('',(-0.0682955660528785,-0.0175,-0.018714077182715));
#14484=CARTESIAN_POINT('',(-0.0683572991104799,-0.0168,-0.0190075681600908));
#14485=CARTESIAN_POINT('',(-0.0683572991104799,-0.0175,-0.0190075681600908));
#14486=CARTESIAN_POINT('',(-0.0685037361699637,-0.0168,-0.0182915200047011));
#14487=CARTESIAN_POINT('',(-0.0685037361699637,-0.0168,-0.0182915200047011));
#14488=CARTESIAN_POINT('',(-0.0685037361699637,-0.0168,-0.0182915200047011));
#14489=CARTESIAN_POINT('',(-0.0682646995240778,-0.0168,-0.018567331694027));
#14490=CARTESIAN_POINT('',(-0.0683572991104799,-0.0168,-0.0190075681600908));
#14491=CARTESIAN_POINT('',(-0.0693365505095855,-0.0168,-0.0178908127806042));
#14492=CARTESIAN_POINT('',(-0.0693365505095855,-0.0175,-0.0178908127806042));
#14493=CARTESIAN_POINT('',(-0.0689406987137616,-0.0168,-0.0179740764704516));
#14494=CARTESIAN_POINT('',(-0.0689406987137616,-0.0175,-0.0179740764704516));
#14495=CARTESIAN_POINT('',(-0.0686630939338876,-0.0168,-0.0181076455451505));
#14496=CARTESIAN_POINT('',(-0.0686630939338876,-0.0175,-0.0181076455451505));
#14497=CARTESIAN_POINT('',(-0.0685037361699637,-0.0168,-0.0182915200047011));
#14498=CARTESIAN_POINT('',(-0.0685037361699637,-0.0175,-0.0182915200047011));
#14499=CARTESIAN_POINT('',(-0.0693365505095855,-0.0168,-0.0178908127806042));
#14500=CARTESIAN_POINT('',(-0.0693365505095855,-0.0168,-0.0178908127806042));
#14501=CARTESIAN_POINT('',(-0.0693365505095855,-0.0168,-0.0178908127806042));
#14502=CARTESIAN_POINT('',(-0.0687427728158496,-0.0168,-0.0180157083153752));
#14503=CARTESIAN_POINT('',(-0.0685037361699637,-0.0168,-0.0182915200047011));
#14504=CARTESIAN_POINT('',(-0.0697605409121404,-0.0168,-0.0178016304003573));
#14505=CARTESIAN_POINT('',(-0.0701845313146954,-0.0168,-0.0177124480201104));
#14506=CARTESIAN_POINT('',(-0.0701845313146954,-0.0168,-0.0177124480201104));
#14507=CARTESIAN_POINT('',(-0.0697605409121404,-0.0168,-0.0178016304003573));
#14508=CARTESIAN_POINT('',(-0.0704906727837774,-0.0168,-0.019167904180346));
#14509=CARTESIAN_POINT('',(-0.0707968142528594,-0.0168,-0.0206233603405816));
#14510=CARTESIAN_POINT('',(-0.0707968142528594,-0.0168,-0.0206233603405816));
#14511=CARTESIAN_POINT('',(-0.0704906727837774,-0.0168,-0.019167904180346));
#14512=CARTESIAN_POINT('',(-0.069739561614119,-0.0168,-0.0191552469895457));
#14513=CARTESIAN_POINT('',(-0.069739561614119,-0.0175,-0.0191552469895457));
#14514=CARTESIAN_POINT('',(-0.0698389492967615,-0.0175,-0.0191343417283609));
#14515=CARTESIAN_POINT('',(-0.0696401739314765,-0.0175,-0.0191761522507306));
#14516=CARTESIAN_POINT('',(-0.0698389492967615,-0.0168,-0.0191343417283609));
#14517=CARTESIAN_POINT('',(-0.0698389492967615,-0.0168,-0.0191343417283609));
#14518=CARTESIAN_POINT('',(-0.069739561614119,-0.0168,-0.0191552469895457));
#14519=CARTESIAN_POINT('',(-0.0696401739314765,-0.0168,-0.0191761522507306));
#14520=CARTESIAN_POINT('',(-0.0696401739314765,-0.0168,-0.0191761522507306));
#14521=CARTESIAN_POINT('',(-0.0697562663086137,-0.0168,-0.0187412507014992));
#14522=CARTESIAN_POINT('',(-0.0697562663086137,-0.0175,-0.0187412507014992));
#14523=CARTESIAN_POINT('',(-0.0696735833204659,-0.0175,-0.0183481596746377));
#14524=CARTESIAN_POINT('',(-0.0696735833204659,-0.0168,-0.0183481596746377));
#14525=CARTESIAN_POINT('',(-0.0696735833204659,-0.0168,-0.0183481596746377));
#14526=CARTESIAN_POINT('',(-0.0697562663086137,-0.0168,-0.0187412507014992));
#14527=CARTESIAN_POINT('',(-0.0695799295425913,-0.0168,-0.0183678588630618));
#14528=CARTESIAN_POINT('',(-0.0695799295425913,-0.0175,-0.0183678588630618));
#14529=CARTESIAN_POINT('',(-0.0694862757647166,-0.0175,-0.018387558051486));
#14530=CARTESIAN_POINT('',(-0.0694862757647166,-0.0168,-0.018387558051486));
#14531=CARTESIAN_POINT('',(-0.0694862757647166,-0.0168,-0.018387558051486));
#14532=CARTESIAN_POINT('',(-0.0695799295425913,-0.0168,-0.0183678588630618));
#14533=CARTESIAN_POINT('',(-0.0690641468600092,-0.0168,-0.0185678259647723));
#14534=CARTESIAN_POINT('',(-0.0690641468600092,-0.0175,-0.0185678259647723));
#14535=CARTESIAN_POINT('',(-0.0691467907645292,-0.0168,-0.0184894578782845));
#14536=CARTESIAN_POINT('',(-0.0691467907645292,-0.0175,-0.0184894578782845));
#14537=CARTESIAN_POINT('',(-0.0692875003994317,-0.0168,-0.0184293685738557));
#14538=CARTESIAN_POINT('',(-0.0692875003994317,-0.0175,-0.0184293685738557));
#14539=CARTESIAN_POINT('',(-0.0694862757647166,-0.0168,-0.018387558051486));
#14540=CARTESIAN_POINT('',(-0.0694862757647166,-0.0175,-0.018387558051486));
#14541=CARTESIAN_POINT('',(-0.0690641468600092,-0.0175,-0.0185678259647723));
#14542=CARTESIAN_POINT('',(-0.0691881127167892,-0.0175,-0.0184502738350406));
#14543=CARTESIAN_POINT('',(-0.0694862757647166,-0.0175,-0.018387558051486));
#14544=CARTESIAN_POINT('',(-0.0690641468600092,-0.0175,-0.0185678259647723));
#14545=CARTESIAN_POINT('',(-0.0690641468600092,-0.0168,-0.0185678259647723));
#14546=CARTESIAN_POINT('',(-0.0690641468600092,-0.0168,-0.0185678259647723));
#14547=CARTESIAN_POINT('',(-0.0690641468600092,-0.0168,-0.0185678259647723));
#14548=CARTESIAN_POINT('',(-0.0691881127167892,-0.0168,-0.0184502738350406));
#14549=CARTESIAN_POINT('',(-0.0694862757647166,-0.0168,-0.018387558051486));
#14550=CARTESIAN_POINT('',(-0.0689837336306977,-0.0168,-0.018892435766676));
#14551=CARTESIAN_POINT('',(-0.0689837336306977,-0.0175,-0.018892435766676));
#14552=CARTESIAN_POINT('',(-0.0689546985457187,-0.0168,-0.0187543973185614));
#14553=CARTESIAN_POINT('',(-0.0689546985457187,-0.0175,-0.0187543973185614));
#14554=CARTESIAN_POINT('',(-0.0689815029554892,-0.0168,-0.0186461940512602));
#14555=CARTESIAN_POINT('',(-0.0689815029554892,-0.0175,-0.0186461940512602));
#14556=CARTESIAN_POINT('',(-0.0690641468600092,-0.0168,-0.0185678259647723));
#14557=CARTESIAN_POINT('',(-0.0690641468600092,-0.0175,-0.0185678259647723));
#14558=CARTESIAN_POINT('',(-0.0689837336306977,-0.0175,-0.018892435766676));
#14559=CARTESIAN_POINT('',(-0.0689401810032292,-0.0175,-0.0186853780945041));
#14560=CARTESIAN_POINT('',(-0.0690641468600092,-0.0175,-0.0185678259647723));
#14561=CARTESIAN_POINT('',(-0.0689837336306977,-0.0175,-0.018892435766676));
#14562=CARTESIAN_POINT('',(-0.0689837336306977,-0.0168,-0.018892435766676));
#14563=CARTESIAN_POINT('',(-0.0689837336306977,-0.0168,-0.018892435766676));
#14564=CARTESIAN_POINT('',(-0.0689837336306977,-0.0168,-0.018892435766676));
#14565=CARTESIAN_POINT('',(-0.0689401810032292,-0.0168,-0.0186853780945041));
#14566=CARTESIAN_POINT('',(-0.0690641468600092,-0.0168,-0.0185678259647723));
#14567=CARTESIAN_POINT('',(-0.0691873979851034,-0.0168,-0.0191696003550231));
#14568=CARTESIAN_POINT('',(-0.0691873979851034,-0.0175,-0.0191696003550231));
#14569=CARTESIAN_POINT('',(-0.0690809248499809,-0.0168,-0.0191241366119658));
#14570=CARTESIAN_POINT('',(-0.0690809248499809,-0.0175,-0.0191241366119658));
#14571=CARTESIAN_POINT('',(-0.0690130367318457,-0.0168,-0.01903174841585));
#14572=CARTESIAN_POINT('',(-0.0690130367318457,-0.0175,-0.01903174841585));
#14573=CARTESIAN_POINT('',(-0.0689837336306977,-0.0168,-0.018892435766676));
#14574=CARTESIAN_POINT('',(-0.0689837336306977,-0.0175,-0.018892435766676));
#14575=CARTESIAN_POINT('',(-0.0691873979851034,-0.0175,-0.0191696003550231));
#14576=CARTESIAN_POINT('',(-0.0690276882824197,-0.0175,-0.0191014047404371));
#14577=CARTESIAN_POINT('',(-0.0689837336306977,-0.0175,-0.018892435766676));
#14578=CARTESIAN_POINT('',(-0.0691873979851034,-0.0175,-0.0191696003550231));
#14579=CARTESIAN_POINT('',(-0.0691873979851034,-0.0168,-0.0191696003550231));
#14580=CARTESIAN_POINT('',(-0.0691873979851034,-0.0168,-0.0191696003550231));
#14581=CARTESIAN_POINT('',(-0.0691873979851034,-0.0168,-0.0191696003550231));
#14582=CARTESIAN_POINT('',(-0.0690276882824197,-0.0168,-0.0191014047404371));
#14583=CARTESIAN_POINT('',(-0.0689837336306977,-0.0168,-0.018892435766676));
#14584=CARTESIAN_POINT('',(-0.0696401739314765,-0.0168,-0.0191761522507306));
#14585=CARTESIAN_POINT('',(-0.0696401739314765,-0.0175,-0.0191761522507306));
#14586=CARTESIAN_POINT('',(-0.0694447964356836,-0.0168,-0.0192172480633162));
#14587=CARTESIAN_POINT('',(-0.0694447964356836,-0.0175,-0.0192172480633162));
#14588=CARTESIAN_POINT('',(-0.0692938711202259,-0.0168,-0.0192150640980804));
#14589=CARTESIAN_POINT('',(-0.0692938711202259,-0.0175,-0.0192150640980804));
#14590=CARTESIAN_POINT('',(-0.0691873979851034,-0.0168,-0.0191696003550231));
#14591=CARTESIAN_POINT('',(-0.0691873979851034,-0.0175,-0.0191696003550231));
#14592=CARTESIAN_POINT('',(-0.0696401739314765,-0.0175,-0.0191761522507306));
#14593=CARTESIAN_POINT('',(-0.0693471076877872,-0.0175,-0.019237795969609));
#14594=CARTESIAN_POINT('',(-0.0691873979851034,-0.0175,-0.0191696003550231));
#14595=CARTESIAN_POINT('',(-0.0696401739314765,-0.0168,-0.0191761522507306));
#14596=CARTESIAN_POINT('',(-0.0693471076877872,-0.0168,-0.019237795969609));
#14597=CARTESIAN_POINT('',(-0.0691873979851034,-0.0168,-0.0191696003550231));
#14598=CARTESIAN_POINT('',(-0.0704881390461909,-0.0168,-0.0206882872575307));
#14599=CARTESIAN_POINT('',(-0.0704881390461909,-0.0168,-0.0206882872575307));
#14600=CARTESIAN_POINT('',(0.,-0.0168,-6.93889390390723E-18));
#14601=CARTESIAN_POINT('',(0.,-0.0175,-1.38777878078145E-17));
#14602=CARTESIAN_POINT('',(-0.0719981821236392,-0.0167999999931635,-0.0184155579837185));
#14603=CARTESIAN_POINT('',(-0.0730785318923472,-0.0175,-0.00679265602697609));
#14604=CARTESIAN_POINT('',(-0.071932667233661,-0.0175,-0.0191203974394023));
#14605=CARTESIAN_POINT('',(-0.0720378211516752,-0.0175,-0.0179859635586135));
#14606=CARTESIAN_POINT('',(-0.071932667233661,-0.0168,-0.0191203974394023));
#14607=CARTESIAN_POINT('',(-0.071932667233661,-0.0168,-0.0191203974394023));
#14608=CARTESIAN_POINT('',(-0.0719981821236392,-0.0168,-0.0184155579837185));
#14609=CARTESIAN_POINT('',(-0.072037821164813,-0.0168000000000004,-0.0179859634128703));
#14610=CARTESIAN_POINT('',(-0.0720376717047811,-0.0168,-0.0179859494281658));
#14611=CARTESIAN_POINT('',(-0.0723114270634169,-0.0168,-0.0190407288833312));
#14612=CARTESIAN_POINT('',(-0.0723114270634169,-0.0175,-0.0190407288833312));
#14613=CARTESIAN_POINT('',(-0.0726905018786238,-0.0175,-0.0189609940730429));
#14614=CARTESIAN_POINT('',(-0.0726905018786238,-0.0168,-0.0189609940730429));
#14615=CARTESIAN_POINT('',(-0.0726905018786238,-0.0168,-0.0189609940730429));
#14616=CARTESIAN_POINT('',(-0.0723114270634169,-0.0168,-0.0190407288833312));
#14617=CARTESIAN_POINT('',(-0.0720495445748885,-0.0168,-0.0177798739950444));
#14618=CARTESIAN_POINT('',(-0.0720495445748885,-0.0175,-0.0177798739950444));
#14619=CARTESIAN_POINT('',(-0.0721290276338035,-0.0168,-0.0179405655811766));
#14620=CARTESIAN_POINT('',(-0.0721290276338035,-0.0175,-0.0179405655811766));
#14621=CARTESIAN_POINT('',(-0.0723426800683819,-0.0168,-0.0183342722738428));
#14622=CARTESIAN_POINT('',(-0.0723426800683819,-0.0175,-0.0183342722738428));
#14623=CARTESIAN_POINT('',(-0.0726905018786238,-0.0168,-0.0189609940730429));
#14624=CARTESIAN_POINT('',(-0.0726905018786238,-0.0175,-0.0189609940730429));
#14625=CARTESIAN_POINT('',(-0.0720495445748885,-0.0175,-0.0177798739950444));
#14626=CARTESIAN_POINT('',(-0.072168769163261,-0.0175,-0.0180209113742427));
#14627=CARTESIAN_POINT('',(-0.0726905018786238,-0.0175,-0.0189609940730429));
#14628=CARTESIAN_POINT('',(-0.0720495445748885,-0.0175,-0.0177798739950444));
#14629=CARTESIAN_POINT('',(-0.0720495445748885,-0.0168,-0.0177798739950444));
#14630=CARTESIAN_POINT('',(-0.0720495445748885,-0.0168,-0.0177798739950444));
#14631=CARTESIAN_POINT('',(-0.0720495445748885,-0.0168,-0.0177798739950444));
#14632=CARTESIAN_POINT('',(-0.072168769163261,-0.0168,-0.0180209113742427));
#14633=CARTESIAN_POINT('',(-0.0726905018786238,-0.0168,-0.0189609940730429));
#14634=CARTESIAN_POINT('',(-0.0718608197502373,-0.0168,-0.0200376402255695));
#14635=CARTESIAN_POINT('',(-0.0718282800105401,-0.0168,-0.0204064012517465));
#14636=CARTESIAN_POINT('',(-0.0718282800105401,-0.0168,-0.0204064012517465));
#14637=CARTESIAN_POINT('',(-0.0718608197502373,-0.0168,-0.0200376402255695));
#14638=CARTESIAN_POINT('',(-0.0718933594899346,-0.0168,-0.0196688791993926));
#14639=CARTESIAN_POINT('',(-0.0718933594899346,-0.0168,-0.0196688791993926));
#14640=CARTESIAN_POINT('',(-0.0714957135340056,-0.0168,-0.020476353471865));
#14641=CARTESIAN_POINT('',(-0.0711631470574711,-0.0168,-0.0205463056919836));
#14642=CARTESIAN_POINT('',(-0.0711631470574711,-0.0168,-0.0205463056919836));
#14643=CARTESIAN_POINT('',(-0.0714957135340056,-0.0168,-0.020476353471865));
#14644=CARTESIAN_POINT('',(-0.0713714653904265,-0.0168,-0.0189763175322977));
#14645=CARTESIAN_POINT('',(-0.0715797837233819,-0.0168,-0.0174063293726119));
#14646=CARTESIAN_POINT('',(-0.0715797837233819,-0.0168,-0.0174063293726119));
#14647=CARTESIAN_POINT('',(-0.0713714653904265,-0.0168,-0.0189763175322977));
#14648=CARTESIAN_POINT('',(-0.0719569472369996,-0.0168,-0.017326996586577));
#14649=CARTESIAN_POINT('',(-0.0723341107506172,-0.0168,-0.0172476638005422));
#14650=CARTESIAN_POINT('',(-0.0723341107506172,-0.0168,-0.0172476638005422));
#14651=CARTESIAN_POINT('',(-0.0719569472369996,-0.0168,-0.017326996586577));
#14652=CARTESIAN_POINT('',(-0.0731553468737532,-0.0168,-0.0186010948956465));
#14653=CARTESIAN_POINT('',(-0.0739765829968892,-0.0168,-0.0199545259907509));
#14654=CARTESIAN_POINT('',(-0.0739765829968892,-0.0168,-0.0199545259907509));
#14655=CARTESIAN_POINT('',(-0.0731553468737532,-0.0168,-0.0186010948956465));
#14656=CARTESIAN_POINT('',(-0.0736440165203547,-0.0168,-0.0200244782108694));
#14657=CARTESIAN_POINT('',(-0.0733114500438202,-0.0168,-0.020094430430988));
#14658=CARTESIAN_POINT('',(-0.0733114500438202,-0.0168,-0.020094430430988));
#14659=CARTESIAN_POINT('',(-0.0736440165203547,-0.0168,-0.0200244782108694));
#14660=CARTESIAN_POINT('',(-0.0731331095081671,-0.0168,-0.0197700260807866));
#14661=CARTESIAN_POINT('',(-0.0729547689725139,-0.0168,-0.0194456217305852));
#14662=CARTESIAN_POINT('',(-0.0729547689725139,-0.0168,-0.0194456217305852));
#14663=CARTESIAN_POINT('',(-0.0731331095081671,-0.0168,-0.0197700260807866));
#14664=CARTESIAN_POINT('',(-0.0724240642312243,-0.0168,-0.0195572504649889));
#14665=CARTESIAN_POINT('',(-0.0724240642312243,-0.0168,-0.0195572504649889));
#14666=CARTESIAN_POINT('',(-0.0688533730077429,-0.0168,-0.0176942117164706));
#14667=CARTESIAN_POINT('',(-0.0688533730077429,-0.0175,-0.0176942117164706));
#14668=CARTESIAN_POINT('',(-0.0688533730077429,-0.0168,-0.0176942117164706));
#14669=CARTESIAN_POINT('',(0.,-0.0168,-6.93889390390723E-18));
#14670=CARTESIAN_POINT('',(-0.0751568117282687,-0.0168,-0.0197062760141807));
#14671=CARTESIAN_POINT('',(-0.0748481365216002,-0.0168,-0.0197712029311298));
#14672=CARTESIAN_POINT('',(-0.0748481365216002,-0.0168,-0.0197712029311298));
#14673=CARTESIAN_POINT('',(-0.0751568117282687,-0.0168,-0.0197062760141807));
#14674=CARTESIAN_POINT('',(-0.0754654869349372,-0.0168,-0.0196413490972316));
#14675=CARTESIAN_POINT('',(-0.0754654869349372,-0.0168,-0.0196413490972316));
#14676=CARTESIAN_POINT('',(-0.074596000310579,-0.0168,-0.0185724982843874));
#14677=CARTESIAN_POINT('',(-0.0743438640995579,-0.0168,-0.0173737936376448));
#14678=CARTESIAN_POINT('',(-0.0743438640995579,-0.0168,-0.0173737936376448));
#14679=CARTESIAN_POINT('',(-0.074596000310579,-0.0168,-0.0185724982843874));
#14680=CARTESIAN_POINT('',(-0.073948861771107,-0.0168,-0.0174568786500462));
#14681=CARTESIAN_POINT('',(-0.0735538594426561,-0.0168,-0.0175399636624474));
#14682=CARTESIAN_POINT('',(-0.0735538594426561,-0.0168,-0.0175399636624474));
#14683=CARTESIAN_POINT('',(-0.073948861771107,-0.0168,-0.0174568786500462));
#14684=CARTESIAN_POINT('',(-0.0734998541845952,-0.0168,-0.0172832121489544));
#14685=CARTESIAN_POINT('',(-0.0734458489265343,-0.0168,-0.0170264606354613));
#14686=CARTESIAN_POINT('',(-0.0734458489265343,-0.0168,-0.0170264606354613));
#14687=CARTESIAN_POINT('',(-0.0734998541845952,-0.0168,-0.0172832121489544));
#14688=CARTESIAN_POINT('',(-0.0745448473403695,-0.0168,-0.0167952966896672));
#14689=CARTESIAN_POINT('',(-0.0756438457542047,-0.0168,-0.0165641327438732));
#14690=CARTESIAN_POINT('',(-0.0756438457542047,-0.0168,-0.0165641327438732));
#14691=CARTESIAN_POINT('',(-0.0745448473403695,-0.0168,-0.0167952966896672));
#14692=CARTESIAN_POINT('',(-0.0756978510122655,-0.0168,-0.0168208842573663));
#14693=CARTESIAN_POINT('',(-0.0757518562703264,-0.0168,-0.0170776357708594));
#14694=CARTESIAN_POINT('',(-0.0757518562703264,-0.0168,-0.0170776357708594));
#14695=CARTESIAN_POINT('',(-0.0756978510122655,-0.0168,-0.0168208842573663));
#14696=CARTESIAN_POINT('',(-0.0753565353916106,-0.0168,-0.017160787787303));
#14697=CARTESIAN_POINT('',(-0.0749612145128949,-0.0168,-0.0172439398037466));
#14698=CARTESIAN_POINT('',(-0.0749612145128949,-0.0168,-0.0172439398037466));
#14699=CARTESIAN_POINT('',(-0.0753565353916106,-0.0168,-0.017160787787303));
#14700=CARTESIAN_POINT('',(-0.075213350723916,-0.0168,-0.0184426444504891));
#14701=CARTESIAN_POINT('',(-0.075213350723916,-0.0168,-0.0184426444504891));
#14702=CARTESIAN_POINT('',(0.,-0.0168,-6.93889390390723E-18));
#14703=CARTESIAN_POINT('',(-0.0672905314873279,-0.0168,-0.021360873833728));
#14704=CARTESIAN_POINT('',(-0.0669818562806595,-0.0168,-0.0214258007506771));
#14705=CARTESIAN_POINT('',(-0.0669818562806595,-0.0168,-0.0214258007506771));
#14706=CARTESIAN_POINT('',(-0.0672905314873279,-0.0168,-0.021360873833728));
#14707=CARTESIAN_POINT('',(-0.0675992066939964,-0.0168,-0.0212959469167788));
#14708=CARTESIAN_POINT('',(-0.0675992066939964,-0.0168,-0.0212959469167788));
#14709=CARTESIAN_POINT('',(-0.0667297200696383,-0.0168,-0.0202270961039346));
#14710=CARTESIAN_POINT('',(-0.0664775838586172,-0.0168,-0.019028391457192));
#14711=CARTESIAN_POINT('',(-0.0664775838586172,-0.0168,-0.019028391457192));
#14712=CARTESIAN_POINT('',(-0.0667297200696383,-0.0168,-0.0202270961039346));
#14713=CARTESIAN_POINT('',(-0.0660825815301663,-0.0168,-0.0191114764695933));
#14714=CARTESIAN_POINT('',(-0.0656875792017154,-0.0168,-0.0191945614819947));
#14715=CARTESIAN_POINT('',(-0.0656875792017154,-0.0168,-0.0191945614819947));
#14716=CARTESIAN_POINT('',(-0.0660825815301663,-0.0168,-0.0191114764695933));
#14717=CARTESIAN_POINT('',(-0.0656335739436545,-0.0168,-0.0189378099685016));
#14718=CARTESIAN_POINT('',(-0.0655795686855936,-0.0168,-0.0186810584550085));
#14719=CARTESIAN_POINT('',(-0.0655795686855936,-0.0168,-0.0186810584550085));
#14720=CARTESIAN_POINT('',(-0.0656335739436545,-0.0168,-0.0189378099685016));
#14721=CARTESIAN_POINT('',(-0.0666785670994288,-0.0168,-0.0184498945092145));
#14722=CARTESIAN_POINT('',(-0.0677775655132639,-0.0168,-0.0182187305634205));
#14723=CARTESIAN_POINT('',(-0.0677775655132639,-0.0168,-0.0182187305634205));
#14724=CARTESIAN_POINT('',(-0.0666785670994288,-0.0168,-0.0184498945092145));
#14725=CARTESIAN_POINT('',(-0.0678315707713248,-0.0168,-0.0184754820769135));
#14726=CARTESIAN_POINT('',(-0.0678855760293857,-0.0168,-0.0187322335904066));
#14727=CARTESIAN_POINT('',(-0.0678855760293857,-0.0168,-0.0187322335904066));
#14728=CARTESIAN_POINT('',(-0.0678315707713248,-0.0168,-0.0184754820769135));
#14729=CARTESIAN_POINT('',(-0.0674902551506699,-0.0168,-0.0188153856068502));
#14730=CARTESIAN_POINT('',(-0.0670949342719541,-0.0168,-0.0188985376232938));
#14731=CARTESIAN_POINT('',(-0.0670949342719541,-0.0168,-0.0188985376232938));
#14732=CARTESIAN_POINT('',(-0.0674902551506699,-0.0168,-0.0188153856068502));
#14733=CARTESIAN_POINT('',(-0.0673470704829753,-0.0168,-0.0200972422700363));
#14734=CARTESIAN_POINT('',(-0.0673470704829753,-0.0168,-0.0200972422700363));
#14735=CARTESIAN_POINT('',(0.,-0.0168,-6.93889390390723E-18));
#14736=CARTESIAN_POINT('',(-0.0760322728276272,-0.0168,-0.031992045094308));
#14737=CARTESIAN_POINT('',(-0.0751941670807286,-0.0168,-0.0321683327294919));
#14738=CARTESIAN_POINT('',(-0.0751941670807286,-0.0168,-0.0321683327294919));
#14739=CARTESIAN_POINT('',(-0.0760322728276272,-0.0168,-0.031992045094308));
#14740=CARTESIAN_POINT('',(-0.0768703785745258,-0.0168,-0.0318157574591243));
#14741=CARTESIAN_POINT('',(-0.0768703785745258,-0.0168,-0.0318157574591243));
#14742=CARTESIAN_POINT('',(-0.0751405638469213,-0.0168,-0.0319134925175881));
#14743=CARTESIAN_POINT('',(-0.0750869606131139,-0.0168,-0.0316586523056843));
#14744=CARTESIAN_POINT('',(-0.0750869606131139,-0.0168,-0.0316586523056843));
#14745=CARTESIAN_POINT('',(-0.0751405638469213,-0.0168,-0.0319134925175881));
#14746=CARTESIAN_POINT('',(-0.0756163911533441,-0.0168,-0.0315472915874496));
#14747=CARTESIAN_POINT('',(-0.0761458216935742,-0.0168,-0.0314359308692149));
#14748=CARTESIAN_POINT('',(-0.0761458216935742,-0.0168,-0.0314359308692149));
#14749=CARTESIAN_POINT('',(-0.0756163911533441,-0.0168,-0.0315472915874496));
#14750=CARTESIAN_POINT('',(-0.076066890931793,-0.0168,-0.0310606786571865));
#14751=CARTESIAN_POINT('',(-0.0759879601700117,-0.0168,-0.0306854264451582));
#14752=CARTESIAN_POINT('',(-0.0759879601700117,-0.0168,-0.0306854264451582));
#14753=CARTESIAN_POINT('',(-0.076066890931793,-0.0168,-0.0310606786571865));
#14754=CARTESIAN_POINT('',(-0.0754951629102427,-0.0168,-0.0307890816985331));
#14755=CARTESIAN_POINT('',(-0.0750023656504738,-0.0168,-0.0308927369519079));
#14756=CARTESIAN_POINT('',(-0.0750023656504738,-0.0168,-0.0308927369519079));
#14757=CARTESIAN_POINT('',(-0.0754951629102427,-0.0168,-0.0307890816985331));
#14758=CARTESIAN_POINT('',(-0.07494916444092,-0.0168,-0.0306398080415935));
#14759=CARTESIAN_POINT('',(-0.0748959632313662,-0.0168,-0.0303868791312789));
#14760=CARTESIAN_POINT('',(-0.0748959632313662,-0.0168,-0.0303868791312789));
#14761=CARTESIAN_POINT('',(-0.07494916444092,-0.0168,-0.0306398080415935));
#14762=CARTESIAN_POINT('',(-0.0753887604911352,-0.0168,-0.030283223877904));
#14763=CARTESIAN_POINT('',(-0.0758815577509042,-0.0168,-0.0301795686245291));
#14764=CARTESIAN_POINT('',(-0.0758815577509042,-0.0168,-0.0301795686245291));
#14765=CARTESIAN_POINT('',(-0.0753887604911352,-0.0168,-0.030283223877904));
#14766=CARTESIAN_POINT('',(-0.0758143526965183,-0.0168,-0.0298600627088547));
#14767=CARTESIAN_POINT('',(-0.0757471476421324,-0.0168,-0.0295405567931804));
#14768=CARTESIAN_POINT('',(-0.0757471476421324,-0.0168,-0.0295405567931804));
#14769=CARTESIAN_POINT('',(-0.0758143526965183,-0.0168,-0.0298600627088547));
#14770=CARTESIAN_POINT('',(-0.0752177171019022,-0.0168,-0.029651917511415));
#14771=CARTESIAN_POINT('',(-0.0746882865616721,-0.0168,-0.0297632782296497));
#14772=CARTESIAN_POINT('',(-0.0746882865616721,-0.0168,-0.0297632782296497));
#14773=CARTESIAN_POINT('',(-0.0752177171019022,-0.0168,-0.029651917511415));
#14774=CARTESIAN_POINT('',(-0.0746350853521183,-0.0168,-0.0295103493193352));
#14775=CARTESIAN_POINT('',(-0.0745818841425645,-0.0168,-0.0292574204090206));
#14776=CARTESIAN_POINT('',(-0.0745818841425645,-0.0168,-0.0292574204090206));
#14777=CARTESIAN_POINT('',(-0.0746350853521183,-0.0168,-0.0295103493193352));
#14778=CARTESIAN_POINT('',(-0.0754199898894632,-0.0168,-0.0290811327738369));
#14779=CARTESIAN_POINT('',(-0.0762580956363618,-0.0168,-0.028904845138653));
#14780=CARTESIAN_POINT('',(-0.0762580956363618,-0.0168,-0.028904845138653));
#14781=CARTESIAN_POINT('',(-0.0754199898894632,-0.0168,-0.0290811327738369));
#14782=CARTESIAN_POINT('',(-0.0765642371054438,-0.0168,-0.0303603012988886));
#14783=CARTESIAN_POINT('',(-0.0765642371054438,-0.0168,-0.0303603012988886));
#14784=CARTESIAN_POINT('',(0.,-0.0168,-6.93889390390723E-18));
#14785=CARTESIAN_POINT('',(-0.077227841553913,-0.0168,-0.0308963181928783));
#14786=CARTESIAN_POINT('',(-0.077227841553913,-0.0175,-0.0308963181928783));
#14787=CARTESIAN_POINT('',(-0.0772831422234575,-0.0168,-0.0311592283448257));
#14788=CARTESIAN_POINT('',(-0.0772831422234575,-0.0175,-0.0311592283448257));
#14789=CARTESIAN_POINT('',(-0.077421326614276,-0.0168,-0.0313464919998683));
#14790=CARTESIAN_POINT('',(-0.077421326614276,-0.0175,-0.0313464919998683));
#14791=CARTESIAN_POINT('',(-0.0776423947263685,-0.0168,-0.0314581091580058));
#14792=CARTESIAN_POINT('',(-0.0776423947263685,-0.0175,-0.0314581091580058));
#14793=CARTESIAN_POINT('',(-0.077227841553913,-0.0168,-0.0308963181928783));
#14794=CARTESIAN_POINT('',(-0.077227841553913,-0.0168,-0.0308963181928783));
#14795=CARTESIAN_POINT('',(-0.077227841553913,-0.0168,-0.0308963181928783));
#14796=CARTESIAN_POINT('',(-0.0773107925582298,-0.0168,-0.0312906834207995));
#14797=CARTESIAN_POINT('',(-0.0776423947263685,-0.0168,-0.0314581091580058));
#14798=CARTESIAN_POINT('',(-0.0776423947263685,-0.0168,-0.0314581091580058));
#14799=CARTESIAN_POINT('',(-0.0776423947263685,-0.0168,-0.0314581091580058));
#14800=CARTESIAN_POINT('',(-0.0772780438299619,-0.0168,-0.0303837989231017));
#14801=CARTESIAN_POINT('',(-0.0772780438299619,-0.0175,-0.0303837989231017));
#14802=CARTESIAN_POINT('',(-0.0772046412367429,-0.0168,-0.0305356224784178));
#14803=CARTESIAN_POINT('',(-0.0772046412367429,-0.0175,-0.0305356224784178));
#14804=CARTESIAN_POINT('',(-0.0771879071447266,-0.0168,-0.03070646223501));
#14805=CARTESIAN_POINT('',(-0.0771879071447266,-0.0175,-0.03070646223501));
#14806=CARTESIAN_POINT('',(-0.077227841553913,-0.0168,-0.0308963181928783));
#14807=CARTESIAN_POINT('',(-0.077227841553913,-0.0175,-0.0308963181928783));
#14808=CARTESIAN_POINT('',(-0.0772780438299619,-0.0168,-0.0303837989231017));
#14809=CARTESIAN_POINT('',(-0.0772780438299619,-0.0168,-0.0303837989231017));
#14810=CARTESIAN_POINT('',(-0.0772780438299619,-0.0168,-0.0303837989231017));
#14811=CARTESIAN_POINT('',(-0.0771679399401334,-0.0168,-0.0306115342560758));
#14812=CARTESIAN_POINT('',(-0.077227841553913,-0.0168,-0.0308963181928783));
#14813=CARTESIAN_POINT('',(-0.0777553886774191,-0.0168,-0.0298745745453152));
#14814=CARTESIAN_POINT('',(-0.0777553886774191,-0.0175,-0.0298745745453152));
#14815=CARTESIAN_POINT('',(-0.0775105613723333,-0.0168,-0.0300622339085234));
#14816=CARTESIAN_POINT('',(-0.0775105613723333,-0.0175,-0.0300622339085234));
#14817=CARTESIAN_POINT('',(-0.0773514464231809,-0.0168,-0.0302319753677856));
#14818=CARTESIAN_POINT('',(-0.0773514464231809,-0.0175,-0.0302319753677856));
#14819=CARTESIAN_POINT('',(-0.0772780438299619,-0.0168,-0.0303837989231017));
#14820=CARTESIAN_POINT('',(-0.0772780438299619,-0.0175,-0.0303837989231017));
#14821=CARTESIAN_POINT('',(-0.0777553886774191,-0.0168,-0.0298745745453152));
#14822=CARTESIAN_POINT('',(-0.0777553886774191,-0.0168,-0.0298745745453152));
#14823=CARTESIAN_POINT('',(-0.0777553886774191,-0.0168,-0.0298745745453152));
#14824=CARTESIAN_POINT('',(-0.0773881477197904,-0.0168,-0.0301560635901276));
#14825=CARTESIAN_POINT('',(-0.0772780438299619,-0.0168,-0.0303837989231017));
#14826=CARTESIAN_POINT('',(-0.0781033672653807,-0.0168,-0.0295884884159401));
#14827=CARTESIAN_POINT('',(-0.0781033672653807,-0.0175,-0.0295884884159401));
#14828=CARTESIAN_POINT('',(-0.0780563153993262,-0.0168,-0.0296378590786693));
#14829=CARTESIAN_POINT('',(-0.0780563153993262,-0.0175,-0.0296378590786693));
#14830=CARTESIAN_POINT('',(-0.0779403225366724,-0.0168,-0.0297332211217943));
#14831=CARTESIAN_POINT('',(-0.0779403225366724,-0.0175,-0.0297332211217943));
#14832=CARTESIAN_POINT('',(-0.0777553886774191,-0.0168,-0.0298745745453152));
#14833=CARTESIAN_POINT('',(-0.0777553886774191,-0.0175,-0.0298745745453152));
#14834=CARTESIAN_POINT('',(-0.0781033672653807,-0.0168,-0.0295884884159401));
#14835=CARTESIAN_POINT('',(-0.0781033672653807,-0.0168,-0.0295884884159401));
#14836=CARTESIAN_POINT('',(-0.0781033672653807,-0.0168,-0.0295884884159401));
#14837=CARTESIAN_POINT('',(-0.078032789466299,-0.0168,-0.0296625444100338));
#14838=CARTESIAN_POINT('',(-0.0777553886774191,-0.0168,-0.0298745745453152));
#14839=CARTESIAN_POINT('',(-0.0778022291091528,-0.0168,-0.0292802890863273));
#14840=CARTESIAN_POINT('',(-0.0781990547739117,-0.0168,-0.0294456158402256));
#14841=CARTESIAN_POINT('',(-0.078199294420663,-0.0168,-0.0294457215099552));
#14842=CARTESIAN_POINT('',(-0.0778022291091528,-0.0168,-0.0292802890863273));
#14843=CARTESIAN_POINT('',(-0.0779444042031402,-0.0168,-0.0293576379194196));
#14844=CARTESIAN_POINT('',(-0.0782070114485425,-0.0168,-0.0292952503907954));
#14845=CARTESIAN_POINT('',(-0.0782067649771007,-0.0168,-0.0292953014498496));
#14846=CARTESIAN_POINT('',(-0.0779444042031402,-0.0168,-0.0293576379194196));
#14847=CARTESIAN_POINT('',(-0.0779366994923762,-0.0168,-0.0293420331740789));
#14848=CARTESIAN_POINT('',(-0.0780685989704388,-0.0168,-0.02910215800228));
#14849=CARTESIAN_POINT('',(-0.0780685989704388,-0.0168,-0.02910215800228));
#14850=CARTESIAN_POINT('',(-0.0779366994923762,-0.0168,-0.0293420331740789));
#14851=CARTESIAN_POINT('',(-0.0777825895120619,-0.0168,-0.0290771605461375));
#14852=CARTESIAN_POINT('',(-0.0777825895120619,-0.0175,-0.0290771605461375));
#14853=CARTESIAN_POINT('',(-0.0778993912758512,-0.0168,-0.0290525923973091));
#14854=CARTESIAN_POINT('',(-0.0778993912758512,-0.0175,-0.0290525923973091));
#14855=CARTESIAN_POINT('',(-0.0779947277619768,-0.0168,-0.02906092488269));
#14856=CARTESIAN_POINT('',(-0.0779947277619768,-0.0175,-0.02906092488269));
#14857=CARTESIAN_POINT('',(-0.0780685989704388,-0.0168,-0.02910215800228));
#14858=CARTESIAN_POINT('',(-0.0780685989704388,-0.0175,-0.02910215800228));
#14859=CARTESIAN_POINT('',(-0.0777825895120619,-0.0168,-0.0290771605461375));
#14860=CARTESIAN_POINT('',(-0.0777825895120619,-0.0168,-0.0290771605461375));
#14861=CARTESIAN_POINT('',(-0.0777825895120619,-0.0168,-0.0290771605461375));
#14862=CARTESIAN_POINT('',(-0.0779577921577458,-0.0168,-0.029040308322895));
#14863=CARTESIAN_POINT('',(-0.0780685989704388,-0.0168,-0.02910215800228));
#14864=CARTESIAN_POINT('',(-0.0780479774113071,-0.0168000000000001,-0.0303126858357571));
#14865=CARTESIAN_POINT('',(-0.0774911257441038,-0.0168,-0.0291780518273817));
#14866=CARTESIAN_POINT('',(-0.077491008257051,-0.0168,-0.0291778270123007));
#14867=CARTESIAN_POINT('',(-0.0780479774113071,-0.0168,-0.0303126858357571));
#14868=CARTESIAN_POINT('',(-0.0788957252654272,-0.0168000000000004,-0.0319064523249063));
#14869=CARTESIAN_POINT('',(-0.0771340442556527,-0.0168,-0.0293930229718834));
#14870=CARTESIAN_POINT('',(-0.0771340442629855,-0.0168,-0.029393022973217));
#14871=CARTESIAN_POINT('',(-0.0788957252654272,-0.0168,-0.0319064523249063));
#14872=CARTESIAN_POINT('',(-0.0769838458868,-0.0168,-0.0291733176409654));
#14873=CARTESIAN_POINT('',(-0.0768340566497787,-0.0168,-0.0289542107936323));
#14874=CARTESIAN_POINT('',(-0.0768340566497787,-0.0168,-0.0289542107936323));
#14875=CARTESIAN_POINT('',(-0.0769838458868,-0.0168,-0.0291733176409654));
#14876=CARTESIAN_POINT('',(-0.0785991966894629,-0.0168000000000003,-0.0314144673574517));
#14877=CARTESIAN_POINT('',(-0.0772331757486456,-0.0168,-0.0287123867077013));
#14878=CARTESIAN_POINT('',(-0.0772331263532327,-0.0168,-0.0287122887305799));
#14879=CARTESIAN_POINT('',(-0.0785991966894629,-0.0168,-0.0314144673574517));
#14880=CARTESIAN_POINT('',(-0.0780071075626381,-0.0168000000000001,-0.03028613194039));
#14881=CARTESIAN_POINT('',(-0.0776548288795176,-0.0168,-0.0285678117697713));
#14882=CARTESIAN_POINT('',(-0.0776548288795176,-0.0168,-0.0285678117697713));
#14883=CARTESIAN_POINT('',(-0.0780071075626381,-0.0168,-0.03028613194039));
#14884=CARTESIAN_POINT('',(-0.07842500888261,-0.0168,-0.0286363339193203));
#14885=CARTESIAN_POINT('',(-0.07842500888261,-0.0175,-0.0286363339193203));
#14886=CARTESIAN_POINT('',(-0.0782194874699322,-0.0168,-0.0285258819121038));
#14887=CARTESIAN_POINT('',(-0.0782194874699322,-0.0175,-0.0285258819121038));
#14888=CARTESIAN_POINT('',(-0.0779627608022347,-0.0168,-0.0285030411955875));
#14889=CARTESIAN_POINT('',(-0.0779627608022347,-0.0175,-0.0285030411955875));
#14890=CARTESIAN_POINT('',(-0.0776548288795176,-0.0168,-0.0285678117697713));
#14891=CARTESIAN_POINT('',(-0.0776548288795176,-0.0175,-0.0285678117697713));
#14892=CARTESIAN_POINT('',(-0.07842500888261,-0.0168,-0.0286363339193203));
#14893=CARTESIAN_POINT('',(-0.07842500888261,-0.0168,-0.0286363339193203));
#14894=CARTESIAN_POINT('',(-0.07842500888261,-0.0168,-0.0286363339193203));
#14895=CARTESIAN_POINT('',(-0.0781167267635933,-0.0168,-0.0284706559084956));
#14896=CARTESIAN_POINT('',(-0.0776548288795176,-0.0168,-0.0285678117697713));
#14897=CARTESIAN_POINT('',(-0.0788146339089293,-0.0168,-0.029188731951709));
#14898=CARTESIAN_POINT('',(-0.0788146339089293,-0.0175,-0.029188731951709));
#14899=CARTESIAN_POINT('',(-0.078760405304061,-0.0168,-0.0289309186039996));
#14900=CARTESIAN_POINT('',(-0.078760405304061,-0.0175,-0.0289309186039996));
#14901=CARTESIAN_POINT('',(-0.0786305302952879,-0.0168,-0.0287467859265367));
#14902=CARTESIAN_POINT('',(-0.0786305302952879,-0.0175,-0.0287467859265367));
#14903=CARTESIAN_POINT('',(-0.07842500888261,-0.0168,-0.0286363339193203));
#14904=CARTESIAN_POINT('',(-0.07842500888261,-0.0175,-0.0286363339193203));
#14905=CARTESIAN_POINT('',(-0.0788146339089293,-0.0168,-0.029188731951709));
#14906=CARTESIAN_POINT('',(-0.0788146339089293,-0.0168,-0.029188731951709));
#14907=CARTESIAN_POINT('',(-0.0788146339089293,-0.0168,-0.029188731951709));
#14908=CARTESIAN_POINT('',(-0.0787332910016268,-0.0168,-0.0288020119301449));
#14909=CARTESIAN_POINT('',(-0.07842500888261,-0.0168,-0.0286363339193203));
#14910=CARTESIAN_POINT('',(-0.0780493447955122,-0.0168,-0.0293701413342192));
#14911=CARTESIAN_POINT('',(-0.0788103088862087,-0.0168,-0.0295635334599986));
#14912=CARTESIAN_POINT('',(-0.0788106203648915,-0.0168,-0.0295636094182578));
#14913=CARTESIAN_POINT('',(-0.0780493447955122,-0.0168,-0.0293701413342192));
#14914=CARTESIAN_POINT('',(-0.0779240463308355,-0.0168,-0.0293167728456956));
#14915=CARTESIAN_POINT('',(-0.0786537501706709,-0.0168,-0.0298772155878284));
#14916=CARTESIAN_POINT('',(-0.0786537501706709,-0.0168,-0.0298772155878284));
#14917=CARTESIAN_POINT('',(-0.0779240463308355,-0.0168,-0.0293167728456956));
#14918=CARTESIAN_POINT('',(-0.0783046246441947,-0.0168,-0.0302021296611128));
#14919=CARTESIAN_POINT('',(-0.0783046246441947,-0.0175,-0.0302021296611128));
#14920=CARTESIAN_POINT('',(-0.0784645635967209,-0.0168,-0.0300811135386519));
#14921=CARTESIAN_POINT('',(-0.0784645635967209,-0.0175,-0.0300811135386519));
#14922=CARTESIAN_POINT('',(-0.078580938772213,-0.0168,-0.0299728088475571));
#14923=CARTESIAN_POINT('',(-0.078580938772213,-0.0175,-0.0299728088475571));
#14924=CARTESIAN_POINT('',(-0.0786537501706709,-0.0168,-0.0298772155878284));
#14925=CARTESIAN_POINT('',(-0.0786537501706709,-0.0175,-0.0298772155878284));
#14926=CARTESIAN_POINT('',(-0.0783046246441947,-0.0168,-0.0302021296611128));
#14927=CARTESIAN_POINT('',(-0.0783046246441947,-0.0168,-0.0302021296611128));
#14928=CARTESIAN_POINT('',(-0.0783046246441947,-0.0168,-0.0302021296611128));
#14929=CARTESIAN_POINT('',(-0.078544533072984,-0.0168,-0.0300206054774215));
#14930=CARTESIAN_POINT('',(-0.0786537501706709,-0.0168,-0.0298772155878284));
#14931=CARTESIAN_POINT('',(-0.0779686180824706,-0.0168,-0.0304787120651505));
#14932=CARTESIAN_POINT('',(-0.0779686180824706,-0.0175,-0.0304787120651505));
#14933=CARTESIAN_POINT('',(-0.0780217956470866,-0.0168,-0.0304247264802043));
#14934=CARTESIAN_POINT('',(-0.0780217956470866,-0.0175,-0.0304247264802043));
#14935=CARTESIAN_POINT('',(-0.078133797834328,-0.0168,-0.0303325323455251));
#14936=CARTESIAN_POINT('',(-0.078133797834328,-0.0175,-0.0303325323455251));
#14937=CARTESIAN_POINT('',(-0.0783046246441947,-0.0168,-0.0302021296611128));
#14938=CARTESIAN_POINT('',(-0.0783046246441947,-0.0175,-0.0302021296611128));
#14939=CARTESIAN_POINT('',(-0.0779686180824706,-0.0168,-0.0304787120651505));
#14940=CARTESIAN_POINT('',(-0.0779686180824706,-0.0168,-0.0304787120651505));
#14941=CARTESIAN_POINT('',(-0.0779686180824706,-0.0168,-0.0304787120651505));
#14942=CARTESIAN_POINT('',(-0.0780483844293946,-0.0168,-0.0303977336877313));
#14943=CARTESIAN_POINT('',(-0.0783046246441947,-0.0168,-0.0302021296611128));
#14944=CARTESIAN_POINT('',(-0.0783466377790366,-0.0168000000000001,-0.0308732297147099));
#14945=CARTESIAN_POINT('',(-0.077855140044689,-0.0168,-0.0306366366045332));
#14946=CARTESIAN_POINT('',(-0.0778549283075546,-0.0168,-0.0306365311324833));
#14947=CARTESIAN_POINT('',(-0.0783466377790366,-0.0168,-0.0308732297147099));
#14948=CARTESIAN_POINT('',(-0.0780937806198169,-0.0168,-0.0307414333710203));
#14949=CARTESIAN_POINT('',(-0.0778393854371569,-0.0168,-0.0307989542374846));
#14950=CARTESIAN_POINT('',(-0.0778393854371569,-0.0168,-0.0307989542374846));
#14951=CARTESIAN_POINT('',(-0.0780937806198169,-0.0168,-0.0307414333710203));
#14952=CARTESIAN_POINT('',(-0.0779965890081188,-0.0168,-0.0310070548011121));
#14953=CARTESIAN_POINT('',(-0.0779965890081188,-0.0175,-0.0310070548011121));
#14954=CARTESIAN_POINT('',(-0.0779133172597235,-0.0168,-0.0309706819104752));
#14955=CARTESIAN_POINT('',(-0.0779133172597235,-0.0175,-0.0309706819104752));
#14956=CARTESIAN_POINT('',(-0.0778609160694028,-0.0168,-0.0309013150559327));
#14957=CARTESIAN_POINT('',(-0.0778609160694028,-0.0175,-0.0309013150559327));
#14958=CARTESIAN_POINT('',(-0.0778393854371569,-0.0168,-0.0307989542374846));
#14959=CARTESIAN_POINT('',(-0.0778393854371569,-0.0175,-0.0307989542374846));
#14960=CARTESIAN_POINT('',(-0.0779965890081188,-0.0168,-0.0310070548011121));
#14961=CARTESIAN_POINT('',(-0.0779965890081188,-0.0168,-0.0310070548011121));
#14962=CARTESIAN_POINT('',(-0.0779965890081188,-0.0168,-0.0310070548011121));
#14963=CARTESIAN_POINT('',(-0.0778716813855258,-0.0168,-0.0309524954651567));
#14964=CARTESIAN_POINT('',(-0.0778393854371569,-0.0168,-0.0307989542374846));
#14965=CARTESIAN_POINT('',(-0.0783240945991753,-0.0168,-0.0310189995661907));
#14966=CARTESIAN_POINT('',(-0.0783240945991753,-0.0175,-0.0310189995661907));
#14967=CARTESIAN_POINT('',(-0.0781890292868663,-0.0168,-0.0310474092801086));
#14968=CARTESIAN_POINT('',(-0.0781890292868663,-0.0175,-0.0310474092801086));
#14969=CARTESIAN_POINT('',(-0.0780798607565141,-0.0168,-0.031043427691749));
#14970=CARTESIAN_POINT('',(-0.0780798607565141,-0.0175,-0.031043427691749));
#14971=CARTESIAN_POINT('',(-0.0779965890081188,-0.0168,-0.0310070548011121));
#14972=CARTESIAN_POINT('',(-0.0779965890081188,-0.0175,-0.0310070548011121));
#14973=CARTESIAN_POINT('',(-0.0783240945991753,-0.0168,-0.0310189995661907));
#14974=CARTESIAN_POINT('',(-0.0783240945991753,-0.0168,-0.0310189995661907));
#14975=CARTESIAN_POINT('',(-0.0783240945991753,-0.0168,-0.0310189995661907));
#14976=CARTESIAN_POINT('',(-0.0781214966307118,-0.0168,-0.0310616141370675));
#14977=CARTESIAN_POINT('',(-0.0779965890081188,-0.0168,-0.0310070548011121));
#14978=CARTESIAN_POINT('',(-0.0779840522056433,-0.0168000000000001,-0.0295337236975185));
#14979=CARTESIAN_POINT('',(-0.0786864973807797,-0.0168,-0.030886887380121));
#14980=CARTESIAN_POINT('',(-0.0786864973807797,-0.0168,-0.030886887380121));
#14981=CARTESIAN_POINT('',(-0.0779840522056433,-0.0168,-0.0295337236975185));
#14982=CARTESIAN_POINT('',(-0.0791460321927217,-0.0168,-0.0305966297998253));
#14983=CARTESIAN_POINT('',(-0.0791460321927217,-0.0175,-0.0305966297998253));
#14984=CARTESIAN_POINT('',(-0.0789682983452193,-0.0168,-0.0307258241629638));
#14985=CARTESIAN_POINT('',(-0.0789682983452193,-0.0175,-0.0307258241629638));
#14986=CARTESIAN_POINT('',(-0.078815120074572,-0.0168,-0.030822576689729));
#14987=CARTESIAN_POINT('',(-0.078815120074572,-0.0175,-0.030822576689729));
#14988=CARTESIAN_POINT('',(-0.0786864973807797,-0.0168,-0.030886887380121));
#14989=CARTESIAN_POINT('',(-0.0786864973807797,-0.0175,-0.030886887380121));
#14990=CARTESIAN_POINT('',(-0.0791460321927217,-0.0168,-0.0305966297998253));
#14991=CARTESIAN_POINT('',(-0.0791460321927217,-0.0168,-0.0305966297998253));
#14992=CARTESIAN_POINT('',(-0.0791460321927217,-0.0168,-0.0305966297998253));
#14993=CARTESIAN_POINT('',(-0.0788794314214681,-0.0168,-0.030790421344533));
#14994=CARTESIAN_POINT('',(-0.0786864973807797,-0.0168,-0.030886887380121));
#14995=CARTESIAN_POINT('',(-0.0792063358307549,-0.0168,-0.0308833250382172));
#14996=CARTESIAN_POINT('',(-0.0792666394687882,-0.0168,-0.0311700202766089));
#14997=CARTESIAN_POINT('',(-0.0792666394687882,-0.0168,-0.0311700202766089));
#14998=CARTESIAN_POINT('',(-0.0792063358307549,-0.0168,-0.0308833250382172));
#14999=CARTESIAN_POINT('',(-0.0784792176146064,-0.0168,-0.0315192664841892));
#15000=CARTESIAN_POINT('',(-0.0784792176146064,-0.0175,-0.0315192664841892));
#15001=CARTESIAN_POINT('',(-0.0787901226731291,-0.0168,-0.0314538705389443));
#15002=CARTESIAN_POINT('',(-0.0787901226731291,-0.0175,-0.0314538705389443));
#15003=CARTESIAN_POINT('',(-0.079052596624523,-0.0168,-0.0313374551364176));
#15004=CARTESIAN_POINT('',(-0.079052596624523,-0.0175,-0.0313374551364176));
#15005=CARTESIAN_POINT('',(-0.0792666394687882,-0.0168,-0.0311700202766089));
#15006=CARTESIAN_POINT('',(-0.0792666394687882,-0.0175,-0.0311700202766089));
#15007=CARTESIAN_POINT('',(-0.0784792176146064,-0.0168,-0.0315192664841892));
#15008=CARTESIAN_POINT('',(-0.0784792176146064,-0.0168,-0.0315192664841892));
#15009=CARTESIAN_POINT('',(-0.0784792176146064,-0.0168,-0.0315192664841892));
#15010=CARTESIAN_POINT('',(-0.0789455752023904,-0.0168,-0.0314211725663218));
#15011=CARTESIAN_POINT('',(-0.0792666394687882,-0.0168,-0.0311700202766089));
#15012=CARTESIAN_POINT('',(-0.0776423947263685,-0.0168,-0.0314581091580058));
#15013=CARTESIAN_POINT('',(-0.0776423947263685,-0.0175,-0.0314581091580058));
#15014=CARTESIAN_POINT('',(-0.0778634628384609,-0.0168,-0.0315697263161434));
#15015=CARTESIAN_POINT('',(-0.0778634628384609,-0.0175,-0.0315697263161434));
#15016=CARTESIAN_POINT('',(-0.0781424038012069,-0.0168,-0.0315901120915379));
#15017=CARTESIAN_POINT('',(-0.0781424038012069,-0.0175,-0.0315901120915379));
#15018=CARTESIAN_POINT('',(-0.0784792176146064,-0.0168,-0.0315192664841892));
#15019=CARTESIAN_POINT('',(-0.0784792176146064,-0.0175,-0.0315192664841892));
#15020=CARTESIAN_POINT('',(-0.0776423947263685,-0.0168,-0.0314581091580058));
#15021=CARTESIAN_POINT('',(-0.0779739968945071,-0.0168,-0.0316255348952122));
#15022=CARTESIAN_POINT('',(-0.0784792176146064,-0.0168,-0.0315192664841892));
#15023=CARTESIAN_POINT('',(0.,-0.0168,-6.93889390390723E-18));
#15024=CARTESIAN_POINT('',(-0.0742808688067857,-0.0168,-0.0308405862738022));
#15025=CARTESIAN_POINT('',(-0.0745870102758677,-0.0168,-0.0322960424340378));
#15026=CARTESIAN_POINT('',(-0.0745870102758677,-0.0168,-0.0322960424340378));
#15027=CARTESIAN_POINT('',(-0.0742808688067857,-0.0168,-0.0308405862738022));
#15028=CARTESIAN_POINT('',(-0.0739747273377037,-0.0168,-0.0293851301135666));
#15029=CARTESIAN_POINT('',(-0.0739747273377037,-0.0168,-0.0293851301135666));
#15030=CARTESIAN_POINT('',(-0.0736880614283771,-0.0168,-0.0324851278412931));
#15031=CARTESIAN_POINT('',(-0.0727891125808864,-0.0168,-0.0326742132485484));
#15032=CARTESIAN_POINT('',(-0.0727891125808864,-0.0168,-0.0326742132485484));
#15033=CARTESIAN_POINT('',(-0.0736880614283771,-0.0168,-0.0324851278412931));
#15034=CARTESIAN_POINT('',(-0.0727355093470791,-0.0168,-0.0324193730366446));
#15035=CARTESIAN_POINT('',(-0.0726819061132718,-0.0168,-0.0321645328247408));
#15036=CARTESIAN_POINT('',(-0.0726819061132718,-0.0168,-0.0321645328247408));
#15037=CARTESIAN_POINT('',(-0.0727355093470791,-0.0168,-0.0324193730366446));
#15038=CARTESIAN_POINT('',(-0.073272179754094,-0.0168,-0.0320403743344346));
#15039=CARTESIAN_POINT('',(-0.0738624533949162,-0.0168,-0.0319162158441284));
#15040=CARTESIAN_POINT('',(-0.0738624533949162,-0.0168,-0.0319162158441284));
#15041=CARTESIAN_POINT('',(-0.073272179754094,-0.0168,-0.0320403743344346));
#15042=CARTESIAN_POINT('',(-0.0736099151596415,-0.0168,-0.0307155998957966));
#15043=CARTESIAN_POINT('',(-0.0733573769243668,-0.0168,-0.0295149839474648));
#15044=CARTESIAN_POINT('',(-0.0733573769243668,-0.0168,-0.0295149839474648));
#15045=CARTESIAN_POINT('',(-0.0736099151596415,-0.0168,-0.0307155998957966));
#15046=CARTESIAN_POINT('',(-0.0736660521310352,-0.0168,-0.0294500570305157));
#15047=CARTESIAN_POINT('',(-0.0736660521310352,-0.0168,-0.0294500570305157));
#15048=CARTESIAN_POINT('',(0.,-0.0168,-6.93889390390723E-18));
#15049=CARTESIAN_POINT('',(-0.0714451490133587,-0.0168,-0.0329569033028397));
#15050=CARTESIAN_POINT('',(-0.0706070432664601,-0.0168,-0.0331331909380235));
#15051=CARTESIAN_POINT('',(-0.0706070432664601,-0.0168,-0.0331331909380235));
#15052=CARTESIAN_POINT('',(-0.0714451490133587,-0.0168,-0.0329569033028397));
#15053=CARTESIAN_POINT('',(-0.0722832547602573,-0.0168,-0.0327806156676559));
#15054=CARTESIAN_POINT('',(-0.0722832547602573,-0.0168,-0.0327806156676559));
#15055=CARTESIAN_POINT('',(-0.0705534400326528,-0.0168,-0.0328783507261197));
#15056=CARTESIAN_POINT('',(-0.0704998367988454,-0.0168,-0.0326235105142159));
#15057=CARTESIAN_POINT('',(-0.0704998367988454,-0.0168,-0.0326235105142159));
#15058=CARTESIAN_POINT('',(-0.0705534400326528,-0.0168,-0.0328783507261197));
#15059=CARTESIAN_POINT('',(-0.0710292673390756,-0.0168,-0.0325121497959812));
#15060=CARTESIAN_POINT('',(-0.0715586978793057,-0.0168,-0.0324007890777465));
#15061=CARTESIAN_POINT('',(-0.0715586978793057,-0.0168,-0.0324007890777465));
#15062=CARTESIAN_POINT('',(-0.0710292673390756,-0.0168,-0.0325121497959812));
#15063=CARTESIAN_POINT('',(-0.0714797671175245,-0.0168,-0.0320255368657182));
#15064=CARTESIAN_POINT('',(-0.0714008363557432,-0.0168,-0.0316502846536898));
#15065=CARTESIAN_POINT('',(-0.0714008363557432,-0.0168,-0.0316502846536898));
#15066=CARTESIAN_POINT('',(-0.0714797671175245,-0.0168,-0.0320255368657182));
#15067=CARTESIAN_POINT('',(-0.0709080390959742,-0.0168,-0.0317539399070647));
#15068=CARTESIAN_POINT('',(-0.0704152418362053,-0.0168,-0.0318575951604396));
#15069=CARTESIAN_POINT('',(-0.0704152418362053,-0.0168,-0.0318575951604396));
#15070=CARTESIAN_POINT('',(-0.0709080390959742,-0.0168,-0.0317539399070647));
#15071=CARTESIAN_POINT('',(-0.0703620406266515,-0.0168,-0.031604666250125));
#15072=CARTESIAN_POINT('',(-0.0703088394170977,-0.0168,-0.0313517373398106));
#15073=CARTESIAN_POINT('',(-0.0703088394170977,-0.0168,-0.0313517373398106));
#15074=CARTESIAN_POINT('',(-0.0703620406266515,-0.0168,-0.031604666250125));
#15075=CARTESIAN_POINT('',(-0.0708016366768667,-0.0168,-0.0312480820864357));
#15076=CARTESIAN_POINT('',(-0.0712944339366357,-0.0168,-0.0311444268330607));
#15077=CARTESIAN_POINT('',(-0.0712944339366357,-0.0168,-0.0311444268330607));
#15078=CARTESIAN_POINT('',(-0.0708016366768667,-0.0168,-0.0312480820864357));
#15079=CARTESIAN_POINT('',(-0.0712272288822498,-0.0168,-0.0308249209173863));
#15080=CARTESIAN_POINT('',(-0.0711600238278639,-0.0168,-0.030505415001712));
#15081=CARTESIAN_POINT('',(-0.0711600238278639,-0.0168,-0.030505415001712));
#15082=CARTESIAN_POINT('',(-0.0712272288822498,-0.0168,-0.0308249209173863));
#15083=CARTESIAN_POINT('',(-0.0706305932876337,-0.0168,-0.0306167757199466));
#15084=CARTESIAN_POINT('',(-0.0701011627474036,-0.0168,-0.0307281364381814));
#15085=CARTESIAN_POINT('',(-0.0701011627474036,-0.0168,-0.0307281364381814));
#15086=CARTESIAN_POINT('',(-0.0706305932876337,-0.0168,-0.0306167757199466));
#15087=CARTESIAN_POINT('',(-0.0700479615378498,-0.0168,-0.0304752075278668));
#15088=CARTESIAN_POINT('',(-0.0699947603282961,-0.0168,-0.0302222786175523));
#15089=CARTESIAN_POINT('',(-0.0699947603282961,-0.0168,-0.0302222786175523));
#15090=CARTESIAN_POINT('',(-0.0700479615378498,-0.0168,-0.0304752075278668));
#15091=CARTESIAN_POINT('',(-0.0708328660751947,-0.0168,-0.0300459909823685));
#15092=CARTESIAN_POINT('',(-0.0716709718220933,-0.0168,-0.0298697033471847));
#15093=CARTESIAN_POINT('',(-0.0716709718220933,-0.0168,-0.0298697033471847));
#15094=CARTESIAN_POINT('',(-0.0708328660751947,-0.0168,-0.0300459909823685));
#15095=CARTESIAN_POINT('',(-0.0719771132911753,-0.0168,-0.0313251595074203));
#15096=CARTESIAN_POINT('',(-0.0719771132911753,-0.0168,-0.0313251595074203));
#15097=CARTESIAN_POINT('',(0.,-0.0168,-6.93889390390723E-18));
#15098=CARTESIAN_POINT('',(-0.0682502913858001,-0.0168,-0.0310821895067));
#15099=CARTESIAN_POINT('',(-0.0682502913858001,-0.0175,-0.0310821895067));
#15100=CARTESIAN_POINT('',(-0.068482620712319,-0.0168,-0.0310333212252123));
#15101=CARTESIAN_POINT('',(-0.068482620712319,-0.0175,-0.0310333212252123));
#15102=CARTESIAN_POINT('',(-0.0686808545361335,-0.0168,-0.0310827690485937));
#15103=CARTESIAN_POINT('',(-0.0686808545361335,-0.0175,-0.0310827690485937));
#15104=CARTESIAN_POINT('',(-0.0688449928572434,-0.0168,-0.0312305329768441));
#15105=CARTESIAN_POINT('',(-0.0688449928572434,-0.0175,-0.0312305329768441));
#15106=CARTESIAN_POINT('',(-0.0682502913858001,-0.0168,-0.0310821895067));
#15107=CARTESIAN_POINT('',(-0.0682502913858001,-0.0168,-0.0310821895067));
#15108=CARTESIAN_POINT('',(-0.0682502913858001,-0.0168,-0.0310821895067));
#15109=CARTESIAN_POINT('',(-0.0685987853755785,-0.0168,-0.0310088870844685));
#15110=CARTESIAN_POINT('',(-0.0688449928572434,-0.0168,-0.0312305329768441));
#15111=CARTESIAN_POINT('',(-0.0688449928572434,-0.0168,-0.0312305329768441));
#15112=CARTESIAN_POINT('',(-0.0688449928572434,-0.0168,-0.0312305329768441));
#15113=CARTESIAN_POINT('',(-0.0684645279180162,-0.0168000000000001,-0.0320598707217447));
#15114=CARTESIAN_POINT('',(-0.0679381349478014,-0.0168,-0.031208057219663));
#15115=CARTESIAN_POINT('',(-0.0679381911982315,-0.0168,-0.0312081469672796));
#15116=CARTESIAN_POINT('',(-0.0684645279180162,-0.0168,-0.0320598707217447));
#15117=CARTESIAN_POINT('',(-0.0696965276328813,-0.0168,-0.0341111770557654));
#15118=CARTESIAN_POINT('',(-0.0676378845551018,-0.0168,-0.0314126145996842));
#15119=CARTESIAN_POINT('',(-0.0676378845551018,-0.0168,-0.0314126145996842));
#15120=CARTESIAN_POINT('',(-0.0696965276328813,-0.0168,-0.0341111770557654));
#15121=CARTESIAN_POINT('',(-0.0674856809244629,-0.0168,-0.0311824769063079));
#15122=CARTESIAN_POINT('',(-0.0673334940565202,-0.0168,-0.0309523645587675));
#15123=CARTESIAN_POINT('',(-0.0673334940565202,-0.0168,-0.0309523645587675));
#15124=CARTESIAN_POINT('',(-0.0674856809244629,-0.0168,-0.0311824769063079));
#15125=CARTESIAN_POINT('',(-0.0681422808696783,-0.0168,-0.0305686864797138));
#15126=CARTESIAN_POINT('',(-0.0681422808696783,-0.0175,-0.0305686864797138));
#15127=CARTESIAN_POINT('',(-0.0678598329681516,-0.0168,-0.0306280967305169));
#15128=CARTESIAN_POINT('',(-0.0678598329681516,-0.0175,-0.0306280967305169));
#15129=CARTESIAN_POINT('',(-0.0675902373637655,-0.0168,-0.0307559894235348));
#15130=CARTESIAN_POINT('',(-0.0675902373637655,-0.0175,-0.0307559894235348));
#15131=CARTESIAN_POINT('',(-0.0673334940565202,-0.0168,-0.0309523645587675));
#15132=CARTESIAN_POINT('',(-0.0673334940565202,-0.0175,-0.0309523645587675));
#15133=CARTESIAN_POINT('',(-0.0681422808696783,-0.0168,-0.0305686864797138));
#15134=CARTESIAN_POINT('',(-0.0681422808696783,-0.0168,-0.0305686864797138));
#15135=CARTESIAN_POINT('',(-0.0681422808696783,-0.0168,-0.0305686864797138));
#15136=CARTESIAN_POINT('',(-0.0677186090173882,-0.0168,-0.0306578018559184));
#15137=CARTESIAN_POINT('',(-0.0673334940565202,-0.0168,-0.0309523645587675));
#15138=CARTESIAN_POINT('',(-0.0689061976812044,-0.0168,-0.0305979434726939));
#15139=CARTESIAN_POINT('',(-0.0689061976812044,-0.0175,-0.0305979434726939));
#15140=CARTESIAN_POINT('',(-0.0686742709041423,-0.0168,-0.0305201006245802));
#15141=CARTESIAN_POINT('',(-0.0686742709041423,-0.0175,-0.0305201006245802));
#15142=CARTESIAN_POINT('',(-0.068419631966967,-0.0168,-0.0305103482935869));
#15143=CARTESIAN_POINT('',(-0.068419631966967,-0.0175,-0.0305103482935869));
#15144=CARTESIAN_POINT('',(-0.0681422808696783,-0.0168,-0.0305686864797138));
#15145=CARTESIAN_POINT('',(-0.0681422808696783,-0.0175,-0.0305686864797138));
#15146=CARTESIAN_POINT('',(-0.0689061976812044,-0.0168,-0.0305979434726939));
#15147=CARTESIAN_POINT('',(-0.0689061976812044,-0.0168,-0.0305979434726939));
#15148=CARTESIAN_POINT('',(-0.0689061976812044,-0.0168,-0.0305979434726939));
#15149=CARTESIAN_POINT('',(-0.0685583075156113,-0.0168,-0.0304811792005234));
#15150=CARTESIAN_POINT('',(-0.0681422808696783,-0.0168,-0.0305686864797138));
#15151=CARTESIAN_POINT('',(-0.068515181956651,-0.0168,-0.0317508803624321));
#15152=CARTESIAN_POINT('',(-0.0694912437675719,-0.0168,-0.0310214185308829));
#15153=CARTESIAN_POINT('',(-0.0694912437675719,-0.0168,-0.0310214185308829));
#15154=CARTESIAN_POINT('',(-0.068515181956651,-0.0168,-0.0317508803624321));
#15155=CARTESIAN_POINT('',(-0.0698239474526078,-0.0168,-0.03178238199462));
#15156=CARTESIAN_POINT('',(-0.0698239474526078,-0.0175,-0.03178238199462));
#15157=CARTESIAN_POINT('',(-0.0697602489431001,-0.0168,-0.031479546876141));
#15158=CARTESIAN_POINT('',(-0.0697602489431001,-0.0175,-0.031479546876141));
#15159=CARTESIAN_POINT('',(-0.0696493477147548,-0.0168,-0.0312258923882286));
#15160=CARTESIAN_POINT('',(-0.0696493477147548,-0.0175,-0.0312258923882286));
#15161=CARTESIAN_POINT('',(-0.0694912437675719,-0.0168,-0.0310214185308829));
#15162=CARTESIAN_POINT('',(-0.0694912437675719,-0.0175,-0.0310214185308829));
#15163=CARTESIAN_POINT('',(-0.0698239474526078,-0.0168,-0.03178238199462));
#15164=CARTESIAN_POINT('',(-0.0698239474526078,-0.0168,-0.03178238199462));
#15165=CARTESIAN_POINT('',(-0.0698239474526078,-0.0168,-0.03178238199462));
#15166=CARTESIAN_POINT('',(-0.0697283996883463,-0.0168,-0.0313281293169015));
#15167=CARTESIAN_POINT('',(-0.0694912437675719,-0.0168,-0.0310214185308829));
#15168=CARTESIAN_POINT('',(-0.0697201964076185,-0.0168,-0.0329591447829082));
#15169=CARTESIAN_POINT('',(-0.0697201964076185,-0.0175,-0.0329591447829082));
#15170=CARTESIAN_POINT('',(-0.0698904058666715,-0.0168,-0.0326550100568214));
#15171=CARTESIAN_POINT('',(-0.0698904058666715,-0.0175,-0.0326550100568214));
#15172=CARTESIAN_POINT('',(-0.0699249895483346,-0.0168,-0.0322627557940587));
#15173=CARTESIAN_POINT('',(-0.0699249895483346,-0.0175,-0.0322627557940587));
#15174=CARTESIAN_POINT('',(-0.0698239474526078,-0.0168,-0.03178238199462));
#15175=CARTESIAN_POINT('',(-0.0698239474526078,-0.0175,-0.03178238199462));
#15176=CARTESIAN_POINT('',(-0.0697201964076185,-0.0168,-0.0329591447829082));
#15177=CARTESIAN_POINT('',(-0.0697201964076185,-0.0168,-0.0329591447829082));
#15178=CARTESIAN_POINT('',(-0.0697201964076185,-0.0168,-0.0329591447829082));
#15179=CARTESIAN_POINT('',(-0.069975510596198,-0.0168,-0.032502942693778));
#15180=CARTESIAN_POINT('',(-0.0698239474526078,-0.0168,-0.03178238199462));
#15181=CARTESIAN_POINT('',(-0.0688296929908688,-0.0168,-0.0335489529323031));
#15182=CARTESIAN_POINT('',(-0.0688296929908688,-0.0175,-0.0335489529323031));
#15183=CARTESIAN_POINT('',(-0.0692531524763156,-0.0168,-0.0334598822254599));
#15184=CARTESIAN_POINT('',(-0.0692531524763156,-0.0175,-0.0334598822254599));
#15185=CARTESIAN_POINT('',(-0.0695499869485655,-0.0168,-0.033263279508995));
#15186=CARTESIAN_POINT('',(-0.0695499869485655,-0.0175,-0.033263279508995));
#15187=CARTESIAN_POINT('',(-0.0697201964076185,-0.0168,-0.0329591447829082));
#15188=CARTESIAN_POINT('',(-0.0697201964076185,-0.0175,-0.0329591447829082));
#15189=CARTESIAN_POINT('',(-0.0688296929908688,-0.0168,-0.0335489529323031));
#15190=CARTESIAN_POINT('',(-0.0688296929908688,-0.0168,-0.0335489529323031));
#15191=CARTESIAN_POINT('',(-0.0688296929908688,-0.0168,-0.0335489529323031));
#15192=CARTESIAN_POINT('',(-0.069464882219039,-0.0168,-0.0334153468720383));
#15193=CARTESIAN_POINT('',(-0.0697201964076185,-0.0168,-0.0329591447829082));
#15194=CARTESIAN_POINT('',(-0.0683629836279109,-0.0168,-0.0314970763803407));
#15195=CARTESIAN_POINT('',(-0.0679982030973123,-0.0168,-0.0335685007641104));
#15196=CARTESIAN_POINT('',(-0.0679982031121336,-0.0168,-0.0335685007487917));
#15197=CARTESIAN_POINT('',(-0.0683629836279109,-0.0168,-0.0314970763803407));
#15198=CARTESIAN_POINT('',(-0.0679435955433146,-0.0168,-0.0333088856468822));
#15199=CARTESIAN_POINT('',(-0.0678891882610002,-0.0168,-0.0330502228317998));
#15200=CARTESIAN_POINT('',(-0.0678891882610002,-0.0168,-0.0330502228317998));
#15201=CARTESIAN_POINT('',(-0.0679435955433146,-0.0168,-0.0333088856468822));
#15202=CARTESIAN_POINT('',(-0.0686635723184544,-0.0168,-0.0330470075404783));
#15203=CARTESIAN_POINT('',(-0.0686635723184544,-0.0175,-0.0330470075404783));
#15204=CARTESIAN_POINT('',(-0.0684592754152449,-0.0168,-0.0330899794662472));
#15205=CARTESIAN_POINT('',(-0.0684592754152449,-0.0175,-0.0330899794662472));
#15206=CARTESIAN_POINT('',(-0.0682011473960935,-0.0168,-0.033091051230021));
#15207=CARTESIAN_POINT('',(-0.0682011473960935,-0.0175,-0.033091051230021));
#15208=CARTESIAN_POINT('',(-0.0678891882610002,-0.0168,-0.0330502228317998));
#15209=CARTESIAN_POINT('',(-0.0678891882610002,-0.0175,-0.0330502228317998));
#15210=CARTESIAN_POINT('',(-0.0686635723184544,-0.0168,-0.0330470075404783));
#15211=CARTESIAN_POINT('',(-0.0686635723184544,-0.0168,-0.0330470075404783));
#15212=CARTESIAN_POINT('',(-0.0686635723184544,-0.0168,-0.0330470075404783));
#15213=CARTESIAN_POINT('',(-0.0683571269636401,-0.0168,-0.0331114654291316));
#15214=CARTESIAN_POINT('',(-0.0678891882610002,-0.0168,-0.0330502228317998));
#15215=CARTESIAN_POINT('',(-0.0691895622729447,-0.0168,-0.0319198106580633));
#15216=CARTESIAN_POINT('',(-0.0691895622729447,-0.0175,-0.0319198106580633));
#15217=CARTESIAN_POINT('',(-0.0693260718417073,-0.0168,-0.032568803731045));
#15218=CARTESIAN_POINT('',(-0.0693260718417073,-0.0175,-0.032568803731045));
#15219=CARTESIAN_POINT('',(-0.0691507418568772,-0.0168,-0.0329445360251833));
#15220=CARTESIAN_POINT('',(-0.0691507418568772,-0.0175,-0.0329445360251833));
#15221=CARTESIAN_POINT('',(-0.0686635723184544,-0.0168,-0.0330470075404783));
#15222=CARTESIAN_POINT('',(-0.0686635723184544,-0.0175,-0.0330470075404783));
#15223=CARTESIAN_POINT('',(-0.0691895622729447,-0.0168,-0.0319198106580633));
#15224=CARTESIAN_POINT('',(-0.0691895622729447,-0.0168,-0.0319198106580633));
#15225=CARTESIAN_POINT('',(-0.0691895622729447,-0.0168,-0.0319198106580633));
#15226=CARTESIAN_POINT('',(-0.0693943266260886,-0.0168,-0.0328933002675359));
#15227=CARTESIAN_POINT('',(-0.0686635723184544,-0.0168,-0.0330470075404783));
#15228=CARTESIAN_POINT('',(-0.0688449928572434,-0.0168,-0.0312305329768441));
#15229=CARTESIAN_POINT('',(-0.0688449928572434,-0.0175,-0.0312305329768441));
#15230=CARTESIAN_POINT('',(-0.0690091311783533,-0.0168,-0.0313782969050946));
#15231=CARTESIAN_POINT('',(-0.0690091311783533,-0.0175,-0.0313782969050946));
#15232=CARTESIAN_POINT('',(-0.0691239876502537,-0.0168,-0.0316080561321677));
#15233=CARTESIAN_POINT('',(-0.0691239876502537,-0.0175,-0.0316080561321677));
#15234=CARTESIAN_POINT('',(-0.0691895622729447,-0.0168,-0.0319198106580633));
#15235=CARTESIAN_POINT('',(-0.0691895622729447,-0.0175,-0.0319198106580633));
#15236=CARTESIAN_POINT('',(-0.0688449928572434,-0.0168,-0.0312305329768441));
#15237=CARTESIAN_POINT('',(-0.0690912003389082,-0.0168,-0.0314521788692199));
#15238=CARTESIAN_POINT('',(-0.0691895622729447,-0.0168,-0.0319198106580633));
#15239=CARTESIAN_POINT('',(0.,-0.0168,-6.93889390390723E-18));
#15240=CARTESIAN_POINT('',(-0.0665872574739424,-0.0168,-0.0339787149472916));
#15241=CARTESIAN_POINT('',(-0.0662785822672739,-0.0168,-0.0340436418642407));
#15242=CARTESIAN_POINT('',(-0.0662785822672739,-0.0168,-0.0340436418642407));
#15243=CARTESIAN_POINT('',(-0.0665872574739424,-0.0168,-0.0339787149472916));
#15244=CARTESIAN_POINT('',(-0.0668959326806109,-0.0168,-0.0339137880303425));
#15245=CARTESIAN_POINT('',(-0.0668959326806109,-0.0168,-0.0339137880303425));
#15246=CARTESIAN_POINT('',(-0.0660264460562528,-0.0168,-0.0328449372174981));
#15247=CARTESIAN_POINT('',(-0.0657743098452316,-0.0168,-0.0316462325707557));
#15248=CARTESIAN_POINT('',(-0.0657743098452316,-0.0168,-0.0316462325707557));
#15249=CARTESIAN_POINT('',(-0.0660264460562528,-0.0168,-0.0328449372174981));
#15250=CARTESIAN_POINT('',(-0.0653793075167807,-0.0168,-0.031729317583157));
#15251=CARTESIAN_POINT('',(-0.0649843051883298,-0.0168,-0.0318124025955583));
#15252=CARTESIAN_POINT('',(-0.0649843051883298,-0.0168,-0.0318124025955583));
#15253=CARTESIAN_POINT('',(-0.0653793075167807,-0.0168,-0.031729317583157));
#15254=CARTESIAN_POINT('',(-0.064930299930269,-0.0168,-0.0315556510820652));
#15255=CARTESIAN_POINT('',(-0.0648762946722081,-0.0168,-0.0312988995685721));
#15256=CARTESIAN_POINT('',(-0.0648762946722081,-0.0168,-0.0312988995685721));
#15257=CARTESIAN_POINT('',(-0.064930299930269,-0.0168,-0.0315556510820652));
#15258=CARTESIAN_POINT('',(-0.0659752930860433,-0.0168,-0.0310677356227781));
#15259=CARTESIAN_POINT('',(-0.0670742914998784,-0.0168,-0.0308365716769841));
#15260=CARTESIAN_POINT('',(-0.0670742914998784,-0.0168,-0.0308365716769841));
#15261=CARTESIAN_POINT('',(-0.0659752930860433,-0.0168,-0.0310677356227781));
#15262=CARTESIAN_POINT('',(-0.0671282967579393,-0.0168,-0.0310933231904772));
#15263=CARTESIAN_POINT('',(-0.0671823020160002,-0.0168,-0.0313500747039702));
#15264=CARTESIAN_POINT('',(-0.0671823020160002,-0.0168,-0.0313500747039702));
#15265=CARTESIAN_POINT('',(-0.0671282967579393,-0.0168,-0.0310933231904772));
#15266=CARTESIAN_POINT('',(-0.0667869811372844,-0.0168,-0.0314332267204138));
#15267=CARTESIAN_POINT('',(-0.0663916602585686,-0.0168,-0.0315163787368574));
#15268=CARTESIAN_POINT('',(-0.0663916602585686,-0.0168,-0.0315163787368574));
#15269=CARTESIAN_POINT('',(-0.0667869811372844,-0.0168,-0.0314332267204138));
#15270=CARTESIAN_POINT('',(-0.0666437964695898,-0.0168,-0.0327150833836));
#15271=CARTESIAN_POINT('',(-0.0666437964695898,-0.0168,-0.0327150833836));
#15272=CARTESIAN_POINT('',(0.,-0.0168,-6.93889390390723E-18));
#15273=CARTESIAN_POINT('',(0.,-0.0175,-1.38777878078145E-17));
#15274=CARTESIAN_POINT('',(0.0668204183735043,-0.0157,-0.00171419167128726));
#15275=CARTESIAN_POINT('',(0.0668204183735043,-0.0157,-0.000938801046287258));
#15276=CARTESIAN_POINT('',(0.0668204183735043,-0.0157,-0.000938801046287258));
#15277=CARTESIAN_POINT('',(0.0668204183735043,-0.0165,-0.000938801046287258));
#15278=CARTESIAN_POINT('',(0.0668204183735043,-0.0157,-0.00171419167128726));
#15279=CARTESIAN_POINT('',(0.0668204183735043,-0.0157,-0.00248958229628726));
#15280=CARTESIAN_POINT('',(0.0668204183735043,-0.0157,-0.00248958229628726));
#15281=CARTESIAN_POINT('',(0.0668204183735043,-0.0165,-0.00248958229628726));
#15282=CARTESIAN_POINT('',(0.0668204183735043,-0.0165,-6.93889390390723E-18));
#15283=CARTESIAN_POINT('',(0.0672110433735043,-0.0157,-0.000938801046287258));
#15284=CARTESIAN_POINT('',(0.0676016683735043,-0.0157,-0.000938801046287258));
#15285=CARTESIAN_POINT('',(0.0676016683735043,-0.0157,-0.000938801046287258));
#15286=CARTESIAN_POINT('',(0.0676016683735043,-0.0165,-0.000938801046287258));
#15287=CARTESIAN_POINT('',(0.0672110433735043,-0.0157,-0.000938801046287258));
#15288=CARTESIAN_POINT('',(0.,-0.0165,-0.000938801046287258));
#15289=CARTESIAN_POINT('',(0.068658960040171,-0.0157,-0.00167968646295393));
#15290=CARTESIAN_POINT('',(0.068658960040171,-0.0165,-0.00167968646295393));
#15291=CARTESIAN_POINT('',(0.068658960040171,-0.0157,-0.00118576285184281));
#15292=CARTESIAN_POINT('',(0.068658960040171,-0.0165,-0.00118576285184281));
#15293=CARTESIAN_POINT('',(0.0683065294846154,-0.0157,-0.000938801046287258));
#15294=CARTESIAN_POINT('',(0.0683065294846154,-0.0165,-0.000938801046287258));
#15295=CARTESIAN_POINT('',(0.0676016683735043,-0.0157,-0.000938801046287258));
#15296=CARTESIAN_POINT('',(0.0676016683735043,-0.0165,-0.000938801046287258));
#15297=CARTESIAN_POINT('',(0.068658960040171,-0.0157,-0.00167968646295393));
#15298=CARTESIAN_POINT('',(0.068658960040171,-0.0157,-0.00167968646295393));
#15299=CARTESIAN_POINT('',(0.068658960040171,-0.0165,-0.00167968646295393));
#15300=CARTESIAN_POINT('',(0.068658960040171,-0.0157,-0.00167968646295393));
#15301=CARTESIAN_POINT('',(0.068658960040171,-0.0157,-0.000938801046287258));
#15302=CARTESIAN_POINT('',(0.0676016683735043,-0.0157,-0.000938801046287258));
#15303=CARTESIAN_POINT('',(0.068658960040171,-0.0165,-0.00167968646295393));
#15304=CARTESIAN_POINT('',(0.068658960040171,-0.0165,-0.000938801046287258));
#15305=CARTESIAN_POINT('',(0.0676016683735043,-0.0165,-0.000938801046287258));
#15306=CARTESIAN_POINT('',(0.068410913165171,-0.0157,-0.00229036354628726));
#15307=CARTESIAN_POINT('',(0.068410913165171,-0.0165,-0.00229036354628726));
#15308=CARTESIAN_POINT('',(0.0685762777485043,-0.0157,-0.00215755104628726));
#15309=CARTESIAN_POINT('',(0.0685762777485043,-0.0165,-0.00215755104628726));
#15310=CARTESIAN_POINT('',(0.068658960040171,-0.0157,-0.00195399201850948));
#15311=CARTESIAN_POINT('',(0.068658960040171,-0.0165,-0.00195399201850948));
#15312=CARTESIAN_POINT('',(0.068658960040171,-0.0157,-0.00167968646295393));
#15313=CARTESIAN_POINT('',(0.068658960040171,-0.0165,-0.00167968646295393));
#15314=CARTESIAN_POINT('',(0.068410913165171,-0.0157,-0.00229036354628726));
#15315=CARTESIAN_POINT('',(0.068410913165171,-0.0157,-0.00229036354628726));
#15316=CARTESIAN_POINT('',(0.068410913165171,-0.0165,-0.00229036354628726));
#15317=CARTESIAN_POINT('',(0.068410913165171,-0.0157,-0.00229036354628726));
#15318=CARTESIAN_POINT('',(0.068658960040171,-0.0157,-0.00209114479628726));
#15319=CARTESIAN_POINT('',(0.068658960040171,-0.0157,-0.00167968646295393));
#15320=CARTESIAN_POINT('',(0.068410913165171,-0.0165,-0.00229036354628726));
#15321=CARTESIAN_POINT('',(0.068658960040171,-0.0165,-0.00209114479628726));
#15322=CARTESIAN_POINT('',(0.068658960040171,-0.0165,-0.00167968646295393));
#15323=CARTESIAN_POINT('',(0.0676420329568376,-0.0157,-0.00248958229628726));
#15324=CARTESIAN_POINT('',(0.0676420329568376,-0.0165,-0.00248958229628726));
#15325=CARTESIAN_POINT('',(0.0679892551790599,-0.0157,-0.00248958229628726));
#15326=CARTESIAN_POINT('',(0.0679892551790599,-0.0165,-0.00248958229628726));
#15327=CARTESIAN_POINT('',(0.0682455485818377,-0.0157,-0.00242317604628726));
#15328=CARTESIAN_POINT('',(0.0682455485818377,-0.0165,-0.00242317604628726));
#15329=CARTESIAN_POINT('',(0.068410913165171,-0.0157,-0.00229036354628726));
#15330=CARTESIAN_POINT('',(0.068410913165171,-0.0165,-0.00229036354628726));
#15331=CARTESIAN_POINT('',(0.0676420329568376,-0.0157,-0.00248958229628726));
#15332=CARTESIAN_POINT('',(0.0676420329568376,-0.0157,-0.00248958229628726));
#15333=CARTESIAN_POINT('',(0.0676420329568376,-0.0165,-0.00248958229628726));
#15334=CARTESIAN_POINT('',(0.0676420329568376,-0.0157,-0.00248958229628726));
#15335=CARTESIAN_POINT('',(0.068162866290171,-0.0157,-0.00248958229628726));
#15336=CARTESIAN_POINT('',(0.068410913165171,-0.0157,-0.00229036354628726));
#15337=CARTESIAN_POINT('',(0.0676420329568376,-0.0165,-0.00248958229628726));
#15338=CARTESIAN_POINT('',(0.068162866290171,-0.0165,-0.00248958229628726));
#15339=CARTESIAN_POINT('',(0.068410913165171,-0.0165,-0.00229036354628726));
#15340=CARTESIAN_POINT('',(0.067186303790171,-0.0157,6.11989537127422E-5));
#15341=CARTESIAN_POINT('',(0.0668204183735043,-0.0157,6.11989537127422E-5));
#15342=CARTESIAN_POINT('',(0.0668204183735043,-0.0157,6.11989537127422E-5));
#15343=CARTESIAN_POINT('',(0.0668204183735043,-0.0165,6.11989537127422E-5));
#15344=CARTESIAN_POINT('',(0.067186303790171,-0.0157,6.11989537127422E-5));
#15345=CARTESIAN_POINT('',(0.0675521892068376,-0.0157,6.11989537127422E-5));
#15346=CARTESIAN_POINT('',(0.0675521892068376,-0.0157,6.11989537127422E-5));
#15347=CARTESIAN_POINT('',(0.0675521892068376,-0.0165,6.11989537127422E-5));
#15348=CARTESIAN_POINT('',(0.,-0.0165,6.11989537127422E-5));
#15349=CARTESIAN_POINT('',(0.0668204183735043,-0.0157,0.000722657287046076));
#15350=CARTESIAN_POINT('',(0.0668204183735043,-0.0157,0.00138411562037941));
#15351=CARTESIAN_POINT('',(0.0668204183735043,-0.0157,0.00138411562037941));
#15352=CARTESIAN_POINT('',(0.0668204183735043,-0.0165,0.00138411562037941));
#15353=CARTESIAN_POINT('',(0.0668204183735043,-0.0157,0.000722657287046076));
#15354=CARTESIAN_POINT('',(0.0668204183735043,-0.0165,-6.93889390390723E-18));
#15355=CARTESIAN_POINT('',(0.0671517985818376,-0.0157,0.00138411562037941));
#15356=CARTESIAN_POINT('',(0.067483178790171,-0.0157,0.00138411562037941));
#15357=CARTESIAN_POINT('',(0.067483178790171,-0.0157,0.00138411562037941));
#15358=CARTESIAN_POINT('',(0.067483178790171,-0.0165,0.00138411562037941));
#15359=CARTESIAN_POINT('',(0.0671517985818376,-0.0157,0.00138411562037941));
#15360=CARTESIAN_POINT('',(0.,-0.0165,0.00138411562037941));
#15361=CARTESIAN_POINT('',(0.0682748454568376,-0.0157,0.00123567812037941));
#15362=CARTESIAN_POINT('',(0.0682748454568376,-0.0165,0.00123567812037941));
#15363=CARTESIAN_POINT('',(0.0681081787901709,-0.0157,0.00133463645371274));
#15364=CARTESIAN_POINT('',(0.0681081787901709,-0.0165,0.00133463645371274));
#15365=CARTESIAN_POINT('',(0.0678442899012821,-0.0157,0.00138411562037941));
#15366=CARTESIAN_POINT('',(0.0678442899012821,-0.0165,0.00138411562037941));
#15367=CARTESIAN_POINT('',(0.067483178790171,-0.0157,0.00138411562037941));
#15368=CARTESIAN_POINT('',(0.067483178790171,-0.0165,0.00138411562037941));
#15369=CARTESIAN_POINT('',(0.0682748454568376,-0.0157,0.00123567812037941));
#15370=CARTESIAN_POINT('',(0.0682748454568376,-0.0157,0.00123567812037941));
#15371=CARTESIAN_POINT('',(0.0682748454568376,-0.0165,0.00123567812037941));
#15372=CARTESIAN_POINT('',(0.0682748454568376,-0.0157,0.00123567812037941));
#15373=CARTESIAN_POINT('',(0.0680248454568376,-0.0157,0.00138411562037941));
#15374=CARTESIAN_POINT('',(0.067483178790171,-0.0157,0.00138411562037941));
#15375=CARTESIAN_POINT('',(0.0682748454568376,-0.0165,0.00123567812037941));
#15376=CARTESIAN_POINT('',(0.0680248454568376,-0.0165,0.00138411562037941));
#15377=CARTESIAN_POINT('',(0.067483178790171,-0.0165,0.00138411562037941));
#15378=CARTESIAN_POINT('',(0.0685248454568376,-0.0157,0.000744792703712742));
#15379=CARTESIAN_POINT('',(0.0685248454568376,-0.0165,0.000744792703712742));
#15380=CARTESIAN_POINT('',(0.0685248454568376,-0.0157,0.000973091314823854));
#15381=CARTESIAN_POINT('',(0.0685248454568376,-0.0165,0.000973091314823854));
#15382=CARTESIAN_POINT('',(0.0684415121235043,-0.0157,0.00113671978704608));
#15383=CARTESIAN_POINT('',(0.0684415121235043,-0.0165,0.00113671978704608));
#15384=CARTESIAN_POINT('',(0.0682748454568376,-0.0157,0.00123567812037941));
#15385=CARTESIAN_POINT('',(0.0682748454568376,-0.0165,0.00123567812037941));
#15386=CARTESIAN_POINT('',(0.0685248454568376,-0.0157,0.000744792703712742));
#15387=CARTESIAN_POINT('',(0.0685248454568376,-0.0157,0.000744792703712742));
#15388=CARTESIAN_POINT('',(0.0685248454568376,-0.0165,0.000744792703712742));
#15389=CARTESIAN_POINT('',(0.0685248454568376,-0.0157,0.000744792703712742));
#15390=CARTESIAN_POINT('',(0.0685248454568376,-0.0157,0.00108724062037941));
#15391=CARTESIAN_POINT('',(0.0682748454568376,-0.0157,0.00123567812037941));
#15392=CARTESIAN_POINT('',(0.0685248454568376,-0.0165,0.000744792703712742));
#15393=CARTESIAN_POINT('',(0.0685248454568376,-0.0165,0.00108724062037941));
#15394=CARTESIAN_POINT('',(0.0682748454568376,-0.0165,0.00123567812037941));
#15395=CARTESIAN_POINT('',(0.0682950277485043,-0.0157,0.000220053120379409));
#15396=CARTESIAN_POINT('',(0.0682950277485043,-0.0165,0.000220053120379409));
#15397=CARTESIAN_POINT('',(0.0684482395540598,-0.0157,0.000325955898157186));
#15398=CARTESIAN_POINT('',(0.0684482395540598,-0.0165,0.000325955898157186));
#15399=CARTESIAN_POINT('',(0.0685248454568376,-0.0157,0.000500869092601631));
#15400=CARTESIAN_POINT('',(0.0685248454568376,-0.0165,0.000500869092601631));
#15401=CARTESIAN_POINT('',(0.0685248454568376,-0.0157,0.000744792703712742));
#15402=CARTESIAN_POINT('',(0.0685248454568376,-0.0165,0.000744792703712742));
#15403=CARTESIAN_POINT('',(0.0682950277485043,-0.0157,0.000220053120379409));
#15404=CARTESIAN_POINT('',(0.0682950277485043,-0.0157,0.000220053120379409));
#15405=CARTESIAN_POINT('',(0.0682950277485043,-0.0165,0.000220053120379409));
#15406=CARTESIAN_POINT('',(0.0682950277485043,-0.0157,0.000220053120379409));
#15407=CARTESIAN_POINT('',(0.0685248454568376,-0.0157,0.000378907287046075));
#15408=CARTESIAN_POINT('',(0.0685248454568376,-0.0157,0.000744792703712742));
#15409=CARTESIAN_POINT('',(0.0682950277485043,-0.0165,0.000220053120379409));
#15410=CARTESIAN_POINT('',(0.0685248454568376,-0.0165,0.000378907287046075));
#15411=CARTESIAN_POINT('',(0.0685248454568376,-0.0165,0.000744792703712742));
#15412=CARTESIAN_POINT('',(0.0664844808735043,-0.0157,0.00241796978704608));
#15413=CARTESIAN_POINT('',(0.0655586996235043,-0.0157,0.00241796978704608));
#15414=CARTESIAN_POINT('',(0.0655586996235043,-0.0157,0.00241796978704608));
#15415=CARTESIAN_POINT('',(0.0664844808735043,-0.0157,0.00241796978704608));
#15416=CARTESIAN_POINT('',(0.0674102621235043,-0.0157,0.00241796978704608));
#15417=CARTESIAN_POINT('',(0.0674102621235043,-0.0157,0.00241796978704608));
#15418=CARTESIAN_POINT('',(0.0655586996235043,-0.0157,-0.000556639587953925));
#15419=CARTESIAN_POINT('',(0.0655586996235043,-0.0157,-0.00353124896295392));
#15420=CARTESIAN_POINT('',(0.0655586996235043,-0.0157,-0.00353124896295392));
#15421=CARTESIAN_POINT('',(0.0655586996235043,-0.0157,-0.000556639587953925));
#15422=CARTESIAN_POINT('',(0.0666713298318376,-0.0157,-0.00353124896295392));
#15423=CARTESIAN_POINT('',(0.067783960040171,-0.0157,-0.00353124896295392));
#15424=CARTESIAN_POINT('',(0.067783960040171,-0.0157,-0.00353124896295392));
#15425=CARTESIAN_POINT('',(0.0666713298318376,-0.0157,-0.00353124896295392));
#15426=CARTESIAN_POINT('',(0.069381616290171,-0.0157,-0.00307551979628726));
#15427=CARTESIAN_POINT('',(0.069381616290171,-0.0165,-0.00307551979628726));
#15428=CARTESIAN_POINT('',(0.0689892551790599,-0.0157,-0.0033793392407317));
#15429=CARTESIAN_POINT('',(0.0689892551790599,-0.0165,-0.0033793392407317));
#15430=CARTESIAN_POINT('',(0.0684567030957265,-0.0157,-0.00353124896295392));
#15431=CARTESIAN_POINT('',(0.0684567030957265,-0.0165,-0.00353124896295392));
#15432=CARTESIAN_POINT('',(0.067783960040171,-0.0157,-0.00353124896295392));
#15433=CARTESIAN_POINT('',(0.067783960040171,-0.0165,-0.00353124896295392));
#15434=CARTESIAN_POINT('',(0.069381616290171,-0.0157,-0.00307551979628726));
#15435=CARTESIAN_POINT('',(0.069381616290171,-0.0157,-0.00307551979628726));
#15436=CARTESIAN_POINT('',(0.069381616290171,-0.0157,-0.00307551979628726));
#15437=CARTESIAN_POINT('',(0.0687930746235043,-0.0157,-0.00353124896295392));
#15438=CARTESIAN_POINT('',(0.067783960040171,-0.0157,-0.00353124896295392));
#15439=CARTESIAN_POINT('',(0.0699701579568376,-0.0157,-0.00180598854628726));
#15440=CARTESIAN_POINT('',(0.0699701579568376,-0.0165,-0.00180598854628726));
#15441=CARTESIAN_POINT('',(0.0699701579568376,-0.0157,-0.00234852326850948));
#15442=CARTESIAN_POINT('',(0.0699701579568376,-0.0165,-0.00234852326850948));
#15443=CARTESIAN_POINT('',(0.0697739774012821,-0.0157,-0.00277170035184281));
#15444=CARTESIAN_POINT('',(0.0697739774012821,-0.0165,-0.00277170035184281));
#15445=CARTESIAN_POINT('',(0.069381616290171,-0.0157,-0.00307551979628726));
#15446=CARTESIAN_POINT('',(0.069381616290171,-0.0165,-0.00307551979628726));
#15447=CARTESIAN_POINT('',(0.0699701579568376,-0.0157,-0.00180598854628726));
#15448=CARTESIAN_POINT('',(0.0699701579568376,-0.0157,-0.00180598854628726));
#15449=CARTESIAN_POINT('',(0.0699701579568376,-0.0157,-0.00180598854628726));
#15450=CARTESIAN_POINT('',(0.0699701579568376,-0.0157,-0.00261979062962059));
#15451=CARTESIAN_POINT('',(0.069381616290171,-0.0157,-0.00307551979628726));
#15452=CARTESIAN_POINT('',(0.069719506915171,-0.0157,-0.000886066671287258));
#15453=CARTESIAN_POINT('',(0.069719506915171,-0.0165,-0.000886066671287258));
#15454=CARTESIAN_POINT('',(0.0698866076096154,-0.0157,-0.00111653542128726));
#15455=CARTESIAN_POINT('',(0.0698866076096154,-0.0165,-0.00111653542128726));
#15456=CARTESIAN_POINT('',(0.0699701579568376,-0.0157,-0.00142317604628726));
#15457=CARTESIAN_POINT('',(0.0699701579568376,-0.0165,-0.00142317604628726));
#15458=CARTESIAN_POINT('',(0.0699701579568376,-0.0157,-0.00180598854628726));
#15459=CARTESIAN_POINT('',(0.0699701579568376,-0.0165,-0.00180598854628726));
#15460=CARTESIAN_POINT('',(0.069719506915171,-0.0157,-0.000886066671287258));
#15461=CARTESIAN_POINT('',(0.069719506915171,-0.0157,-0.000886066671287258));
#15462=CARTESIAN_POINT('',(0.069719506915171,-0.0157,-0.000886066671287258));
#15463=CARTESIAN_POINT('',(0.0699701579568376,-0.0157,-0.00123176979628726));
#15464=CARTESIAN_POINT('',(0.0699701579568376,-0.0157,-0.00180598854628726));
#15465=CARTESIAN_POINT('',(0.0689037517068376,-0.0157,-0.000414061462953925));
#15466=CARTESIAN_POINT('',(0.0689037517068376,-0.0165,-0.000414061462953925));
#15467=CARTESIAN_POINT('',(0.0692804878179487,-0.0157,-0.000498262851842813));
#15468=CARTESIAN_POINT('',(0.0692804878179487,-0.0165,-0.000498262851842813));
#15469=CARTESIAN_POINT('',(0.0695524062207265,-0.0157,-0.000655597921287258));
#15470=CARTESIAN_POINT('',(0.0695524062207265,-0.0165,-0.000655597921287258));
#15471=CARTESIAN_POINT('',(0.069719506915171,-0.0157,-0.000886066671287258));
#15472=CARTESIAN_POINT('',(0.069719506915171,-0.0165,-0.000886066671287258));
#15473=CARTESIAN_POINT('',(0.0689037517068376,-0.0157,-0.000414061462953925));
#15474=CARTESIAN_POINT('',(0.0689037517068376,-0.0157,-0.000414061462953925));
#15475=CARTESIAN_POINT('',(0.0689037517068376,-0.0157,-0.000414061462953925));
#15476=CARTESIAN_POINT('',(0.0694688558735043,-0.0157,-0.000540363546287258));
#15477=CARTESIAN_POINT('',(0.069719506915171,-0.0157,-0.000886066671287258));
#15478=CARTESIAN_POINT('',(0.0689037517068376,-0.0157,-0.000393879171287258));
#15479=CARTESIAN_POINT('',(0.0689037517068376,-0.0157,-0.000373263596637312));
#15480=CARTESIAN_POINT('',(0.0689037517068376,-0.0157,-0.000373263596637312));
#15481=CARTESIAN_POINT('',(0.0689037517068376,-0.0157,-0.000393879171287258));
#15482=CARTESIAN_POINT('',(0.0687548688740032,-0.0157,0.000611254207376149));
#15483=CARTESIAN_POINT('',(0.069569116290171,-0.0157,3.71104120460756E-5));
#15484=CARTESIAN_POINT('',(0.069569116290171,-0.0157,3.71104120460756E-5));
#15485=CARTESIAN_POINT('',(0.0687548688740032,-0.0157,0.000611254207376149));
#15486=CARTESIAN_POINT('',(0.069819116290171,-0.0157,0.000912761453712742));
#15487=CARTESIAN_POINT('',(0.069819116290171,-0.0165,0.000912761453712742));
#15488=CARTESIAN_POINT('',(0.069819116290171,-0.0157,0.000556858675934964));
#15489=CARTESIAN_POINT('',(0.069819116290171,-0.0165,0.000556858675934964));
#15490=CARTESIAN_POINT('',(0.0697357829568377,-0.0157,0.000264974995379409));
#15491=CARTESIAN_POINT('',(0.0697357829568377,-0.0165,0.000264974995379409));
#15492=CARTESIAN_POINT('',(0.069569116290171,-0.0157,3.71104120460756E-5));
#15493=CARTESIAN_POINT('',(0.069569116290171,-0.0165,3.71104120460756E-5));
#15494=CARTESIAN_POINT('',(0.069819116290171,-0.0157,0.000912761453712742));
#15495=CARTESIAN_POINT('',(0.069819116290171,-0.0157,0.000912761453712742));
#15496=CARTESIAN_POINT('',(0.069819116290171,-0.0157,0.000912761453712742));
#15497=CARTESIAN_POINT('',(0.069819116290171,-0.0157,0.000378907287046075));
#15498=CARTESIAN_POINT('',(0.069569116290171,-0.0157,3.71104120460756E-5));
#15499=CARTESIAN_POINT('',(0.0692475017068376,-0.0157,0.00205794374537941));
#15500=CARTESIAN_POINT('',(0.0692475017068376,-0.0165,0.00205794374537941));
#15501=CARTESIAN_POINT('',(0.0696285780957265,-0.0157,0.0018179263842683));
#15502=CARTESIAN_POINT('',(0.0696285780957265,-0.0165,0.0018179263842683));
#15503=CARTESIAN_POINT('',(0.069819116290171,-0.0157,0.00143619895371274));
#15504=CARTESIAN_POINT('',(0.069819116290171,-0.0165,0.00143619895371274));
#15505=CARTESIAN_POINT('',(0.069819116290171,-0.0157,0.000912761453712742));
#15506=CARTESIAN_POINT('',(0.069819116290171,-0.0165,0.000912761453712742));
#15507=CARTESIAN_POINT('',(0.0692475017068376,-0.0157,0.00205794374537941));
#15508=CARTESIAN_POINT('',(0.0692475017068376,-0.0157,0.00205794374537941));
#15509=CARTESIAN_POINT('',(0.0692475017068376,-0.0157,0.00205794374537941));
#15510=CARTESIAN_POINT('',(0.069819116290171,-0.0157,0.00169791770371274));
#15511=CARTESIAN_POINT('',(0.069819116290171,-0.0157,0.000912761453712742));
#15512=CARTESIAN_POINT('',(0.0675521892068376,-0.0157,6.11989537127422E-5));
#15513=CARTESIAN_POINT('',(0.0675521892068376,-0.0165,6.11989537127422E-5));
#15514=CARTESIAN_POINT('',(0.0678942030957265,-0.0157,6.11989537127422E-5));
#15515=CARTESIAN_POINT('',(0.0678942030957265,-0.0165,6.11989537127422E-5));
#15516=CARTESIAN_POINT('',(0.0681418159429488,-0.0157,0.000114150342601631));
#15517=CARTESIAN_POINT('',(0.0681418159429488,-0.0165,0.000114150342601631));
#15518=CARTESIAN_POINT('',(0.0682950277485043,-0.0157,0.000220053120379409));
#15519=CARTESIAN_POINT('',(0.0682950277485043,-0.0165,0.000220053120379409));
#15520=CARTESIAN_POINT('',(0.0675521892068376,-0.0157,6.11989537127422E-5));
#15521=CARTESIAN_POINT('',(0.068065210040171,-0.0157,6.11989537127422E-5));
#15522=CARTESIAN_POINT('',(0.0682950277485043,-0.0157,0.000220053120379409));
#15523=CARTESIAN_POINT('',(0.0675521892068376,-0.0165,6.11989537127422E-5));
#15524=CARTESIAN_POINT('',(0.068065210040171,-0.0165,6.11989537127422E-5));
#15525=CARTESIAN_POINT('',(0.0682950277485043,-0.0165,0.000220053120379409));
#15526=CARTESIAN_POINT('',(0.0674102621235043,-0.0157,0.00241796978704608));
#15527=CARTESIAN_POINT('',(0.0674102621235043,-0.0165,0.00241796978704608));
#15528=CARTESIAN_POINT('',(0.0682540121235043,-0.0157,0.00241796978704608));
#15529=CARTESIAN_POINT('',(0.0682540121235043,-0.0165,0.00241796978704608));
#15530=CARTESIAN_POINT('',(0.0688664253179487,-0.0157,0.00229796110649052));
#15531=CARTESIAN_POINT('',(0.0688664253179487,-0.0165,0.00229796110649052));
#15532=CARTESIAN_POINT('',(0.0692475017068376,-0.0157,0.00205794374537941));
#15533=CARTESIAN_POINT('',(0.0692475017068376,-0.0165,0.00205794374537941));
#15534=CARTESIAN_POINT('',(0.0674102621235043,-0.0157,0.00241796978704608));
#15535=CARTESIAN_POINT('',(0.0686758871235043,-0.0157,0.00241796978704608));
#15536=CARTESIAN_POINT('',(0.0692475017068376,-0.0157,0.00205794374537941));
#15537=CARTESIAN_POINT('',(0.067231225665171,-0.0157,-0.00248958229628726));
#15538=CARTESIAN_POINT('',(0.067231225665171,-0.0157,-0.00248958229628726));
#15539=CARTESIAN_POINT('',(0.,-0.0165,-0.00248958229628726));
#15540=CARTESIAN_POINT('',(0.,-0.0157,-6.93889390390723E-18));
#15541=CARTESIAN_POINT('',(0.,-0.0165,-6.93889390390723E-18));
#15542=CARTESIAN_POINT('',(0.625525706205286,-0.0157,0.192272541327337));
#15543=CARTESIAN_POINT('',(0.0602375655849019,-0.0157,0.0161196033257083));
#15544=CARTESIAN_POINT('',(0.0602373436635489,-0.0157,0.0161196033257083));
#15545=CARTESIAN_POINT('',(0.0602373436635489,-0.0165,0.0161196033257083));
#15546=CARTESIAN_POINT('',(0.625525706205286,-0.0157,0.192272541327337));
#15547=CARTESIAN_POINT('',(0.0595641082092952,-0.01570000025,0.018296668876905));
#15548=CARTESIAN_POINT('',(0.0595641665802156,-0.0157,0.0182966866590417));
#15549=CARTESIAN_POINT('',(0.0595641082092952,-0.01649999975,0.018296668876905));
#15550=CARTESIAN_POINT('',(0.625525706205286,-0.0165,0.192272541327337));
#15551=CARTESIAN_POINT('',(0.0594626040802156,-0.0157,0.0161196033257083));
#15552=CARTESIAN_POINT('',(0.0586878644968823,-0.0157,0.0161196033257083));
#15553=CARTESIAN_POINT('',(0.0586878644968823,-0.0157,0.0161196033257083));
#15554=CARTESIAN_POINT('',(0.0586878644968823,-0.0165,0.0161196033257083));
#15555=CARTESIAN_POINT('',(0.0594626040802156,-0.0157,0.0161196033257083));
#15556=CARTESIAN_POINT('',(0.,-0.0165,0.0161196033257083));
#15557=CARTESIAN_POINT('',(0.0594560936635489,-0.0157,0.0186951241590416));
#15558=CARTESIAN_POINT('',(0.0594560936635489,-0.0165,0.0186951241590416));
#15559=CARTESIAN_POINT('',(0.0593666839413267,-0.0157,0.0183479019368194));
#15560=CARTESIAN_POINT('',(0.0593666839413267,-0.0165,0.0183479019368194));
#15561=CARTESIAN_POINT('',(0.0591106075524378,-0.0157,0.017489394992375));
#15562=CARTESIAN_POINT('',(0.0591106075524378,-0.0165,0.017489394992375));
#15563=CARTESIAN_POINT('',(0.0586878644968823,-0.0157,0.0161196033257083));
#15564=CARTESIAN_POINT('',(0.0586878644968823,-0.0165,0.0161196033257083));
#15565=CARTESIAN_POINT('',(0.0594560936635489,-0.0157,0.0186951241590416));
#15566=CARTESIAN_POINT('',(0.0594560936635489,-0.0157,0.0186951241590416));
#15567=CARTESIAN_POINT('',(0.0594560936635489,-0.0165,0.0186951241590416));
#15568=CARTESIAN_POINT('',(0.0594560936635489,-0.0157,0.0186951241590416));
#15569=CARTESIAN_POINT('',(0.0593219790802156,-0.0157,0.0181742908257083));
#15570=CARTESIAN_POINT('',(0.0586878644968823,-0.0157,0.0161196033257083));
#15571=CARTESIAN_POINT('',(0.0594560936635489,-0.0165,0.0186951241590416));
#15572=CARTESIAN_POINT('',(0.0593219790802156,-0.0165,0.0181742908257083));
#15573=CARTESIAN_POINT('',(0.0586878644968823,-0.0165,0.0161196033257083));
#15574=CARTESIAN_POINT('',(0.0607549217885489,-0.0157,0.0143539783257083));
#15575=CARTESIAN_POINT('',(0.0609704165802156,-0.0157,0.013645644992375));
#15576=CARTESIAN_POINT('',(0.0609704165802156,-0.0157,0.013645644992375));
#15577=CARTESIAN_POINT('',(0.0607549217885489,-0.0157,0.0143539783257083));
#15578=CARTESIAN_POINT('',(0.0605394269968823,-0.0157,0.0150623116590416));
#15579=CARTESIAN_POINT('',(0.0605394269968823,-0.0157,0.0150623116590416));
#15580=CARTESIAN_POINT('',(0.0616501040802156,-0.0157,0.013645644992375));
#15581=CARTESIAN_POINT('',(0.0623297915802156,-0.0157,0.013645644992375));
#15582=CARTESIAN_POINT('',(0.0623297915802156,-0.0157,0.013645644992375));
#15583=CARTESIAN_POINT('',(0.0616501040802156,-0.0157,0.013645644992375));
#15584=CARTESIAN_POINT('',(0.0612757551218823,-0.0157,0.0166326241590417));
#15585=CARTESIAN_POINT('',(0.0602217186635489,-0.0157,0.0196196033257083));
#15586=CARTESIAN_POINT('',(0.0602217186635489,-0.0157,0.0196196033257083));
#15587=CARTESIAN_POINT('',(0.0612757551218823,-0.0157,0.0166326241590417));
#15588=CARTESIAN_POINT('',(0.0594508853302156,-0.0157,0.0196196033257083));
#15589=CARTESIAN_POINT('',(0.0586800519968823,-0.0157,0.0196196033257083));
#15590=CARTESIAN_POINT('',(0.0586800519968823,-0.0157,0.0196196033257083));
#15591=CARTESIAN_POINT('',(0.0594508853302156,-0.0157,0.0196196033257083));
#15592=CARTESIAN_POINT('',(0.0576299217885489,-0.0157,0.0166326241590417));
#15593=CARTESIAN_POINT('',(0.0565797915802156,-0.0157,0.013645644992375));
#15594=CARTESIAN_POINT('',(0.0565797915802156,-0.0157,0.013645644992375));
#15595=CARTESIAN_POINT('',(0.0576299217885489,-0.0157,0.0166326241590417));
#15596=CARTESIAN_POINT('',(0.0572594790802156,-0.0157,0.013645644992375));
#15597=CARTESIAN_POINT('',(0.0579391665802156,-0.0157,0.013645644992375));
#15598=CARTESIAN_POINT('',(0.0579391665802156,-0.0157,0.013645644992375));
#15599=CARTESIAN_POINT('',(0.0572594790802156,-0.0157,0.013645644992375));
#15600=CARTESIAN_POINT('',(0.0581546613718823,-0.0157,0.0143539783257083));
#15601=CARTESIAN_POINT('',(0.0583701561635489,-0.0157,0.0150623116590416));
#15602=CARTESIAN_POINT('',(0.0583701561635489,-0.0157,0.0150623116590416));
#15603=CARTESIAN_POINT('',(0.0581546613718823,-0.0157,0.0143539783257083));
#15604=CARTESIAN_POINT('',(0.0594547915802156,-0.0157,0.0150623116590416));
#15605=CARTESIAN_POINT('',(0.0594547915802156,-0.0157,0.0150623116590416));
#15606=CARTESIAN_POINT('',(0.06567628897349,-0.0157,0.020178557055263));
#15607=CARTESIAN_POINT('',(0.06567628897349,-0.0157,0.020178557055263));
#15608=CARTESIAN_POINT('',(0.06567628897349,-0.0165,0.020178557055263));
#15609=CARTESIAN_POINT('',(0.,-0.0157,-6.93889390390723E-18));
#15610=CARTESIAN_POINT('',(0.,-0.0165,-6.93889390390723E-18));
#15611=CARTESIAN_POINT('',(0.,-0.0165,-6.93889390390723E-18));
#15612=CARTESIAN_POINT('',(-0.0569358416439953,0.190425848361783,-0.032825523145979));
#15613=CARTESIAN_POINT('',(-0.0535107891960081,0.190425848361783,-0.0335459506083493));
#15614=CARTESIAN_POINT('',(-0.0535107891960081,-0.01677574,-0.0335459506083493));
#15615=CARTESIAN_POINT('',(-0.0569358416439953,-0.01677574,-0.032825523145979));
#15616=CARTESIAN_POINT('',(-0.0603608940919824,-0.01677574,-0.0321050956836087));
#15617=CARTESIAN_POINT('',(-0.0603608940919824,0.190425848361783,-0.0321050956836087));
#15618=CARTESIAN_POINT('',(-0.0608240260320776,0.190425848361783,-0.0343069151144576));
#15619=CARTESIAN_POINT('',(-0.0608240260320776,-0.01677574,-0.0343069151144576));
#15620=CARTESIAN_POINT('',(-0.0612871579721728,-0.01677574,-0.0365087345453065));
#15621=CARTESIAN_POINT('',(-0.0612871579721728,0.190425848361783,-0.0365087345453065));
#15622=CARTESIAN_POINT('',(-0.0578621055241856,0.190425848361783,-0.0372291620076768));
#15623=CARTESIAN_POINT('',(-0.0544370530761985,-0.01677574,-0.037949589470047));
#15624=CARTESIAN_POINT('',(-0.0544370530761985,-0.01677574,-0.037949589470047));
#15625=CARTESIAN_POINT('',(-0.0544370530761985,0.190425848361783,-0.037949589470047));
#15626=CARTESIAN_POINT('',(-0.0539739211361033,0.190425848361783,-0.0357477700391981));
#15627=CARTESIAN_POINT('',(-0.0539739211361033,-0.01677574,-0.0357477700391981));
#15628=CARTESIAN_POINT('',(-0.0570961157485945,0.190425848361783,-0.0192614753143736));
#15629=CARTESIAN_POINT('',(-0.0536710633006074,0.190425848361783,-0.0199819027767439));
#15630=CARTESIAN_POINT('',(-0.0536710633006074,-0.01677574,-0.0199819027767439));
#15631=CARTESIAN_POINT('',(-0.0570961157485945,-0.01677574,-0.0192614753143736));
#15632=CARTESIAN_POINT('',(-0.0605211681965817,-0.01677574,-0.0185410478520033));
#15633=CARTESIAN_POINT('',(-0.0605211681965817,0.190425848361783,-0.0185410478520033));
#15634=CARTESIAN_POINT('',(-0.0609843001366768,0.190425848361783,-0.0207428672828523));
#15635=CARTESIAN_POINT('',(-0.0609843001366768,-0.01677574,-0.0207428672828523));
#15636=CARTESIAN_POINT('',(-0.061447432076772,-0.01677574,-0.0229446867137011));
#15637=CARTESIAN_POINT('',(-0.061447432076772,0.190425848361783,-0.0229446867137011));
#15638=CARTESIAN_POINT('',(-0.0580223796287849,0.190425848361783,-0.0236651141760714));
#15639=CARTESIAN_POINT('',(-0.0545973271807977,-0.01677574,-0.0243855416384417));
#15640=CARTESIAN_POINT('',(-0.0545973271807977,-0.01677574,-0.0243855416384417));
#15641=CARTESIAN_POINT('',(-0.0545973271807977,0.190425848361783,-0.0243855416384417));
#15642=CARTESIAN_POINT('',(-0.0541341952407026,0.190425848361783,-0.0221837222075927));
#15643=CARTESIAN_POINT('',(-0.0541341952407026,-0.01677574,-0.0221837222075927));
#15644=CARTESIAN_POINT('',(0.063,-0.00375,0.044));
#15645=CARTESIAN_POINT('',(0.079,-0.00375,0.043));
#15646=CARTESIAN_POINT('',(0.0756600257789951,-0.00375,0.0479844329871133));
#15647=CARTESIAN_POINT('',(0.075,-0.00375,0.034));
#15648=CARTESIAN_POINT('',(0.075,-0.00375,0.048));
#15649=CARTESIAN_POINT('',(0.063,-0.00375,0.048));
#15650=CARTESIAN_POINT('',(0.051,-0.00375,0.048));
#15651=CARTESIAN_POINT('',(0.048,-0.00375,0.044));
#15652=CARTESIAN_POINT('',(0.063,-0.01075,0.044));
#15653=CARTESIAN_POINT('',(0.075,-0.01075,0.048));
#15654=CARTESIAN_POINT('',(0.051,-0.01075,0.048));
#15655=CARTESIAN_POINT('',(0.075,-0.01075,0.048));
#15656=CARTESIAN_POINT('',(0.075,-0.01075,0.034));
#15657=CARTESIAN_POINT('',(0.0756600257789951,-0.01075,0.0479844329871133));
#15658=CARTESIAN_POINT('',(0.079,-0.01075,0.043));
#15659=CARTESIAN_POINT('',(0.048,-0.01075,0.044));
#15660=CARTESIAN_POINT('',(-0.063,-0.00375,0.044));
#15661=CARTESIAN_POINT('',(-0.075,-0.00375,0.048));
#15662=CARTESIAN_POINT('',(-0.051,-0.00375,0.048));
#15663=CARTESIAN_POINT('',(-0.075,-0.00375,0.048));
#15664=CARTESIAN_POINT('',(-0.075,-0.00375,0.034));
#15665=CARTESIAN_POINT('',(-0.0756600257789952,-0.00375,0.0479844329871133));
#15666=CARTESIAN_POINT('',(-0.079,-0.00375,0.043));
#15667=CARTESIAN_POINT('',(-0.048,-0.00375,0.044));
#15668=CARTESIAN_POINT('',(-0.063,-0.01075,0.044));
#15669=CARTESIAN_POINT('',(-0.079,-0.01075,0.043));
#15670=CARTESIAN_POINT('',(-0.0756600257789952,-0.01075,0.0479844329871133));
#15671=CARTESIAN_POINT('',(-0.075,-0.01075,0.034));
#15672=CARTESIAN_POINT('',(-0.075,-0.01075,0.048));
#15673=CARTESIAN_POINT('',(-0.063,-0.01075,0.048));
#15674=CARTESIAN_POINT('',(-0.051,-0.01075,0.048));
#15675=CARTESIAN_POINT('',(-0.048,-0.01075,0.044));
#15676=CARTESIAN_POINT('',(0.079,-0.0175,0.043));
#15677=CARTESIAN_POINT('',(0.0756600257789951,-0.01075,0.0479844329871133));
#15678=CARTESIAN_POINT('',(0.075825574925858,-0.01075,0.0480953643376322));
#15679=CARTESIAN_POINT('',(0.0761605675663847,-0.0107899248858969,0.0482963580474656));
#15680=CARTESIAN_POINT('',(0.0766815132532882,-0.0109560279891948,0.0485432402189253));
#15681=CARTESIAN_POINT('',(0.0771777318005705,-0.01122012338779,0.0487240196467057));
#15682=CARTESIAN_POINT('',(0.0774551518985787,-0.0115481912567419,0.0487977102672988));
#15683=CARTESIAN_POINT('',(0.0774551518985787,-0.01175,0.0487977102672988));
#15684=CARTESIAN_POINT('',(0.0774551518985789,-0.00275,0.0487977102672983));
#15685=CARTESIAN_POINT('',(0.0774551518985789,-0.00295238219065422,0.0487977102672983));
#15686=CARTESIAN_POINT('',(0.0771774924146071,-0.00328023744495448,0.0487239898152286));
#15687=CARTESIAN_POINT('',(0.0765138246493519,-0.00363190596534541,0.0484820113528883));
#15688=CARTESIAN_POINT('',(0.0759914787989386,-0.00374999999999999,0.0482065333834769));
#15689=CARTESIAN_POINT('',(0.0756600257789951,-0.00375,0.0479844329871133));
#15690=CARTESIAN_POINT('',(-0.079,-0.00725,0.043));
#15691=CARTESIAN_POINT('',(-0.0756600257789952,-0.00375,0.0479844329871133));
#15692=CARTESIAN_POINT('',(-0.0758255749258581,-0.00375,0.0480953643376322));
#15693=CARTESIAN_POINT('',(-0.0761605675663847,-0.00371007511410308,0.0482963580474657));
#15694=CARTESIAN_POINT('',(-0.0766815132532881,-0.00354397201080516,0.0485432402189253));
#15695=CARTESIAN_POINT('',(-0.0771777318005705,-0.00327987661221002,0.0487240196467057));
#15696=CARTESIAN_POINT('',(-0.0774551518985787,-0.00295180874325811,0.0487977102672988));
#15697=CARTESIAN_POINT('',(-0.0774551518985787,-0.00275,0.0487977102672988));
#15698=CARTESIAN_POINT('',(-0.0774551518985789,-0.01175,0.0487977102672983));
#15699=CARTESIAN_POINT('',(-0.0774551518985789,-0.0115476178093458,0.0487977102672983));
#15700=CARTESIAN_POINT('',(-0.0771774924146072,-0.0112197625550455,0.0487239898152286));
#15701=CARTESIAN_POINT('',(-0.076513824649352,-0.0108680940346546,0.0484820113528884));
#15702=CARTESIAN_POINT('',(-0.0759914787989387,-0.01075,0.0482065333834769));
#15703=CARTESIAN_POINT('',(-0.0756600257789952,-0.01075,0.0479844329871133));
#15704=CARTESIAN_POINT('',(-1.3785269222429E-17,-0.01175,0.048));
#15705=CARTESIAN_POINT('',(0.051,-0.01075,0.048));
#15706=CARTESIAN_POINT('',(0.0505424461621646,-0.01075,0.0483431653783765));
#15707=CARTESIAN_POINT('',(0.0495505916455665,-0.0110584312385517,0.0488424805564078));
#15708=CARTESIAN_POINT('',(0.0485151368383547,-0.0115196245703094,0.049));
#15709=CARTESIAN_POINT('',(0.048,-0.01175,0.049));
#15710=CARTESIAN_POINT('',(0.075,-0.01175,0.048));
#15711=CARTESIAN_POINT('',(0.075,-0.01175,0.034));
#15712=CARTESIAN_POINT('',(0.063,-0.00275,0.048));
#15713=CARTESIAN_POINT('',(0.051,-0.00375,0.048));
#15714=CARTESIAN_POINT('',(0.0505424461621646,-0.00375,0.0483431653783765));
#15715=CARTESIAN_POINT('',(0.0495505916455678,-0.00344156876144535,0.0488424805564078));
#15716=CARTESIAN_POINT('',(0.0485151368383521,-0.00298037542969644,0.049));
#15717=CARTESIAN_POINT('',(0.048,-0.00275,0.049));
#15718=CARTESIAN_POINT('',(0.075,-0.00275,0.048));
#15719=CARTESIAN_POINT('',(0.075,-0.00275,0.034));
#15720=CARTESIAN_POINT('',(-0.063,-0.01175,0.048));
#15721=CARTESIAN_POINT('',(-0.051,-0.01075,0.048));
#15722=CARTESIAN_POINT('',(-0.0505424461621646,-0.01075,0.0483431653783765));
#15723=CARTESIAN_POINT('',(-0.0495505916455714,-0.0110584312385626,0.0488424805564078));
#15724=CARTESIAN_POINT('',(-0.048515136838345,-0.0115196245702876,0.049));
#15725=CARTESIAN_POINT('',(-0.048,-0.01175,0.049));
#15726=CARTESIAN_POINT('',(-0.075,-0.01175,0.048));
#15727=CARTESIAN_POINT('',(-0.075,-0.01175,0.034));
#15728=CARTESIAN_POINT('',(-1.3785269222429E-17,-0.00275,0.048));
#15729=CARTESIAN_POINT('',(-0.051,-0.00375,0.048));
#15730=CARTESIAN_POINT('',(-0.0505424461621646,-0.00375,0.0483431653783765));
#15731=CARTESIAN_POINT('',(-0.0495505916455734,-0.00344156876143281,0.0488424805564078));
#15732=CARTESIAN_POINT('',(-0.0485151368383409,-0.00298037542972149,0.049));
#15733=CARTESIAN_POINT('',(-0.048,-0.00275,0.049));
#15734=CARTESIAN_POINT('',(-0.075,-0.00275,0.048));
#15735=CARTESIAN_POINT('',(-0.075,-0.00275,0.034));
#15736=CARTESIAN_POINT('',(0.048,-0.00725,0.044));
#15737=CARTESIAN_POINT('',(-0.048,-0.0175,0.044));
#15738=CARTESIAN_POINT('',(-3.87421576301487E-18,-2.14313189850787E-19,
0.044));
#15739=CARTESIAN_POINT('',(-4.26980080285929E-18,-2.14313189850787E-19,
0.0482757359312881));
#15740=CARTESIAN_POINT('',(0.0572978530992817,-0.0125,-0.017944014818137));
#15741=CARTESIAN_POINT('',(0.0724838377798127,-0.0125,-0.0229446867137011));
#15742=CARTESIAN_POINT('',(0.0602007286365195,-0.0125,-0.034));
#15743=CARTESIAN_POINT('',(0.0512270983707735,-0.0168,-0.0179213062726645));
#15744=CARTESIAN_POINT('',(0.0512270983707735,-0.0168,-0.0182179100053034));
#15745=CARTESIAN_POINT('',(0.0512270983707735,-0.0168,-0.0182179100053034));
#15746=CARTESIAN_POINT('',(0.0512270983707735,-0.0168,-0.0179213062726645));
#15747=CARTESIAN_POINT('',(0.0512270983707735,-0.0168,-0.0176247025400256));
#15748=CARTESIAN_POINT('',(0.0512270983707735,-0.0168,-0.0176247025400256));
#15749=CARTESIAN_POINT('',(0.0518643596554957,-0.0168,-0.0182179100053034));
#15750=CARTESIAN_POINT('',(0.0525016209402179,-0.0168,-0.0182179100053034));
#15751=CARTESIAN_POINT('',(0.0525016209402179,-0.0168,-0.0182179100053034));
#15752=CARTESIAN_POINT('',(0.0518643596554957,-0.0168,-0.0182179100053034));
#15753=CARTESIAN_POINT('',(0.0525016209402179,-0.0168,-0.0179213062726645));
#15754=CARTESIAN_POINT('',(0.0525016209402179,-0.0168,-0.0176247025400256));
#15755=CARTESIAN_POINT('',(0.0525016209402179,-0.0168,-0.0176247025400256));
#15756=CARTESIAN_POINT('',(0.0525016209402179,-0.0168,-0.0179213062726645));
#15757=CARTESIAN_POINT('',(0.0518643596554957,-0.0168,-0.0176247025400256));
#15758=CARTESIAN_POINT('',(0.0518643596554957,-0.0168,-0.0176247025400256));
#15759=CARTESIAN_POINT('',(0.,-0.0168,-6.93889390390723E-18));
#15760=CARTESIAN_POINT('',(0.0674192268761439,-0.0168,-0.0347738281250001));
#15761=CARTESIAN_POINT('',(0.0674192268761439,-0.0175,-0.0347738281250001));
#15762=CARTESIAN_POINT('',(0.0674192268761439,-0.0168,-0.0350424913194445));
#15763=CARTESIAN_POINT('',(0.0674192268761439,-0.0175,-0.0350424913194445));
#15764=CARTESIAN_POINT('',(0.0673225471886439,-0.0168,-0.0352541883680556));
#15765=CARTESIAN_POINT('',(0.0673225471886439,-0.0175,-0.0352541883680556));
#15766=CARTESIAN_POINT('',(0.0671291878136439,-0.0168,-0.0354089192708334));
#15767=CARTESIAN_POINT('',(0.0671291878136439,-0.0175,-0.0354089192708334));
#15768=CARTESIAN_POINT('',(0.0674192268761439,-0.0168,-0.0347738281250001));
#15769=CARTESIAN_POINT('',(0.0674192268761439,-0.0168,-0.0347738281250001));
#15770=CARTESIAN_POINT('',(0.0674192268761439,-0.0168,-0.0347738281250001));
#15771=CARTESIAN_POINT('',(0.0674192268761439,-0.0168,-0.0351768229166667));
#15772=CARTESIAN_POINT('',(0.0671291878136439,-0.0168,-0.0354089192708334));
#15773=CARTESIAN_POINT('',(0.0671291878136439,-0.0168,-0.0354089192708334));
#15774=CARTESIAN_POINT('',(0.0671291878136439,-0.0168,-0.0354089192708334));
#15775=CARTESIAN_POINT('',(0.0672646044803106,-0.0168,-0.0342826171875001));
#15776=CARTESIAN_POINT('',(0.0672646044803106,-0.0175,-0.0342826171875001));
#15777=CARTESIAN_POINT('',(0.0673676860775328,-0.0168,-0.0344160807291667));
#15778=CARTESIAN_POINT('',(0.0673676860775328,-0.0175,-0.0344160807291667));
#15779=CARTESIAN_POINT('',(0.0674192268761439,-0.0168,-0.0345798177083334));
#15780=CARTESIAN_POINT('',(0.0674192268761439,-0.0175,-0.0345798177083334));
#15781=CARTESIAN_POINT('',(0.0674192268761439,-0.0168,-0.0347738281250001));
#15782=CARTESIAN_POINT('',(0.0674192268761439,-0.0175,-0.0347738281250001));
#15783=CARTESIAN_POINT('',(0.0672646044803106,-0.0168,-0.0342826171875001));
#15784=CARTESIAN_POINT('',(0.0672646044803106,-0.0168,-0.0342826171875001));
#15785=CARTESIAN_POINT('',(0.0672646044803106,-0.0168,-0.0342826171875001));
#15786=CARTESIAN_POINT('',(0.0674192268761439,-0.0168,-0.0344828125));
#15787=CARTESIAN_POINT('',(0.0674192268761439,-0.0168,-0.0347738281250001));
#15788=CARTESIAN_POINT('',(0.0666926643761439,-0.0168,-0.0338825520833334));
#15789=CARTESIAN_POINT('',(0.0666926643761439,-0.0175,-0.0338825520833334));
#15790=CARTESIAN_POINT('',(0.0669708761816994,-0.0168,-0.0340157986111111));
#15791=CARTESIAN_POINT('',(0.0669708761816994,-0.0175,-0.0340157986111111));
#15792=CARTESIAN_POINT('',(0.0671615228830883,-0.0168,-0.0341491536458334));
#15793=CARTESIAN_POINT('',(0.0671615228830883,-0.0175,-0.0341491536458334));
#15794=CARTESIAN_POINT('',(0.0672646044803106,-0.0168,-0.0342826171875001));
#15795=CARTESIAN_POINT('',(0.0672646044803106,-0.0175,-0.0342826171875001));
#15796=CARTESIAN_POINT('',(0.0666926643761439,-0.0168,-0.0338825520833334));
#15797=CARTESIAN_POINT('',(0.0666926643761439,-0.0168,-0.0338825520833334));
#15798=CARTESIAN_POINT('',(0.0666926643761439,-0.0168,-0.0338825520833334));
#15799=CARTESIAN_POINT('',(0.0671099820844772,-0.0168,-0.034082421875));
#15800=CARTESIAN_POINT('',(0.0672646044803106,-0.0168,-0.0342826171875001));
#15801=CARTESIAN_POINT('',(0.0662932503136439,-0.0168,-0.0336742187500001));
#15802=CARTESIAN_POINT('',(0.0662932503136439,-0.0175,-0.0336742187500001));
#15803=CARTESIAN_POINT('',(0.0663494569108661,-0.0168,-0.0337128472222223));
#15804=CARTESIAN_POINT('',(0.0663494569108661,-0.0175,-0.0337128472222223));
#15805=CARTESIAN_POINT('',(0.0664825949316994,-0.0168,-0.0337822916666667));
#15806=CARTESIAN_POINT('',(0.0664825949316994,-0.0175,-0.0337822916666667));
#15807=CARTESIAN_POINT('',(0.0666926643761439,-0.0168,-0.0338825520833334));
#15808=CARTESIAN_POINT('',(0.0666926643761439,-0.0175,-0.0338825520833334));
#15809=CARTESIAN_POINT('',(0.0662932503136439,-0.0168,-0.0336742187500001));
#15810=CARTESIAN_POINT('',(0.0662932503136439,-0.0168,-0.0336742187500001));
#15811=CARTESIAN_POINT('',(0.0662932503136439,-0.0168,-0.0336742187500001));
#15812=CARTESIAN_POINT('',(0.0663775602094772,-0.0168,-0.0337321614583334));
#15813=CARTESIAN_POINT('',(0.0666926643761439,-0.0168,-0.0338825520833334));
#15814=CARTESIAN_POINT('',(0.066524501375997,-0.0168,-0.0333106338739789));
#15815=CARTESIAN_POINT('',(0.0661702034386439,-0.0168,-0.0335541015625));
#15816=CARTESIAN_POINT('',(0.0661699906742676,-0.0168,-0.0335542542974907));
#15817=CARTESIAN_POINT('',(0.066524501375997,-0.0168,-0.0333106338739789));
#15818=CARTESIAN_POINT('',(0.0664012919673789,-0.0168,-0.0334155912032091));
#15819=CARTESIAN_POINT('',(0.0661314664594772,-0.0168,-0.0334085937500001));
#15820=CARTESIAN_POINT('',(0.0661317181628924,-0.0168,-0.0334085929828981));
#15821=CARTESIAN_POINT('',(0.0664012919673789,-0.0168,-0.0334155912032091));
#15822=CARTESIAN_POINT('',(0.0664056196678059,-0.0168,-0.0333987347013841));
#15823=CARTESIAN_POINT('',(0.0662271695844772,-0.0168,-0.0331911458333334));
#15824=CARTESIAN_POINT('',(0.0662271695844772,-0.0168,-0.0331911458333334));
#15825=CARTESIAN_POINT('',(0.0664056196678059,-0.0168,-0.0333987347013841));
#15826=CARTESIAN_POINT('',(0.0665019091678106,-0.0168,-0.0331078125));
#15827=CARTESIAN_POINT('',(0.0665019091678106,-0.0175,-0.0331078125));
#15828=CARTESIAN_POINT('',(0.0663825515289217,-0.0168,-0.0331078125));
#15829=CARTESIAN_POINT('',(0.0663825515289217,-0.0175,-0.0331078125));
#15830=CARTESIAN_POINT('',(0.0662909716678105,-0.0168,-0.0331355902777778));
#15831=CARTESIAN_POINT('',(0.0662909716678105,-0.0175,-0.0331355902777778));
#15832=CARTESIAN_POINT('',(0.0662271695844772,-0.0168,-0.0331911458333334));
#15833=CARTESIAN_POINT('',(0.0662271695844772,-0.0175,-0.0331911458333334));
#15834=CARTESIAN_POINT('',(0.0665019091678106,-0.0168,-0.0331078125));
#15835=CARTESIAN_POINT('',(0.0665019091678106,-0.0168,-0.0331078125));
#15836=CARTESIAN_POINT('',(0.0665019091678106,-0.0168,-0.0331078125));
#15837=CARTESIAN_POINT('',(0.0663228727094772,-0.0168,-0.0331078125));
#15838=CARTESIAN_POINT('',(0.0662271695844772,-0.0168,-0.0331911458333334));
#15839=CARTESIAN_POINT('',(0.0664965202749878,-0.0168000000000001,-0.0343715072567293));
#15840=CARTESIAN_POINT('',(0.0668078987511439,-0.0168,-0.0331465494791667));
#15841=CARTESIAN_POINT('',(0.0668079674472466,-0.0168,-0.0331463052950687));
#15842=CARTESIAN_POINT('',(0.0664965202749878,-0.0168,-0.0343715072567293));
#15843=CARTESIAN_POINT('',(0.0659949809276674,-0.0168000000000004,-0.0361056428711289));
#15844=CARTESIAN_POINT('',(0.0672015827346486,-0.0168,-0.0332834169460633));
#15845=CARTESIAN_POINT('',(0.0672015827277473,-0.0168,-0.0332834169488777));
#15846=CARTESIAN_POINT('',(0.0659949809276674,-0.0168,-0.0361056428711289));
#15847=CARTESIAN_POINT('',(0.0673033414594772,-0.0168,-0.0330375));
#15848=CARTESIAN_POINT('',(0.0674048230031714,-0.0168,-0.0327922529360724));
#15849=CARTESIAN_POINT('',(0.0674048230031714,-0.0168,-0.0327922529360724));
#15850=CARTESIAN_POINT('',(0.0673033414594772,-0.0168,-0.0330375));
#15851=CARTESIAN_POINT('',(0.0661838913400542,-0.0168000000000003,-0.0355631566863885));
#15852=CARTESIAN_POINT('',(0.0669644742719772,-0.0168,-0.0326377604166667));
#15853=CARTESIAN_POINT('',(0.0669645024423974,-0.0168,-0.032637654370212));
#15854=CARTESIAN_POINT('',(0.0661838913400542,-0.0168,-0.0355631566863885));
#15855=CARTESIAN_POINT('',(0.066531049194924,-0.0168000000000001,-0.0343371094722463));
#15856=CARTESIAN_POINT('',(0.0665220914594772,-0.0168,-0.0325830729166667));
#15857=CARTESIAN_POINT('',(0.0665220914594772,-0.0168,-0.0325830729166667));
#15858=CARTESIAN_POINT('',(0.066531049194924,-0.0168,-0.0343371094722463));
#15859=CARTESIAN_POINT('',(0.0657825081261439,-0.0168,-0.0328086588541667));
#15860=CARTESIAN_POINT('',(0.0657825081261439,-0.0175,-0.0328086588541667));
#15861=CARTESIAN_POINT('',(0.0659608935428106,-0.0168,-0.0326582682291667));
#15862=CARTESIAN_POINT('',(0.0659608935428106,-0.0175,-0.0326582682291667));
#15863=CARTESIAN_POINT('',(0.0662074213205883,-0.0168,-0.0325830729166667));
#15864=CARTESIAN_POINT('',(0.0662074213205883,-0.0175,-0.0325830729166667));
#15865=CARTESIAN_POINT('',(0.0665220914594772,-0.0168,-0.0325830729166667));
#15866=CARTESIAN_POINT('',(0.0665220914594772,-0.0175,-0.0325830729166667));
#15867=CARTESIAN_POINT('',(0.0657825081261439,-0.0168,-0.0328086588541667));
#15868=CARTESIAN_POINT('',(0.0657825081261439,-0.0168,-0.0328086588541667));
#15869=CARTESIAN_POINT('',(0.0657825081261439,-0.0168,-0.0328086588541667));
#15870=CARTESIAN_POINT('',(0.0660500862511439,-0.0168,-0.0325830729166667));
#15871=CARTESIAN_POINT('',(0.0665220914594772,-0.0168,-0.0325830729166667));
#15872=CARTESIAN_POINT('',(0.0655149300011439,-0.0168,-0.0334294270833333));
#15873=CARTESIAN_POINT('',(0.0655149300011439,-0.0175,-0.0334294270833333));
#15874=CARTESIAN_POINT('',(0.0655149300011439,-0.0168,-0.0331659722222222));
#15875=CARTESIAN_POINT('',(0.0655149300011439,-0.0175,-0.0331659722222222));
#15876=CARTESIAN_POINT('',(0.0656041227094772,-0.0168,-0.0329590494791667));
#15877=CARTESIAN_POINT('',(0.0656041227094772,-0.0175,-0.0329590494791667));
#15878=CARTESIAN_POINT('',(0.0657825081261439,-0.0168,-0.0328086588541667));
#15879=CARTESIAN_POINT('',(0.0657825081261439,-0.0175,-0.0328086588541667));
#15880=CARTESIAN_POINT('',(0.0655149300011439,-0.0168,-0.0334294270833333));
#15881=CARTESIAN_POINT('',(0.0655149300011439,-0.0168,-0.0334294270833333));
#15882=CARTESIAN_POINT('',(0.0655149300011439,-0.0168,-0.0334294270833333));
#15883=CARTESIAN_POINT('',(0.0655149300011439,-0.0168,-0.0330342447916667));
#15884=CARTESIAN_POINT('',(0.0657825081261439,-0.0168,-0.0328086588541667));
#15885=CARTESIAN_POINT('',(0.0663011721875496,-0.0168,-0.033449427470675));
#15886=CARTESIAN_POINT('',(0.0655963102094772,-0.0168,-0.0337953125));
#15887=CARTESIAN_POINT('',(0.065596021035646,-0.0168,-0.0337954509453768));
#15888=CARTESIAN_POINT('',(0.0663011721875496,-0.0168,-0.033449427470675));
#15889=CARTESIAN_POINT('',(0.0664128023842382,-0.0168,-0.0333714108057584));
#15890=CARTESIAN_POINT('',(0.0658140836469772,-0.0168,-0.0340700520833334));
#15891=CARTESIAN_POINT('',(0.0658140836469772,-0.0168,-0.0340700520833334));
#15892=CARTESIAN_POINT('',(0.0664128023842382,-0.0168,-0.0333714108057584));
#15893=CARTESIAN_POINT('',(0.0662226122928106,-0.0168,-0.0343161458333334));
#15894=CARTESIAN_POINT('',(0.0662226122928106,-0.0175,-0.0343161458333334));
#15895=CARTESIAN_POINT('',(0.0660411886816995,-0.0168,-0.0342306423611112));
#15896=CARTESIAN_POINT('',(0.0660411886816995,-0.0175,-0.0342306423611112));
#15897=CARTESIAN_POINT('',(0.0659050124664217,-0.0168,-0.0341486111111112));
#15898=CARTESIAN_POINT('',(0.0659050124664217,-0.0175,-0.0341486111111112));
#15899=CARTESIAN_POINT('',(0.0658140836469772,-0.0168,-0.0340700520833334));
#15900=CARTESIAN_POINT('',(0.0658140836469772,-0.0175,-0.0340700520833334));
#15901=CARTESIAN_POINT('',(0.0662226122928106,-0.0168,-0.0343161458333334));
#15902=CARTESIAN_POINT('',(0.0662226122928106,-0.0168,-0.0343161458333334));
#15903=CARTESIAN_POINT('',(0.0662226122928106,-0.0168,-0.0343161458333334));
#15904=CARTESIAN_POINT('',(0.0659504768761439,-0.0168,-0.0341878906250001));
#15905=CARTESIAN_POINT('',(0.0658140836469772,-0.0168,-0.0340700520833334));
#15906=CARTESIAN_POINT('',(0.0666083544803106,-0.0168,-0.0345176432291667));
#15907=CARTESIAN_POINT('',(0.0666083544803106,-0.0175,-0.0345176432291667));
#15908=CARTESIAN_POINT('',(0.0665452034386439,-0.0168,-0.0344757595486111));
#15909=CARTESIAN_POINT('',(0.0665452034386439,-0.0175,-0.0344757595486111));
#15910=CARTESIAN_POINT('',(0.0664166227094773,-0.0168,-0.03440859375));
#15911=CARTESIAN_POINT('',(0.0664166227094773,-0.0175,-0.03440859375));
#15912=CARTESIAN_POINT('',(0.0662226122928106,-0.0168,-0.0343161458333334));
#15913=CARTESIAN_POINT('',(0.0662226122928106,-0.0175,-0.0343161458333334));
#15914=CARTESIAN_POINT('',(0.0666083544803106,-0.0168,-0.0345176432291667));
#15915=CARTESIAN_POINT('',(0.0666083544803106,-0.0168,-0.0345176432291667));
#15916=CARTESIAN_POINT('',(0.0666083544803106,-0.0168,-0.0345176432291667));
#15917=CARTESIAN_POINT('',(0.0665136279178106,-0.0168,-0.0344548177083333));
#15918=CARTESIAN_POINT('',(0.0662226122928106,-0.0168,-0.0343161458333334));
#15919=CARTESIAN_POINT('',(0.0663196356409118,-0.0168000000000001,-0.0349815230611796));
#15920=CARTESIAN_POINT('',(0.0667519091678106,-0.0168,-0.0346488281250001));
#15921=CARTESIAN_POINT('',(0.0667520946609047,-0.0168,-0.0346486813282716));
#15922=CARTESIAN_POINT('',(0.0663196356409118,-0.0168,-0.0349815230611796));
#15923=CARTESIAN_POINT('',(0.0665399497342453,-0.0168,-0.0348005017380153));
#15924=CARTESIAN_POINT('',(0.0668007372928106,-0.0168,-0.0348044270833333));
#15925=CARTESIAN_POINT('',(0.0668007372928106,-0.0168,-0.0348044270833333));
#15926=CARTESIAN_POINT('',(0.0665399497342453,-0.0168,-0.0348005017380153));
#15927=CARTESIAN_POINT('',(0.0666897346886439,-0.0168,-0.0350404296875));
#15928=CARTESIAN_POINT('',(0.0666897346886439,-0.0175,-0.0350404296875));
#15929=CARTESIAN_POINT('',(0.066763736424755,-0.0168,-0.0349876953125001));
#15930=CARTESIAN_POINT('',(0.066763736424755,-0.0175,-0.0349876953125001));
#15931=CARTESIAN_POINT('',(0.0668007372928106,-0.0168,-0.0349090277777778));
#15932=CARTESIAN_POINT('',(0.0668007372928106,-0.0175,-0.0349090277777778));
#15933=CARTESIAN_POINT('',(0.0668007372928106,-0.0168,-0.0348044270833333));
#15934=CARTESIAN_POINT('',(0.0668007372928106,-0.0175,-0.0348044270833333));
#15935=CARTESIAN_POINT('',(0.0666897346886439,-0.0168,-0.0350404296875));
#15936=CARTESIAN_POINT('',(0.0666897346886439,-0.0168,-0.0350404296875));
#15937=CARTESIAN_POINT('',(0.0666897346886439,-0.0168,-0.0350404296875));
#15938=CARTESIAN_POINT('',(0.0668007372928106,-0.0168,-0.0349613281250001));
#15939=CARTESIAN_POINT('',(0.0668007372928106,-0.0168,-0.0348044270833333));
#15940=CARTESIAN_POINT('',(0.0663717008344772,-0.0168,-0.0351195312500001));
#15941=CARTESIAN_POINT('',(0.0663717008344772,-0.0175,-0.0351195312500001));
#15942=CARTESIAN_POINT('',(0.0665097216678105,-0.0168,-0.0351195312500001));
#15943=CARTESIAN_POINT('',(0.0665097216678105,-0.0175,-0.0351195312500001));
#15944=CARTESIAN_POINT('',(0.0666157329525328,-0.0168,-0.0350931640625));
#15945=CARTESIAN_POINT('',(0.0666157329525328,-0.0175,-0.0350931640625));
#15946=CARTESIAN_POINT('',(0.0666897346886439,-0.0168,-0.0350404296875));
#15947=CARTESIAN_POINT('',(0.0666897346886439,-0.0175,-0.0350404296875));
#15948=CARTESIAN_POINT('',(0.0663717008344772,-0.0168,-0.0351195312500001));
#15949=CARTESIAN_POINT('',(0.0663717008344772,-0.0168,-0.0351195312500001));
#15950=CARTESIAN_POINT('',(0.0663717008344772,-0.0168,-0.0351195312500001));
#15951=CARTESIAN_POINT('',(0.0665787320844772,-0.0168,-0.0351195312500001));
#15952=CARTESIAN_POINT('',(0.0666897346886439,-0.0168,-0.0350404296875));
#15953=CARTESIAN_POINT('',(0.0663987378365916,-0.0168000000000001,-0.0335960673561069));
#15954=CARTESIAN_POINT('',(0.0659898648969772,-0.0168,-0.0350648437500001));
#15955=CARTESIAN_POINT('',(0.0659898648969772,-0.0168,-0.0350648437500001));
#15956=CARTESIAN_POINT('',(0.0663987378365916,-0.0168,-0.0335960673561069));
#15957=CARTESIAN_POINT('',(0.0654804247928106,-0.0168,-0.0348753906250001));
#15958=CARTESIAN_POINT('',(0.0654804247928106,-0.0175,-0.0348753906250001));
#15959=CARTESIAN_POINT('',(0.0656809456261439,-0.0168,-0.034965234375));
#15960=CARTESIAN_POINT('',(0.0656809456261439,-0.0175,-0.034965234375));
#15961=CARTESIAN_POINT('',(0.0658507589941995,-0.0168,-0.0350283854166667));
#15962=CARTESIAN_POINT('',(0.0658507589941995,-0.0175,-0.0350283854166667));
#15963=CARTESIAN_POINT('',(0.0659898648969772,-0.0168,-0.0350648437500001));
#15964=CARTESIAN_POINT('',(0.0659898648969772,-0.0175,-0.0350648437500001));
#15965=CARTESIAN_POINT('',(0.0654804247928106,-0.0168,-0.0348753906250001));
#15966=CARTESIAN_POINT('',(0.0654804247928106,-0.0168,-0.0348753906250001));
#15967=CARTESIAN_POINT('',(0.0654804247928106,-0.0168,-0.0348753906250001));
#15968=CARTESIAN_POINT('',(0.0657812060428106,-0.0168,-0.0350101562500001));
#15969=CARTESIAN_POINT('',(0.0659898648969772,-0.0168,-0.0350648437500001));
#15970=CARTESIAN_POINT('',(0.0654804247928106,-0.0168,-0.035168359375));
#15971=CARTESIAN_POINT('',(0.0654804247928106,-0.0168,-0.0354613281250001));
#15972=CARTESIAN_POINT('',(0.0654804247928106,-0.0168,-0.0354613281250001));
#15973=CARTESIAN_POINT('',(0.0654804247928106,-0.0168,-0.035168359375));
#15974=CARTESIAN_POINT('',(0.0663228727094772,-0.0168,-0.035641015625));
#15975=CARTESIAN_POINT('',(0.0663228727094772,-0.0175,-0.035641015625));
#15976=CARTESIAN_POINT('',(0.0660051643761439,-0.0168,-0.035641015625));
#15977=CARTESIAN_POINT('',(0.0660051643761439,-0.0175,-0.035641015625));
#15978=CARTESIAN_POINT('',(0.0657243484039217,-0.0168,-0.0355811197916667));
#15979=CARTESIAN_POINT('',(0.0657243484039217,-0.0175,-0.0355811197916667));
#15980=CARTESIAN_POINT('',(0.0654804247928106,-0.0168,-0.0354613281250001));
#15981=CARTESIAN_POINT('',(0.0654804247928106,-0.0175,-0.0354613281250001));
#15982=CARTESIAN_POINT('',(0.0663228727094772,-0.0168,-0.035641015625));
#15983=CARTESIAN_POINT('',(0.0663228727094772,-0.0168,-0.035641015625));
#15984=CARTESIAN_POINT('',(0.0663228727094772,-0.0168,-0.035641015625));
#15985=CARTESIAN_POINT('',(0.0658463102094772,-0.0168,-0.035641015625));
#15986=CARTESIAN_POINT('',(0.0654804247928106,-0.0168,-0.0354613281250001));
#15987=CARTESIAN_POINT('',(0.0671291878136439,-0.0168,-0.0354089192708334));
#15988=CARTESIAN_POINT('',(0.0671291878136439,-0.0175,-0.0354089192708334));
#15989=CARTESIAN_POINT('',(0.0669358284386439,-0.0168,-0.0355636501736111));
#15990=CARTESIAN_POINT('',(0.0669358284386439,-0.0175,-0.0355636501736111));
#15991=CARTESIAN_POINT('',(0.066667056737255,-0.0168,-0.035641015625));
#15992=CARTESIAN_POINT('',(0.066667056737255,-0.0175,-0.035641015625));
#15993=CARTESIAN_POINT('',(0.0663228727094772,-0.0168,-0.035641015625));
#15994=CARTESIAN_POINT('',(0.0663228727094772,-0.0175,-0.035641015625));
#15995=CARTESIAN_POINT('',(0.0671291878136439,-0.0168,-0.0354089192708334));
#15996=CARTESIAN_POINT('',(0.0668391487511439,-0.0168,-0.035641015625));
#15997=CARTESIAN_POINT('',(0.0663228727094772,-0.0168,-0.035641015625));
#15998=CARTESIAN_POINT('',(0.,-0.0168,-6.93889390390723E-18));
#15999=CARTESIAN_POINT('',(0.0714312711469772,-0.0168,-0.0356));
#16000=CARTESIAN_POINT('',(0.0722877164594772,-0.0168,-0.0356));
#16001=CARTESIAN_POINT('',(0.0722877164594772,-0.0168,-0.0356));
#16002=CARTESIAN_POINT('',(0.0714312711469772,-0.0168,-0.0356));
#16003=CARTESIAN_POINT('',(0.0705748258344772,-0.0168,-0.0356));
#16004=CARTESIAN_POINT('',(0.0705748258344772,-0.0168,-0.0356));
#16005=CARTESIAN_POINT('',(0.0722877164594772,-0.0168,-0.0353395833333333));
#16006=CARTESIAN_POINT('',(0.0722877164594772,-0.0168,-0.0350791666666667));
#16007=CARTESIAN_POINT('',(0.0722877164594772,-0.0168,-0.0350791666666667));
#16008=CARTESIAN_POINT('',(0.0722877164594772,-0.0168,-0.0353395833333333));
#16009=CARTESIAN_POINT('',(0.0717467008344772,-0.0168,-0.0350791666666667));
#16010=CARTESIAN_POINT('',(0.0712056852094772,-0.0168,-0.0350791666666667));
#16011=CARTESIAN_POINT('',(0.0712056852094772,-0.0168,-0.0350791666666667));
#16012=CARTESIAN_POINT('',(0.0717467008344772,-0.0168,-0.0350791666666667));
#16013=CARTESIAN_POINT('',(0.0712056852094772,-0.0168,-0.0346957031250001));
#16014=CARTESIAN_POINT('',(0.0712056852094772,-0.0168,-0.0343122395833333));
#16015=CARTESIAN_POINT('',(0.0712056852094772,-0.0168,-0.0343122395833333));
#16016=CARTESIAN_POINT('',(0.0712056852094772,-0.0168,-0.0346957031250001));
#16017=CARTESIAN_POINT('',(0.0717092659386439,-0.0168,-0.0343122395833333));
#16018=CARTESIAN_POINT('',(0.0722128466678106,-0.0168,-0.0343122395833333));
#16019=CARTESIAN_POINT('',(0.0722128466678106,-0.0168,-0.0343122395833333));
#16020=CARTESIAN_POINT('',(0.0717092659386439,-0.0168,-0.0343122395833333));
#16021=CARTESIAN_POINT('',(0.0722128466678106,-0.0168,-0.0340537760416667));
#16022=CARTESIAN_POINT('',(0.0722128466678106,-0.0168,-0.0337953125));
#16023=CARTESIAN_POINT('',(0.0722128466678106,-0.0168,-0.0337953125));
#16024=CARTESIAN_POINT('',(0.0722128466678106,-0.0168,-0.0340537760416667));
#16025=CARTESIAN_POINT('',(0.0717092659386439,-0.0168,-0.0337953125));
#16026=CARTESIAN_POINT('',(0.0712056852094772,-0.0168,-0.0337953125));
#16027=CARTESIAN_POINT('',(0.0712056852094772,-0.0168,-0.0337953125));
#16028=CARTESIAN_POINT('',(0.0717092659386439,-0.0168,-0.0337953125));
#16029=CARTESIAN_POINT('',(0.0712056852094772,-0.0168,-0.0334688151041667));
#16030=CARTESIAN_POINT('',(0.0712056852094772,-0.0168,-0.0331423177083333));
#16031=CARTESIAN_POINT('',(0.0712056852094772,-0.0168,-0.0331423177083333));
#16032=CARTESIAN_POINT('',(0.0712056852094772,-0.0168,-0.0334688151041667));
#16033=CARTESIAN_POINT('',(0.0717467008344772,-0.0168,-0.0331423177083333));
#16034=CARTESIAN_POINT('',(0.0722877164594772,-0.0168,-0.0331423177083333));
#16035=CARTESIAN_POINT('',(0.0722877164594772,-0.0168,-0.0331423177083333));
#16036=CARTESIAN_POINT('',(0.0717467008344772,-0.0168,-0.0331423177083333));
#16037=CARTESIAN_POINT('',(0.0722877164594772,-0.0168,-0.0328838541666667));
#16038=CARTESIAN_POINT('',(0.0722877164594772,-0.0168,-0.032625390625));
#16039=CARTESIAN_POINT('',(0.0722877164594772,-0.0168,-0.032625390625));
#16040=CARTESIAN_POINT('',(0.0722877164594772,-0.0168,-0.0328838541666667));
#16041=CARTESIAN_POINT('',(0.0714312711469772,-0.0168,-0.032625390625));
#16042=CARTESIAN_POINT('',(0.0705748258344772,-0.0168,-0.032625390625));
#16043=CARTESIAN_POINT('',(0.0705748258344772,-0.0168,-0.032625390625));
#16044=CARTESIAN_POINT('',(0.0714312711469772,-0.0168,-0.032625390625));
#16045=CARTESIAN_POINT('',(0.0705748258344772,-0.0168,-0.0341126953125001));
#16046=CARTESIAN_POINT('',(0.0705748258344772,-0.0168,-0.0341126953125001));
#16047=CARTESIAN_POINT('',(0.,-0.0168,-6.93889390390723E-18));
#16048=CARTESIAN_POINT('',(0.0737646044803106,-0.0168,-0.0356));
#16049=CARTESIAN_POINT('',(0.0746210497928106,-0.0168,-0.0356));
#16050=CARTESIAN_POINT('',(0.0746210497928106,-0.0168,-0.0356));
#16051=CARTESIAN_POINT('',(0.0737646044803106,-0.0168,-0.0356));
#16052=CARTESIAN_POINT('',(0.0729081591678106,-0.0168,-0.0356));
#16053=CARTESIAN_POINT('',(0.0729081591678106,-0.0168,-0.0356));
#16054=CARTESIAN_POINT('',(0.0746210497928106,-0.0168,-0.0353395833333333));
#16055=CARTESIAN_POINT('',(0.0746210497928106,-0.0168,-0.0350791666666667));
#16056=CARTESIAN_POINT('',(0.0746210497928106,-0.0168,-0.0350791666666667));
#16057=CARTESIAN_POINT('',(0.0746210497928106,-0.0168,-0.0353395833333333));
#16058=CARTESIAN_POINT('',(0.0740800341678106,-0.0168,-0.0350791666666667));
#16059=CARTESIAN_POINT('',(0.0735390185428106,-0.0168,-0.0350791666666667));
#16060=CARTESIAN_POINT('',(0.0735390185428106,-0.0168,-0.0350791666666667));
#16061=CARTESIAN_POINT('',(0.0740800341678106,-0.0168,-0.0350791666666667));
#16062=CARTESIAN_POINT('',(0.0735390185428106,-0.0168,-0.0346957031250001));
#16063=CARTESIAN_POINT('',(0.0735390185428106,-0.0168,-0.0343122395833333));
#16064=CARTESIAN_POINT('',(0.0735390185428106,-0.0168,-0.0343122395833333));
#16065=CARTESIAN_POINT('',(0.0735390185428106,-0.0168,-0.0346957031250001));
#16066=CARTESIAN_POINT('',(0.0740425992719772,-0.0168,-0.0343122395833333));
#16067=CARTESIAN_POINT('',(0.0745461800011439,-0.0168,-0.0343122395833333));
#16068=CARTESIAN_POINT('',(0.0745461800011439,-0.0168,-0.0343122395833333));
#16069=CARTESIAN_POINT('',(0.0740425992719772,-0.0168,-0.0343122395833333));
#16070=CARTESIAN_POINT('',(0.0745461800011439,-0.0168,-0.0340537760416667));
#16071=CARTESIAN_POINT('',(0.0745461800011439,-0.0168,-0.0337953125));
#16072=CARTESIAN_POINT('',(0.0745461800011439,-0.0168,-0.0337953125));
#16073=CARTESIAN_POINT('',(0.0745461800011439,-0.0168,-0.0340537760416667));
#16074=CARTESIAN_POINT('',(0.0740425992719772,-0.0168,-0.0337953125));
#16075=CARTESIAN_POINT('',(0.0735390185428106,-0.0168,-0.0337953125));
#16076=CARTESIAN_POINT('',(0.0735390185428106,-0.0168,-0.0337953125));
#16077=CARTESIAN_POINT('',(0.0740425992719772,-0.0168,-0.0337953125));
#16078=CARTESIAN_POINT('',(0.0735390185428106,-0.0168,-0.0334688151041667));
#16079=CARTESIAN_POINT('',(0.0735390185428106,-0.0168,-0.0331423177083333));
#16080=CARTESIAN_POINT('',(0.0735390185428106,-0.0168,-0.0331423177083333));
#16081=CARTESIAN_POINT('',(0.0735390185428106,-0.0168,-0.0334688151041667));
#16082=CARTESIAN_POINT('',(0.0740800341678106,-0.0168,-0.0331423177083333));
#16083=CARTESIAN_POINT('',(0.0746210497928106,-0.0168,-0.0331423177083333));
#16084=CARTESIAN_POINT('',(0.0746210497928106,-0.0168,-0.0331423177083333));
#16085=CARTESIAN_POINT('',(0.0740800341678106,-0.0168,-0.0331423177083333));
#16086=CARTESIAN_POINT('',(0.0746210497928106,-0.0168,-0.0328838541666667));
#16087=CARTESIAN_POINT('',(0.0746210497928106,-0.0168,-0.032625390625));
#16088=CARTESIAN_POINT('',(0.0746210497928106,-0.0168,-0.032625390625));
#16089=CARTESIAN_POINT('',(0.0746210497928106,-0.0168,-0.0328838541666667));
#16090=CARTESIAN_POINT('',(0.0737646044803106,-0.0168,-0.032625390625));
#16091=CARTESIAN_POINT('',(0.0729081591678106,-0.0168,-0.032625390625));
#16092=CARTESIAN_POINT('',(0.0729081591678106,-0.0168,-0.032625390625));
#16093=CARTESIAN_POINT('',(0.0737646044803106,-0.0168,-0.032625390625));
#16094=CARTESIAN_POINT('',(0.0729081591678106,-0.0168,-0.0341126953125001));
#16095=CARTESIAN_POINT('',(0.0729081591678106,-0.0168,-0.0341126953125001));
#16096=CARTESIAN_POINT('',(0.,-0.0168,-6.93889390390723E-18));
#16097=CARTESIAN_POINT('',(0.0700129768761439,-0.0168,-0.0335531250000001));
#16098=CARTESIAN_POINT('',(0.0700129768761439,-0.0175,-0.0335531250000001));
#16099=CARTESIAN_POINT('',(0.0700129768761439,-0.0168,-0.0338734375000001));
#16100=CARTESIAN_POINT('',(0.0700129768761439,-0.0175,-0.0338734375000001));
#16101=CARTESIAN_POINT('',(0.0699129334733661,-0.0168,-0.0341183376736112));
#16102=CARTESIAN_POINT('',(0.0699129334733661,-0.0175,-0.0341183376736112));
#16103=CARTESIAN_POINT('',(0.0697128466678106,-0.0168,-0.0342878255208333));
#16104=CARTESIAN_POINT('',(0.0697128466678106,-0.0175,-0.0342878255208333));
#16105=CARTESIAN_POINT('',(0.0700129768761439,-0.0168,-0.0335531250000001));
#16106=CARTESIAN_POINT('',(0.0700129768761439,-0.0168,-0.0335531250000001));
#16107=CARTESIAN_POINT('',(0.0700129768761439,-0.0168,-0.0335531250000001));
#16108=CARTESIAN_POINT('',(0.0700129768761439,-0.0168,-0.0340335937500001));
#16109=CARTESIAN_POINT('',(0.0697128466678106,-0.0168,-0.0342878255208333));
#16110=CARTESIAN_POINT('',(0.0697128466678106,-0.0168,-0.0342878255208333));
#16111=CARTESIAN_POINT('',(0.0697128466678106,-0.0168,-0.0342878255208333));
#16112=CARTESIAN_POINT('',(0.0697314013553106,-0.0168,-0.0328584635416667));
#16113=CARTESIAN_POINT('',(0.0697314013553106,-0.0175,-0.0328584635416667));
#16114=CARTESIAN_POINT('',(0.0699191183691995,-0.0168,-0.0330138454861111));
#16115=CARTESIAN_POINT('',(0.0699191183691995,-0.0175,-0.0330138454861111));
#16116=CARTESIAN_POINT('',(0.0700129768761439,-0.0168,-0.0332453993055556));
#16117=CARTESIAN_POINT('',(0.0700129768761439,-0.0175,-0.0332453993055556));
#16118=CARTESIAN_POINT('',(0.0700129768761439,-0.0168,-0.0335531250000001));
#16119=CARTESIAN_POINT('',(0.0700129768761439,-0.0175,-0.0335531250000001));
#16120=CARTESIAN_POINT('',(0.0697314013553106,-0.0168,-0.0328584635416667));
#16121=CARTESIAN_POINT('',(0.0697314013553106,-0.0168,-0.0328584635416667));
#16122=CARTESIAN_POINT('',(0.0697314013553106,-0.0168,-0.0328584635416667));
#16123=CARTESIAN_POINT('',(0.0700129768761439,-0.0168,-0.0330915364583334));
#16124=CARTESIAN_POINT('',(0.0700129768761439,-0.0168,-0.0335531250000001));
#16125=CARTESIAN_POINT('',(0.0689081591678106,-0.0168,-0.032625390625));
#16126=CARTESIAN_POINT('',(0.0689081591678106,-0.0175,-0.032625390625));
#16127=CARTESIAN_POINT('',(0.0692692702789217,-0.0168,-0.032625390625));
#16128=CARTESIAN_POINT('',(0.0692692702789217,-0.0175,-0.032625390625));
#16129=CARTESIAN_POINT('',(0.0695436843414217,-0.0168,-0.0327030815972223));
#16130=CARTESIAN_POINT('',(0.0695436843414217,-0.0175,-0.0327030815972223));
#16131=CARTESIAN_POINT('',(0.0697314013553106,-0.0168,-0.0328584635416667));
#16132=CARTESIAN_POINT('',(0.0697314013553106,-0.0175,-0.0328584635416667));
#16133=CARTESIAN_POINT('',(0.0689081591678106,-0.0168,-0.032625390625));
#16134=CARTESIAN_POINT('',(0.0689081591678106,-0.0168,-0.032625390625));
#16135=CARTESIAN_POINT('',(0.0689081591678106,-0.0168,-0.032625390625));
#16136=CARTESIAN_POINT('',(0.0694498258344772,-0.0168,-0.032625390625));
#16137=CARTESIAN_POINT('',(0.0697314013553106,-0.0168,-0.0328584635416667));
#16138=CARTESIAN_POINT('',(0.0684332242719772,-0.0168,-0.032625390625));
#16139=CARTESIAN_POINT('',(0.0679582893761439,-0.0168,-0.032625390625));
#16140=CARTESIAN_POINT('',(0.0679582893761439,-0.0168,-0.032625390625));
#16141=CARTESIAN_POINT('',(0.0684332242719772,-0.0168,-0.032625390625));
#16142=CARTESIAN_POINT('',(0.0679582893761439,-0.0168,-0.0341126953125001));
#16143=CARTESIAN_POINT('',(0.0679582893761439,-0.0168,-0.0356));
#16144=CARTESIAN_POINT('',(0.0679582893761439,-0.0168,-0.0356));
#16145=CARTESIAN_POINT('',(0.0679582893761439,-0.0168,-0.0341126953125001));
#16146=CARTESIAN_POINT('',(0.0682737190636439,-0.0168,-0.0356));
#16147=CARTESIAN_POINT('',(0.0685891487511439,-0.0168,-0.0356));
#16148=CARTESIAN_POINT('',(0.0685891487511439,-0.0168,-0.0356));
#16149=CARTESIAN_POINT('',(0.0682737190636439,-0.0168,-0.0356));
#16150=CARTESIAN_POINT('',(0.0685891487511439,-0.0168,-0.0350710286458333));
#16151=CARTESIAN_POINT('',(0.0685891487511439,-0.0168,-0.0345420572916667));
#16152=CARTESIAN_POINT('',(0.0685891487511439,-0.0168,-0.0345420572916667));
#16153=CARTESIAN_POINT('',(0.0685891487511439,-0.0168,-0.0350710286458333));
#16154=CARTESIAN_POINT('',(0.0687242398969772,-0.0168,-0.0345420572916667));
#16155=CARTESIAN_POINT('',(0.0688593310428106,-0.0168,-0.0345420572916667));
#16156=CARTESIAN_POINT('',(0.0688593310428106,-0.0168,-0.0345420572916667));
#16157=CARTESIAN_POINT('',(0.0687242398969772,-0.0168,-0.0345420572916667));
#16158=CARTESIAN_POINT('',(0.0686929898969772,-0.0168,-0.0340251302083334));
#16159=CARTESIAN_POINT('',(0.0686929898969772,-0.0175,-0.0340251302083334));
#16160=CARTESIAN_POINT('',(0.0685891487511439,-0.0175,-0.0340251302083334));
#16161=CARTESIAN_POINT('',(0.0687968310428106,-0.0175,-0.0340251302083334));
#16162=CARTESIAN_POINT('',(0.0685891487511439,-0.0168,-0.0340251302083334));
#16163=CARTESIAN_POINT('',(0.0685891487511439,-0.0168,-0.0340251302083334));
#16164=CARTESIAN_POINT('',(0.0686929898969772,-0.0168,-0.0340251302083334));
#16165=CARTESIAN_POINT('',(0.0687968310428106,-0.0168,-0.0340251302083334));
#16166=CARTESIAN_POINT('',(0.0687968310428106,-0.0168,-0.0340251302083334));
#16167=CARTESIAN_POINT('',(0.0685891487511439,-0.0168,-0.0335837239583334));
#16168=CARTESIAN_POINT('',(0.0685891487511439,-0.0175,-0.0335837239583334));
#16169=CARTESIAN_POINT('',(0.0685891487511439,-0.0175,-0.0331423177083333));
#16170=CARTESIAN_POINT('',(0.0685891487511439,-0.0168,-0.0331423177083333));
#16171=CARTESIAN_POINT('',(0.0685891487511439,-0.0168,-0.0331423177083333));
#16172=CARTESIAN_POINT('',(0.0685891487511439,-0.0168,-0.0335837239583334));
#16173=CARTESIAN_POINT('',(0.0687323779178106,-0.0168,-0.0331423177083333));
#16174=CARTESIAN_POINT('',(0.0687323779178106,-0.0175,-0.0331423177083333));
#16175=CARTESIAN_POINT('',(0.0688756070844772,-0.0175,-0.0331423177083333));
#16176=CARTESIAN_POINT('',(0.0688756070844772,-0.0168,-0.0331423177083333));
#16177=CARTESIAN_POINT('',(0.0688756070844772,-0.0168,-0.0331423177083333));
#16178=CARTESIAN_POINT('',(0.0687323779178106,-0.0168,-0.0331423177083333));
#16179=CARTESIAN_POINT('',(0.0692551643761439,-0.0168,-0.0332481119791667));
#16180=CARTESIAN_POINT('',(0.0692551643761439,-0.0175,-0.0332481119791667));
#16181=CARTESIAN_POINT('',(0.0691744352094772,-0.0168,-0.0331775824652778));
#16182=CARTESIAN_POINT('',(0.0691744352094772,-0.0175,-0.0331775824652778));
#16183=CARTESIAN_POINT('',(0.069047916112255,-0.0168,-0.0331423177083333));
#16184=CARTESIAN_POINT('',(0.069047916112255,-0.0175,-0.0331423177083333));
#16185=CARTESIAN_POINT('',(0.0688756070844772,-0.0168,-0.0331423177083333));
#16186=CARTESIAN_POINT('',(0.0688756070844772,-0.0175,-0.0331423177083333));
#16187=CARTESIAN_POINT('',(0.0692551643761439,-0.0175,-0.0332481119791667));
#16188=CARTESIAN_POINT('',(0.0691340706261439,-0.0175,-0.0331423177083333));
#16189=CARTESIAN_POINT('',(0.0688756070844772,-0.0175,-0.0331423177083333));
#16190=CARTESIAN_POINT('',(0.0692551643761439,-0.0175,-0.0332481119791667));
#16191=CARTESIAN_POINT('',(0.0692551643761439,-0.0168,-0.0332481119791667));
#16192=CARTESIAN_POINT('',(0.0692551643761439,-0.0168,-0.0332481119791667));
#16193=CARTESIAN_POINT('',(0.0692551643761439,-0.0168,-0.0332481119791667));
#16194=CARTESIAN_POINT('',(0.0691340706261439,-0.0168,-0.0331423177083333));
#16195=CARTESIAN_POINT('',(0.0688756070844772,-0.0168,-0.0331423177083333));
#16196=CARTESIAN_POINT('',(0.0693762581261439,-0.0168,-0.0335759114583334));
#16197=CARTESIAN_POINT('',(0.0693762581261439,-0.0175,-0.0335759114583334));
#16198=CARTESIAN_POINT('',(0.0693762581261439,-0.0168,-0.0334279079861112));
#16199=CARTESIAN_POINT('',(0.0693762581261439,-0.0175,-0.0334279079861112));
#16200=CARTESIAN_POINT('',(0.0693358935428106,-0.0168,-0.0333186414930556));
#16201=CARTESIAN_POINT('',(0.0693358935428106,-0.0175,-0.0333186414930556));
#16202=CARTESIAN_POINT('',(0.0692551643761439,-0.0168,-0.0332481119791667));
#16203=CARTESIAN_POINT('',(0.0692551643761439,-0.0175,-0.0332481119791667));
#16204=CARTESIAN_POINT('',(0.0693762581261439,-0.0175,-0.0335759114583334));
#16205=CARTESIAN_POINT('',(0.0693762581261439,-0.0175,-0.0333539062500001));
#16206=CARTESIAN_POINT('',(0.0692551643761439,-0.0175,-0.0332481119791667));
#16207=CARTESIAN_POINT('',(0.0693762581261439,-0.0175,-0.0335759114583334));
#16208=CARTESIAN_POINT('',(0.0693762581261439,-0.0168,-0.0335759114583334));
#16209=CARTESIAN_POINT('',(0.0693762581261439,-0.0168,-0.0335759114583334));
#16210=CARTESIAN_POINT('',(0.0693762581261439,-0.0168,-0.0335759114583334));
#16211=CARTESIAN_POINT('',(0.0693762581261439,-0.0168,-0.0333539062500001));
#16212=CARTESIAN_POINT('',(0.0692551643761439,-0.0168,-0.0332481119791667));
#16213=CARTESIAN_POINT('',(0.0692317268761439,-0.0168,-0.0339102213541667));
#16214=CARTESIAN_POINT('',(0.0692317268761439,-0.0175,-0.0339102213541667));
#16215=CARTESIAN_POINT('',(0.0693280810428106,-0.0168,-0.0338336154513889));
#16216=CARTESIAN_POINT('',(0.0693280810428106,-0.0175,-0.0338336154513889));
#16217=CARTESIAN_POINT('',(0.0693762581261439,-0.0168,-0.0337221788194445));
#16218=CARTESIAN_POINT('',(0.0693762581261439,-0.0175,-0.0337221788194445));
#16219=CARTESIAN_POINT('',(0.0693762581261439,-0.0168,-0.0335759114583334));
#16220=CARTESIAN_POINT('',(0.0693762581261439,-0.0175,-0.0335759114583334));
#16221=CARTESIAN_POINT('',(0.0692317268761439,-0.0175,-0.0339102213541667));
#16222=CARTESIAN_POINT('',(0.0693762581261439,-0.0175,-0.0337953125));
#16223=CARTESIAN_POINT('',(0.0693762581261439,-0.0175,-0.0335759114583334));
#16224=CARTESIAN_POINT('',(0.0692317268761439,-0.0175,-0.0339102213541667));
#16225=CARTESIAN_POINT('',(0.0692317268761439,-0.0168,-0.0339102213541667));
#16226=CARTESIAN_POINT('',(0.0692317268761439,-0.0168,-0.0339102213541667));
#16227=CARTESIAN_POINT('',(0.0692317268761439,-0.0168,-0.0339102213541667));
#16228=CARTESIAN_POINT('',(0.0693762581261439,-0.0168,-0.0337953125));
#16229=CARTESIAN_POINT('',(0.0693762581261439,-0.0168,-0.0335759114583334));
#16230=CARTESIAN_POINT('',(0.0687968310428106,-0.0168,-0.0340251302083334));
#16231=CARTESIAN_POINT('',(0.0687968310428106,-0.0175,-0.0340251302083334));
#16232=CARTESIAN_POINT('',(0.0689904074316995,-0.0168,-0.0340251302083334));
#16233=CARTESIAN_POINT('',(0.0689904074316995,-0.0175,-0.0340251302083334));
#16234=CARTESIAN_POINT('',(0.0691353727094772,-0.0168,-0.0339868272569445));
#16235=CARTESIAN_POINT('',(0.0691353727094772,-0.0175,-0.0339868272569445));
#16236=CARTESIAN_POINT('',(0.0692317268761439,-0.0168,-0.0339102213541667));
#16237=CARTESIAN_POINT('',(0.0692317268761439,-0.0175,-0.0339102213541667));
#16238=CARTESIAN_POINT('',(0.0687968310428106,-0.0175,-0.0340251302083334));
#16239=CARTESIAN_POINT('',(0.0690871956261439,-0.0175,-0.0340251302083334));
#16240=CARTESIAN_POINT('',(0.0692317268761439,-0.0175,-0.0339102213541667));
#16241=CARTESIAN_POINT('',(0.0687968310428106,-0.0168,-0.0340251302083334));
#16242=CARTESIAN_POINT('',(0.0690871956261439,-0.0168,-0.0340251302083334));
#16243=CARTESIAN_POINT('',(0.0692317268761439,-0.0168,-0.0339102213541667));
#16244=CARTESIAN_POINT('',(0.0697128466678106,-0.0168,-0.0342878255208333));
#16245=CARTESIAN_POINT('',(0.0697128466678106,-0.0175,-0.0342878255208333));
#16246=CARTESIAN_POINT('',(0.069512759862255,-0.0168,-0.0344573133680556));
#16247=CARTESIAN_POINT('',(0.069512759862255,-0.0175,-0.0344573133680556));
#16248=CARTESIAN_POINT('',(0.0692282546539217,-0.0168,-0.0345420572916667));
#16249=CARTESIAN_POINT('',(0.0692282546539217,-0.0175,-0.0345420572916667));
#16250=CARTESIAN_POINT('',(0.0688593310428106,-0.0168,-0.0345420572916667));
#16251=CARTESIAN_POINT('',(0.0688593310428106,-0.0175,-0.0345420572916667));
#16252=CARTESIAN_POINT('',(0.0697128466678106,-0.0168,-0.0342878255208333));
#16253=CARTESIAN_POINT('',(0.0694127164594772,-0.0168,-0.0345420572916667));
#16254=CARTESIAN_POINT('',(0.0688593310428106,-0.0168,-0.0345420572916667));
#16255=CARTESIAN_POINT('',(0.,-0.0168,-6.93889390390723E-18));
#16256=CARTESIAN_POINT('',(0.,-0.0175,-1.38777878078145E-17));
#16257=CARTESIAN_POINT('',(0.0770539925011439,-0.0168,-0.0341006510416667));
#16258=CARTESIAN_POINT('',(0.0770539925011439,-0.0175,-0.0341006510416667));
#16259=CARTESIAN_POINT('',(0.0770539925011439,-0.0168,-0.0334617621527778));
#16260=CARTESIAN_POINT('',(0.0770539925011439,-0.0175,-0.0334617621527778));
#16261=CARTESIAN_POINT('',(0.0767718744455883,-0.0168,-0.0331423177083333));
#16262=CARTESIAN_POINT('',(0.0767718744455883,-0.0175,-0.0331423177083333));
#16263=CARTESIAN_POINT('',(0.0762076383344772,-0.0168,-0.0331423177083333));
#16264=CARTESIAN_POINT('',(0.0762076383344772,-0.0175,-0.0331423177083333));
#16265=CARTESIAN_POINT('',(0.0770539925011439,-0.0175,-0.0341006510416667));
#16266=CARTESIAN_POINT('',(0.0770539925011439,-0.0175,-0.0331423177083333));
#16267=CARTESIAN_POINT('',(0.0762076383344772,-0.0175,-0.0331423177083333));
#16268=CARTESIAN_POINT('',(0.0770539925011439,-0.0175,-0.0341006510416667));
#16269=CARTESIAN_POINT('',(0.0762076383344772,-0.0175,-0.0331423177083333));
#16270=CARTESIAN_POINT('',(0.0770539925011439,-0.0168,-0.0341006510416667));
#16271=CARTESIAN_POINT('',(0.0770539925011439,-0.0168,-0.0341006510416667));
#16272=CARTESIAN_POINT('',(0.0770539925011439,-0.0168,-0.0341006510416667));
#16273=CARTESIAN_POINT('',(0.0770539925011439,-0.0168,-0.0331423177083333));
#16274=CARTESIAN_POINT('',(0.0762076383344772,-0.0168,-0.0331423177083333));
#16275=CARTESIAN_POINT('',(0.0762076383344772,-0.0168,-0.0331423177083333));
#16276=CARTESIAN_POINT('',(0.0762076383344772,-0.0168,-0.0331423177083333));
#16277=CARTESIAN_POINT('',(0.0761425341678106,-0.0168,-0.0350791666666667));
#16278=CARTESIAN_POINT('',(0.0761425341678106,-0.0175,-0.0350791666666667));
#16279=CARTESIAN_POINT('',(0.0767501730566995,-0.0168,-0.0350791666666667));
#16280=CARTESIAN_POINT('',(0.0767501730566995,-0.0175,-0.0350791666666667));
#16281=CARTESIAN_POINT('',(0.0770539925011439,-0.0168,-0.0347529947916667));
#16282=CARTESIAN_POINT('',(0.0770539925011439,-0.0175,-0.0347529947916667));
#16283=CARTESIAN_POINT('',(0.0770539925011439,-0.0168,-0.0341006510416667));
#16284=CARTESIAN_POINT('',(0.0770539925011439,-0.0175,-0.0341006510416667));
#16285=CARTESIAN_POINT('',(0.0761425341678106,-0.0175,-0.0350791666666667));
#16286=CARTESIAN_POINT('',(0.0770539925011439,-0.0175,-0.0350791666666667));
#16287=CARTESIAN_POINT('',(0.0770539925011439,-0.0175,-0.0341006510416667));
#16288=CARTESIAN_POINT('',(0.0761425341678106,-0.0175,-0.0350791666666667));
#16289=CARTESIAN_POINT('',(0.0761425341678106,-0.0168,-0.0350791666666667));
#16290=CARTESIAN_POINT('',(0.0761425341678106,-0.0168,-0.0350791666666667));
#16291=CARTESIAN_POINT('',(0.0761425341678106,-0.0168,-0.0350791666666667));
#16292=CARTESIAN_POINT('',(0.0770539925011439,-0.0168,-0.0350791666666667));
#16293=CARTESIAN_POINT('',(0.0770539925011439,-0.0168,-0.0341006510416667));
#16294=CARTESIAN_POINT('',(0.0760074430219772,-0.0168,-0.0350791666666667));
#16295=CARTESIAN_POINT('',(0.0760074430219772,-0.0175,-0.0350791666666667));
#16296=CARTESIAN_POINT('',(0.0758723518761439,-0.0175,-0.0350791666666667));
#16297=CARTESIAN_POINT('',(0.0758723518761439,-0.0168,-0.0350791666666667));
#16298=CARTESIAN_POINT('',(0.0758723518761439,-0.0168,-0.0350791666666667));
#16299=CARTESIAN_POINT('',(0.0760074430219772,-0.0168,-0.0350791666666667));
#16300=CARTESIAN_POINT('',(0.0758723518761439,-0.0168,-0.0341107421875));
#16301=CARTESIAN_POINT('',(0.0758723518761439,-0.0175,-0.0341107421875));
#16302=CARTESIAN_POINT('',(0.0758723518761439,-0.0175,-0.0331423177083333));
#16303=CARTESIAN_POINT('',(0.0758723518761439,-0.0168,-0.0331423177083333));
#16304=CARTESIAN_POINT('',(0.0758723518761439,-0.0168,-0.0331423177083333));
#16305=CARTESIAN_POINT('',(0.0758723518761439,-0.0168,-0.0341107421875));
#16306=CARTESIAN_POINT('',(0.0777095914594772,-0.0168,-0.034084375));
#16307=CARTESIAN_POINT('',(0.0777095914594772,-0.0175,-0.034084375));
#16308=CARTESIAN_POINT('',(0.0777095914594772,-0.0168,-0.0345739583333333));
#16309=CARTESIAN_POINT('',(0.0777095914594772,-0.0175,-0.0345739583333333));
#16310=CARTESIAN_POINT('',(0.0775701600358661,-0.0168,-0.0349489583333334));
#16311=CARTESIAN_POINT('',(0.0775701600358661,-0.0175,-0.0349489583333334));
#16312=CARTESIAN_POINT('',(0.0772912971886439,-0.0168,-0.035209375));
#16313=CARTESIAN_POINT('',(0.0772912971886439,-0.0175,-0.035209375));
#16314=CARTESIAN_POINT('',(0.0777095914594772,-0.0168,-0.034084375));
#16315=CARTESIAN_POINT('',(0.0777095914594772,-0.0168,-0.034084375));
#16316=CARTESIAN_POINT('',(0.0777095914594772,-0.0168,-0.034084375));
#16317=CARTESIAN_POINT('',(0.0777095914594772,-0.0168,-0.03481875));
#16318=CARTESIAN_POINT('',(0.0772912971886439,-0.0168,-0.035209375));
#16319=CARTESIAN_POINT('',(0.0772912971886439,-0.0168,-0.035209375));
#16320=CARTESIAN_POINT('',(0.0772912971886439,-0.0168,-0.035209375));
#16321=CARTESIAN_POINT('',(0.0773065966678106,-0.0168,-0.0330098307291667));
#16322=CARTESIAN_POINT('',(0.0773065966678106,-0.0175,-0.0330098307291667));
#16323=CARTESIAN_POINT('',(0.077575259862255,-0.0168,-0.0332661241319445));
#16324=CARTESIAN_POINT('',(0.077575259862255,-0.0175,-0.0332661241319445));
#16325=CARTESIAN_POINT('',(0.0777095914594772,-0.0168,-0.0336243055555556));
#16326=CARTESIAN_POINT('',(0.0777095914594772,-0.0175,-0.0336243055555556));
#16327=CARTESIAN_POINT('',(0.0777095914594772,-0.0168,-0.034084375));
#16328=CARTESIAN_POINT('',(0.0777095914594772,-0.0175,-0.034084375));
#16329=CARTESIAN_POINT('',(0.0773065966678106,-0.0168,-0.0330098307291667));
#16330=CARTESIAN_POINT('',(0.0773065966678106,-0.0168,-0.0330098307291667));
#16331=CARTESIAN_POINT('',(0.0773065966678106,-0.0168,-0.0330098307291667));
#16332=CARTESIAN_POINT('',(0.0777095914594772,-0.0168,-0.0333942708333334));
#16333=CARTESIAN_POINT('',(0.0777095914594772,-0.0168,-0.034084375));
#16334=CARTESIAN_POINT('',(0.0761750862511439,-0.0168,-0.032625390625));
#16335=CARTESIAN_POINT('',(0.0761750862511439,-0.0175,-0.032625390625));
#16336=CARTESIAN_POINT('',(0.0766607633344772,-0.0168,-0.032625390625));
#16337=CARTESIAN_POINT('',(0.0766607633344772,-0.0175,-0.032625390625));
#16338=CARTESIAN_POINT('',(0.0770379334733661,-0.0168,-0.0327535373263889));
#16339=CARTESIAN_POINT('',(0.0770379334733661,-0.0175,-0.0327535373263889));
#16340=CARTESIAN_POINT('',(0.0773065966678106,-0.0168,-0.0330098307291667));
#16341=CARTESIAN_POINT('',(0.0773065966678106,-0.0175,-0.0330098307291667));
#16342=CARTESIAN_POINT('',(0.0761750862511439,-0.0168,-0.032625390625));
#16343=CARTESIAN_POINT('',(0.0761750862511439,-0.0168,-0.032625390625));
#16344=CARTESIAN_POINT('',(0.0761750862511439,-0.0168,-0.032625390625));
#16345=CARTESIAN_POINT('',(0.0769036018761439,-0.0168,-0.032625390625));
#16346=CARTESIAN_POINT('',(0.0773065966678106,-0.0168,-0.0330098307291667));
#16347=CARTESIAN_POINT('',(0.0757082893761439,-0.0168,-0.032625390625));
#16348=CARTESIAN_POINT('',(0.0752414925011439,-0.0168,-0.032625390625));
#16349=CARTESIAN_POINT('',(0.0752414925011439,-0.0168,-0.032625390625));
#16350=CARTESIAN_POINT('',(0.0757082893761439,-0.0168,-0.032625390625));
#16351=CARTESIAN_POINT('',(0.0752414925011439,-0.0168,-0.0341126953125001));
#16352=CARTESIAN_POINT('',(0.0752414925011439,-0.0168,-0.0356));
#16353=CARTESIAN_POINT('',(0.0752414925011439,-0.0168,-0.0356));
#16354=CARTESIAN_POINT('',(0.0752414925011439,-0.0168,-0.0341126953125001));
#16355=CARTESIAN_POINT('',(0.0756627164594772,-0.0168,-0.0356));
#16356=CARTESIAN_POINT('',(0.0760839404178106,-0.0168,-0.0356));
#16357=CARTESIAN_POINT('',(0.0760839404178106,-0.0168,-0.0356));
#16358=CARTESIAN_POINT('',(0.0756627164594772,-0.0168,-0.0356));
#16359=CARTESIAN_POINT('',(0.0772912971886439,-0.0168,-0.035209375));
#16360=CARTESIAN_POINT('',(0.0772912971886439,-0.0175,-0.035209375));
#16361=CARTESIAN_POINT('',(0.0770124343414217,-0.0168,-0.0354697916666667));
#16362=CARTESIAN_POINT('',(0.0770124343414217,-0.0175,-0.0354697916666667));
#16363=CARTESIAN_POINT('',(0.0766099820844773,-0.0168,-0.0356));
#16364=CARTESIAN_POINT('',(0.0766099820844773,-0.0175,-0.0356));
#16365=CARTESIAN_POINT('',(0.0760839404178106,-0.0168,-0.0356));
#16366=CARTESIAN_POINT('',(0.0760839404178106,-0.0175,-0.0356));
#16367=CARTESIAN_POINT('',(0.0772912971886439,-0.0168,-0.035209375));
#16368=CARTESIAN_POINT('',(0.0768730029178106,-0.0168,-0.0356));
#16369=CARTESIAN_POINT('',(0.0760839404178106,-0.0168,-0.0356));
#16370=CARTESIAN_POINT('',(0.0760399951053106,-0.0168,-0.0331423177083333));
#16371=CARTESIAN_POINT('',(0.0760399951053106,-0.0175,-0.0331423177083333));
#16372=CARTESIAN_POINT('',(0.0760399951053106,-0.0168,-0.0331423177083333));
#16373=CARTESIAN_POINT('',(0.,-0.0168,-6.93889390390723E-18));
#16374=CARTESIAN_POINT('',(0.0782601573313192,-0.0168,-0.0284550338606592));
#16375=CARTESIAN_POINT('',(0.0782601573313192,-0.0175,-0.0284550338606592));
#16376=CARTESIAN_POINT('',(0.0782601573313192,-0.0175,-0.0280027226627425));
#16377=CARTESIAN_POINT('',(0.0782601573313192,-0.0175,-0.0289073450585758));
#16378=CARTESIAN_POINT('',(0.0782601573313192,-0.0168,-0.0280027226627425));
#16379=CARTESIAN_POINT('',(0.0782601573313192,-0.0168,-0.0280027226627425));
#16380=CARTESIAN_POINT('',(0.0782601573313192,-0.0168,-0.0284550338606592));
#16381=CARTESIAN_POINT('',(0.0782601573313192,-0.0168,-0.0289073450585758));
#16382=CARTESIAN_POINT('',(0.0782601573313192,-0.0168,-0.0289073450585758));
#16383=CARTESIAN_POINT('',(0.0784880219146526,-0.0168,-0.0280027226627425));
#16384=CARTESIAN_POINT('',(0.0784880219146526,-0.0175,-0.0280027226627425));
#16385=CARTESIAN_POINT('',(0.0787158864979859,-0.0175,-0.0280027226627425));
#16386=CARTESIAN_POINT('',(0.0787158864979859,-0.0168,-0.0280027226627425));
#16387=CARTESIAN_POINT('',(0.0787158864979859,-0.0168,-0.0280027226627425));
#16388=CARTESIAN_POINT('',(0.0784880219146526,-0.0168,-0.0280027226627425));
#16389=CARTESIAN_POINT('',(0.0793326399702081,-0.0168,-0.0284349058224647));
#16390=CARTESIAN_POINT('',(0.0793326399702081,-0.0175,-0.0284349058224647));
#16391=CARTESIAN_POINT('',(0.0793326399702081,-0.0168,-0.0281467837159833));
#16392=CARTESIAN_POINT('',(0.0793326399702081,-0.0175,-0.0281467837159833));
#16393=CARTESIAN_POINT('',(0.0791270554794674,-0.0168,-0.0280027226627425));
#16394=CARTESIAN_POINT('',(0.0791270554794674,-0.0175,-0.0280027226627425));
#16395=CARTESIAN_POINT('',(0.0787158864979859,-0.0168,-0.0280027226627425));
#16396=CARTESIAN_POINT('',(0.0787158864979859,-0.0175,-0.0280027226627425));
#16397=CARTESIAN_POINT('',(0.0793326399702081,-0.0175,-0.0284349058224647));
#16398=CARTESIAN_POINT('',(0.0793326399702081,-0.0175,-0.0280027226627425));
#16399=CARTESIAN_POINT('',(0.0787158864979859,-0.0175,-0.0280027226627425));
#16400=CARTESIAN_POINT('',(0.0793326399702081,-0.0175,-0.0284349058224647));
#16401=CARTESIAN_POINT('',(0.0793326399702081,-0.0168,-0.0284349058224647));
#16402=CARTESIAN_POINT('',(0.0793326399702081,-0.0168,-0.0284349058224647));
#16403=CARTESIAN_POINT('',(0.0793326399702081,-0.0168,-0.0284349058224647));
#16404=CARTESIAN_POINT('',(0.0793326399702081,-0.0168,-0.0280027226627425));
#16405=CARTESIAN_POINT('',(0.0787158864979859,-0.0168,-0.0280027226627425));
#16406=CARTESIAN_POINT('',(0.0791879459597915,-0.0168,-0.0287911341210759));
#16407=CARTESIAN_POINT('',(0.0791879459597915,-0.0175,-0.0287911341210759));
#16408=CARTESIAN_POINT('',(0.0792844086334026,-0.0168,-0.0287136601627425));
#16409=CARTESIAN_POINT('',(0.0792844086334026,-0.0175,-0.0287136601627425));
#16410=CARTESIAN_POINT('',(0.0793326399702081,-0.0168,-0.0285949173965388));
#16411=CARTESIAN_POINT('',(0.0793326399702081,-0.0175,-0.0285949173965388));
#16412=CARTESIAN_POINT('',(0.0793326399702081,-0.0168,-0.0284349058224647));
#16413=CARTESIAN_POINT('',(0.0793326399702081,-0.0175,-0.0284349058224647));
#16414=CARTESIAN_POINT('',(0.0791879459597915,-0.0175,-0.0287911341210759));
#16415=CARTESIAN_POINT('',(0.0793326399702081,-0.0175,-0.0286749231835759));
#16416=CARTESIAN_POINT('',(0.0793326399702081,-0.0175,-0.0284349058224647));
#16417=CARTESIAN_POINT('',(0.0791879459597915,-0.0175,-0.0287911341210759));
#16418=CARTESIAN_POINT('',(0.0791879459597915,-0.0168,-0.0287911341210759));
#16419=CARTESIAN_POINT('',(0.0791879459597915,-0.0168,-0.0287911341210759));
#16420=CARTESIAN_POINT('',(0.0791879459597915,-0.0168,-0.0287911341210759));
#16421=CARTESIAN_POINT('',(0.0793326399702081,-0.0168,-0.0286749231835759));
#16422=CARTESIAN_POINT('',(0.0793326399702081,-0.0168,-0.0284349058224647));
#16423=CARTESIAN_POINT('',(0.0787394325049304,-0.0168,-0.0289073450585758));
#16424=CARTESIAN_POINT('',(0.0787394325049304,-0.0175,-0.0289073450585758));
#16425=CARTESIAN_POINT('',(0.0789419788012267,-0.0168,-0.0289073450585758));
#16426=CARTESIAN_POINT('',(0.0789419788012267,-0.0175,-0.0289073450585758));
#16427=CARTESIAN_POINT('',(0.0790914832861804,-0.0168,-0.0288686080794092));
#16428=CARTESIAN_POINT('',(0.0790914832861804,-0.0175,-0.0288686080794092));
#16429=CARTESIAN_POINT('',(0.0791879459597915,-0.0168,-0.0287911341210759));
#16430=CARTESIAN_POINT('',(0.0791879459597915,-0.0175,-0.0287911341210759));
#16431=CARTESIAN_POINT('',(0.0787394325049304,-0.0175,-0.0289073450585758));
#16432=CARTESIAN_POINT('',(0.0790432519493748,-0.0175,-0.0289073450585758));
#16433=CARTESIAN_POINT('',(0.0791879459597915,-0.0175,-0.0287911341210759));
#16434=CARTESIAN_POINT('',(0.0787394325049304,-0.0175,-0.0289073450585758));
#16435=CARTESIAN_POINT('',(0.0787394325049304,-0.0168,-0.0289073450585758));
#16436=CARTESIAN_POINT('',(0.0787394325049304,-0.0168,-0.0289073450585758));
#16437=CARTESIAN_POINT('',(0.0787394325049304,-0.0168,-0.0289073450585758));
#16438=CARTESIAN_POINT('',(0.0790432519493748,-0.0168,-0.0289073450585758));
#16439=CARTESIAN_POINT('',(0.0791879459597915,-0.0168,-0.0287911341210759));
#16440=CARTESIAN_POINT('',(0.0784735904910414,-0.0168,-0.0274193893294092));
#16441=CARTESIAN_POINT('',(0.0784735904910414,-0.0175,-0.0274193893294092));
#16442=CARTESIAN_POINT('',(0.0782601573313192,-0.0175,-0.0274193893294092));
#16443=CARTESIAN_POINT('',(0.0786870236507637,-0.0175,-0.0274193893294092));
#16444=CARTESIAN_POINT('',(0.0782601573313192,-0.0168,-0.0274193893294092));
#16445=CARTESIAN_POINT('',(0.0782601573313192,-0.0168,-0.0274193893294092));
#16446=CARTESIAN_POINT('',(0.0784735904910414,-0.0168,-0.0274193893294092));
#16447=CARTESIAN_POINT('',(0.0786870236507637,-0.0168,-0.0274193893294092));
#16448=CARTESIAN_POINT('',(0.0786870236507637,-0.0168,-0.0274193893294092));
#16449=CARTESIAN_POINT('',(0.0782601573313192,-0.0168,-0.0270335386349648));
#16450=CARTESIAN_POINT('',(0.0782601573313192,-0.0175,-0.0270335386349648));
#16451=CARTESIAN_POINT('',(0.0782601573313192,-0.0175,-0.0266476879405203));
#16452=CARTESIAN_POINT('',(0.0782601573313192,-0.0168,-0.0266476879405203));
#16453=CARTESIAN_POINT('',(0.0782601573313192,-0.0168,-0.0266476879405203));
#16454=CARTESIAN_POINT('',(0.0782601573313192,-0.0168,-0.0270335386349648));
#16455=CARTESIAN_POINT('',(0.078453462452847,-0.0168,-0.0266476879405203));
#16456=CARTESIAN_POINT('',(0.078453462452847,-0.0175,-0.0266476879405203));
#16457=CARTESIAN_POINT('',(0.0786467675743748,-0.0175,-0.0266476879405203));
#16458=CARTESIAN_POINT('',(0.0786467675743748,-0.0168,-0.0266476879405203));
#16459=CARTESIAN_POINT('',(0.0786467675743748,-0.0168,-0.0266476879405203));
#16460=CARTESIAN_POINT('',(0.078453462452847,-0.0168,-0.0266476879405203));
#16461=CARTESIAN_POINT('',(0.0791085731299303,-0.0168,-0.026734276482187));
#16462=CARTESIAN_POINT('',(0.0791085731299303,-0.0175,-0.026734276482187));
#16463=CARTESIAN_POINT('',(0.0790113509077081,-0.0168,-0.0266765507877425));
#16464=CARTESIAN_POINT('',(0.0790113509077081,-0.0175,-0.0266765507877425));
#16465=CARTESIAN_POINT('',(0.0788574157225229,-0.0168,-0.0266476879405203));
#16466=CARTESIAN_POINT('',(0.0788574157225229,-0.0175,-0.0266476879405203));
#16467=CARTESIAN_POINT('',(0.0786467675743748,-0.0168,-0.0266476879405203));
#16468=CARTESIAN_POINT('',(0.0786467675743748,-0.0175,-0.0266476879405203));
#16469=CARTESIAN_POINT('',(0.0791085731299303,-0.0175,-0.026734276482187));
#16470=CARTESIAN_POINT('',(0.078962739796597,-0.0175,-0.0266476879405203));
#16471=CARTESIAN_POINT('',(0.0786467675743748,-0.0175,-0.0266476879405203));
#16472=CARTESIAN_POINT('',(0.0791085731299303,-0.0175,-0.026734276482187));
#16473=CARTESIAN_POINT('',(0.0791085731299303,-0.0168,-0.026734276482187));
#16474=CARTESIAN_POINT('',(0.0791085731299303,-0.0168,-0.026734276482187));
#16475=CARTESIAN_POINT('',(0.0791085731299303,-0.0168,-0.026734276482187));
#16476=CARTESIAN_POINT('',(0.078962739796597,-0.0168,-0.0266476879405203));
#16477=CARTESIAN_POINT('',(0.0786467675743748,-0.0168,-0.0266476879405203));
#16478=CARTESIAN_POINT('',(0.0792544064632637,-0.0168,-0.0270206263085758));
#16479=CARTESIAN_POINT('',(0.0792544064632637,-0.0175,-0.0270206263085758));
#16480=CARTESIAN_POINT('',(0.0792544064632637,-0.0168,-0.026887452118761));
#16481=CARTESIAN_POINT('',(0.0792544064632637,-0.0175,-0.026887452118761));
#16482=CARTESIAN_POINT('',(0.0792057953521526,-0.0168,-0.0267920021766314));
#16483=CARTESIAN_POINT('',(0.0792057953521526,-0.0175,-0.0267920021766314));
#16484=CARTESIAN_POINT('',(0.0791085731299303,-0.0168,-0.026734276482187));
#16485=CARTESIAN_POINT('',(0.0791085731299303,-0.0175,-0.026734276482187));
#16486=CARTESIAN_POINT('',(0.0792544064632637,-0.0175,-0.0270206263085758));
#16487=CARTESIAN_POINT('',(0.0792544064632637,-0.0175,-0.0268208650238537));
#16488=CARTESIAN_POINT('',(0.0791085731299303,-0.0175,-0.026734276482187));
#16489=CARTESIAN_POINT('',(0.0792544064632637,-0.0175,-0.0270206263085758));
#16490=CARTESIAN_POINT('',(0.0792544064632637,-0.0168,-0.0270206263085758));
#16491=CARTESIAN_POINT('',(0.0792544064632637,-0.0168,-0.0270206263085758));
#16492=CARTESIAN_POINT('',(0.0792544064632637,-0.0168,-0.0270206263085758));
#16493=CARTESIAN_POINT('',(0.0792544064632637,-0.0168,-0.0268208650238537));
#16494=CARTESIAN_POINT('',(0.0791085731299303,-0.0168,-0.026734276482187));
#16495=CARTESIAN_POINT('',(0.0791203461334026,-0.0168,-0.0273267243988537));
#16496=CARTESIAN_POINT('',(0.0791203461334026,-0.0175,-0.0273267243988537));
#16497=CARTESIAN_POINT('',(0.0792097196866433,-0.0168,-0.0272649477784833));
#16498=CARTESIAN_POINT('',(0.0792097196866433,-0.0175,-0.0272649477784833));
#16499=CARTESIAN_POINT('',(0.0792544064632637,-0.0168,-0.027162915081724));
#16500=CARTESIAN_POINT('',(0.0792544064632637,-0.0175,-0.027162915081724));
#16501=CARTESIAN_POINT('',(0.0792544064632637,-0.0168,-0.0270206263085758));
#16502=CARTESIAN_POINT('',(0.0792544064632637,-0.0175,-0.0270206263085758));
#16503=CARTESIAN_POINT('',(0.0791203461334026,-0.0175,-0.0273267243988537));
#16504=CARTESIAN_POINT('',(0.0792544064632637,-0.0175,-0.0272340594682981));
#16505=CARTESIAN_POINT('',(0.0792544064632637,-0.0175,-0.0270206263085758));
#16506=CARTESIAN_POINT('',(0.0791203461334026,-0.0175,-0.0273267243988537));
#16507=CARTESIAN_POINT('',(0.0791203461334026,-0.0168,-0.0273267243988537));
#16508=CARTESIAN_POINT('',(0.0791203461334026,-0.0168,-0.0273267243988537));
#16509=CARTESIAN_POINT('',(0.0791203461334026,-0.0168,-0.0273267243988537));
#16510=CARTESIAN_POINT('',(0.0792544064632637,-0.0168,-0.0272340594682981));
#16511=CARTESIAN_POINT('',(0.0792544064632637,-0.0168,-0.0270206263085758));
#16512=CARTESIAN_POINT('',(0.0780641937896526,-0.0168,-0.0260446063432981));
#16513=CARTESIAN_POINT('',(0.0775241547271526,-0.0168,-0.0260446063432981));
#16514=CARTESIAN_POINT('',(0.0775241547271526,-0.0168,-0.0260446063432981));
#16515=CARTESIAN_POINT('',(0.0780641937896526,-0.0168,-0.0260446063432981));
#16516=CARTESIAN_POINT('',(0.0786042328521526,-0.0168,-0.0260446063432981));
#16517=CARTESIAN_POINT('',(0.0786042328521526,-0.0168,-0.0260446063432981));
#16518=CARTESIAN_POINT('',(0.0775241547271526,-0.0168,-0.0277797951453814));
#16519=CARTESIAN_POINT('',(0.0775241547271526,-0.0168,-0.0295149839474648));
#16520=CARTESIAN_POINT('',(0.0775241547271526,-0.0168,-0.0295149839474648));
#16521=CARTESIAN_POINT('',(0.0775241547271526,-0.0168,-0.0277797951453814));
#16522=CARTESIAN_POINT('',(0.078173189015347,-0.0168,-0.0295149839474648));
#16523=CARTESIAN_POINT('',(0.0788222233035415,-0.0168,-0.0295149839474648));
#16524=CARTESIAN_POINT('',(0.0788222233035415,-0.0168,-0.0295149839474648));
#16525=CARTESIAN_POINT('',(0.078173189015347,-0.0168,-0.0295149839474648));
#16526=CARTESIAN_POINT('',(0.0797541894493748,-0.0168,-0.0292491419335759));
#16527=CARTESIAN_POINT('',(0.0797541894493748,-0.0175,-0.0292491419335759));
#16528=CARTESIAN_POINT('',(0.07952531213456,-0.0168,-0.0294263699428351));
#16529=CARTESIAN_POINT('',(0.07952531213456,-0.0175,-0.0294263699428351));
#16530=CARTESIAN_POINT('',(0.0792146567526156,-0.0168,-0.0295149839474648));
#16531=CARTESIAN_POINT('',(0.0792146567526156,-0.0175,-0.0295149839474648));
#16532=CARTESIAN_POINT('',(0.0788222233035415,-0.0168,-0.0295149839474648));
#16533=CARTESIAN_POINT('',(0.0788222233035415,-0.0175,-0.0295149839474648));
#16534=CARTESIAN_POINT('',(0.0797541894493748,-0.0168,-0.0292491419335759));
#16535=CARTESIAN_POINT('',(0.0797541894493748,-0.0168,-0.0292491419335759));
#16536=CARTESIAN_POINT('',(0.0797541894493748,-0.0168,-0.0292491419335759));
#16537=CARTESIAN_POINT('',(0.0794108734771526,-0.0168,-0.0295149839474648));
#16538=CARTESIAN_POINT('',(0.0788222233035415,-0.0168,-0.0295149839474648));
#16539=CARTESIAN_POINT('',(0.080097505421597,-0.0168,-0.0285085820377425));
#16540=CARTESIAN_POINT('',(0.080097505421597,-0.0175,-0.0285085820377425));
#16541=CARTESIAN_POINT('',(0.080097505421597,-0.0168,-0.0288250606257055));
#16542=CARTESIAN_POINT('',(0.080097505421597,-0.0175,-0.0288250606257055));
#16543=CARTESIAN_POINT('',(0.0799830667641896,-0.0168,-0.0290719139243166));
#16544=CARTESIAN_POINT('',(0.0799830667641896,-0.0175,-0.0290719139243166));
#16545=CARTESIAN_POINT('',(0.0797541894493748,-0.0168,-0.0292491419335759));
#16546=CARTESIAN_POINT('',(0.0797541894493748,-0.0175,-0.0292491419335759));
#16547=CARTESIAN_POINT('',(0.080097505421597,-0.0168,-0.0285085820377425));
#16548=CARTESIAN_POINT('',(0.080097505421597,-0.0168,-0.0285085820377425));
#16549=CARTESIAN_POINT('',(0.080097505421597,-0.0168,-0.0285085820377425));
#16550=CARTESIAN_POINT('',(0.080097505421597,-0.0168,-0.028983299919687));
#16551=CARTESIAN_POINT('',(0.0797541894493748,-0.0168,-0.0292491419335759));
#16552=CARTESIAN_POINT('',(0.0799512923139581,-0.0168,-0.0279719609439925));
#16553=CARTESIAN_POINT('',(0.0799512923139581,-0.0175,-0.0279719609439925));
#16554=CARTESIAN_POINT('',(0.0800487677190507,-0.0168,-0.0281064010481592));
#16555=CARTESIAN_POINT('',(0.0800487677190507,-0.0175,-0.0281064010481592));
#16556=CARTESIAN_POINT('',(0.080097505421597,-0.0168,-0.0282852747460759));
#16557=CARTESIAN_POINT('',(0.080097505421597,-0.0175,-0.0282852747460759));
#16558=CARTESIAN_POINT('',(0.080097505421597,-0.0168,-0.0285085820377425));
#16559=CARTESIAN_POINT('',(0.080097505421597,-0.0175,-0.0285085820377425));
#16560=CARTESIAN_POINT('',(0.0799512923139581,-0.0168,-0.0279719609439925));
#16561=CARTESIAN_POINT('',(0.0799512923139581,-0.0168,-0.0279719609439925));
#16562=CARTESIAN_POINT('',(0.0799512923139581,-0.0168,-0.0279719609439925));
#16563=CARTESIAN_POINT('',(0.080097505421597,-0.0168,-0.0281736211002425));
#16564=CARTESIAN_POINT('',(0.080097505421597,-0.0168,-0.0285085820377425));
#16565=CARTESIAN_POINT('',(0.079475435109097,-0.0168,-0.0276966245724647));
#16566=CARTESIAN_POINT('',(0.079475435109097,-0.0175,-0.0276966245724647));
#16567=CARTESIAN_POINT('',(0.0796951978405785,-0.0168,-0.0277457420493166));
#16568=CARTESIAN_POINT('',(0.0796951978405785,-0.0175,-0.0277457420493166));
#16569=CARTESIAN_POINT('',(0.0798538169088655,-0.0168,-0.0278375208398259));
#16570=CARTESIAN_POINT('',(0.0798538169088655,-0.0175,-0.0278375208398259));
#16571=CARTESIAN_POINT('',(0.0799512923139581,-0.0168,-0.0279719609439925));
#16572=CARTESIAN_POINT('',(0.0799512923139581,-0.0175,-0.0279719609439925));
#16573=CARTESIAN_POINT('',(0.079475435109097,-0.0168,-0.0276966245724647));
#16574=CARTESIAN_POINT('',(0.079475435109097,-0.0168,-0.0276966245724647));
#16575=CARTESIAN_POINT('',(0.079475435109097,-0.0168,-0.0276966245724647));
#16576=CARTESIAN_POINT('',(0.0798050792063192,-0.0168,-0.0277703007877425));
#16577=CARTESIAN_POINT('',(0.0799512923139581,-0.0168,-0.0279719609439925));
#16578=CARTESIAN_POINT('',(0.079475435109097,-0.0168,-0.0276848515689926));
#16579=CARTESIAN_POINT('',(0.079475435109097,-0.0168,-0.0276728258171134));
#16580=CARTESIAN_POINT('',(0.079475435109097,-0.0168,-0.0276728258171134));
#16581=CARTESIAN_POINT('',(0.079475435109097,-0.0168,-0.0276848515689926));
#16582=CARTESIAN_POINT('',(0.0793885867899436,-0.0168,-0.0270985237647723));
#16583=CARTESIAN_POINT('',(0.0798635644493748,-0.0168,-0.0274334409787148));
#16584=CARTESIAN_POINT('',(0.0798635644493748,-0.0168,-0.0274334409787148));
#16585=CARTESIAN_POINT('',(0.0793885867899436,-0.0168,-0.0270985237647723));
#16586=CARTESIAN_POINT('',(0.0800093977827081,-0.0168,-0.0269226445377425));
#16587=CARTESIAN_POINT('',(0.0800093977827081,-0.0175,-0.0269226445377425));
#16588=CARTESIAN_POINT('',(0.0800093977827081,-0.0168,-0.0271302544914463));
#16589=CARTESIAN_POINT('',(0.0800093977827081,-0.0175,-0.0271302544914463));
#16590=CARTESIAN_POINT('',(0.079960786671597,-0.0168,-0.0273005199717703));
#16591=CARTESIAN_POINT('',(0.079960786671597,-0.0175,-0.0273005199717703));
#16592=CARTESIAN_POINT('',(0.0798635644493748,-0.0168,-0.0274334409787148));
#16593=CARTESIAN_POINT('',(0.0798635644493748,-0.0175,-0.0274334409787148));
#16594=CARTESIAN_POINT('',(0.0800093977827081,-0.0168,-0.0269226445377425));
#16595=CARTESIAN_POINT('',(0.0800093977827081,-0.0168,-0.0269226445377425));
#16596=CARTESIAN_POINT('',(0.0800093977827081,-0.0168,-0.0269226445377425));
#16597=CARTESIAN_POINT('',(0.0800093977827081,-0.0168,-0.0272340594682981));
#16598=CARTESIAN_POINT('',(0.0798635644493748,-0.0168,-0.0274334409787148));
#16599=CARTESIAN_POINT('',(0.0796759559424303,-0.0168,-0.0262546215342703));
#16600=CARTESIAN_POINT('',(0.0796759559424303,-0.0175,-0.0262546215342703));
#16601=CARTESIAN_POINT('',(0.0798982505026155,-0.0168,-0.0263946316615851));
#16602=CARTESIAN_POINT('',(0.0798982505026155,-0.0175,-0.0263946316615851));
#16603=CARTESIAN_POINT('',(0.0800093977827081,-0.0168,-0.0266173059960759));
#16604=CARTESIAN_POINT('',(0.0800093977827081,-0.0175,-0.0266173059960759));
#16605=CARTESIAN_POINT('',(0.0800093977827081,-0.0168,-0.0269226445377425));
#16606=CARTESIAN_POINT('',(0.0800093977827081,-0.0175,-0.0269226445377425));
#16607=CARTESIAN_POINT('',(0.0796759559424303,-0.0168,-0.0262546215342703));
#16608=CARTESIAN_POINT('',(0.0796759559424303,-0.0168,-0.0262546215342703));
#16609=CARTESIAN_POINT('',(0.0796759559424303,-0.0168,-0.0262546215342703));
#16610=CARTESIAN_POINT('',(0.0800093977827081,-0.0168,-0.0264646367252425));
#16611=CARTESIAN_POINT('',(0.0800093977827081,-0.0168,-0.0269226445377425));
#16612=CARTESIAN_POINT('',(0.0786870236507637,-0.0168,-0.0274193893294092));
#16613=CARTESIAN_POINT('',(0.0786870236507637,-0.0175,-0.0274193893294092));
#16614=CARTESIAN_POINT('',(0.0788865317526156,-0.0168,-0.0274193893294092));
#16615=CARTESIAN_POINT('',(0.0788865317526156,-0.0175,-0.0274193893294092));
#16616=CARTESIAN_POINT('',(0.0790309725801619,-0.0168,-0.027388501019224));
#16617=CARTESIAN_POINT('',(0.0790309725801619,-0.0175,-0.027388501019224));
#16618=CARTESIAN_POINT('',(0.0791203461334026,-0.0168,-0.0273267243988537));
#16619=CARTESIAN_POINT('',(0.0791203461334026,-0.0175,-0.0273267243988537));
#16620=CARTESIAN_POINT('',(0.0786870236507637,-0.0175,-0.0274193893294092));
#16621=CARTESIAN_POINT('',(0.0789862858035415,-0.0175,-0.0274193893294092));
#16622=CARTESIAN_POINT('',(0.0791203461334026,-0.0175,-0.0273267243988537));
#16623=CARTESIAN_POINT('',(0.0786870236507637,-0.0168,-0.0274193893294092));
#16624=CARTESIAN_POINT('',(0.0789862858035415,-0.0168,-0.0274193893294092));
#16625=CARTESIAN_POINT('',(0.0791203461334026,-0.0168,-0.0273267243988537));
#16626=CARTESIAN_POINT('',(0.0786042328521526,-0.0168,-0.0260446063432981));
#16627=CARTESIAN_POINT('',(0.0786042328521526,-0.0175,-0.0260446063432981));
#16628=CARTESIAN_POINT('',(0.0790964203521526,-0.0168,-0.0260446063432981));
#16629=CARTESIAN_POINT('',(0.0790964203521526,-0.0175,-0.0260446063432981));
#16630=CARTESIAN_POINT('',(0.0794536613822452,-0.0168,-0.0261146114069555));
#16631=CARTESIAN_POINT('',(0.0794536613822452,-0.0175,-0.0261146114069555));
#16632=CARTESIAN_POINT('',(0.0796759559424303,-0.0168,-0.0262546215342703));
#16633=CARTESIAN_POINT('',(0.0796759559424303,-0.0175,-0.0262546215342703));
#16634=CARTESIAN_POINT('',(0.0786042328521526,-0.0168,-0.0260446063432981));
#16635=CARTESIAN_POINT('',(0.0793425141021526,-0.0168,-0.0260446063432981));
#16636=CARTESIAN_POINT('',(0.0796759559424303,-0.0168,-0.0262546215342703));
#16637=CARTESIAN_POINT('',(0.0784997949181248,-0.0168,-0.0289073450585758));
#16638=CARTESIAN_POINT('',(0.0784997949181248,-0.0175,-0.0289073450585758));
#16639=CARTESIAN_POINT('',(0.0784997949181248,-0.0168,-0.0289073450585758));
#16640=CARTESIAN_POINT('',(0.,-0.0168,-6.93889390390723E-18));
#16641=CARTESIAN_POINT('',(0.,-0.0175,-1.38777878078145E-17));
#16642=CARTESIAN_POINT('',(0.048988708613829,-0.0168,-0.0181643618282201));
#16643=CARTESIAN_POINT('',(0.048988708613829,-0.0175,-0.0181643618282201));
#16644=CARTESIAN_POINT('',(0.048988708613829,-0.0175,-0.0177120506303035));
#16645=CARTESIAN_POINT('',(0.048988708613829,-0.0175,-0.0186166730261368));
#16646=CARTESIAN_POINT('',(0.048988708613829,-0.0168,-0.0177120506303035));
#16647=CARTESIAN_POINT('',(0.048988708613829,-0.0168,-0.0177120506303035));
#16648=CARTESIAN_POINT('',(0.048988708613829,-0.0168,-0.0181643618282201));
#16649=CARTESIAN_POINT('',(0.048988708613829,-0.0168,-0.0186166730261368));
#16650=CARTESIAN_POINT('',(0.048988708613829,-0.0168,-0.0186166730261368));
#16651=CARTESIAN_POINT('',(0.0492165731971624,-0.0168,-0.0177120506303035));
#16652=CARTESIAN_POINT('',(0.0492165731971624,-0.0175,-0.0177120506303035));
#16653=CARTESIAN_POINT('',(0.0494444377804957,-0.0175,-0.0177120506303035));
#16654=CARTESIAN_POINT('',(0.0494444377804957,-0.0168,-0.0177120506303035));
#16655=CARTESIAN_POINT('',(0.0494444377804957,-0.0168,-0.0177120506303035));
#16656=CARTESIAN_POINT('',(0.0492165731971624,-0.0168,-0.0177120506303035));
#16657=CARTESIAN_POINT('',(0.0500611912527179,-0.0168,-0.0181442337900256));
#16658=CARTESIAN_POINT('',(0.0500611912527179,-0.0175,-0.0181442337900256));
#16659=CARTESIAN_POINT('',(0.0500611912527179,-0.0168,-0.0178561116835442));
#16660=CARTESIAN_POINT('',(0.0500611912527179,-0.0175,-0.0178561116835442));
#16661=CARTESIAN_POINT('',(0.0498556067619772,-0.0168,-0.0177120506303035));
#16662=CARTESIAN_POINT('',(0.0498556067619772,-0.0175,-0.0177120506303035));
#16663=CARTESIAN_POINT('',(0.0494444377804957,-0.0168,-0.0177120506303035));
#16664=CARTESIAN_POINT('',(0.0494444377804957,-0.0175,-0.0177120506303035));
#16665=CARTESIAN_POINT('',(0.0500611912527179,-0.0175,-0.0181442337900256));
#16666=CARTESIAN_POINT('',(0.0500611912527179,-0.0175,-0.0177120506303035));
#16667=CARTESIAN_POINT('',(0.0494444377804957,-0.0175,-0.0177120506303035));
#16668=CARTESIAN_POINT('',(0.0500611912527179,-0.0175,-0.0181442337900256));
#16669=CARTESIAN_POINT('',(0.0500611912527179,-0.0168,-0.0181442337900256));
#16670=CARTESIAN_POINT('',(0.0500611912527179,-0.0168,-0.0181442337900256));
#16671=CARTESIAN_POINT('',(0.0500611912527179,-0.0168,-0.0181442337900256));
#16672=CARTESIAN_POINT('',(0.0500611912527179,-0.0168,-0.0177120506303035));
#16673=CARTESIAN_POINT('',(0.0494444377804957,-0.0168,-0.0177120506303035));
#16674=CARTESIAN_POINT('',(0.0499164972423013,-0.0168,-0.0185004620886368));
#16675=CARTESIAN_POINT('',(0.0499164972423013,-0.0175,-0.0185004620886368));
#16676=CARTESIAN_POINT('',(0.0500129599159124,-0.0168,-0.0184229881303035));
#16677=CARTESIAN_POINT('',(0.0500129599159124,-0.0175,-0.0184229881303035));
#16678=CARTESIAN_POINT('',(0.0500611912527179,-0.0168,-0.0183042453640997));
#16679=CARTESIAN_POINT('',(0.0500611912527179,-0.0175,-0.0183042453640997));
#16680=CARTESIAN_POINT('',(0.0500611912527179,-0.0168,-0.0181442337900256));
#16681=CARTESIAN_POINT('',(0.0500611912527179,-0.0175,-0.0181442337900256));
#16682=CARTESIAN_POINT('',(0.0499164972423013,-0.0175,-0.0185004620886368));
#16683=CARTESIAN_POINT('',(0.0500611912527179,-0.0175,-0.0183842511511368));
#16684=CARTESIAN_POINT('',(0.0500611912527179,-0.0175,-0.0181442337900256));
#16685=CARTESIAN_POINT('',(0.0499164972423013,-0.0175,-0.0185004620886368));
#16686=CARTESIAN_POINT('',(0.0499164972423013,-0.0168,-0.0185004620886368));
#16687=CARTESIAN_POINT('',(0.0499164972423013,-0.0168,-0.0185004620886368));
#16688=CARTESIAN_POINT('',(0.0499164972423013,-0.0168,-0.0185004620886368));
#16689=CARTESIAN_POINT('',(0.0500611912527179,-0.0168,-0.0183842511511368));
#16690=CARTESIAN_POINT('',(0.0500611912527179,-0.0168,-0.0181442337900256));
#16691=CARTESIAN_POINT('',(0.0494679837874402,-0.0168,-0.0186166730261368));
#16692=CARTESIAN_POINT('',(0.0494679837874402,-0.0175,-0.0186166730261368));
#16693=CARTESIAN_POINT('',(0.0496705300837365,-0.0168,-0.0186166730261368));
#16694=CARTESIAN_POINT('',(0.0496705300837365,-0.0175,-0.0186166730261368));
#16695=CARTESIAN_POINT('',(0.0498200345686902,-0.0168,-0.0185779360469701));
#16696=CARTESIAN_POINT('',(0.0498200345686902,-0.0175,-0.0185779360469701));
#16697=CARTESIAN_POINT('',(0.0499164972423013,-0.0168,-0.0185004620886368));
#16698=CARTESIAN_POINT('',(0.0499164972423013,-0.0175,-0.0185004620886368));
#16699=CARTESIAN_POINT('',(0.0494679837874402,-0.0175,-0.0186166730261368));
#16700=CARTESIAN_POINT('',(0.0497718032318846,-0.0175,-0.0186166730261368));
#16701=CARTESIAN_POINT('',(0.0499164972423013,-0.0175,-0.0185004620886368));
#16702=CARTESIAN_POINT('',(0.0494679837874402,-0.0175,-0.0186166730261368));
#16703=CARTESIAN_POINT('',(0.0494679837874402,-0.0168,-0.0186166730261368));
#16704=CARTESIAN_POINT('',(0.0494679837874402,-0.0168,-0.0186166730261368));
#16705=CARTESIAN_POINT('',(0.0494679837874402,-0.0168,-0.0186166730261368));
#16706=CARTESIAN_POINT('',(0.0497718032318846,-0.0168,-0.0186166730261368));
#16707=CARTESIAN_POINT('',(0.0499164972423013,-0.0168,-0.0185004620886368));
#16708=CARTESIAN_POINT('',(0.0492021417735513,-0.0168,-0.0171287172969701));
#16709=CARTESIAN_POINT('',(0.0492021417735513,-0.0175,-0.0171287172969701));
#16710=CARTESIAN_POINT('',(0.048988708613829,-0.0175,-0.0171287172969701));
#16711=CARTESIAN_POINT('',(0.0494155749332735,-0.0175,-0.0171287172969701));
#16712=CARTESIAN_POINT('',(0.048988708613829,-0.0168,-0.0171287172969701));
#16713=CARTESIAN_POINT('',(0.048988708613829,-0.0168,-0.0171287172969701));
#16714=CARTESIAN_POINT('',(0.0492021417735513,-0.0168,-0.0171287172969701));
#16715=CARTESIAN_POINT('',(0.0494155749332735,-0.0168,-0.0171287172969701));
#16716=CARTESIAN_POINT('',(0.0494155749332735,-0.0168,-0.0171287172969701));
#16717=CARTESIAN_POINT('',(0.048988708613829,-0.0168,-0.0167428666025256));
#16718=CARTESIAN_POINT('',(0.048988708613829,-0.0175,-0.0167428666025256));
#16719=CARTESIAN_POINT('',(0.048988708613829,-0.0175,-0.0163570159080813));
#16720=CARTESIAN_POINT('',(0.048988708613829,-0.0168,-0.0163570159080813));
#16721=CARTESIAN_POINT('',(0.048988708613829,-0.0168,-0.0163570159080813));
#16722=CARTESIAN_POINT('',(0.048988708613829,-0.0168,-0.0167428666025256));
#16723=CARTESIAN_POINT('',(0.0491820137353568,-0.0168,-0.0163570159080813));
#16724=CARTESIAN_POINT('',(0.0491820137353568,-0.0175,-0.0163570159080813));
#16725=CARTESIAN_POINT('',(0.0493753188568846,-0.0175,-0.0163570159080813));
#16726=CARTESIAN_POINT('',(0.0493753188568846,-0.0168,-0.0163570159080813));
#16727=CARTESIAN_POINT('',(0.0493753188568846,-0.0168,-0.0163570159080813));
#16728=CARTESIAN_POINT('',(0.0491820137353568,-0.0168,-0.0163570159080813));
#16729=CARTESIAN_POINT('',(0.0498371244124402,-0.0168,-0.0164436044497479));
#16730=CARTESIAN_POINT('',(0.0498371244124402,-0.0175,-0.0164436044497479));
#16731=CARTESIAN_POINT('',(0.0497399021902179,-0.0168,-0.0163858787553035));
#16732=CARTESIAN_POINT('',(0.0497399021902179,-0.0175,-0.0163858787553035));
#16733=CARTESIAN_POINT('',(0.0495859670050327,-0.0168,-0.0163570159080813));
#16734=CARTESIAN_POINT('',(0.0495859670050327,-0.0175,-0.0163570159080813));
#16735=CARTESIAN_POINT('',(0.0493753188568846,-0.0168,-0.0163570159080813));
#16736=CARTESIAN_POINT('',(0.0493753188568846,-0.0175,-0.0163570159080813));
#16737=CARTESIAN_POINT('',(0.0498371244124402,-0.0175,-0.0164436044497479));
#16738=CARTESIAN_POINT('',(0.0496912910791068,-0.0175,-0.0163570159080813));
#16739=CARTESIAN_POINT('',(0.0493753188568846,-0.0175,-0.0163570159080813));
#16740=CARTESIAN_POINT('',(0.0498371244124402,-0.0175,-0.0164436044497479));
#16741=CARTESIAN_POINT('',(0.0498371244124402,-0.0168,-0.0164436044497479));
#16742=CARTESIAN_POINT('',(0.0498371244124402,-0.0168,-0.0164436044497479));
#16743=CARTESIAN_POINT('',(0.0498371244124402,-0.0168,-0.0164436044497479));
#16744=CARTESIAN_POINT('',(0.0496912910791068,-0.0168,-0.0163570159080813));
#16745=CARTESIAN_POINT('',(0.0493753188568846,-0.0168,-0.0163570159080813));
#16746=CARTESIAN_POINT('',(0.0499829577457735,-0.0168,-0.0167299542761368));
#16747=CARTESIAN_POINT('',(0.0499829577457735,-0.0175,-0.0167299542761368));
#16748=CARTESIAN_POINT('',(0.0499829577457735,-0.0168,-0.016596780086322));
#16749=CARTESIAN_POINT('',(0.0499829577457735,-0.0175,-0.016596780086322));
#16750=CARTESIAN_POINT('',(0.0499343466346624,-0.0168,-0.0165013301441923));
#16751=CARTESIAN_POINT('',(0.0499343466346624,-0.0175,-0.0165013301441923));
#16752=CARTESIAN_POINT('',(0.0498371244124402,-0.0168,-0.0164436044497479));
#16753=CARTESIAN_POINT('',(0.0498371244124402,-0.0175,-0.0164436044497479));
#16754=CARTESIAN_POINT('',(0.0499829577457735,-0.0175,-0.0167299542761368));
#16755=CARTESIAN_POINT('',(0.0499829577457735,-0.0175,-0.0165301929914146));
#16756=CARTESIAN_POINT('',(0.0498371244124402,-0.0175,-0.0164436044497479));
#16757=CARTESIAN_POINT('',(0.0499829577457735,-0.0175,-0.0167299542761368));
#16758=CARTESIAN_POINT('',(0.0499829577457735,-0.0168,-0.0167299542761368));
#16759=CARTESIAN_POINT('',(0.0499829577457735,-0.0168,-0.0167299542761368));
#16760=CARTESIAN_POINT('',(0.0499829577457735,-0.0168,-0.0167299542761368));
#16761=CARTESIAN_POINT('',(0.0499829577457735,-0.0168,-0.0165301929914146));
#16762=CARTESIAN_POINT('',(0.0498371244124402,-0.0168,-0.0164436044497479));
#16763=CARTESIAN_POINT('',(0.0498488974159124,-0.0168,-0.0170360523664146));
#16764=CARTESIAN_POINT('',(0.0498488974159124,-0.0175,-0.0170360523664146));
#16765=CARTESIAN_POINT('',(0.0499382709691531,-0.0168,-0.0169742757460442));
#16766=CARTESIAN_POINT('',(0.0499382709691531,-0.0175,-0.0169742757460442));
#16767=CARTESIAN_POINT('',(0.0499829577457735,-0.0168,-0.0168722430492849));
#16768=CARTESIAN_POINT('',(0.0499829577457735,-0.0175,-0.0168722430492849));
#16769=CARTESIAN_POINT('',(0.0499829577457735,-0.0168,-0.0167299542761368));
#16770=CARTESIAN_POINT('',(0.0499829577457735,-0.0175,-0.0167299542761368));
#16771=CARTESIAN_POINT('',(0.0498488974159124,-0.0175,-0.0170360523664146));
#16772=CARTESIAN_POINT('',(0.0499829577457735,-0.0175,-0.016943387435859));
#16773=CARTESIAN_POINT('',(0.0499829577457735,-0.0175,-0.0167299542761368));
#16774=CARTESIAN_POINT('',(0.0498488974159124,-0.0175,-0.0170360523664146));
#16775=CARTESIAN_POINT('',(0.0498488974159124,-0.0168,-0.0170360523664146));
#16776=CARTESIAN_POINT('',(0.0498488974159124,-0.0168,-0.0170360523664146));
#16777=CARTESIAN_POINT('',(0.0498488974159124,-0.0168,-0.0170360523664146));
#16778=CARTESIAN_POINT('',(0.0499829577457735,-0.0168,-0.016943387435859));
#16779=CARTESIAN_POINT('',(0.0499829577457735,-0.0168,-0.0167299542761368));
#16780=CARTESIAN_POINT('',(0.0487927450721624,-0.0168,-0.015753934310859));
#16781=CARTESIAN_POINT('',(0.0482527060096624,-0.0168,-0.015753934310859));
#16782=CARTESIAN_POINT('',(0.0482527060096624,-0.0168,-0.015753934310859));
#16783=CARTESIAN_POINT('',(0.0487927450721624,-0.0168,-0.015753934310859));
#16784=CARTESIAN_POINT('',(0.0493327841346624,-0.0168,-0.015753934310859));
#16785=CARTESIAN_POINT('',(0.0493327841346624,-0.0168,-0.015753934310859));
#16786=CARTESIAN_POINT('',(0.0482527060096624,-0.0168,-0.0174891231129424));
#16787=CARTESIAN_POINT('',(0.0482527060096624,-0.0168,-0.0192243119150256));
#16788=CARTESIAN_POINT('',(0.0482527060096624,-0.0168,-0.0192243119150256));
#16789=CARTESIAN_POINT('',(0.0482527060096624,-0.0168,-0.0174891231129424));
#16790=CARTESIAN_POINT('',(0.0489017402978568,-0.0168,-0.0192243119150256));
#16791=CARTESIAN_POINT('',(0.0495507745860513,-0.0168,-0.0192243119150256));
#16792=CARTESIAN_POINT('',(0.0495507745860513,-0.0168,-0.0192243119150256));
#16793=CARTESIAN_POINT('',(0.0489017402978568,-0.0168,-0.0192243119150256));
#16794=CARTESIAN_POINT('',(0.0504827407318846,-0.0168,-0.0189584699011368));
#16795=CARTESIAN_POINT('',(0.0504827407318846,-0.0175,-0.0189584699011368));
#16796=CARTESIAN_POINT('',(0.0502538634170698,-0.0168,-0.019135697910396));
#16797=CARTESIAN_POINT('',(0.0502538634170698,-0.0175,-0.019135697910396));
#16798=CARTESIAN_POINT('',(0.0499432080351254,-0.0168,-0.0192243119150256));
#16799=CARTESIAN_POINT('',(0.0499432080351254,-0.0175,-0.0192243119150256));
#16800=CARTESIAN_POINT('',(0.0495507745860513,-0.0168,-0.0192243119150256));
#16801=CARTESIAN_POINT('',(0.0495507745860513,-0.0175,-0.0192243119150256));
#16802=CARTESIAN_POINT('',(0.0504827407318846,-0.0168,-0.0189584699011368));
#16803=CARTESIAN_POINT('',(0.0504827407318846,-0.0168,-0.0189584699011368));
#16804=CARTESIAN_POINT('',(0.0504827407318846,-0.0168,-0.0189584699011368));
#16805=CARTESIAN_POINT('',(0.0501394247596624,-0.0168,-0.0192243119150256));
#16806=CARTESIAN_POINT('',(0.0495507745860513,-0.0168,-0.0192243119150256));
#16807=CARTESIAN_POINT('',(0.0508260567041068,-0.0168,-0.0182179100053034));
#16808=CARTESIAN_POINT('',(0.0508260567041068,-0.0175,-0.0182179100053034));
#16809=CARTESIAN_POINT('',(0.0508260567041068,-0.0168,-0.0185343885932664));
#16810=CARTESIAN_POINT('',(0.0508260567041068,-0.0175,-0.0185343885932664));
#16811=CARTESIAN_POINT('',(0.0507116180466994,-0.0168,-0.0187812418918775));
#16812=CARTESIAN_POINT('',(0.0507116180466994,-0.0175,-0.0187812418918775));
#16813=CARTESIAN_POINT('',(0.0504827407318846,-0.0168,-0.0189584699011368));
#16814=CARTESIAN_POINT('',(0.0504827407318846,-0.0175,-0.0189584699011368));
#16815=CARTESIAN_POINT('',(0.0508260567041068,-0.0168,-0.0182179100053034));
#16816=CARTESIAN_POINT('',(0.0508260567041068,-0.0168,-0.0182179100053034));
#16817=CARTESIAN_POINT('',(0.0508260567041068,-0.0168,-0.0182179100053034));
#16818=CARTESIAN_POINT('',(0.0508260567041068,-0.0168,-0.0186926278872479));
#16819=CARTESIAN_POINT('',(0.0504827407318846,-0.0168,-0.0189584699011368));
#16820=CARTESIAN_POINT('',(0.0506798435964679,-0.0168,-0.0176812889115534));
#16821=CARTESIAN_POINT('',(0.0506798435964679,-0.0175,-0.0176812889115534));
#16822=CARTESIAN_POINT('',(0.0507773190015605,-0.0168,-0.0178157290157201));
#16823=CARTESIAN_POINT('',(0.0507773190015605,-0.0175,-0.0178157290157201));
#16824=CARTESIAN_POINT('',(0.0508260567041068,-0.0168,-0.0179946027136368));
#16825=CARTESIAN_POINT('',(0.0508260567041068,-0.0175,-0.0179946027136368));
#16826=CARTESIAN_POINT('',(0.0508260567041068,-0.0168,-0.0182179100053034));
#16827=CARTESIAN_POINT('',(0.0508260567041068,-0.0175,-0.0182179100053034));
#16828=CARTESIAN_POINT('',(0.0506798435964679,-0.0168,-0.0176812889115534));
#16829=CARTESIAN_POINT('',(0.0506798435964679,-0.0168,-0.0176812889115534));
#16830=CARTESIAN_POINT('',(0.0506798435964679,-0.0168,-0.0176812889115534));
#16831=CARTESIAN_POINT('',(0.0508260567041068,-0.0168,-0.0178829490678034));
#16832=CARTESIAN_POINT('',(0.0508260567041068,-0.0168,-0.0182179100053034));
#16833=CARTESIAN_POINT('',(0.0502039863916068,-0.0168,-0.0174059525400256));
#16834=CARTESIAN_POINT('',(0.0502039863916068,-0.0175,-0.0174059525400256));
#16835=CARTESIAN_POINT('',(0.0504237491230883,-0.0168,-0.0174550700168775));
#16836=CARTESIAN_POINT('',(0.0504237491230883,-0.0175,-0.0174550700168775));
#16837=CARTESIAN_POINT('',(0.0505823681913753,-0.0168,-0.0175468488073868));
#16838=CARTESIAN_POINT('',(0.0505823681913753,-0.0175,-0.0175468488073868));
#16839=CARTESIAN_POINT('',(0.0506798435964679,-0.0168,-0.0176812889115534));
#16840=CARTESIAN_POINT('',(0.0506798435964679,-0.0175,-0.0176812889115534));
#16841=CARTESIAN_POINT('',(0.0502039863916068,-0.0168,-0.0174059525400256));
#16842=CARTESIAN_POINT('',(0.0502039863916068,-0.0168,-0.0174059525400256));
#16843=CARTESIAN_POINT('',(0.0502039863916068,-0.0168,-0.0174059525400256));
#16844=CARTESIAN_POINT('',(0.050533630488829,-0.0168,-0.0174796287553034));
#16845=CARTESIAN_POINT('',(0.0506798435964679,-0.0168,-0.0176812889115534));
#16846=CARTESIAN_POINT('',(0.0502039863916068,-0.0168,-0.0173941795365535));
#16847=CARTESIAN_POINT('',(0.0502039863916068,-0.0168,-0.0173821537846743));
#16848=CARTESIAN_POINT('',(0.0502039863916068,-0.0168,-0.0173821537846743));
#16849=CARTESIAN_POINT('',(0.0502039863916068,-0.0168,-0.0173941795365535));
#16850=CARTESIAN_POINT('',(0.0501171380724534,-0.0168,-0.0168078517323332));
#16851=CARTESIAN_POINT('',(0.0505921157318846,-0.0168,-0.0171427689462757));
#16852=CARTESIAN_POINT('',(0.0505921157318846,-0.0168,-0.0171427689462757));
#16853=CARTESIAN_POINT('',(0.0501171380724534,-0.0168,-0.0168078517323332));
#16854=CARTESIAN_POINT('',(0.0507379490652179,-0.0168,-0.0166319725053035));
#16855=CARTESIAN_POINT('',(0.0507379490652179,-0.0175,-0.0166319725053035));
#16856=CARTESIAN_POINT('',(0.0507379490652179,-0.0168,-0.0168395824590072));
#16857=CARTESIAN_POINT('',(0.0507379490652179,-0.0175,-0.0168395824590072));
#16858=CARTESIAN_POINT('',(0.0506893379541068,-0.0168,-0.0170098479393312));
#16859=CARTESIAN_POINT('',(0.0506893379541068,-0.0175,-0.0170098479393312));
#16860=CARTESIAN_POINT('',(0.0505921157318846,-0.0168,-0.0171427689462757));
#16861=CARTESIAN_POINT('',(0.0505921157318846,-0.0175,-0.0171427689462757));
#16862=CARTESIAN_POINT('',(0.0507379490652179,-0.0168,-0.0166319725053035));
#16863=CARTESIAN_POINT('',(0.0507379490652179,-0.0168,-0.0166319725053035));
#16864=CARTESIAN_POINT('',(0.0507379490652179,-0.0168,-0.0166319725053035));
#16865=CARTESIAN_POINT('',(0.0507379490652179,-0.0168,-0.016943387435859));
#16866=CARTESIAN_POINT('',(0.0505921157318846,-0.0168,-0.0171427689462757));
#16867=CARTESIAN_POINT('',(0.0504045072249402,-0.0168,-0.0159639495018313));
#16868=CARTESIAN_POINT('',(0.0504045072249402,-0.0175,-0.0159639495018313));
#16869=CARTESIAN_POINT('',(0.0506268017851253,-0.0168,-0.0161039596291461));
#16870=CARTESIAN_POINT('',(0.0506268017851253,-0.0175,-0.0161039596291461));
#16871=CARTESIAN_POINT('',(0.0507379490652179,-0.0168,-0.0163266339636368));
#16872=CARTESIAN_POINT('',(0.0507379490652179,-0.0175,-0.0163266339636368));
#16873=CARTESIAN_POINT('',(0.0507379490652179,-0.0168,-0.0166319725053035));
#16874=CARTESIAN_POINT('',(0.0507379490652179,-0.0175,-0.0166319725053035));
#16875=CARTESIAN_POINT('',(0.0504045072249402,-0.0168,-0.0159639495018313));
#16876=CARTESIAN_POINT('',(0.0504045072249402,-0.0168,-0.0159639495018313));
#16877=CARTESIAN_POINT('',(0.0504045072249402,-0.0168,-0.0159639495018313));
#16878=CARTESIAN_POINT('',(0.0507379490652179,-0.0168,-0.0161739646928034));
#16879=CARTESIAN_POINT('',(0.0507379490652179,-0.0168,-0.0166319725053035));
#16880=CARTESIAN_POINT('',(0.0494155749332735,-0.0168,-0.0171287172969701));
#16881=CARTESIAN_POINT('',(0.0494155749332735,-0.0175,-0.0171287172969701));
#16882=CARTESIAN_POINT('',(0.0496150830351254,-0.0168,-0.0171287172969701));
#16883=CARTESIAN_POINT('',(0.0496150830351254,-0.0175,-0.0171287172969701));
#16884=CARTESIAN_POINT('',(0.0497595238626717,-0.0168,-0.0170978289867849));
#16885=CARTESIAN_POINT('',(0.0497595238626717,-0.0175,-0.0170978289867849));
#16886=CARTESIAN_POINT('',(0.0498488974159124,-0.0168,-0.0170360523664146));
#16887=CARTESIAN_POINT('',(0.0498488974159124,-0.0175,-0.0170360523664146));
#16888=CARTESIAN_POINT('',(0.0494155749332735,-0.0175,-0.0171287172969701));
#16889=CARTESIAN_POINT('',(0.0497148370860513,-0.0175,-0.0171287172969701));
#16890=CARTESIAN_POINT('',(0.0498488974159124,-0.0175,-0.0170360523664146));
#16891=CARTESIAN_POINT('',(0.0494155749332735,-0.0168,-0.0171287172969701));
#16892=CARTESIAN_POINT('',(0.0497148370860513,-0.0168,-0.0171287172969701));
#16893=CARTESIAN_POINT('',(0.0498488974159124,-0.0168,-0.0170360523664146));
#16894=CARTESIAN_POINT('',(0.0493327841346624,-0.0168,-0.015753934310859));
#16895=CARTESIAN_POINT('',(0.0493327841346624,-0.0175,-0.015753934310859));
#16896=CARTESIAN_POINT('',(0.0498249716346624,-0.0168,-0.015753934310859));
#16897=CARTESIAN_POINT('',(0.0498249716346624,-0.0175,-0.015753934310859));
#16898=CARTESIAN_POINT('',(0.050182212664755,-0.0168,-0.0158239393745164));
#16899=CARTESIAN_POINT('',(0.050182212664755,-0.0175,-0.0158239393745164));
#16900=CARTESIAN_POINT('',(0.0504045072249402,-0.0168,-0.0159639495018313));
#16901=CARTESIAN_POINT('',(0.0504045072249402,-0.0175,-0.0159639495018313));
#16902=CARTESIAN_POINT('',(0.0493327841346624,-0.0168,-0.015753934310859));
#16903=CARTESIAN_POINT('',(0.0500710653846624,-0.0168,-0.015753934310859));
#16904=CARTESIAN_POINT('',(0.0504045072249402,-0.0168,-0.0159639495018313));
#16905=CARTESIAN_POINT('',(0.0492283462006346,-0.0168,-0.0186166730261368));
#16906=CARTESIAN_POINT('',(0.0492283462006346,-0.0175,-0.0186166730261368));
#16907=CARTESIAN_POINT('',(0.0492283462006346,-0.0168,-0.0186166730261368));
#16908=CARTESIAN_POINT('',(0.,-0.0168,-6.93889390390723E-18));
#16909=CARTESIAN_POINT('',(0.,-0.0175,-1.38777878078145E-17));
#16910=CARTESIAN_POINT('',(0.0810214963070137,-0.0168,-0.0280619674544092));
#16911=CARTESIAN_POINT('',(0.0814806434424304,-0.0168,-0.0280619674544092));
#16912=CARTESIAN_POINT('',(0.0814806434424304,-0.0168,-0.0280619674544092));
#16913=CARTESIAN_POINT('',(0.0810214963070137,-0.0168,-0.0280619674544092));
#16914=CARTESIAN_POINT('',(0.080562349171597,-0.0168,-0.0280619674544092));
#16915=CARTESIAN_POINT('',(0.080562349171597,-0.0168,-0.0280619674544092));
#16916=CARTESIAN_POINT('',(0.0814806434424304,-0.0168,-0.0285192157182981));
#16917=CARTESIAN_POINT('',(0.0814806434424304,-0.0168,-0.028976463982187));
#16918=CARTESIAN_POINT('',(0.0814806434424304,-0.0168,-0.028976463982187));
#16919=CARTESIAN_POINT('',(0.0814806434424304,-0.0168,-0.0285192157182981));
#16920=CARTESIAN_POINT('',(0.0817407888417359,-0.0168,-0.028976463982187));
#16921=CARTESIAN_POINT('',(0.0820009342410415,-0.0168,-0.028976463982187));
#16922=CARTESIAN_POINT('',(0.0820009342410415,-0.0168,-0.028976463982187));
#16923=CARTESIAN_POINT('',(0.0817407888417359,-0.0168,-0.028976463982187));
#16924=CARTESIAN_POINT('',(0.0820009342410415,-0.0168,-0.0285192157182981));
#16925=CARTESIAN_POINT('',(0.0820009342410415,-0.0168,-0.0280619674544092));
#16926=CARTESIAN_POINT('',(0.0820009342410415,-0.0168,-0.0280619674544092));
#16927=CARTESIAN_POINT('',(0.0820009342410415,-0.0168,-0.0285192157182981));
#16928=CARTESIAN_POINT('',(0.0824600813764581,-0.0168,-0.0280619674544092));
#16929=CARTESIAN_POINT('',(0.0829192285118748,-0.0168,-0.0280619674544092));
#16930=CARTESIAN_POINT('',(0.0829192285118748,-0.0168,-0.0280619674544092));
#16931=CARTESIAN_POINT('',(0.0824600813764581,-0.0168,-0.0280619674544092));
#16932=CARTESIAN_POINT('',(0.0829192285118748,-0.0168,-0.0278022018294092));
#16933=CARTESIAN_POINT('',(0.0829192285118748,-0.0168,-0.0275424362044092));
#16934=CARTESIAN_POINT('',(0.0829192285118748,-0.0168,-0.0275424362044092));
#16935=CARTESIAN_POINT('',(0.0829192285118748,-0.0168,-0.0278022018294092));
#16936=CARTESIAN_POINT('',(0.0824600813764581,-0.0168,-0.0275424362044092));
#16937=CARTESIAN_POINT('',(0.0820009342410415,-0.0168,-0.0275424362044092));
#16938=CARTESIAN_POINT('',(0.0820009342410415,-0.0168,-0.0275424362044092));
#16939=CARTESIAN_POINT('',(0.0824600813764581,-0.0168,-0.0275424362044092));
#16940=CARTESIAN_POINT('',(0.0820009342410415,-0.0168,-0.027079491325937));
#16941=CARTESIAN_POINT('',(0.0820009342410415,-0.0168,-0.0266165464474648));
#16942=CARTESIAN_POINT('',(0.0820009342410415,-0.0168,-0.0266165464474648));
#16943=CARTESIAN_POINT('',(0.0820009342410415,-0.0168,-0.027079491325937));
#16944=CARTESIAN_POINT('',(0.0817407888417359,-0.0168,-0.0266165464474648));
#16945=CARTESIAN_POINT('',(0.0814806434424303,-0.0168,-0.0266165464474648));
#16946=CARTESIAN_POINT('',(0.0814806434424303,-0.0168,-0.0266165464474648));
#16947=CARTESIAN_POINT('',(0.0817407888417359,-0.0168,-0.0266165464474648));
#16948=CARTESIAN_POINT('',(0.0814806434424304,-0.0168,-0.027079491325937));
#16949=CARTESIAN_POINT('',(0.0814806434424304,-0.0168,-0.0275424362044092));
#16950=CARTESIAN_POINT('',(0.0814806434424304,-0.0168,-0.0275424362044092));
#16951=CARTESIAN_POINT('',(0.0814806434424304,-0.0168,-0.027079491325937));
#16952=CARTESIAN_POINT('',(0.0810214963070137,-0.0168,-0.0275424362044092));
#16953=CARTESIAN_POINT('',(0.080562349171597,-0.0168,-0.0275424362044092));
#16954=CARTESIAN_POINT('',(0.080562349171597,-0.0168,-0.0275424362044092));
#16955=CARTESIAN_POINT('',(0.0810214963070137,-0.0168,-0.0275424362044092));
#16956=CARTESIAN_POINT('',(0.080562349171597,-0.0168,-0.0278022018294092));
#16957=CARTESIAN_POINT('',(0.080562349171597,-0.0168,-0.0278022018294092));
#16958=CARTESIAN_POINT('',(0.,-0.0168,-6.93889390390723E-18));
#16959=CARTESIAN_POINT('',(0.,-0.0175,-1.38777878078145E-17));
#16960=CARTESIAN_POINT('',(0.,-0.0175,-1.38777878078145E-17));
#16961=CARTESIAN_POINT('',(0.,-0.0175,-1.38777878078145E-17));
#16962=CARTESIAN_POINT('',(-0.00285,-0.0093,-0.0218));
#16963=CARTESIAN_POINT('',(0.0408,-0.0093,-0.0218));
#16964=CARTESIAN_POINT('',(0.0408,-0.0093,-0.0218));
#16965=CARTESIAN_POINT('',(0.0408,-0.013,-0.0218));
#16966=CARTESIAN_POINT('',(-0.00285,-0.013,-0.0218));
#16967=CARTESIAN_POINT('',(-0.0465,-0.0093,-0.0218));
#16968=CARTESIAN_POINT('',(-0.0465,-0.0093,-0.0218));
#16969=CARTESIAN_POINT('',(-0.00285,-0.0093,-0.0218));
#16970=CARTESIAN_POINT('',(-0.0465,-0.0093,0.0071));
#16971=CARTESIAN_POINT('',(-0.0465,-0.0093,0.036));
#16972=CARTESIAN_POINT('',(-0.0465,-0.0093,0.036));
#16973=CARTESIAN_POINT('',(-0.0465,-0.0093,0.0071));
#16974=CARTESIAN_POINT('',(-0.00285,-0.0093,0.036));
#16975=CARTESIAN_POINT('',(0.0408,-0.013,0.036));
#16976=CARTESIAN_POINT('',(0.0408,-0.013,0.036));
#16977=CARTESIAN_POINT('',(0.0408,-0.0093,0.036));
#16978=CARTESIAN_POINT('',(0.0408,-0.0093,0.036));
#16979=CARTESIAN_POINT('',(-0.00285,-0.0093,0.036));
#16980=CARTESIAN_POINT('',(0.0408,-0.0093,0.0071));
#16981=CARTESIAN_POINT('',(0.0408,-0.013,0.0071));
#16982=CARTESIAN_POINT('',(0.0408,-0.0093,0.0071));
#16983=CARTESIAN_POINT('',(0.,-0.0093,-6.93889390390723E-18));
#16984=CARTESIAN_POINT('',(-0.00285,-0.0093,-0.0208));
#16985=CARTESIAN_POINT('',(-0.0455,-0.0093,-0.0208));
#16986=CARTESIAN_POINT('',(0.0398,-0.0093,-0.0208));
#16987=CARTESIAN_POINT('',(0.0398,-0.0093,0.0071));
#16988=CARTESIAN_POINT('',(0.0398,-0.0093,0.035));
#16989=CARTESIAN_POINT('',(-0.00285,-0.0093,0.035));
#16990=CARTESIAN_POINT('',(-0.0455,-0.0093,0.035));
#16991=CARTESIAN_POINT('',(-0.0455,-0.0093,0.0071));
#16992=CARTESIAN_POINT('',(-0.00285,-0.0093,-0.0208));
#16993=CARTESIAN_POINT('',(-0.00285,-0.015,-0.0208));
#16994=CARTESIAN_POINT('',(-0.0455,-0.015,-0.0208));
#16995=CARTESIAN_POINT('',(0.0398,-0.015,-0.0208));
#16996=CARTESIAN_POINT('',(0.0398,-0.0093,-0.0208));
#16997=CARTESIAN_POINT('',(-0.0455,-0.0093,-0.0208));
#16998=CARTESIAN_POINT('',(-0.0455,-0.0093,0.0071));
#16999=CARTESIAN_POINT('',(-0.0455,-0.015,0.0071));
#17000=CARTESIAN_POINT('',(-0.0455,-0.015,0.035));
#17001=CARTESIAN_POINT('',(-0.0455,-0.0093,0.035));
#17002=CARTESIAN_POINT('',(-0.00285,-0.0093,0.035));
#17003=CARTESIAN_POINT('',(-0.00285,-0.015,0.035));
#17004=CARTESIAN_POINT('',(0.0398,-0.015,0.035));
#17005=CARTESIAN_POINT('',(0.0398,-0.0093,0.035));
#17006=CARTESIAN_POINT('',(0.0398,-0.0093,0.0071));
#17007=CARTESIAN_POINT('',(0.0398,-0.015,0.0071));
#17008=CARTESIAN_POINT('',(0.,-0.015,-6.93889390390723E-18));
#17009=CARTESIAN_POINT('',(0.0848869429391696,2.00000000000027E-6,2.23498040844392E-19));
#17010=CARTESIAN_POINT('',(0.0848869429391696,-0.0133708663828769,2.23498040844392E-19));
#17011=CARTESIAN_POINT('',(0.0855672289159979,-0.0133708663828769,-0.00358604391910232));
#17012=CARTESIAN_POINT('',(0.0855672289159979,-0.0133708663828769,0.00358604391910232));
#17013=CARTESIAN_POINT('',(0.0855672289159979,2.00000000000027E-6,0.00358604391910232));
#17014=CARTESIAN_POINT('',(0.0855672289159979,2.00000000000027E-6,-0.00358604391910232));
#17015=CARTESIAN_POINT('',(0.0858708663828769,-0.0145,-0.00518663150844189));
#17016=CARTESIAN_POINT('',(0.0858708663828769,-0.0145,-0.00518663150844189));
#17017=CARTESIAN_POINT('',(0.0874298029078401,-0.0145,-0.00471356359198997));
#17018=CARTESIAN_POINT('',(0.0869513472094929,-0.0145,-0.00485875362167192));
#17019=CARTESIAN_POINT('',(0.0858708663828769,2.00000000000027E-6,-0.00518663150844189));
#17020=CARTESIAN_POINT('',(0.0874298029078401,-0.0145,-0.00471356359198997));
#17021=CARTESIAN_POINT('',(0.0872981445170598,-0.0145,-0.00427969972790728));
#17022=CARTESIAN_POINT('',(0.0866630408240402,-0.0142102799772018,-0.00359512674324819));
#17023=CARTESIAN_POINT('',(0.0859138219456155,-0.01364663355331,-0.00352029392188135));
#17024=CARTESIAN_POINT('',(0.0855672289159979,-0.0133708663828769,-0.00358604391910232));
#17025=CARTESIAN_POINT('',(0.0874298029078402,-0.0145,-0.00471356359198998));
#17026=CARTESIAN_POINT('',(0.0874298029078402,-0.015,-0.00471356359198998));
#17027=CARTESIAN_POINT('',(0.0869513472094929,-0.015,-0.00485875362167192));
#17028=CARTESIAN_POINT('',(0.0873567830227773,-0.0144999999790744,-0.00447293563580356));
#17029=CARTESIAN_POINT('',(0.0873338411379349,-0.0150082740797348,-0.00439733374088177));
#17030=CARTESIAN_POINT('',(0.086870730970532,-0.015,-0.00462135322645869));
#17031=CARTESIAN_POINT('',(0.0870984539173151,-0.0144153795447516,-0.00404352819917434));
#17032=CARTESIAN_POINT('',(0.086983305658128,-0.0148342419665659,-0.0038970971198568));
#17033=CARTESIAN_POINT('',(0.0866307741497129,-0.0148779081216975,-0.0041837126944237));
#17034=CARTESIAN_POINT('',(0.0865781707114361,-0.0141170017402616,-0.00368275871441189));
#17035=CARTESIAN_POINT('',(0.0864259464434916,-0.0143392501501882,-0.00361790745147305));
#17036=CARTESIAN_POINT('',(0.0862266554032322,-0.0144474034547231,-0.00377657711166417));
#17037=CARTESIAN_POINT('',(0.0860638827260038,-0.0137585426692453,-0.00354262591399095));
#17038=CARTESIAN_POINT('',(0.0859740546457589,-0.0138549603954088,-0.00354069171432528));
#17039=CARTESIAN_POINT('',(0.0858747584539614,-0.0139302124690168,-0.00358415875843829));
#17040=CARTESIAN_POINT('',(0.085728383473386,-0.0134990891779842,-0.00355547229533913));
#17041=CARTESIAN_POINT('',(0.085696924825128,-0.0135274788587128,-0.00356144011891763));
#17042=CARTESIAN_POINT('',(0.0856654661121291,-0.0135558684613048,-0.00356740795466949));
#17043=CARTESIAN_POINT('',(0.0855672289159979,-0.0133708663828769,-0.00358604391910232));
#17044=CARTESIAN_POINT('',(0.0855672289159979,-0.0133708663828769,-0.00358604391910232));
#17045=CARTESIAN_POINT('',(0.0855672289159979,-0.0133708663828769,-0.00358604391910232));
#17046=CARTESIAN_POINT('',(0.0869513472094929,-0.015,-0.00485875362167192));
#17047=CARTESIAN_POINT('',(0.086803354695624,-0.015,-0.00442294188000849));
#17048=CARTESIAN_POINT('',(0.0862604391738587,-0.0145807950919961,-0.00370678055883291));
#17049=CARTESIAN_POINT('',(0.0857795571995257,-0.0137707261959018,-0.00354576444762163));
#17050=CARTESIAN_POINT('',(0.0855672289159979,-0.0133708663828769,-0.00358604391910232));
#17051=CARTESIAN_POINT('',(0.0848869429391696,-0.0133708663828769,2.23498040844392E-19));
#17052=CARTESIAN_POINT('',(0.0869513472094929,-0.015,0.00485875362167192));
#17053=CARTESIAN_POINT('',(0.086803354695624,-0.015,0.00442294188000849));
#17054=CARTESIAN_POINT('',(0.0862604391738645,-0.0145807950919929,0.0037067805588318));
#17055=CARTESIAN_POINT('',(0.085779557199514,-0.0137707261959083,0.00354576444762385));
#17056=CARTESIAN_POINT('',(0.0855672289159979,-0.0133708663828769,0.00358604391910232));
#17057=CARTESIAN_POINT('',(0.0858708663828769,-0.0145,0.00518663150844189));
#17058=CARTESIAN_POINT('',(0.0869513472094929,-0.0145,0.00485875362167192));
#17059=CARTESIAN_POINT('',(0.0874298029078401,-0.0145,0.00471356359198997));
#17060=CARTESIAN_POINT('',(0.0858708663828769,-0.0145,0.00518663150844189));
#17061=CARTESIAN_POINT('',(0.0869513472094929,-0.015,0.00485875362167192));
#17062=CARTESIAN_POINT('',(0.0874298029078402,-0.015,0.00471356359198998));
#17063=CARTESIAN_POINT('',(0.0874298029078402,-0.0145,0.00471356359198998));
#17064=CARTESIAN_POINT('',(0.086870730970532,-0.015,0.00462135322645869));
#17065=CARTESIAN_POINT('',(0.0873338411379349,-0.0150082740797348,0.00439733374088177));
#17066=CARTESIAN_POINT('',(0.0873567830227773,-0.0144999999790744,0.00447293563580356));
#17067=CARTESIAN_POINT('',(0.0866307741497128,-0.0148779081216974,0.00418371269442371));
#17068=CARTESIAN_POINT('',(0.0869833056581279,-0.0148342419665659,0.00389709711985625));
#17069=CARTESIAN_POINT('',(0.0870984539173151,-0.0144153795447516,0.00404352819917435));
#17070=CARTESIAN_POINT('',(0.0862266554032324,-0.0144474034547232,0.00377657711166414));
#17071=CARTESIAN_POINT('',(0.0864259464434919,-0.0143392501501883,0.00361790745147466));
#17072=CARTESIAN_POINT('',(0.0865781707114362,-0.0141170017402616,0.00368275871441186));
#17073=CARTESIAN_POINT('',(0.0858747584539608,-0.0139302124690164,0.00358415875843841));
#17074=CARTESIAN_POINT('',(0.0859740546457577,-0.0138549603954083,0.00354069171431988));
#17075=CARTESIAN_POINT('',(0.0860638827260032,-0.0137585426692452,0.00354262591399107));
#17076=CARTESIAN_POINT('',(0.0856654661121304,-0.0135558684613057,0.00356740795466923));
#17077=CARTESIAN_POINT('',(0.0856969248251303,-0.0135274788587137,0.003561440118929));
#17078=CARTESIAN_POINT('',(0.0857283834733874,-0.0134990891779845,0.00355547229533887));
#17079=CARTESIAN_POINT('',(0.0855672289159979,-0.0133708663828769,0.00358604391910232));
#17080=CARTESIAN_POINT('',(0.0855672289159979,-0.0133708663828769,0.00358604391910232));
#17081=CARTESIAN_POINT('',(0.0855672289159979,-0.0133708663828769,0.00358604391910232));
#17082=CARTESIAN_POINT('',(0.0874298029078401,-0.0145,0.00471356359198997));
#17083=CARTESIAN_POINT('',(0.0872981445170598,-0.0145,0.00427969972790728));
#17084=CARTESIAN_POINT('',(0.0866630408240402,-0.0142102799772018,0.00359512674324819));
#17085=CARTESIAN_POINT('',(0.0859138219456155,-0.01364663355331,0.00352029392188135));
#17086=CARTESIAN_POINT('',(0.0855672289159979,-0.0133708663828769,0.00358604391910232));
#17087=CARTESIAN_POINT('',(0.0858708663828769,2.00000000000027E-6,0.00518663150844189));
#17088=CARTESIAN_POINT('',(0.0848869429391696,-0.015002,8.57252759403147E-20));
#17089=CARTESIAN_POINT('',(0.0848869429391696,-0.015,8.57252759403147E-20));
#17090=CARTESIAN_POINT('',(0.0848869429391696,-0.015,-0.0014));
#17091=CARTESIAN_POINT('',(0.,-0.015,-1.38777878078145E-17));
#17092=CARTESIAN_POINT('',(-0.0857702203296423,2.00000000000027E-6,-0.00526993877515537));
#17093=CARTESIAN_POINT('',(-0.0858398096931938,2.00000000000027E-6,-0.00162060221620654));
#17094=CARTESIAN_POINT('',(-0.0858398096931938,-0.01337087,-0.00162060221620654));
#17095=CARTESIAN_POINT('',(-0.0857702203296423,-0.01337087,-0.00526993877515537));
#17096=CARTESIAN_POINT('',(-0.0858398096931938,-0.01337087,-0.0089192753341042));
#17097=CARTESIAN_POINT('',(-0.0858398096931938,2.00000000000027E-6,-0.0089192753341042));
#17098=CARTESIAN_POINT('',(-0.08587087,2.00000000000027E-6,-0.0105481092158248));
#17099=CARTESIAN_POINT('',(-0.08587087,-0.0145,-0.0105481092158248));
#17100=CARTESIAN_POINT('',(-0.0874870411255141,-0.0145,-0.0103430349610917));
#17101=CARTESIAN_POINT('',(-0.0874870411255141,-0.0145,-0.0103430349610917));
#17102=CARTESIAN_POINT('',(-0.0874299674085369,-0.0145,-0.00989324230660025));
#17103=CARTESIAN_POINT('',(-0.0869185944141792,-0.0142102809691385,-0.00911190327443476));
#17104=CARTESIAN_POINT('',(-0.0861925193602936,-0.0136466363127201,-0.0089125494975431));
#17105=CARTESIAN_POINT('',(-0.0858398096931938,-0.01337087,-0.0089192753341042));
#17106=CARTESIAN_POINT('',(-0.08587087,-0.0145,-0.0105481092158248));
#17107=CARTESIAN_POINT('',(-0.0869910183632072,-0.0145,-0.0104059747678392));
#17108=CARTESIAN_POINT('',(-0.0869910183632072,-0.015,-0.0104059747678392));
#17109=CARTESIAN_POINT('',(-0.0874870411255141,-0.015,-0.0103430349610917));
#17110=CARTESIAN_POINT('',(-0.0874870411255141,-0.0145,-0.0103430349610917));
#17111=CARTESIAN_POINT('',(-0.0869513344928311,-0.015,-0.0101584210320895));
#17112=CARTESIAN_POINT('',(-0.0874454417723468,-0.0150082740598921,-0.0100151948710492));
#17113=CARTESIAN_POINT('',(-0.0874553871078794,-0.0144999999790728,-0.0100935725925738));
#17114=CARTESIAN_POINT('',(-0.0867881278124544,-0.0148779083619251,-0.00968675269523323));
#17115=CARTESIAN_POINT('',(-0.0871837127618908,-0.014834242106272,-0.00946328140569067));
#17116=CARTESIAN_POINT('',(-0.0872726880197811,-0.0144153797944482,-0.00962694141820346));
#17117=CARTESIAN_POINT('',(-0.0864579691097607,-0.0144474046427399,-0.00921764179490307));
#17118=CARTESIAN_POINT('',(-0.0866810359329511,-0.0143392512648982,-0.00909462099311574));
#17119=CARTESIAN_POINT('',(-0.0868202366119417,-0.0141170029402167,-0.00918406977052565));
#17120=CARTESIAN_POINT('',(-0.0861433036008585,-0.0139302148206648,-0.0089689631206096));
#17121=CARTESIAN_POINT('',(-0.0862484806530148,-0.0138549627182575,-0.00894275450186378));
#17122=CARTESIAN_POINT('',(-0.0863367136907139,-0.0137585450281283,-0.00895971781505651));
#17123=CARTESIAN_POINT('',(-0.0859397804573069,-0.0135558716599704,-0.00891736898709125));
#17124=CARTESIAN_POINT('',(-0.0859717943951895,-0.013527482058561,-0.00891675851192571));
#17125=CARTESIAN_POINT('',(-0.0860038082672222,-0.0134990923790138,-0.00891614803789415));
#17126=CARTESIAN_POINT('',(-0.0858398096931938,-0.01337087,-0.0089192753341042));
#17127=CARTESIAN_POINT('',(-0.0858398096931938,-0.01337087,-0.0089192753341042));
#17128=CARTESIAN_POINT('',(-0.0858398096931938,-0.01337087,-0.0089192753341042));
#17129=CARTESIAN_POINT('',(-0.0869910183632072,-0.015,-0.0104059747678392));
#17130=CARTESIAN_POINT('',(-0.086918168141575,-0.015,-0.00995152396546349));
#17131=CARTESIAN_POINT('',(-0.0865029738224875,-0.0145807961068725,-0.00915449555874223));
#17132=CARTESIAN_POINT('',(-0.0860558849084301,-0.0137707289566393,-0.00891515498607254));
#17133=CARTESIAN_POINT('',(-0.0858398096931938,-0.01337087,-0.0089192753341042));
#17134=CARTESIAN_POINT('',(-0.0857702203296423,-0.01337087,-0.00526993877515537));
#17135=CARTESIAN_POINT('',(-0.0869910183632072,-0.015,-0.000133902782471511));
#17136=CARTESIAN_POINT('',(-0.086918168141575,-0.015,-0.000588353584847249));
#17137=CARTESIAN_POINT('',(-0.086502973822487,-0.0145807961068727,-0.00138538199156849));
#17138=CARTESIAN_POINT('',(-0.0860558849084311,-0.0137707289566388,-0.00162472256423822));
#17139=CARTESIAN_POINT('',(-0.0858398096931938,-0.01337087,-0.00162060221620654));
#17140=CARTESIAN_POINT('',(-0.0874870411255141,-0.0145,-0.000196842589219012));
#17141=CARTESIAN_POINT('',(-0.0874870411255141,-0.015,-0.000196842589219012));
#17142=CARTESIAN_POINT('',(-0.0869910183632072,-0.015,-0.000133902782471511));
#17143=CARTESIAN_POINT('',(-0.0874553871078794,-0.0144999999790728,-0.000446304957737145));
#17144=CARTESIAN_POINT('',(-0.0874454417723456,-0.0150082740598914,-0.00052468267926183));
#17145=CARTESIAN_POINT('',(-0.0869513344928311,-0.015,-0.00038145651822114));
#17146=CARTESIAN_POINT('',(-0.087272688019781,-0.0144153797944482,-0.000912936132107168));
#17147=CARTESIAN_POINT('',(-0.0871837127618912,-0.0148342421062724,-0.00107659614461932));
#17148=CARTESIAN_POINT('',(-0.0867881278124543,-0.0148779083619251,-0.000853124855077519));
#17149=CARTESIAN_POINT('',(-0.086820236611942,-0.0141170029402165,-0.00135580777978512));
#17150=CARTESIAN_POINT('',(-0.0866810359329513,-0.0143392512648978,-0.0014452565571968));
#17151=CARTESIAN_POINT('',(-0.086457969109761,-0.0144474046427397,-0.00132223575540766));
#17152=CARTESIAN_POINT('',(-0.0863367136907127,-0.0137585450281291,-0.00158015973525419));
#17153=CARTESIAN_POINT('',(-0.0862484806530138,-0.0138549627182586,-0.00159712304844097));
#17154=CARTESIAN_POINT('',(-0.0861433036008573,-0.0139302148206656,-0.0015709144297011));
#17155=CARTESIAN_POINT('',(-0.0860038082672248,-0.0134990923790123,-0.00162372951241663));
#17156=CARTESIAN_POINT('',(-0.0859717943951919,-0.0135274820585587,-0.00162311903839759));
#17157=CARTESIAN_POINT('',(-0.0859397804573096,-0.0135558716599688,-0.00162250856321953));
#17158=CARTESIAN_POINT('',(-0.0858398096931938,-0.01337087,-0.00162060221620653));
#17159=CARTESIAN_POINT('',(-0.0858398096931938,-0.01337087,-0.00162060221620653));
#17160=CARTESIAN_POINT('',(-0.0858398096931938,-0.01337087,-0.00162060221620653));
#17161=CARTESIAN_POINT('',(-0.0869910183632072,-0.0145,-0.000133902782471511));
#17162=CARTESIAN_POINT('',(-0.0874870411255141,-0.0145,-0.00019684258921901));
#17163=CARTESIAN_POINT('',(-0.0874870411255141,-0.0145,-0.00019684258921901));
#17164=CARTESIAN_POINT('',(-0.0874299674085369,-0.0145,-0.000646635243710479));
#17165=CARTESIAN_POINT('',(-0.0869185944141741,-0.0142102809691449,-0.00142797427587587));
#17166=CARTESIAN_POINT('',(-0.0861925193603036,-0.0136466363127073,-0.00162732805276782));
#17167=CARTESIAN_POINT('',(-0.0858398096931938,-0.01337087,-0.00162060221620654));
#17168=CARTESIAN_POINT('',(-0.08587087,-0.0145,8.23166551409873E-6));
#17169=CARTESIAN_POINT('',(-0.08587087,-0.0145,8.23166551409873E-6));
#17170=CARTESIAN_POINT('',(-0.08587087,2.00000000000027E-6,8.23166551409873E-6));
#17171=CARTESIAN_POINT('',(-0.0857702203296423,-0.015002,-0.00526993877515537));
#17172=CARTESIAN_POINT('',(-0.0857702203296423,-0.015,-0.00526993877515537));
#17173=CARTESIAN_POINT('',(-0.0857702203296423,-0.015,-0.00666993877515537));
#17174=CARTESIAN_POINT('',(0.,-0.015,-1.38777878078145E-17));
#17175=CARTESIAN_POINT('',(0.0356641737622136,2.00000000000027E-6,-0.0447559770270767));
#17176=CARTESIAN_POINT('',(0.0320150382851607,2.00000000000027E-6,-0.044835414235702));
#17177=CARTESIAN_POINT('',(0.0320150382851607,-0.01337087,-0.044835414235702));
#17178=CARTESIAN_POINT('',(0.0356641737622136,-0.01337087,-0.0447559770270767));
#17179=CARTESIAN_POINT('',(0.0393133092392665,-0.01337087,-0.044835414235702));
#17180=CARTESIAN_POINT('',(0.0393133092392665,2.00000000000027E-6,-0.044835414235702));
#17181=CARTESIAN_POINT('',(0.0409420533706997,2.00000000000027E-6,-0.04487087));
#17182=CARTESIAN_POINT('',(0.0409420533706997,-0.0145,-0.04487087));
#17183=CARTESIAN_POINT('',(0.0407326184638087,-0.0145,-0.0464864818273508));
#17184=CARTESIAN_POINT('',(0.0407326184638087,-0.0145,-0.0464864818273508));
#17185=CARTESIAN_POINT('',(0.0402829814662286,-0.0145,-0.0464281945078792));
#17186=CARTESIAN_POINT('',(0.039503025270094,-0.0142102809691411,-0.0459147148542833));
#17187=CARTESIAN_POINT('',(0.0393056316050013,-0.0136466363127148,-0.0451881044681696));
#17188=CARTESIAN_POINT('',(0.0393133092392665,-0.01337087,-0.044835414235702));
#17189=CARTESIAN_POINT('',(0.0409420533706997,-0.0145,-0.04487087));
#17190=CARTESIAN_POINT('',(0.040796896608245,-0.0145,-0.0459906307205174));
#17191=CARTESIAN_POINT('',(0.040796896608245,-0.015,-0.0459906307205174));
#17192=CARTESIAN_POINT('',(0.0407326184638087,-0.015,-0.0464864818273507));
#17193=CARTESIAN_POINT('',(0.0407326184638087,-0.0145,-0.0464864818273507));
#17194=CARTESIAN_POINT('',(0.0405494508647728,-0.015,-0.0459502789462029));
#17195=CARTESIAN_POINT('',(0.0404048918275016,-0.0150082740598932,-0.0464439979164891));
#17196=CARTESIAN_POINT('',(0.0404832424251585,-0.0144999999790728,-0.0464541547259076));
#17197=CARTESIAN_POINT('',(0.0400782246748654,-0.0148779083619253,-0.0457858000160832));
#17198=CARTESIAN_POINT('',(0.0398536866736166,-0.014834242106272,-0.046180780465555));
#17199=CARTESIAN_POINT('',(0.0400171059816032,-0.0144153797944483,-0.0462701970523211));
#17200=CARTESIAN_POINT('',(0.0396100064488424,-0.0144474046427389,-0.0454543765730456));
#17201=CARTESIAN_POINT('',(0.0394863841269459,-0.0143392512648971,-0.0456771106001036));
#17202=CARTESIAN_POINT('',(0.0395754569317432,-0.014117002940216,-0.0458165521586755));
#17203=CARTESIAN_POINT('',(0.0393621778362859,-0.0139302148206686,-0.0451390411257188));
#17204=CARTESIAN_POINT('',(0.039335685482206,-0.0138549627182611,-0.0452441470683297));
#17205=CARTESIAN_POINT('',(0.0393524106279909,-0.013758545028131,-0.045332425561943));
#17206=CARTESIAN_POINT('',(0.0393111331181229,-0.0135558716599624,-0.0449353794913371));
#17207=CARTESIAN_POINT('',(0.0393104362523916,-0.0135274820585534,-0.0449673916652252));
#17208=CARTESIAN_POINT('',(0.0393097393879442,-0.013499092379008,-0.0449994037732646));
#17209=CARTESIAN_POINT('',(0.0393133092392664,-0.01337087,-0.044835414235702));
#17210=CARTESIAN_POINT('',(0.0393133092392664,-0.01337087,-0.044835414235702));
#17211=CARTESIAN_POINT('',(0.0393133092392664,-0.01337087,-0.044835414235702));
#17212=CARTESIAN_POINT('',(0.040796896608245,-0.015,-0.0459906307205174));
#17213=CARTESIAN_POINT('',(0.0403426440542124,-0.015,-0.0459165543833602));
#17214=CARTESIAN_POINT('',(0.0395467389929085,-0.0145807961068787,-0.0454992107154757));
#17215=CARTESIAN_POINT('',(0.0393086058057311,-0.0137707289566268,-0.0450514775450126));
#17216=CARTESIAN_POINT('',(0.0393133092392665,-0.01337087,-0.044835414235702));
#17217=CARTESIAN_POINT('',(0.0356641737622136,-0.01337087,-0.0447559770270767));
#17218=CARTESIAN_POINT('',(0.0305314509161821,-0.015,-0.0459906307205174));
#17219=CARTESIAN_POINT('',(0.0309857034702148,-0.015,-0.0459165543833602));
#17220=CARTESIAN_POINT('',(0.0317816085315187,-0.0145807961068787,-0.0454992107154757));
#17221=CARTESIAN_POINT('',(0.0320197417186961,-0.0137707289566268,-0.0450514775450126));
#17222=CARTESIAN_POINT('',(0.0320150382851607,-0.01337087,-0.044835414235702));
#17223=CARTESIAN_POINT('',(0.0305957290606184,-0.0145,-0.0464864818273507));
#17224=CARTESIAN_POINT('',(0.0305957290606184,-0.015,-0.0464864818273507));
#17225=CARTESIAN_POINT('',(0.0305314509161821,-0.015,-0.0459906307205174));
#17226=CARTESIAN_POINT('',(0.0308451050992665,-0.0144999999790728,-0.0464541547259078));
#17227=CARTESIAN_POINT('',(0.0309234556969199,-0.0150082740598898,-0.0464439979164951));
#17228=CARTESIAN_POINT('',(0.0307788966596537,-0.015,-0.0459502789462059));
#17229=CARTESIAN_POINT('',(0.031311241542825,-0.0144153797944484,-0.0462701970523211));
#17230=CARTESIAN_POINT('',(0.0314746608508123,-0.0148342421062732,-0.0461807804655521));
#17231=CARTESIAN_POINT('',(0.031250122849562,-0.0148779083619253,-0.0457858000160818));
#17232=CARTESIAN_POINT('',(0.0317528905926837,-0.0141170029402161,-0.0458165521586752));
#17233=CARTESIAN_POINT('',(0.0318419633974848,-0.014339251264897,-0.0456771106001043));
#17234=CARTESIAN_POINT('',(0.0317183410755847,-0.0144474046427389,-0.045454376573046));
#17235=CARTESIAN_POINT('',(0.0319759368964365,-0.013758545028131,-0.045332425561944));
#17236=CARTESIAN_POINT('',(0.0319926620422071,-0.013854962718261,-0.0452441470683297));
#17237=CARTESIAN_POINT('',(0.0319661696881414,-0.0139302148206685,-0.0451390411257186));
#17238=CARTESIAN_POINT('',(0.0320186081364829,-0.0134990923790081,-0.0449994037732623));
#17239=CARTESIAN_POINT('',(0.0320179112720658,-0.0135274820585537,-0.0449673916652247));
#17240=CARTESIAN_POINT('',(0.0320172144063042,-0.0135558716599627,-0.0449353794913372));
#17241=CARTESIAN_POINT('',(0.0320150382851607,-0.01337087,-0.044835414235702));
#17242=CARTESIAN_POINT('',(0.0320150382851607,-0.01337087,-0.044835414235702));
#17243=CARTESIAN_POINT('',(0.0320150382851607,-0.01337087,-0.044835414235702));
#17244=CARTESIAN_POINT('',(0.0305314509161821,-0.0145,-0.0459906307205174));
#17245=CARTESIAN_POINT('',(0.0305957290606184,-0.0145,-0.0464864818273508));
#17246=CARTESIAN_POINT('',(0.0305957290606184,-0.0145,-0.0464864818273508));
#17247=CARTESIAN_POINT('',(0.0310453660581986,-0.0145,-0.0464281945078792));
#17248=CARTESIAN_POINT('',(0.0318253222543333,-0.0142102809691411,-0.0459147148542833));
#17249=CARTESIAN_POINT('',(0.0320227159194258,-0.0136466363127148,-0.0451881044681697));
#17250=CARTESIAN_POINT('',(0.0320150382851607,-0.01337087,-0.044835414235702));
#17251=CARTESIAN_POINT('',(0.0303862941537275,-0.0145,-0.04487087));
#17252=CARTESIAN_POINT('',(0.0303862941537275,-0.0145,-0.04487087));
#17253=CARTESIAN_POINT('',(0.0303862941537275,2.00000000000027E-6,-0.04487087));
#17254=CARTESIAN_POINT('',(0.0356641737622136,-0.015002,-0.0447559770270767));
#17255=CARTESIAN_POINT('',(0.0356641737622136,-0.015,-0.0447559770270767));
#17256=CARTESIAN_POINT('',(0.0356641737622136,-0.015,-0.0461559770270767));
#17257=CARTESIAN_POINT('',(0.,-0.015,-1.38777878078145E-17));
#17258=CARTESIAN_POINT('',(-0.0228835949452831,2.00000000000027E-6,0.0445426829416994));
#17259=CARTESIAN_POINT('',(-0.0192420585539426,2.00000000000027E-6,0.0447911033727084));
#17260=CARTESIAN_POINT('',(-0.0192420585539426,-0.0134,0.0447911033727084));
#17261=CARTESIAN_POINT('',(-0.0228835949452831,-0.0134,0.0445426829416994));
#17262=CARTESIAN_POINT('',(-0.0265251313366236,-0.0134,0.0447911033727084));
#17263=CARTESIAN_POINT('',(-0.0265251313366236,2.00000000000027E-6,0.0447911033727084));
#17264=CARTESIAN_POINT('',(-0.0281214212615948,2.00000000000027E-6,0.0449));
#17265=CARTESIAN_POINT('',(-0.0281214212615948,-0.0145,0.0449));
#17266=CARTESIAN_POINT('',(-0.0278458934831997,-0.0145,0.0464760978533494));
#17267=CARTESIAN_POINT('',(-0.0278458934831997,-0.0145,0.0464760978533494));
#17268=CARTESIAN_POINT('',(-0.0274075219544838,-0.0145,0.0463994633137096));
#17269=CARTESIAN_POINT('',(-0.0266640266223676,-0.0142182690548155,0.0458623761854167));
#17270=CARTESIAN_POINT('',(-0.0265014672232818,-0.0136688584325669,0.0451379900178729));
#17271=CARTESIAN_POINT('',(-0.0265251313366236,-0.0134,0.0447911033727084));
#17272=CARTESIAN_POINT('',(-0.0281214212615948,-0.0145,0.0449));
#17273=CARTESIAN_POINT('',(-0.0279319959139482,-0.0145,0.0459835672741777));
#17274=CARTESIAN_POINT('',(-0.0279319959139482,-0.015,0.0459835672741777));
#17275=CARTESIAN_POINT('',(-0.0278458934831997,-0.015,0.0464760978533494));
#17276=CARTESIAN_POINT('',(-0.0278458934831997,-0.0145,0.0464760978533494));
#17277=CARTESIAN_POINT('',(-0.0276907215518315,-0.015,0.0459332185172899));
#17278=CARTESIAN_POINT('',(-0.0275245548245834,-0.015008113201802,0.0464199225083356));
#17279=CARTESIAN_POINT('',(-0.0276023981002732,-0.0144999999781811,0.0464335308631307));
#17280=CARTESIAN_POINT('',(-0.0272349856055797,-0.0148798466997174,0.0457519479685332));
#17281=CARTESIAN_POINT('',(-0.0269931988537621,-0.0148353688710517,0.0461357451920607));
#17282=CARTESIAN_POINT('',(-0.0271526846723762,-0.0144173946161859,0.0462325737647334));
#17283=CARTESIAN_POINT('',(-0.0267893392401296,-0.0144569775287457,0.0454081573987783));
#17284=CARTESIAN_POINT('',(-0.0266561099706041,-0.0143482349425454,0.0456242657748696));
#17285=CARTESIAN_POINT('',(-0.0267387801502723,-0.0141266720482853,0.0457675553628351));
#17286=CARTESIAN_POINT('',(-0.0265595683305411,-0.0139491565202045,0.0450895394235009));
#17287=CARTESIAN_POINT('',(-0.0265283705444517,-0.0138736735201174,0.0451928218667545));
#17288=CARTESIAN_POINT('',(-0.0265410413105601,-0.0137775451084198,0.0452816772905415));
#17289=CARTESIAN_POINT('',(-0.026518485480563,-0.0135816327376985,0.0448885234061497));
#17290=CARTESIAN_POINT('',(-0.0265163565254979,-0.013553252632811,0.0449203729234073));
#17291=CARTESIAN_POINT('',(-0.0265141404305783,-0.0135248725071678,0.0449522164670511));
#17292=CARTESIAN_POINT('',(-0.0265251313366236,-0.0134,0.0447911033727084));
#17293=CARTESIAN_POINT('',(-0.0265251313366236,-0.0134,0.0447911033727084));
#17294=CARTESIAN_POINT('',(-0.0265251313366236,-0.0134,0.0447911033727084));
#17295=CARTESIAN_POINT('',(-0.0279319959139482,-0.015,0.0459835672741777));
#17296=CARTESIAN_POINT('',(-0.0274897743730254,-0.015,0.0458912852670868));
#17297=CARTESIAN_POINT('',(-0.0267259649484876,-0.0145889741774769,0.0454500139977912));
#17298=CARTESIAN_POINT('',(-0.0265107529524156,-0.0137929637882969,0.0450018727089077));
#17299=CARTESIAN_POINT('',(-0.0265251313366236,-0.0134,0.0447911033727084));
#17300=CARTESIAN_POINT('',(-0.0228835949452831,-0.0134,0.0445426829416994));
#17301=CARTESIAN_POINT('',(-0.017835193976618,-0.015,0.0459835672741777));
#17302=CARTESIAN_POINT('',(-0.0182774155175408,-0.015,0.0458912852670868));
#17303=CARTESIAN_POINT('',(-0.0190412249420786,-0.0145889741774769,0.0454500139977912));
#17304=CARTESIAN_POINT('',(-0.0192564369381506,-0.0137929637882969,0.0450018727089077));
#17305=CARTESIAN_POINT('',(-0.0192420585539426,-0.0134,0.0447911033727084));
#17306=CARTESIAN_POINT('',(-0.0179212964073665,-0.0145,0.0464760978533494));
#17307=CARTESIAN_POINT('',(-0.0179212964073665,-0.015,0.0464760978533494));
#17308=CARTESIAN_POINT('',(-0.017835193976618,-0.015,0.0459835672741777));
#17309=CARTESIAN_POINT('',(-0.018164791790293,-0.0144999999781811,0.0464335308631307));
#17310=CARTESIAN_POINT('',(-0.0182426350659837,-0.0150081132018013,0.0464199225083349));
#17311=CARTESIAN_POINT('',(-0.0180764683387347,-0.015,0.0459332185172899));
#17312=CARTESIAN_POINT('',(-0.01861450521819,-0.0144173946161859,0.0462325737647332));
#17313=CARTESIAN_POINT('',(-0.0187739910368031,-0.0148353688710522,0.0461357451920609));
#17314=CARTESIAN_POINT('',(-0.0185322042849865,-0.0148798466997174,0.0457519479685331));
#17315=CARTESIAN_POINT('',(-0.0190284097402939,-0.0141266720482853,0.0457675553628356));
#17316=CARTESIAN_POINT('',(-0.019111079919964,-0.0143482349425449,0.0456242657748701));
#17317=CARTESIAN_POINT('',(-0.0189778506504366,-0.0144569775287456,0.0454081573987784));
#17318=CARTESIAN_POINT('',(-0.019226148580006,-0.0137775451084199,0.0452816772905398));
#17319=CARTESIAN_POINT('',(-0.0192388193461082,-0.0138736735201189,0.0451928218667526));
#17320=CARTESIAN_POINT('',(-0.0192076215600251,-0.0139491565202046,0.0450895394235003));
#17321=CARTESIAN_POINT('',(-0.0192530494599882,-0.0135248725071676,0.0449522164670549));
#17322=CARTESIAN_POINT('',(-0.0192508333650815,-0.0135532526328078,0.0449203729234114));
#17323=CARTESIAN_POINT('',(-0.0192487044100033,-0.0135816327376982,0.0448885234061511));
#17324=CARTESIAN_POINT('',(-0.0192420585539426,-0.0134,0.0447911033727084));
#17325=CARTESIAN_POINT('',(-0.0192420585539426,-0.0134,0.0447911033727084));
#17326=CARTESIAN_POINT('',(-0.0192420585539426,-0.0134,0.0447911033727084));
#17327=CARTESIAN_POINT('',(-0.017835193976618,-0.0145,0.0459835672741777));
#17328=CARTESIAN_POINT('',(-0.0179212964073665,-0.0145,0.0464760978533494));
#17329=CARTESIAN_POINT('',(-0.0179212964073665,-0.0145,0.0464760978533494));
#17330=CARTESIAN_POINT('',(-0.0183596679360824,-0.0145,0.0463994633137096));
#17331=CARTESIAN_POINT('',(-0.0191031632681986,-0.0142182690548155,0.0458623761854167));
#17332=CARTESIAN_POINT('',(-0.0192657226672844,-0.0136688584325669,0.0451379900178729));
#17333=CARTESIAN_POINT('',(-0.0192420585539426,-0.0134,0.0447911033727084));
#17334=CARTESIAN_POINT('',(-0.0176457686289714,-0.0145,0.0449));
#17335=CARTESIAN_POINT('',(-0.0176457686289714,-0.0145,0.0449));
#17336=CARTESIAN_POINT('',(-0.0176457686289714,2.00000000000027E-6,0.0449));
#17337=CARTESIAN_POINT('',(-0.0228835949452831,-0.015002,0.0445426829416994));
#17338=CARTESIAN_POINT('',(-0.0228835949452831,-0.015,0.0445426829416994));
#17339=CARTESIAN_POINT('',(-0.0228835949452831,-0.015,0.0431426829416994));
#17340=CARTESIAN_POINT('',(0.,-0.015,-1.38777878078145E-17));
#17341=CARTESIAN_POINT('',(0.,-0.013,-0.0238));
#17342=CARTESIAN_POINT('',(0.0428,-0.013,-0.0238));
#17343=CARTESIAN_POINT('',(0.0428,-0.013,-2.41540735893795E-17));
#17344=CARTESIAN_POINT('',(0.0428,-0.013,0.038));
#17345=CARTESIAN_POINT('',(-0.00285,-0.013,0.038));
#17346=CARTESIAN_POINT('',(0.,-0.199370806432938,0.0145));
#17347=CARTESIAN_POINT('',(-0.047,-0.199370806432938,0.0145));
#17348=CARTESIAN_POINT('',(-0.047,-0.199370806432938,-1.38777878078145E-17));
#17349=CARTESIAN_POINT('',(-0.047,-0.199370806432938,0.0015));
#17350=CARTESIAN_POINT('',(0.,-0.199370806432938,0.00149999999999998));
#17351=CARTESIAN_POINT('',(-4.26980080285929E-18,-2.14313189850787E-19,
0.0482757359312881));
#17352=CARTESIAN_POINT('',(-0.0539739211361033,-0.01677574,-0.0357477700391981));
#17353=CARTESIAN_POINT('',(-0.0533617101120378,-0.01677574,-0.0328371996123552));
#17354=CARTESIAN_POINT('',(-0.0545861321601689,-0.01677574,-0.038658340466041));
#17355=CARTESIAN_POINT('',(-0.058011184608156,-0.01677574,-0.0379379130036708));
#17356=CARTESIAN_POINT('',(-0.0614362370561431,-0.01677574,-0.0372174855413005));
#17357=CARTESIAN_POINT('',(-0.00887521774951524,-0.01677574,-0.0421945134897883));
#17358=CARTESIAN_POINT('',(-0.060211815008012,-0.01677574,-0.0313963446876147));
#17359=CARTESIAN_POINT('',(-0.0608240260320776,-0.01677574,-0.0343069151144576));
#17360=CARTESIAN_POINT('',(-0.0541341952407026,-0.01677574,-0.0221837222075927));
#17361=CARTESIAN_POINT('',(-0.053521984216637,-0.01677574,-0.0192731517807499));
#17362=CARTESIAN_POINT('',(-0.0547464062647681,-0.01677574,-0.0250942926344357));
#17363=CARTESIAN_POINT('',(-0.0581714587127553,-0.01677574,-0.0243738651720654));
#17364=CARTESIAN_POINT('',(-0.0615965111607424,-0.01677574,-0.0236534377096951));
#17365=CARTESIAN_POINT('',(-0.00614981952503817,-0.01677574,-0.0292374396023309));
#17366=CARTESIAN_POINT('',(-0.0603720891126113,-0.01677574,-0.0178322968560093));
#17367=CARTESIAN_POINT('',(-0.0609843001366768,-0.01677574,-0.0207428672828523));
#17368=MECHANICAL_DESIGN_GEOMETRIC_PRESENTATION_REPRESENTATION('',(#9901),
#17369);
#17369=(
GEOMETRIC_REPRESENTATION_CONTEXT(3)
GLOBAL_UNCERTAINTY_ASSIGNED_CONTEXT((#17370))
GLOBAL_UNIT_ASSIGNED_CONTEXT((#17373,#17372,#17371))
REPRESENTATION_CONTEXT('Front Shell','TOP_LEVEL_ASSEMBLY_PART')
);
#17370=UNCERTAINTY_MEASURE_WITH_UNIT(LENGTH_MEASURE(2.E-5),#17373,
'DISTANCE_ACCURACY_VALUE','Maximum Tolerance applied to model');
#17371=(
NAMED_UNIT(*)
SI_UNIT($,.STERADIAN.)
SOLID_ANGLE_UNIT()
);
#17372=(
NAMED_UNIT(*)
PLANE_ANGLE_UNIT()
SI_UNIT($,.RADIAN.)
);
#17373=(
LENGTH_UNIT()
NAMED_UNIT(*)
SI_UNIT($,.METRE.)
);
#17374=PRODUCT_DEFINITION_SHAPE('','',#17375);
#17375=PRODUCT_DEFINITION('','',#17377,#17376);
#17376=PRODUCT_DEFINITION_CONTEXT('',#17383,'design');
#17377=PRODUCT_DEFINITION_FORMATION_WITH_SPECIFIED_SOURCE('','',#17379,
 .NOT_KNOWN.);
#17378=PRODUCT_RELATED_PRODUCT_CATEGORY('','',(#17379));
#17379=PRODUCT('Front Shell','Front Shell','Front Shell',(#17381));
#17380=PRODUCT_CATEGORY('','');
#17381=PRODUCT_CONTEXT('',#17383,'mechanical');
#17382=APPLICATION_PROTOCOL_DEFINITION('international standard',
'ap242_managed_model_based_3d_engineering',2020,#17383);
#17383=APPLICATION_CONTEXT('managed model based 3d engineering');
ENDSEC;
END-ISO-10303-21;
